apac_card_number,amount,payment_datetime
XXXX049X0543,7247.0,2026-03-05 10:33:00.000 +0530
XXXX049X9188,4397.0,2026-03-05 10:33:00.000 +0530
XXXX050X1557,3353.0,2026-03-05 10:33:00.000 +0530
XXXX050X2974,2788.0,2026-03-05 10:33:00.000 +0530
XXXX050X3230,3985.0,2026-03-05 10:33:00.000 +0530
XXXX050X3522,3506.0,2026-03-05 10:33:00.000 +0530
XXXX050X5085,3391.0,2026-03-05 10:33:00.000 +0530
XXXX054X0622,5326.0,2026-03-05 10:33:00.000 +0530
XXXX054X2823,3127.0,2026-03-05 10:33:00.000 +0530
XXXX054X4032,3391.0,2026-03-05 10:33:00.000 +0530
XXXX054X4698,3301.0,2026-03-05 10:33:00.000 +0530
XXXX054X5312,4363.0,2026-03-05 10:33:00.000 +0530
XXXX054X7675,3737.0,2026-03-05 10:33:00.000 +0530
XXXX054X7736,3298.0,2026-03-05 10:33:00.000 +0530
XXXX054X8955,3323.0,2026-03-05 10:33:00.000 +0530
XXXX055X0016,2502.0,2026-03-05 10:33:00.000 +0530
XXXX055X0222,2111.0,2026-03-05 10:33:00.000 +0530
XXXX055X0361,4242.0,2026-03-05 10:33:00.000 +0530
XXXX055X0438,3532.0,2026-03-05 10:33:00.000 +0530
XXXX055X0484,2973.0,2026-03-05 10:33:00.000 +0530
XXXX055X0584,3654.0,2026-03-05 10:33:00.000 +0530
XXXX055X0586,3768.0,2026-03-05 10:33:00.000 +0530
XXXX055X0597,3323.0,2026-03-05 10:33:00.000 +0530
XXXX055X0860,3142.0,2026-03-05 10:33:00.000 +0530
XXXX055X0910,2746.0,2026-03-05 10:33:00.000 +0530
XXXX055X1016,3291.0,2026-03-05 10:33:00.000 +0530
XXXX055X1152,3701.0,2026-03-05 10:33:00.000 +0530
XXXX055X1190,3089.0,2026-03-05 10:33:00.000 +0530
XXXX055X1244,3528.0,2026-03-05 10:33:00.000 +0530
XXXX055X1248,4048.0,2026-03-05 10:33:00.000 +0530
XXXX055X1312,2941.0,2026-03-05 10:33:00.000 +0530
XXXX055X1350,3055.0,2026-03-05 10:33:00.000 +0530
XXXX055X1564,3537.0,2026-03-05 10:33:00.000 +0530
XXXX055X1583,3010.0,2026-03-05 10:33:00.000 +0530
XXXX055X1671,3716.0,2026-03-05 10:33:00.000 +0530
XXXX055X1711,3025.0,2026-03-05 10:33:00.000 +0530
XXXX055X1770,3430.0,2026-03-05 10:33:00.000 +0530
XXXX055X1803,3282.0,2026-03-05 10:33:00.000 +0530
XXXX055X2441,2186.0,2026-03-05 10:33:00.000 +0530
XXXX055X2601,2477.0,2026-03-05 10:33:00.000 +0530
XXXX055X2943,3654.0,2026-03-05 10:33:00.000 +0530
XXXX055X3127,6866.0,2026-03-05 10:33:00.000 +0530
XXXX055X3225,5270.0,2026-03-05 10:33:00.000 +0530
XXXX055X3284,3819.0,2026-03-05 10:33:00.000 +0530
XXXX055X3686,3250.0,2026-03-05 10:33:00.000 +0530
XXXX055X3811,3337.0,2026-03-05 10:33:00.000 +0530
XXXX055X3836,3219.0,2026-03-05 10:33:00.000 +0530
XXXX055X3967,3771.0,2026-03-05 10:33:00.000 +0530
XXXX055X4090,3014.0,2026-03-05 10:33:00.000 +0530
XXXX055X4192,4203.0,2026-03-05 10:33:00.000 +0530
XXXX055X4252,2656.0,2026-03-05 10:33:00.000 +0530
XXXX055X4321,2587.0,2026-03-05 10:33:00.000 +0530
XXXX055X4664,2423.0,2026-03-05 10:33:00.000 +0530
XXXX055X4817,2896.0,2026-03-05 10:33:00.000 +0530
XXXX055X4922,3493.0,2026-03-05 10:33:00.000 +0530
XXXX055X5409,4044.0,2026-03-05 10:33:00.000 +0530
XXXX055X5579,3819.0,2026-03-05 10:33:00.000 +0530
XXXX055X5632,3116.0,2026-03-05 10:33:00.000 +0530
XXXX055X5688,2799.0,2026-03-05 10:33:00.000 +0530
XXXX055X5962,3839.0,2026-03-05 10:33:00.000 +0530
XXXX055X6111,3811.0,2026-03-05 10:33:00.000 +0530
XXXX055X6123,3428.0,2026-03-05 10:33:00.000 +0530
XXXX055X6378,3815.0,2026-03-05 10:33:00.000 +0530
XXXX055X6518,3353.0,2026-03-05 10:33:00.000 +0530
XXXX055X6579,3990.0,2026-03-05 10:33:00.000 +0530
XXXX055X6690,2494.0,2026-03-05 10:33:00.000 +0530
XXXX055X6730,3883.0,2026-03-05 10:33:00.000 +0530
XXXX055X6768,3144.0,2026-03-05 10:33:00.000 +0530
XXXX055X7165,3109.0,2026-03-05 10:33:00.000 +0530
XXXX055X7407,4962.0,2026-03-05 10:33:00.000 +0530
XXXX055X7668,2639.0,2026-03-05 10:33:00.000 +0530
XXXX055X7699,3055.0,2026-03-05 10:33:00.000 +0530
XXXX055X7836,2787.0,2026-03-05 10:33:00.000 +0530
XXXX055X8017,3361.0,2026-03-05 10:33:00.000 +0530
XXXX055X8020,3055.0,2026-03-05 10:33:00.000 +0530
XXXX055X8138,3601.0,2026-03-05 10:33:00.000 +0530
XXXX055X8250,2787.0,2026-03-05 10:33:00.000 +0530
XXXX055X8754,2995.0,2026-03-05 10:33:00.000 +0530
XXXX055X8822,3560.0,2026-03-05 10:33:00.000 +0530
XXXX055X8945,2675.0,2026-03-05 10:33:00.000 +0530
XXXX055X9068,3696.0,2026-03-05 10:33:00.000 +0530
XXXX055X9363,3082.0,2026-03-05 10:33:00.000 +0530
XXXX055X9427,3192.0,2026-03-05 10:33:00.000 +0530
XXXX055X9508,2885.0,2026-03-05 10:33:00.000 +0530
XXXX055X9549,6548.0,2026-03-05 10:33:00.000 +0530
XXXX055X9646,3432.0,2026-03-05 10:33:00.000 +0530
XXXX055X9763,6301.0,2026-03-05 10:33:00.000 +0530
XXXX056X0136,3412.0,2026-03-05 10:33:00.000 +0530
XXXX056X0198,2917.0,2026-03-05 10:33:00.000 +0530
XXXX056X0686,3259.0,2026-03-05 10:33:00.000 +0530
XXXX056X0839,3019.0,2026-03-05 10:33:00.000 +0530
XXXX056X0907,2650.0,2026-03-05 10:33:00.000 +0530
XXXX056X1097,3346.0,2026-03-05 10:33:00.000 +0530
XXXX056X1140,3707.0,2026-03-05 10:33:00.000 +0530
XXXX056X1881,2601.0,2026-03-05 10:33:00.000 +0530
XXXX056X2123,3598.0,2026-03-05 10:33:00.000 +0530
XXXX056X2529,3059.0,2026-03-05 10:33:00.000 +0530
XXXX056X3441,2829.0,2026-03-05 10:33:00.000 +0530
XXXX056X3634,3233.0,2026-03-05 10:33:00.000 +0530
XXXX056X3663,3437.0,2026-03-05 10:33:00.000 +0530
XXXX056X4875,3428.0,2026-03-05 10:33:00.000 +0530
XXXX056X5056,2847.0,2026-03-05 10:33:00.000 +0530
XXXX056X5216,3679.0,2026-03-05 10:33:00.000 +0530
XXXX056X5254,2907.0,2026-03-05 10:33:00.000 +0530
XXXX056X5933,2965.0,2026-03-05 10:33:00.000 +0530
XXXX057X0060,3819.0,2026-03-05 10:33:00.000 +0530
XXXX057X1418,3014.0,2026-03-05 10:33:00.000 +0530
XXXX057X3957,5063.0,2026-03-05 10:33:00.000 +0530
XXXX057X3978,3323.0,2026-03-05 10:33:00.000 +0530
XXXX057X4182,2110.0,2026-03-05 10:33:00.000 +0530
XXXX057X5275,3514.0,2026-03-05 10:33:00.000 +0530
XXXX058X2704,2960.0,2026-03-05 10:33:00.000 +0530
XXXX059X9902,3055.0,2026-03-05 10:33:00.000 +0530
XXXX060X0011,3152.0,2026-03-05 10:33:00.000 +0530
XXXX060X0069,3654.0,2026-03-05 10:33:00.000 +0530
XXXX060X0185,3138.0,2026-03-05 10:33:00.000 +0530
XXXX060X0594,2601.0,2026-03-05 10:33:00.000 +0530
XXXX060X0608,3991.0,2026-03-05 10:33:00.000 +0530
XXXX060X0784,3315.0,2026-03-05 10:33:00.000 +0530
XXXX060X0982,3602.0,2026-03-05 10:33:00.000 +0530
XXXX060X1002,3815.0,2026-03-05 10:33:00.000 +0530
XXXX060X1182,3040.0,2026-03-05 10:33:00.000 +0530
XXXX060X1219,2973.0,2026-03-05 10:33:00.000 +0530
XXXX060X1509,3768.0,2026-03-05 10:33:00.000 +0530
XXXX060X1539,2885.0,2026-03-05 10:33:00.000 +0530
XXXX060X1561,3716.0,2026-03-05 10:33:00.000 +0530
XXXX060X1605,2676.0,2026-03-05 10:33:00.000 +0530
XXXX060X1643,3304.0,2026-03-05 10:33:00.000 +0530
XXXX060X1759,3270.0,2026-03-05 10:33:00.000 +0530
XXXX060X1836,2739.0,2026-03-05 10:33:00.000 +0530
XXXX060X1861,3712.0,2026-03-05 10:33:00.000 +0530
XXXX060X1922,4300.0,2026-03-05 10:33:00.000 +0530
XXXX060X2001,2643.0,2026-03-05 10:33:00.000 +0530
XXXX060X2032,2686.0,2026-03-05 10:33:00.000 +0530
XXXX060X2086,3343.0,2026-03-05 10:33:00.000 +0530
XXXX060X2109,3165.0,2026-03-05 10:33:00.000 +0530
XXXX060X2161,3371.0,2026-03-05 10:33:00.000 +0530
XXXX060X2252,4999.0,2026-03-05 10:33:00.000 +0530
XXXX060X2283,3341.0,2026-03-05 10:33:00.000 +0530
XXXX060X2369,2995.0,2026-03-05 10:33:00.000 +0530
XXXX060X2473,2988.0,2026-03-05 10:33:00.000 +0530
XXXX060X2589,2720.0,2026-03-05 10:33:00.000 +0530
XXXX060X2696,3768.0,2026-03-05 10:33:00.000 +0530
XXXX060X2824,3579.0,2026-03-05 10:33:00.000 +0530
XXXX060X3272,3768.0,2026-03-05 10:33:00.000 +0530
XXXX060X3304,2928.0,2026-03-05 10:33:00.000 +0530
XXXX060X3489,3699.0,2026-03-05 10:33:00.000 +0530
XXXX060X3839,3939.0,2026-03-05 10:33:00.000 +0530
XXXX060X4050,2975.0,2026-03-05 10:33:00.000 +0530
XXXX060X4500,3196.0,2026-03-05 10:33:00.000 +0530
XXXX060X4522,3577.0,2026-03-05 10:33:00.000 +0530
XXXX060X4721,3107.0,2026-03-05 10:33:00.000 +0530
XXXX060X4850,3652.0,2026-03-05 10:33:00.000 +0530
XXXX060X4911,2739.0,2026-03-05 10:33:00.000 +0530
XXXX060X5154,3376.0,2026-03-05 10:33:00.000 +0530
XXXX060X5383,3920.0,2026-03-05 10:33:00.000 +0530
XXXX060X5411,2953.0,2026-03-05 10:33:00.000 +0530
XXXX060X5536,3716.0,2026-03-05 10:33:00.000 +0530
XXXX060X5561,2988.0,2026-03-05 10:33:00.000 +0530
XXXX060X5578,2999.0,2026-03-05 10:33:00.000 +0530
XXXX060X5866,3942.0,2026-03-05 10:33:00.000 +0530
XXXX060X5996,3564.0,2026-03-05 10:33:00.000 +0530
XXXX060X6078,2702.0,2026-03-05 10:33:00.000 +0530
XXXX060X6381,4464.0,2026-03-05 10:33:00.000 +0530
XXXX060X6445,3537.0,2026-03-05 10:33:00.000 +0530
XXXX060X6473,2939.0,2026-03-05 10:33:00.000 +0530
XXXX060X6558,3274.0,2026-03-05 10:33:00.000 +0530
XXXX060X6572,3531.0,2026-03-05 10:33:00.000 +0530
XXXX060X6619,4106.0,2026-03-05 10:33:00.000 +0530
XXXX060X6742,3235.0,2026-03-05 10:33:00.000 +0530
XXXX060X6766,3160.0,2026-03-05 10:33:00.000 +0530
XXXX060X6879,3297.0,2026-03-05 10:33:00.000 +0530
XXXX060X6908,3768.0,2026-03-05 10:33:00.000 +0530
XXXX060X6931,2946.0,2026-03-05 10:33:00.000 +0530
XXXX060X7111,2142.0,2026-03-05 10:33:00.000 +0530
XXXX060X7145,3389.0,2026-03-05 10:33:00.000 +0530
XXXX060X7547,2829.0,2026-03-05 10:33:00.000 +0530
XXXX060X7615,3345.0,2026-03-05 10:33:00.000 +0530
XXXX060X7974,3151.0,2026-03-05 10:33:00.000 +0530
XXXX060X8034,3189.0,2026-03-05 10:33:00.000 +0530
XXXX060X8102,4787.0,2026-03-05 10:33:00.000 +0530
XXXX060X8119,3071.0,2026-03-05 10:33:00.000 +0530
XXXX060X8200,3057.0,2026-03-05 10:33:00.000 +0530
XXXX060X8510,3579.0,2026-03-05 10:33:00.000 +0530
XXXX060X8552,3107.0,2026-03-05 10:33:00.000 +0530
XXXX060X8572,3726.0,2026-03-05 10:33:00.000 +0530
XXXX060X8619,3464.0,2026-03-05 10:33:00.000 +0530
XXXX060X8828,3594.0,2026-03-05 10:33:00.000 +0530
XXXX060X8859,2664.0,2026-03-05 10:33:00.000 +0530
XXXX060X8862,3479.0,2026-03-05 10:33:00.000 +0530
XXXX060X9102,3632.0,2026-03-05 10:33:00.000 +0530
XXXX060X9108,2818.0,2026-03-05 10:33:00.000 +0530
XXXX060X9180,4392.0,2026-03-05 10:33:00.000 +0530
XXXX060X9314,2694.0,2026-03-05 10:33:00.000 +0530
XXXX060X9362,3768.0,2026-03-05 10:33:00.000 +0530
XXXX060X9412,3864.0,2026-03-05 10:33:00.000 +0530
XXXX060X9476,3716.0,2026-03-05 10:33:00.000 +0530
XXXX060X9537,3265.0,2026-03-05 10:33:00.000 +0530
XXXX060X9560,2939.0,2026-03-05 10:33:00.000 +0530
XXXX060X9680,4089.0,2026-03-05 10:33:00.000 +0530
XXXX060X9733,4847.0,2026-03-05 10:33:00.000 +0530
XXXX060X9855,2742.0,2026-03-05 10:33:00.000 +0530
XXXX060X9868,3552.0,2026-03-05 10:33:00.000 +0530
XXXX060X9875,2702.0,2026-03-05 10:33:00.000 +0530
XXXX060X9896,3768.0,2026-03-05 10:33:00.000 +0530
XXXX060X9911,2850.0,2026-03-05 10:33:00.000 +0530
XXXX060X9919,3768.0,2026-03-05 10:33:00.000 +0530
XXXX060X9967,3256.0,2026-03-05 10:33:00.000 +0530
XXXX060X9992,3491.0,2026-03-05 10:33:00.000 +0530
XXXX061X1473,3063.0,2026-03-05 10:33:00.000 +0530
XXXX062X4457,3505.0,2026-03-05 10:33:00.000 +0530
XXXX063X0311,3709.0,2026-03-05 10:33:00.000 +0530
XXXX063X1029,3775.0,2026-03-05 10:33:00.000 +0530
XXXX063X1097,3033.0,2026-03-05 10:33:00.000 +0530
XXXX063X1998,3463.0,2026-03-05 10:33:00.000 +0530
XXXX063X2087,3202.0,2026-03-05 10:33:00.000 +0530
XXXX063X2360,3089.0,2026-03-05 10:33:00.000 +0530
XXXX063X2384,3255.0,2026-03-05 10:33:00.000 +0530
XXXX063X2582,3768.0,2026-03-05 10:33:00.000 +0530
XXXX063X2620,3177.0,2026-03-05 10:33:00.000 +0530
XXXX063X2735,3127.0,2026-03-05 10:33:00.000 +0530
XXXX063X2889,2806.0,2026-03-05 10:33:00.000 +0530
XXXX063X3658,3563.0,2026-03-05 10:33:00.000 +0530
XXXX063X4068,2788.0,2026-03-05 10:33:00.000 +0530
XXXX063X4258,3830.0,2026-03-05 10:33:00.000 +0530
XXXX063X4494,2368.0,2026-03-05 10:33:00.000 +0530
XXXX063X4760,3734.0,2026-03-05 10:33:00.000 +0530
XXXX063X4945,3768.0,2026-03-05 10:33:00.000 +0530
XXXX063X4969,2920.0,2026-03-05 10:33:00.000 +0530
XXXX063X5286,3440.0,2026-03-05 10:33:00.000 +0530
XXXX063X7779,3768.0,2026-03-05 10:33:00.000 +0530
XXXX063X8326,4097.0,2026-03-05 10:33:00.000 +0530
XXXX063X8356,4460.0,2026-03-05 10:33:00.000 +0530
XXXX063X8371,3233.0,2026-03-05 10:33:00.000 +0530
XXXX063X8455,3679.0,2026-03-05 10:33:00.000 +0530
XXXX063X8615,2962.0,2026-03-05 10:33:00.000 +0530
XXXX063X8630,5380.0,2026-03-05 10:33:00.000 +0530
XXXX063X9032,3474.0,2026-03-05 10:33:00.000 +0530
XXXX063X9187,3263.0,2026-03-05 10:33:00.000 +0530
XXXX063X9293,3334.0,2026-03-05 10:33:00.000 +0530
XXXX063X9957,3093.0,2026-03-05 10:33:00.000 +0530
XXXX065X0207,3449.0,2026-03-05 10:33:00.000 +0530
XXXX065X0215,3709.0,2026-03-05 10:33:00.000 +0530
XXXX065X0437,3397.0,2026-03-05 10:33:00.000 +0530
XXXX065X0506,2675.0,2026-03-05 10:33:00.000 +0530
XXXX065X0528,3768.0,2026-03-05 10:33:00.000 +0530
XXXX065X0610,3526.0,2026-03-05 10:33:00.000 +0530
XXXX065X0765,3400.0,2026-03-05 10:33:00.000 +0530
XXXX065X0849,2836.0,2026-03-05 10:33:00.000 +0530
XXXX065X0870,3308.0,2026-03-05 10:33:00.000 +0530
XXXX065X0871,3317.0,2026-03-05 10:33:00.000 +0530
XXXX065X1083,4011.0,2026-03-05 10:33:00.000 +0530
XXXX065X1464,3474.0,2026-03-05 10:33:00.000 +0530
XXXX065X1655,3521.0,2026-03-05 10:33:00.000 +0530
XXXX065X2140,1910.0,2026-03-05 10:33:00.000 +0530
XXXX065X2188,2072.0,2026-03-05 10:33:00.000 +0530
XXXX065X2715,3014.0,2026-03-05 10:33:00.000 +0530
XXXX065X2720,3754.0,2026-03-05 10:33:00.000 +0530
XXXX065X3321,2298.0,2026-03-05 10:33:00.000 +0530
XXXX065X3581,3241.0,2026-03-05 10:33:00.000 +0530
XXXX065X3590,3709.0,2026-03-05 10:33:00.000 +0530
XXXX065X3644,3584.0,2026-03-05 10:33:00.000 +0530
XXXX065X3673,3768.0,2026-03-05 10:33:00.000 +0530
XXXX065X3867,3267.0,2026-03-05 10:33:00.000 +0530
XXXX065X3959,3781.0,2026-03-05 10:33:00.000 +0530
XXXX065X4121,3579.0,2026-03-05 10:33:00.000 +0530
XXXX065X4138,2696.0,2026-03-05 10:33:00.000 +0530
XXXX065X4146,3654.0,2026-03-05 10:33:00.000 +0530
XXXX065X4184,3541.0,2026-03-05 10:33:00.000 +0530
XXXX065X4374,3768.0,2026-03-05 10:33:00.000 +0530
XXXX065X4436,3348.0,2026-03-05 10:33:00.000 +0530
XXXX065X4657,3251.0,2026-03-05 10:33:00.000 +0530
XXXX065X4664,4408.0,2026-03-05 10:33:00.000 +0530
XXXX065X4763,4276.0,2026-03-05 10:33:00.000 +0530
XXXX065X4833,3768.0,2026-03-05 10:33:00.000 +0530
XXXX065X5533,3815.0,2026-03-05 10:33:00.000 +0530
XXXX065X5595,3211.0,2026-03-05 10:33:00.000 +0530
XXXX065X5616,3428.0,2026-03-05 10:33:00.000 +0530
XXXX065X5700,3281.0,2026-03-05 10:33:00.000 +0530
XXXX065X5747,3129.0,2026-03-05 10:33:00.000 +0530
XXXX065X5807,3074.0,2026-03-05 10:33:00.000 +0530
XXXX065X6356,3768.0,2026-03-05 10:33:00.000 +0530
XXXX065X6370,3578.0,2026-03-05 10:33:00.000 +0530
XXXX065X6387,3319.0,2026-03-05 10:33:00.000 +0530
XXXX065X6575,3116.0,2026-03-05 10:33:00.000 +0530
XXXX065X6738,3063.0,2026-03-05 10:33:00.000 +0530
XXXX065X6782,3768.0,2026-03-05 10:33:00.000 +0530
XXXX065X7089,4060.0,2026-03-05 10:33:00.000 +0530
XXXX065X7138,3460.0,2026-03-05 10:33:00.000 +0530
XXXX065X7214,2257.0,2026-03-05 10:33:00.000 +0530
XXXX065X7230,3716.0,2026-03-05 10:33:00.000 +0530
XXXX065X7386,5199.0,2026-03-05 10:33:00.000 +0530
XXXX065X7411,4058.0,2026-03-05 10:33:00.000 +0530
XXXX065X7490,3389.0,2026-03-05 10:33:00.000 +0530
XXXX065X7541,3795.0,2026-03-05 10:33:00.000 +0530
XXXX065X7551,3451.0,2026-03-05 10:33:00.000 +0530
XXXX065X7558,2706.0,2026-03-05 10:33:00.000 +0530
XXXX065X7580,2821.0,2026-03-05 10:33:00.000 +0530
XXXX065X7627,3742.0,2026-03-05 10:33:00.000 +0530
XXXX065X7641,3760.0,2026-03-05 10:33:00.000 +0530
XXXX065X7667,3768.0,2026-03-05 10:33:00.000 +0530
XXXX065X7931,3410.0,2026-03-05 10:33:00.000 +0530
XXXX065X8449,3093.0,2026-03-05 10:33:00.000 +0530
XXXX065X8760,2732.0,2026-03-05 10:33:00.000 +0530
XXXX065X8838,3730.0,2026-03-05 10:33:00.000 +0530
XXXX065X9033,3805.0,2026-03-05 10:33:00.000 +0530
XXXX065X9173,3815.0,2026-03-05 10:33:00.000 +0530
XXXX065X9188,2639.0,2026-03-05 10:33:00.000 +0530
XXXX065X9385,3500.0,2026-03-05 10:33:00.000 +0530
XXXX065X9493,3602.0,2026-03-05 10:33:00.000 +0530
XXXX065X9509,3230.0,2026-03-05 10:33:00.000 +0530
XXXX065X9707,3768.0,2026-03-05 10:33:00.000 +0530
XXXX065X9844,3285.0,2026-03-05 10:33:00.000 +0530
XXXX065X9851,3364.0,2026-03-05 10:33:00.000 +0530
XXXX065X9880,3148.0,2026-03-05 10:33:00.000 +0530
XXXX065X9904,3235.0,2026-03-05 10:33:00.000 +0530
XXXX065X9966,3642.0,2026-03-05 10:33:00.000 +0530
XXXX065X9996,3768.0,2026-03-05 10:33:00.000 +0530
XXXX066X0166,2758.0,2026-03-05 10:33:00.000 +0530
XXXX066X0264,4230.0,2026-03-05 10:33:00.000 +0530
XXXX066X0302,4320.0,2026-03-05 10:33:00.000 +0530
XXXX066X0639,5164.0,2026-03-05 10:33:00.000 +0530
XXXX066X0869,4800.0,2026-03-05 10:33:00.000 +0530
XXXX066X1118,2795.0,2026-03-05 10:33:00.000 +0530
XXXX066X1569,3956.0,2026-03-05 10:33:00.000 +0530
XXXX066X2436,3768.0,2026-03-05 10:33:00.000 +0530
XXXX066X2535,4288.0,2026-03-05 10:33:00.000 +0530
XXXX066X2818,4313.0,2026-03-05 10:33:00.000 +0530
XXXX066X2948,3248.0,2026-03-05 10:33:00.000 +0530
XXXX066X3198,3395.0,2026-03-05 10:33:00.000 +0530
XXXX066X3242,2998.0,2026-03-05 10:33:00.000 +0530
XXXX066X4539,3768.0,2026-03-05 10:33:00.000 +0530
XXXX066X5994,3165.0,2026-03-05 10:33:00.000 +0530
XXXX066X6582,3693.0,2026-03-05 10:33:00.000 +0530
XXXX066X6649,3666.0,2026-03-05 10:33:00.000 +0530
XXXX066X6960,4257.0,2026-03-05 10:33:00.000 +0530
XXXX066X7936,3055.0,2026-03-05 10:33:00.000 +0530
XXXX066X8025,2431.0,2026-03-05 10:33:00.000 +0530
XXXX066X8582,2739.0,2026-03-05 10:33:00.000 +0530
XXXX066X9695,3531.0,2026-03-05 10:33:00.000 +0530
XXXX066X9824,3869.0,2026-03-05 10:33:00.000 +0530
XXXX067X7403,3614.0,2026-03-05 10:33:00.000 +0530
XXXX068X0609,3575.0,2026-03-05 10:33:00.000 +0530
XXXX068X0616,4188.0,2026-03-05 10:33:00.000 +0530
XXXX068X4389,4313.0,2026-03-05 10:33:00.000 +0530
XXXX069X0091,3466.0,2026-03-05 10:33:00.000 +0530
XXXX069X0268,3173.0,2026-03-05 10:33:00.000 +0530
XXXX069X0458,3628.0,2026-03-05 10:33:00.000 +0530
XXXX069X0527,2826.0,2026-03-05 10:33:00.000 +0530
XXXX069X1173,2862.0,2026-03-05 10:33:00.000 +0530
XXXX069X1235,4132.0,2026-03-05 10:33:00.000 +0530
XXXX069X1356,3014.0,2026-03-05 10:33:00.000 +0530
XXXX069X1426,3392.0,2026-03-05 10:33:00.000 +0530
XXXX069X1585,4313.0,2026-03-05 10:33:00.000 +0530
XXXX069X2019,2163.0,2026-03-05 10:33:00.000 +0530
XXXX069X2087,3466.0,2026-03-05 10:33:00.000 +0530
XXXX069X2100,2888.0,2026-03-05 10:33:00.000 +0530
XXXX069X2760,3815.0,2026-03-05 10:33:00.000 +0530
XXXX069X2784,3673.0,2026-03-05 10:33:00.000 +0530
XXXX069X2797,3581.0,2026-03-05 10:33:00.000 +0530
XXXX069X2807,3119.0,2026-03-05 10:33:00.000 +0530
XXXX069X2845,3402.0,2026-03-05 10:33:00.000 +0530
XXXX069X3023,3432.0,2026-03-05 10:33:00.000 +0530
XXXX069X3121,3786.0,2026-03-05 10:33:00.000 +0530
XXXX069X3382,3903.0,2026-03-05 10:33:00.000 +0530
XXXX069X3633,3579.0,2026-03-05 10:33:00.000 +0530
XXXX069X3856,3326.0,2026-03-05 10:33:00.000 +0530
XXXX069X4009,3084.0,2026-03-05 10:33:00.000 +0530
XXXX069X4472,4876.0,2026-03-05 10:33:00.000 +0530
XXXX069X4726,3553.0,2026-03-05 10:33:00.000 +0530
XXXX069X4784,4675.0,2026-03-05 10:33:00.000 +0530
XXXX069X5051,2995.0,2026-03-05 10:33:00.000 +0530
XXXX069X5363,3613.0,2026-03-05 10:33:00.000 +0530
XXXX069X5583,3019.0,2026-03-05 10:33:00.000 +0530
XXXX069X5847,3236.0,2026-03-05 10:33:00.000 +0530
XXXX069X5908,3399.0,2026-03-05 10:33:00.000 +0530
XXXX069X6433,3315.0,2026-03-05 10:33:00.000 +0530
XXXX069X6970,3450.0,2026-03-05 10:33:00.000 +0530
XXXX069X7633,3749.0,2026-03-05 10:33:00.000 +0530
XXXX069X7800,3437.0,2026-03-05 10:33:00.000 +0530
XXXX069X7916,3161.0,2026-03-05 10:33:00.000 +0530
XXXX069X8080,3549.0,2026-03-05 10:33:00.000 +0530
XXXX069X8173,3768.0,2026-03-05 10:33:00.000 +0530
XXXX069X8233,3074.0,2026-03-05 10:33:00.000 +0530
XXXX069X8289,3229.0,2026-03-05 10:33:00.000 +0530
XXXX069X8432,7592.0,2026-03-05 10:33:00.000 +0530
XXXX069X8494,3455.0,2026-03-05 10:33:00.000 +0530
XXXX069X8500,3515.0,2026-03-05 10:33:00.000 +0530
XXXX069X8784,4313.0,2026-03-05 10:33:00.000 +0530
XXXX069X8852,4197.0,2026-03-05 10:33:00.000 +0530
XXXX069X8982,2840.0,2026-03-05 10:33:00.000 +0530
XXXX069X9247,2976.0,2026-03-05 10:33:00.000 +0530
XXXX069X9606,3768.0,2026-03-05 10:33:00.000 +0530
XXXX069X9766,4097.0,2026-03-05 10:33:00.000 +0530
XXXX069X9880,3918.0,2026-03-05 10:33:00.000 +0530
XXXX069X9933,3395.0,2026-03-05 10:33:00.000 +0530
XXXX071X1786,2826.0,2026-03-05 10:33:00.000 +0530
XXXX071X2548,3176.0,2026-03-05 10:33:00.000 +0530
XXXX072X0262,4744.0,2026-03-05 10:33:00.000 +0530
XXXX072X0613,3552.0,2026-03-05 10:33:00.000 +0530
XXXX072X0668,3541.0,2026-03-05 10:33:00.000 +0530
XXXX072X1139,3489.0,2026-03-05 10:33:00.000 +0530
XXXX072X1238,3504.0,2026-03-05 10:33:00.000 +0530
XXXX072X2006,2962.0,2026-03-05 10:33:00.000 +0530
XXXX072X2020,3504.0,2026-03-05 10:33:00.000 +0530
XXXX072X2426,2298.0,2026-03-05 10:33:00.000 +0530
XXXX072X2631,3774.0,2026-03-05 10:33:00.000 +0530
XXXX072X2778,5199.0,2026-03-05 10:33:00.000 +0530
XXXX072X3034,5381.0,2026-03-05 10:33:00.000 +0530
XXXX072X3119,3403.0,2026-03-05 10:33:00.000 +0530
XXXX072X3416,3118.0,2026-03-05 10:33:00.000 +0530
XXXX072X3843,3183.0,2026-03-05 10:33:00.000 +0530
XXXX072X4604,2882.0,2026-03-05 10:33:00.000 +0530
XXXX072X6999,6674.0,2026-03-05 10:33:00.000 +0530
XXXX072X7514,3410.0,2026-03-05 10:33:00.000 +0530
XXXX072X7620,3372.0,2026-03-05 10:33:00.000 +0530
XXXX072X7927,3914.0,2026-03-05 10:33:00.000 +0530
XXXX072X8559,3594.0,2026-03-05 10:33:00.000 +0530
XXXX072X8818,5970.0,2026-03-05 10:33:00.000 +0530
XXXX072X9648,3519.0,2026-03-05 10:33:00.000 +0530
XXXX074X2452,4650.0,2026-03-05 10:33:00.000 +0530
XXXX074X8752,2981.0,2026-03-05 10:33:00.000 +0530
XXXX074X8830,3385.0,2026-03-05 10:33:00.000 +0530
XXXX074X8912,4815.0,2026-03-05 10:33:00.000 +0530
XXXX074X9011,3409.0,2026-03-05 10:33:00.000 +0530
XXXX074X9094,4960.0,2026-03-05 10:33:00.000 +0530
XXXX074X9124,3560.0,2026-03-05 10:33:00.000 +0530
XXXX074X9193,3417.0,2026-03-05 10:33:00.000 +0530
XXXX074X9506,3922.0,2026-03-05 10:33:00.000 +0530
XXXX074X9513,3018.0,2026-03-05 10:33:00.000 +0530
XXXX074X9780,3811.0,2026-03-05 10:33:00.000 +0530
XXXX075X0002,3300.0,2026-03-05 10:33:00.000 +0530
XXXX075X0085,4345.0,2026-03-05 10:33:00.000 +0530
XXXX075X0092,2685.0,2026-03-05 10:33:00.000 +0530
XXXX075X0114,3140.0,2026-03-05 10:33:00.000 +0530
XXXX075X0145,3029.0,2026-03-05 10:33:00.000 +0530
XXXX075X0171,3790.0,2026-03-05 10:33:00.000 +0530
XXXX075X0224,4710.0,2026-03-05 10:33:00.000 +0530
XXXX075X0261,3425.0,2026-03-05 10:33:00.000 +0530
XXXX075X0291,5346.0,2026-03-05 10:33:00.000 +0530
XXXX075X0413,4445.0,2026-03-05 10:33:00.000 +0530
XXXX075X0422,3480.0,2026-03-05 10:33:00.000 +0530
XXXX075X0436,3395.0,2026-03-05 10:33:00.000 +0530
XXXX075X0513,5172.0,2026-03-05 10:33:00.000 +0530
XXXX075X0528,3768.0,2026-03-05 10:33:00.000 +0530
XXXX075X0537,2426.0,2026-03-05 10:33:00.000 +0530
XXXX075X0543,4732.0,2026-03-05 10:33:00.000 +0530
XXXX075X0576,3004.0,2026-03-05 10:33:00.000 +0530
XXXX075X0596,3665.0,2026-03-05 10:33:00.000 +0530
XXXX075X0650,3428.0,2026-03-05 10:33:00.000 +0530
XXXX075X0666,5861.0,2026-03-05 10:33:00.000 +0530
XXXX075X0734,3716.0,2026-03-05 10:33:00.000 +0530
XXXX075X0770,2822.0,2026-03-05 10:33:00.000 +0530
XXXX075X0816,2731.0,2026-03-05 10:33:00.000 +0530
XXXX075X0898,4227.0,2026-03-05 10:33:00.000 +0530
XXXX075X0902,3212.0,2026-03-05 10:33:00.000 +0530
XXXX075X0940,3602.0,2026-03-05 10:33:00.000 +0530
XXXX075X0949,3119.0,2026-03-05 10:33:00.000 +0530
XXXX075X0994,3954.0,2026-03-05 10:33:00.000 +0530
XXXX075X1060,3988.0,2026-03-05 10:33:00.000 +0530
XXXX075X1076,3410.0,2026-03-05 10:33:00.000 +0530
XXXX075X1080,4454.0,2026-03-05 10:33:00.000 +0530
XXXX075X1196,3768.0,2026-03-05 10:33:00.000 +0530
XXXX075X1258,3821.0,2026-03-05 10:33:00.000 +0530
XXXX075X1314,4313.0,2026-03-05 10:33:00.000 +0530
XXXX075X1342,2694.0,2026-03-05 10:33:00.000 +0530
XXXX075X1364,2980.0,2026-03-05 10:33:00.000 +0530
XXXX075X1370,4390.0,2026-03-05 10:33:00.000 +0530
XXXX075X1382,4005.0,2026-03-05 10:33:00.000 +0530
XXXX075X1468,3006.0,2026-03-05 10:33:00.000 +0530
XXXX075X1512,3392.0,2026-03-05 10:33:00.000 +0530
XXXX075X1592,4183.0,2026-03-05 10:33:00.000 +0530
XXXX075X1627,4884.0,2026-03-05 10:33:00.000 +0530
XXXX075X1672,5670.0,2026-03-05 10:33:00.000 +0530
XXXX075X1673,3428.0,2026-03-05 10:33:00.000 +0530
XXXX075X1786,5090.0,2026-03-05 10:33:00.000 +0530
XXXX075X1802,3410.0,2026-03-05 10:33:00.000 +0530
XXXX075X1923,3010.0,2026-03-05 10:33:00.000 +0530
XXXX075X1955,3124.0,2026-03-05 10:33:00.000 +0530
XXXX075X2002,2716.0,2026-03-05 10:33:00.000 +0530
XXXX075X2064,2743.0,2026-03-05 10:33:00.000 +0530
XXXX075X2101,4747.0,2026-03-05 10:33:00.000 +0530
XXXX075X2229,6167.0,2026-03-05 10:33:00.000 +0530
XXXX075X2455,3492.0,2026-03-05 10:33:00.000 +0530
XXXX075X2489,3312.0,2026-03-05 10:33:00.000 +0530
XXXX075X2509,3155.0,2026-03-05 10:33:00.000 +0530
XXXX075X2562,2025.0,2026-03-05 10:33:00.000 +0530
XXXX075X2625,4215.0,2026-03-05 10:33:00.000 +0530
XXXX075X2694,3391.0,2026-03-05 10:33:00.000 +0530
XXXX075X2699,3068.0,2026-03-05 10:33:00.000 +0530
XXXX075X2814,5457.0,2026-03-05 10:33:00.000 +0530
XXXX075X2844,3387.0,2026-03-05 10:33:00.000 +0530
XXXX075X2903,3391.0,2026-03-05 10:33:00.000 +0530
XXXX075X2950,3745.0,2026-03-05 10:33:00.000 +0530
XXXX075X2958,3700.0,2026-03-05 10:33:00.000 +0530
XXXX075X3011,4329.0,2026-03-05 10:33:00.000 +0530
XXXX075X3018,7248.0,2026-03-05 10:33:00.000 +0530
XXXX075X3153,2969.0,2026-03-05 10:33:00.000 +0530
XXXX075X3315,3768.0,2026-03-05 10:33:00.000 +0530
XXXX075X3353,4907.0,2026-03-05 10:33:00.000 +0530
XXXX075X3356,3696.0,2026-03-05 10:33:00.000 +0530
XXXX075X3370,3321.0,2026-03-05 10:33:00.000 +0530
XXXX075X3387,3804.0,2026-03-05 10:33:00.000 +0530
XXXX075X3415,3089.0,2026-03-05 10:33:00.000 +0530
XXXX075X3417,3494.0,2026-03-05 10:33:00.000 +0530
XXXX075X3610,3623.0,2026-03-05 10:33:00.000 +0530
XXXX075X3735,10846.0,2026-03-05 10:33:00.000 +0530
XXXX075X3799,3136.0,2026-03-05 10:33:00.000 +0530
XXXX075X3858,2774.0,2026-03-05 10:33:00.000 +0530
XXXX075X3974,3479.0,2026-03-05 10:33:00.000 +0530
XXXX075X4055,4174.0,2026-03-05 10:33:00.000 +0530
XXXX075X4063,3289.0,2026-03-05 10:33:00.000 +0530
XXXX075X4087,3523.0,2026-03-05 10:33:00.000 +0530
XXXX075X4109,2880.0,2026-03-05 10:33:00.000 +0530
XXXX075X4174,4073.0,2026-03-05 10:33:00.000 +0530
XXXX075X4193,3869.0,2026-03-05 10:33:00.000 +0530
XXXX075X4198,4728.0,2026-03-05 10:33:00.000 +0530
XXXX075X4469,3716.0,2026-03-05 10:33:00.000 +0530
XXXX075X4495,4551.0,2026-03-05 10:33:00.000 +0530
XXXX075X4594,3202.0,2026-03-05 10:33:00.000 +0530
XXXX075X4759,3391.0,2026-03-05 10:33:00.000 +0530
XXXX075X4853,3833.0,2026-03-05 10:33:00.000 +0530
XXXX075X4891,3104.0,2026-03-05 10:33:00.000 +0530
XXXX075X5041,3861.0,2026-03-05 10:33:00.000 +0530
XXXX075X5075,3286.0,2026-03-05 10:33:00.000 +0530
XXXX075X5164,3768.0,2026-03-05 10:33:00.000 +0530
XXXX075X5199,4465.0,2026-03-05 10:33:00.000 +0530
XXXX075X5211,6018.0,2026-03-05 10:33:00.000 +0530
XXXX075X5241,6593.0,2026-03-05 10:33:00.000 +0530
XXXX075X5256,3464.0,2026-03-05 10:33:00.000 +0530
XXXX075X5287,3730.0,2026-03-05 10:33:00.000 +0530
XXXX075X5328,3485.0,2026-03-05 10:33:00.000 +0530
XXXX075X5358,3300.0,2026-03-05 10:33:00.000 +0530
XXXX075X5393,2811.0,2026-03-05 10:33:00.000 +0530
XXXX075X5430,3730.0,2026-03-05 10:33:00.000 +0530
XXXX075X5432,3278.0,2026-03-05 10:33:00.000 +0530
XXXX075X5518,3504.0,2026-03-05 10:33:00.000 +0530
XXXX075X5549,3828.0,2026-03-05 10:33:00.000 +0530
XXXX075X5563,4261.0,2026-03-05 10:33:00.000 +0530
XXXX075X5587,3278.0,2026-03-05 10:33:00.000 +0530
XXXX075X5591,5064.0,2026-03-05 10:33:00.000 +0530
XXXX075X5607,3184.0,2026-03-05 10:33:00.000 +0530
XXXX075X5678,4476.0,2026-03-05 10:33:00.000 +0530
XXXX075X5692,3300.0,2026-03-05 10:33:00.000 +0530
XXXX075X5812,2135.0,2026-03-05 10:33:00.000 +0530
XXXX075X5869,3768.0,2026-03-05 10:33:00.000 +0530
XXXX075X5920,3447.0,2026-03-05 10:33:00.000 +0530
XXXX075X5975,4541.0,2026-03-05 10:33:00.000 +0530
XXXX075X6119,3681.0,2026-03-05 10:33:00.000 +0530
XXXX075X6157,3568.0,2026-03-05 10:33:00.000 +0530
XXXX075X6325,3881.0,2026-03-05 10:33:00.000 +0530
XXXX075X6447,3278.0,2026-03-05 10:33:00.000 +0530
XXXX075X6455,3233.0,2026-03-05 10:33:00.000 +0530
XXXX075X6456,4142.0,2026-03-05 10:33:00.000 +0530
XXXX075X6478,2720.0,2026-03-05 10:33:00.000 +0530
XXXX075X6482,3236.0,2026-03-05 10:33:00.000 +0530
XXXX075X6538,2783.0,2026-03-05 10:33:00.000 +0530
XXXX075X6539,3159.0,2026-03-05 10:33:00.000 +0530
XXXX075X6615,4203.0,2026-03-05 10:33:00.000 +0530
XXXX075X6616,4512.0,2026-03-05 10:33:00.000 +0530
XXXX075X6673,3579.0,2026-03-05 10:33:00.000 +0530
XXXX075X6703,3722.0,2026-03-05 10:33:00.000 +0530
XXXX075X6727,3208.0,2026-03-05 10:33:00.000 +0530
XXXX075X6753,2527.0,2026-03-05 10:33:00.000 +0530
XXXX075X6819,3282.0,2026-03-05 10:33:00.000 +0530
XXXX075X6866,4214.0,2026-03-05 10:33:00.000 +0530
XXXX075X6869,3165.0,2026-03-05 10:33:00.000 +0530
XXXX075X6949,3085.0,2026-03-05 10:33:00.000 +0530
XXXX075X6989,3469.0,2026-03-05 10:33:00.000 +0530
XXXX075X7063,3929.0,2026-03-05 10:33:00.000 +0530
XXXX075X7076,2954.0,2026-03-05 10:33:00.000 +0530
XXXX075X7122,4115.0,2026-03-05 10:33:00.000 +0530
XXXX075X7132,4313.0,2026-03-05 10:33:00.000 +0530
XXXX075X7147,3577.0,2026-03-05 10:33:00.000 +0530
XXXX075X7187,3811.0,2026-03-05 10:33:00.000 +0530
XXXX075X7194,2556.0,2026-03-05 10:33:00.000 +0530
XXXX075X7212,2565.0,2026-03-05 10:33:00.000 +0530
XXXX075X7269,3529.0,2026-03-05 10:33:00.000 +0530
XXXX075X7330,2976.0,2026-03-05 10:33:00.000 +0530
XXXX075X7390,4831.0,2026-03-05 10:33:00.000 +0530
XXXX075X7414,2720.0,2026-03-05 10:33:00.000 +0530
XXXX075X7673,3165.0,2026-03-05 10:33:00.000 +0530
XXXX075X7705,4278.0,2026-03-05 10:33:00.000 +0530
XXXX075X7736,5334.0,2026-03-05 10:33:00.000 +0530
XXXX075X7782,3768.0,2026-03-05 10:33:00.000 +0530
XXXX075X7803,2788.0,2026-03-05 10:33:00.000 +0530
XXXX075X7919,3726.0,2026-03-05 10:33:00.000 +0530
XXXX075X8066,3716.0,2026-03-05 10:33:00.000 +0530
XXXX075X8073,3266.0,2026-03-05 10:33:00.000 +0530
XXXX075X8152,5524.0,2026-03-05 10:33:00.000 +0530
XXXX075X8220,3709.0,2026-03-05 10:33:00.000 +0530
XXXX075X8471,3235.0,2026-03-05 10:33:00.000 +0530
XXXX075X8503,9677.0,2026-03-05 10:33:00.000 +0530
XXXX075X8519,4819.0,2026-03-05 10:33:00.000 +0530
XXXX075X8532,4487.0,2026-03-05 10:33:00.000 +0530
XXXX075X8592,5028.0,2026-03-05 10:33:00.000 +0530
XXXX075X8598,3549.0,2026-03-05 10:33:00.000 +0530
XXXX075X8693,6103.0,2026-03-05 10:33:00.000 +0530
XXXX075X8819,1970.0,2026-03-05 10:33:00.000 +0530
XXXX075X8908,3722.0,2026-03-05 10:33:00.000 +0530
XXXX075X8945,3139.0,2026-03-05 10:33:00.000 +0530
XXXX075X8956,2946.0,2026-03-05 10:33:00.000 +0530
XXXX075X8974,3664.0,2026-03-05 10:33:00.000 +0530
XXXX075X8977,3014.0,2026-03-05 10:33:00.000 +0530
XXXX075X9001,3155.0,2026-03-05 10:33:00.000 +0530
XXXX075X9028,4395.0,2026-03-05 10:33:00.000 +0530
XXXX075X9035,3709.0,2026-03-05 10:33:00.000 +0530
XXXX075X9080,3208.0,2026-03-05 10:33:00.000 +0530
XXXX075X9097,7671.0,2026-03-05 10:33:00.000 +0530
XXXX075X9117,5139.0,2026-03-05 10:33:00.000 +0530
XXXX075X9119,3595.0,2026-03-05 10:33:00.000 +0530
XXXX075X9188,3153.0,2026-03-05 10:33:00.000 +0530
XXXX075X9201,3784.0,2026-03-05 10:33:00.000 +0530
XXXX075X9380,3127.0,2026-03-05 10:33:00.000 +0530
XXXX075X9403,3703.0,2026-03-05 10:33:00.000 +0530
XXXX075X9433,3105.0,2026-03-05 10:33:00.000 +0530
XXXX075X9434,4564.0,2026-03-05 10:33:00.000 +0530
XXXX075X9440,3191.0,2026-03-05 10:33:00.000 +0530
XXXX075X9447,4434.0,2026-03-05 10:33:00.000 +0530
XXXX075X9457,3105.0,2026-03-05 10:33:00.000 +0530
XXXX075X9489,6212.0,2026-03-05 10:33:00.000 +0530
XXXX075X9492,4152.0,2026-03-05 10:33:00.000 +0530
XXXX075X9584,2954.0,2026-03-05 10:33:00.000 +0530
XXXX075X9636,3402.0,2026-03-05 10:33:00.000 +0530
XXXX075X9637,4466.0,2026-03-05 10:33:00.000 +0530
XXXX075X9639,2403.0,2026-03-05 10:33:00.000 +0530
XXXX075X9650,4041.0,2026-03-05 10:33:00.000 +0530
XXXX075X9780,4555.0,2026-03-05 10:33:00.000 +0530
XXXX075X9785,2452.0,2026-03-05 10:33:00.000 +0530
XXXX075X9811,4042.0,2026-03-05 10:33:00.000 +0530
XXXX075X9813,5426.0,2026-03-05 10:33:00.000 +0530
XXXX075X9843,3768.0,2026-03-05 10:33:00.000 +0530
XXXX075X9868,4542.0,2026-03-05 10:33:00.000 +0530
XXXX075X9876,3643.0,2026-03-05 10:33:00.000 +0530
XXXX075X9896,4298.0,2026-03-05 10:33:00.000 +0530
XXXX075X9941,2634.0,2026-03-05 10:33:00.000 +0530
XXXX075X9957,3089.0,2026-03-05 10:33:00.000 +0530
XXXX075X9967,3452.0,2026-03-05 10:33:00.000 +0530
XXXX075X9971,4316.0,2026-03-05 10:33:00.000 +0530
XXXX075X9981,3857.0,2026-03-05 10:33:00.000 +0530
XXXX076X0003,3905.0,2026-03-05 10:33:00.000 +0530
XXXX076X0016,5760.0,2026-03-05 10:33:00.000 +0530
XXXX076X0037,3071.0,2026-03-05 10:33:00.000 +0530
XXXX076X0050,2902.0,2026-03-05 10:33:00.000 +0530
XXXX076X0079,3321.0,2026-03-05 10:33:00.000 +0530
XXXX076X0167,3452.0,2026-03-05 10:33:00.000 +0530
XXXX076X0191,4368.0,2026-03-05 10:33:00.000 +0530
XXXX076X0358,7638.0,2026-03-05 10:33:00.000 +0530
XXXX076X0375,4990.0,2026-03-05 10:33:00.000 +0530
XXXX076X0383,4779.0,2026-03-05 10:33:00.000 +0530
XXXX076X0406,2691.0,2026-03-05 10:33:00.000 +0530
XXXX076X0416,3496.0,2026-03-05 10:33:00.000 +0530
XXXX076X0449,3146.0,2026-03-05 10:33:00.000 +0530
XXXX076X0455,3698.0,2026-03-05 10:33:00.000 +0530
XXXX076X0498,3537.0,2026-03-05 10:33:00.000 +0530
XXXX076X0501,3789.0,2026-03-05 10:33:00.000 +0530
XXXX076X0585,4007.0,2026-03-05 10:33:00.000 +0530
XXXX076X0614,3236.0,2026-03-05 10:33:00.000 +0530
XXXX076X0653,4107.0,2026-03-05 10:33:00.000 +0530
XXXX076X0674,3496.0,2026-03-05 10:33:00.000 +0530
XXXX076X0689,2969.0,2026-03-05 10:33:00.000 +0530
XXXX076X0716,6516.0,2026-03-05 10:33:00.000 +0530
XXXX076X0771,3006.0,2026-03-05 10:33:00.000 +0530
XXXX076X0774,3691.0,2026-03-05 10:33:00.000 +0530
XXXX076X0791,3394.0,2026-03-05 10:33:00.000 +0530
XXXX076X0818,2708.0,2026-03-05 10:33:00.000 +0530
XXXX076X0824,3895.0,2026-03-05 10:33:00.000 +0530
XXXX076X0837,3895.0,2026-03-05 10:33:00.000 +0530
XXXX076X0840,5439.0,2026-03-05 10:33:00.000 +0530
XXXX076X0866,3546.0,2026-03-05 10:33:00.000 +0530
XXXX076X0894,7331.0,2026-03-05 10:33:00.000 +0530
XXXX076X0947,5141.0,2026-03-05 10:33:00.000 +0530
XXXX076X0985,3768.0,2026-03-05 10:33:00.000 +0530
XXXX076X0992,3930.0,2026-03-05 10:33:00.000 +0530
XXXX076X1055,4018.0,2026-03-05 10:33:00.000 +0530
XXXX076X1143,5156.0,2026-03-05 10:33:00.000 +0530
XXXX076X1167,4716.0,2026-03-05 10:33:00.000 +0530
XXXX076X1451,4875.0,2026-03-05 10:33:00.000 +0530
XXXX076X1498,2524.0,2026-03-05 10:33:00.000 +0530
XXXX076X1625,3281.0,2026-03-05 10:33:00.000 +0530
XXXX076X1694,3348.0,2026-03-05 10:33:00.000 +0530
XXXX076X1709,3665.0,2026-03-05 10:33:00.000 +0530
XXXX076X1730,3580.0,2026-03-05 10:33:00.000 +0530
XXXX076X1747,3730.0,2026-03-05 10:33:00.000 +0530
XXXX076X1815,3059.0,2026-03-05 10:33:00.000 +0530
XXXX076X1818,3848.0,2026-03-05 10:33:00.000 +0530
XXXX076X1830,2585.0,2026-03-05 10:33:00.000 +0530
XXXX076X1861,6583.0,2026-03-05 10:33:00.000 +0530
XXXX076X1945,2124.0,2026-03-05 10:33:00.000 +0530
XXXX076X2109,4249.0,2026-03-05 10:33:00.000 +0530
XXXX076X2114,3259.0,2026-03-05 10:33:00.000 +0530
XXXX076X2116,3819.0,2026-03-05 10:33:00.000 +0530
XXXX076X2123,3899.0,2026-03-05 10:33:00.000 +0530
XXXX076X2192,6216.0,2026-03-05 10:33:00.000 +0530
XXXX076X2213,3677.0,2026-03-05 10:33:00.000 +0530
XXXX076X2235,4083.0,2026-03-05 10:33:00.000 +0530
XXXX076X2302,3410.0,2026-03-05 10:33:00.000 +0530
XXXX076X2402,3033.0,2026-03-05 10:33:00.000 +0530
XXXX076X2408,4145.0,2026-03-05 10:33:00.000 +0530
XXXX076X2457,3972.0,2026-03-05 10:33:00.000 +0530
XXXX076X2468,3255.0,2026-03-05 10:33:00.000 +0530
XXXX076X2488,7484.0,2026-03-05 10:33:00.000 +0530
XXXX076X2548,4313.0,2026-03-05 10:33:00.000 +0530
XXXX076X2579,4059.0,2026-03-05 10:33:00.000 +0530
XXXX076X2699,3668.0,2026-03-05 10:33:00.000 +0530
XXXX076X2770,4671.0,2026-03-05 10:33:00.000 +0530
XXXX076X2804,2786.0,2026-03-05 10:33:00.000 +0530
XXXX076X2818,3010.0,2026-03-05 10:33:00.000 +0530
XXXX076X2823,4826.0,2026-03-05 10:33:00.000 +0530
XXXX076X2892,4050.0,2026-03-05 10:33:00.000 +0530
XXXX076X2894,3433.0,2026-03-05 10:33:00.000 +0530
XXXX076X2915,3386.0,2026-03-05 10:33:00.000 +0530
XXXX076X2924,3159.0,2026-03-05 10:33:00.000 +0530
XXXX076X2979,2542.0,2026-03-05 10:33:00.000 +0530
XXXX076X2989,3099.0,2026-03-05 10:33:00.000 +0530
XXXX076X3038,4213.0,2026-03-05 10:33:00.000 +0530
XXXX076X3128,5188.0,2026-03-05 10:33:00.000 +0530
XXXX076X3157,4750.0,2026-03-05 10:33:00.000 +0530
XXXX076X3198,3208.0,2026-03-05 10:33:00.000 +0530
XXXX076X3250,5061.0,2026-03-05 10:33:00.000 +0530
XXXX076X3313,2927.0,2026-03-05 10:33:00.000 +0530
XXXX076X3335,4172.0,2026-03-05 10:33:00.000 +0530
XXXX076X3362,3225.0,2026-03-05 10:33:00.000 +0530
XXXX076X3461,4174.0,2026-03-05 10:33:00.000 +0530
XXXX076X3464,3032.0,2026-03-05 10:33:00.000 +0530
XXXX076X3489,3559.0,2026-03-05 10:33:00.000 +0530
XXXX076X3494,3205.0,2026-03-05 10:33:00.000 +0530
XXXX076X3588,3105.0,2026-03-05 10:33:00.000 +0530
XXXX076X3614,3391.0,2026-03-05 10:33:00.000 +0530
XXXX076X3617,3640.0,2026-03-05 10:33:00.000 +0530
XXXX076X3645,3709.0,2026-03-05 10:33:00.000 +0530
XXXX076X3686,5188.0,2026-03-05 10:33:00.000 +0530
XXXX076X3720,3817.0,2026-03-05 10:33:00.000 +0530
XXXX076X3730,4337.0,2026-03-05 10:33:00.000 +0530
XXXX076X3792,4041.0,2026-03-05 10:33:00.000 +0530
XXXX076X3806,4214.0,2026-03-05 10:33:00.000 +0530
XXXX076X3866,4705.0,2026-03-05 10:33:00.000 +0530
XXXX076X4009,3936.0,2026-03-05 10:33:00.000 +0530
XXXX076X4034,3857.0,2026-03-05 10:33:00.000 +0530
XXXX076X4041,6703.0,2026-03-05 10:33:00.000 +0530
XXXX076X4134,2850.0,2026-03-05 10:33:00.000 +0530
XXXX076X4179,3353.0,2026-03-05 10:33:00.000 +0530
XXXX076X4192,3752.0,2026-03-05 10:33:00.000 +0530
XXXX076X4254,4512.0,2026-03-05 10:33:00.000 +0530
XXXX076X4323,3985.0,2026-03-05 10:33:00.000 +0530
XXXX076X4325,3883.0,2026-03-05 10:33:00.000 +0530
XXXX076X4330,2841.0,2026-03-05 10:33:00.000 +0530
XXXX076X4346,3321.0,2026-03-05 10:33:00.000 +0530
XXXX076X4361,4102.0,2026-03-05 10:33:00.000 +0530
XXXX076X4400,4358.0,2026-03-05 10:33:00.000 +0530
XXXX076X4491,2498.0,2026-03-05 10:33:00.000 +0530
XXXX076X4537,4307.0,2026-03-05 10:33:00.000 +0530
XXXX076X4597,4128.0,2026-03-05 10:33:00.000 +0530
XXXX076X4603,3962.0,2026-03-05 10:33:00.000 +0530
XXXX076X4622,3585.0,2026-03-05 10:33:00.000 +0530
XXXX076X4674,3494.0,2026-03-05 10:33:00.000 +0530
XXXX076X4718,4659.0,2026-03-05 10:33:00.000 +0530
XXXX076X4735,4410.0,2026-03-05 10:33:00.000 +0530
XXXX076X4766,3580.0,2026-03-05 10:33:00.000 +0530
XXXX076X4804,4607.0,2026-03-05 10:33:00.000 +0530
XXXX076X4824,4726.0,2026-03-05 10:33:00.000 +0530
XXXX076X4841,3080.0,2026-03-05 10:33:00.000 +0530
XXXX076X4863,4280.0,2026-03-05 10:33:00.000 +0530
XXXX076X4873,4620.0,2026-03-05 10:33:00.000 +0530
XXXX076X5160,3704.0,2026-03-05 10:33:00.000 +0530
XXXX076X5251,3716.0,2026-03-05 10:33:00.000 +0530
XXXX076X5310,3289.0,2026-03-05 10:33:00.000 +0530
XXXX076X5345,3158.0,2026-03-05 10:33:00.000 +0530
XXXX076X5481,3819.0,2026-03-05 10:33:00.000 +0530
XXXX076X5510,5141.0,2026-03-05 10:33:00.000 +0530
XXXX076X5565,3787.0,2026-03-05 10:33:00.000 +0530
XXXX076X5633,4702.0,2026-03-05 10:33:00.000 +0530
XXXX076X5642,3113.0,2026-03-05 10:33:00.000 +0530
XXXX076X5673,3872.0,2026-03-05 10:33:00.000 +0530
XXXX076X5710,4674.0,2026-03-05 10:33:00.000 +0530
XXXX076X5749,3846.0,2026-03-05 10:33:00.000 +0530
XXXX076X5861,3768.0,2026-03-05 10:33:00.000 +0530
XXXX076X5915,3343.0,2026-03-05 10:33:00.000 +0530
XXXX076X6096,5188.0,2026-03-05 10:33:00.000 +0530
XXXX076X6110,5522.0,2026-03-05 10:33:00.000 +0530
XXXX076X6160,3278.0,2026-03-05 10:33:00.000 +0530
XXXX076X6171,3963.0,2026-03-05 10:33:00.000 +0530
XXXX076X6184,4565.0,2026-03-05 10:33:00.000 +0530
XXXX076X6318,3252.0,2026-03-05 10:33:00.000 +0530
XXXX076X6395,5729.0,2026-03-05 10:33:00.000 +0530
XXXX076X6494,3567.0,2026-03-05 10:33:00.000 +0530
XXXX076X6553,4513.0,2026-03-05 10:33:00.000 +0530
XXXX076X6616,3376.0,2026-03-05 10:33:00.000 +0530
XXXX076X6623,10012.0,2026-03-05 10:33:00.000 +0530
XXXX076X6626,7884.0,2026-03-05 10:33:00.000 +0530
XXXX076X6639,4137.0,2026-03-05 10:33:00.000 +0530
XXXX076X6653,3560.0,2026-03-05 10:33:00.000 +0530
XXXX076X6657,3147.0,2026-03-05 10:33:00.000 +0530
XXXX076X6754,3062.0,2026-03-05 10:33:00.000 +0530
XXXX076X6755,4214.0,2026-03-05 10:33:00.000 +0530
XXXX076X6791,3200.0,2026-03-05 10:33:00.000 +0530
XXXX076X6809,4460.0,2026-03-05 10:33:00.000 +0530
XXXX076X6850,5857.0,2026-03-05 10:33:00.000 +0530
XXXX076X6874,4943.0,2026-03-05 10:33:00.000 +0530
XXXX076X6937,3010.0,2026-03-05 10:33:00.000 +0530
XXXX076X6938,3739.0,2026-03-05 10:33:00.000 +0530
XXXX076X6945,3482.0,2026-03-05 10:33:00.000 +0530
XXXX076X6978,3782.0,2026-03-05 10:33:00.000 +0530
XXXX076X7012,3520.0,2026-03-05 10:33:00.000 +0530
XXXX076X7025,4766.0,2026-03-05 10:33:00.000 +0530
XXXX076X7041,3654.0,2026-03-05 10:33:00.000 +0530
XXXX076X7058,2454.0,2026-03-05 10:33:00.000 +0530
XXXX076X7065,3154.0,2026-03-05 10:33:00.000 +0530
XXXX076X7126,4313.0,2026-03-05 10:33:00.000 +0530
XXXX076X7133,2173.0,2026-03-05 10:33:00.000 +0530
XXXX076X7321,3691.0,2026-03-05 10:33:00.000 +0530
XXXX076X7383,4313.0,2026-03-05 10:33:00.000 +0530
XXXX076X7415,3860.0,2026-03-05 10:33:00.000 +0530
XXXX076X7425,3971.0,2026-03-05 10:33:00.000 +0530
XXXX076X7437,3277.0,2026-03-05 10:33:00.000 +0530
XXXX076X7444,3466.0,2026-03-05 10:33:00.000 +0530
XXXX076X7453,4097.0,2026-03-05 10:33:00.000 +0530
XXXX076X7490,2816.0,2026-03-05 10:33:00.000 +0530
XXXX076X7515,3895.0,2026-03-05 10:33:00.000 +0530
XXXX076X7607,2965.0,2026-03-05 10:33:00.000 +0530
XXXX076X7621,3052.0,2026-03-05 10:33:00.000 +0530
XXXX076X7628,5182.0,2026-03-05 10:33:00.000 +0530
XXXX076X7629,3486.0,2026-03-05 10:33:00.000 +0530
XXXX076X7741,3208.0,2026-03-05 10:33:00.000 +0530
XXXX076X7767,2999.0,2026-03-05 10:33:00.000 +0530
XXXX076X7791,2864.0,2026-03-05 10:33:00.000 +0530
XXXX076X8061,3430.0,2026-03-05 10:33:00.000 +0530
XXXX076X8113,3858.0,2026-03-05 10:33:00.000 +0530
XXXX076X8130,2830.0,2026-03-05 10:33:00.000 +0530
XXXX076X8205,3819.0,2026-03-05 10:33:00.000 +0530
XXXX076X8223,2896.0,2026-03-05 10:33:00.000 +0530
XXXX076X8236,4083.0,2026-03-05 10:33:00.000 +0530
XXXX076X8304,4122.0,2026-03-05 10:33:00.000 +0530
XXXX076X8384,3538.0,2026-03-05 10:33:00.000 +0530
XXXX076X8398,2957.0,2026-03-05 10:33:00.000 +0530
XXXX076X8406,3127.0,2026-03-05 10:33:00.000 +0530
XXXX076X8410,5024.0,2026-03-05 10:33:00.000 +0530
XXXX076X8427,3176.0,2026-03-05 10:33:00.000 +0530
XXXX076X8480,3899.0,2026-03-05 10:33:00.000 +0530
XXXX076X8599,3896.0,2026-03-05 10:33:00.000 +0530
XXXX076X8656,3692.0,2026-03-05 10:33:00.000 +0530
XXXX076X8671,3463.0,2026-03-05 10:33:00.000 +0530
XXXX076X8689,4291.0,2026-03-05 10:33:00.000 +0530
XXXX076X8809,4023.0,2026-03-05 10:33:00.000 +0530
XXXX076X8889,4075.0,2026-03-05 10:33:00.000 +0530
XXXX076X8907,3809.0,2026-03-05 10:33:00.000 +0530
XXXX076X8932,3391.0,2026-03-05 10:33:00.000 +0530
XXXX076X8992,3523.0,2026-03-05 10:33:00.000 +0530
XXXX076X9000,3246.0,2026-03-05 10:33:00.000 +0530
XXXX076X9031,3533.0,2026-03-05 10:33:00.000 +0530
XXXX076X9099,4140.0,2026-03-05 10:33:00.000 +0530
XXXX076X9113,3793.0,2026-03-05 10:33:00.000 +0530
XXXX076X9161,3571.0,2026-03-05 10:33:00.000 +0530
XXXX076X9164,3833.0,2026-03-05 10:33:00.000 +0530
XXXX076X9220,3792.0,2026-03-05 10:33:00.000 +0530
XXXX076X9246,3383.0,2026-03-05 10:33:00.000 +0530
XXXX076X9369,3006.0,2026-03-05 10:33:00.000 +0530
XXXX076X9374,3870.0,2026-03-05 10:33:00.000 +0530
XXXX076X9400,3372.0,2026-03-05 10:33:00.000 +0530
XXXX076X9447,2990.0,2026-03-05 10:33:00.000 +0530
XXXX076X9454,5188.0,2026-03-05 10:33:00.000 +0530
XXXX076X9496,3205.0,2026-03-05 10:33:00.000 +0530
XXXX076X9515,4322.0,2026-03-05 10:33:00.000 +0530
XXXX076X9549,3425.0,2026-03-05 10:33:00.000 +0530
XXXX076X9558,3390.0,2026-03-05 10:33:00.000 +0530
XXXX076X9625,4119.0,2026-03-05 10:33:00.000 +0530
XXXX076X9688,4228.0,2026-03-05 10:33:00.000 +0530
XXXX076X9748,4080.0,2026-03-05 10:33:00.000 +0530
XXXX076X9939,3004.0,2026-03-05 10:33:00.000 +0530
XXXX076X9946,3768.0,2026-03-05 10:33:00.000 +0530
XXXX076X9960,7209.0,2026-03-05 10:33:00.000 +0530
XXXX077X0019,3222.0,2026-03-05 10:33:00.000 +0530
XXXX077X0068,3422.0,2026-03-05 10:33:00.000 +0530
XXXX077X0134,3795.0,2026-03-05 10:33:00.000 +0530
XXXX077X0141,4075.0,2026-03-05 10:33:00.000 +0530
XXXX077X0226,3059.0,2026-03-05 10:33:00.000 +0530
XXXX077X0251,3958.0,2026-03-05 10:33:00.000 +0530
XXXX077X0307,4492.0,2026-03-05 10:33:00.000 +0530
XXXX077X0310,3391.0,2026-03-05 10:33:00.000 +0530
XXXX077X0314,3819.0,2026-03-05 10:33:00.000 +0530
XXXX077X0318,4034.0,2026-03-05 10:33:00.000 +0530
XXXX077X0341,3503.0,2026-03-05 10:33:00.000 +0530
XXXX077X0371,3456.0,2026-03-05 10:33:00.000 +0530
XXXX077X0394,3498.0,2026-03-05 10:33:00.000 +0530
XXXX077X0402,4466.0,2026-03-05 10:33:00.000 +0530
XXXX077X0471,3551.0,2026-03-05 10:33:00.000 +0530
XXXX077X0525,3162.0,2026-03-05 10:33:00.000 +0530
XXXX077X0556,4202.0,2026-03-05 10:33:00.000 +0530
XXXX077X0560,3246.0,2026-03-05 10:33:00.000 +0530
XXXX077X0582,4419.0,2026-03-05 10:33:00.000 +0530
XXXX077X0594,3353.0,2026-03-05 10:33:00.000 +0530
XXXX077X0608,3124.0,2026-03-05 10:33:00.000 +0530
XXXX077X0631,2739.0,2026-03-05 10:33:00.000 +0530
XXXX077X0652,3142.0,2026-03-05 10:33:00.000 +0530
XXXX077X0653,3456.0,2026-03-05 10:33:00.000 +0530
XXXX077X0660,3311.0,2026-03-05 10:33:00.000 +0530
XXXX077X0666,3688.0,2026-03-05 10:33:00.000 +0530
XXXX077X0678,3741.0,2026-03-05 10:33:00.000 +0530
XXXX077X0714,3789.0,2026-03-05 10:33:00.000 +0530
XXXX077X0749,2871.0,2026-03-05 10:33:00.000 +0530
XXXX077X0751,2743.0,2026-03-05 10:33:00.000 +0530
XXXX077X0783,4103.0,2026-03-05 10:33:00.000 +0530
XXXX077X0792,4098.0,2026-03-05 10:33:00.000 +0530
XXXX077X0812,3914.0,2026-03-05 10:33:00.000 +0530
XXXX077X0820,2618.0,2026-03-05 10:33:00.000 +0530
XXXX077X0887,2571.0,2026-03-05 10:33:00.000 +0530
XXXX077X0901,3237.0,2026-03-05 10:33:00.000 +0530
XXXX077X0959,4625.0,2026-03-05 10:33:00.000 +0530
XXXX077X0964,3769.0,2026-03-05 10:33:00.000 +0530
XXXX077X0971,3128.0,2026-03-05 10:33:00.000 +0530
XXXX077X0999,3819.0,2026-03-05 10:33:00.000 +0530
XXXX077X1001,4528.0,2026-03-05 10:33:00.000 +0530
XXXX077X1010,3180.0,2026-03-05 10:33:00.000 +0530
XXXX077X1026,4653.0,2026-03-05 10:33:00.000 +0530
XXXX077X1031,6064.0,2026-03-05 10:33:00.000 +0530
XXXX077X1056,3235.0,2026-03-05 10:33:00.000 +0530
XXXX077X1088,4150.0,2026-03-05 10:33:00.000 +0530
XXXX077X1139,3293.0,2026-03-05 10:33:00.000 +0530
XXXX077X1149,3166.0,2026-03-05 10:33:00.000 +0530
XXXX077X1164,3815.0,2026-03-05 10:33:00.000 +0530
XXXX077X1178,3647.0,2026-03-05 10:33:00.000 +0530
XXXX077X1202,3502.0,2026-03-05 10:33:00.000 +0530
XXXX077X1239,3768.0,2026-03-05 10:33:00.000 +0530
XXXX077X1243,4368.0,2026-03-05 10:33:00.000 +0530
XXXX077X1292,3546.0,2026-03-05 10:33:00.000 +0530
XXXX077X1328,3491.0,2026-03-05 10:33:00.000 +0530
XXXX077X1407,3281.0,2026-03-05 10:33:00.000 +0530
XXXX077X1412,5421.0,2026-03-05 10:33:00.000 +0530
XXXX077X1447,6122.0,2026-03-05 10:33:00.000 +0530
XXXX077X1522,3217.0,2026-03-05 10:33:00.000 +0530
XXXX077X1540,3354.0,2026-03-05 10:33:00.000 +0530
XXXX077X1574,3797.0,2026-03-05 10:33:00.000 +0530
XXXX077X1576,4301.0,2026-03-05 10:33:00.000 +0530
XXXX077X1604,5188.0,2026-03-05 10:33:00.000 +0530
XXXX077X1710,3668.0,2026-03-05 10:33:00.000 +0530
XXXX077X1729,3560.0,2026-03-05 10:33:00.000 +0530
XXXX077X1733,3839.0,2026-03-05 10:33:00.000 +0530
XXXX077X1757,4296.0,2026-03-05 10:33:00.000 +0530
XXXX077X1768,3760.0,2026-03-05 10:33:00.000 +0530
XXXX077X1825,3665.0,2026-03-05 10:33:00.000 +0530
XXXX077X1881,4186.0,2026-03-05 10:33:00.000 +0530
XXXX077X1933,3353.0,2026-03-05 10:33:00.000 +0530
XXXX077X1969,2974.0,2026-03-05 10:33:00.000 +0530
XXXX077X1979,2179.0,2026-03-05 10:33:00.000 +0530
XXXX077X2150,3597.0,2026-03-05 10:33:00.000 +0530
XXXX077X2221,4652.0,2026-03-05 10:33:00.000 +0530
XXXX077X2283,3673.0,2026-03-05 10:33:00.000 +0530
XXXX077X2335,4870.0,2026-03-05 10:33:00.000 +0530
XXXX077X2341,5032.0,2026-03-05 10:33:00.000 +0530
XXXX077X2441,4479.0,2026-03-05 10:33:00.000 +0530
XXXX077X2512,4520.0,2026-03-05 10:33:00.000 +0530
XXXX077X2515,7093.0,2026-03-05 10:33:00.000 +0530
XXXX077X2549,4441.0,2026-03-05 10:33:00.000 +0530
XXXX077X2588,3942.0,2026-03-05 10:33:00.000 +0530
XXXX077X2596,3042.0,2026-03-05 10:33:00.000 +0530
XXXX077X2601,4960.0,2026-03-05 10:33:00.000 +0530
XXXX077X2628,4404.0,2026-03-05 10:33:00.000 +0530
XXXX077X2668,4538.0,2026-03-05 10:33:00.000 +0530
XXXX077X2768,4150.0,2026-03-05 10:33:00.000 +0530
XXXX077X2789,3272.0,2026-03-05 10:33:00.000 +0530
XXXX077X2802,3819.0,2026-03-05 10:33:00.000 +0530
XXXX077X2831,3104.0,2026-03-05 10:33:00.000 +0530
XXXX077X2862,3272.0,2026-03-05 10:33:00.000 +0530
XXXX077X2946,3080.0,2026-03-05 10:33:00.000 +0530
XXXX077X2970,4021.0,2026-03-05 10:33:00.000 +0530
XXXX077X3012,3666.0,2026-03-05 10:33:00.000 +0530
XXXX077X3041,4389.0,2026-03-05 10:33:00.000 +0530
XXXX077X3051,5317.0,2026-03-05 10:33:00.000 +0530
XXXX077X3077,3208.0,2026-03-05 10:33:00.000 +0530
XXXX077X3103,3563.0,2026-03-05 10:33:00.000 +0530
XXXX077X3129,3748.0,2026-03-05 10:33:00.000 +0530
XXXX077X3172,2788.0,2026-03-05 10:33:00.000 +0530
XXXX077X3193,4700.0,2026-03-05 10:33:00.000 +0530
XXXX077X3207,4721.0,2026-03-05 10:33:00.000 +0530
XXXX077X3210,3501.0,2026-03-05 10:33:00.000 +0530
XXXX077X3250,2147.0,2026-03-05 10:33:00.000 +0530
XXXX077X3298,3748.0,2026-03-05 10:33:00.000 +0530
XXXX077X3307,2941.0,2026-03-05 10:33:00.000 +0530
XXXX077X3310,3131.0,2026-03-05 10:33:00.000 +0530
XXXX077X3317,2964.0,2026-03-05 10:33:00.000 +0530
XXXX077X3320,3471.0,2026-03-05 10:33:00.000 +0530
XXXX077X3324,4410.0,2026-03-05 10:33:00.000 +0530
XXXX077X3325,3537.0,2026-03-05 10:33:00.000 +0530
XXXX077X3326,4410.0,2026-03-05 10:33:00.000 +0530
XXXX077X3328,4887.0,2026-03-05 10:33:00.000 +0530
XXXX077X3345,3559.0,2026-03-05 10:33:00.000 +0530
XXXX077X3350,3475.0,2026-03-05 10:33:00.000 +0530
XXXX077X3398,3247.0,2026-03-05 10:33:00.000 +0530
XXXX077X3402,3184.0,2026-03-05 10:33:00.000 +0530
XXXX077X3425,4158.0,2026-03-05 10:33:00.000 +0530
XXXX077X3426,6096.0,2026-03-05 10:33:00.000 +0530
XXXX077X3427,2990.0,2026-03-05 10:33:00.000 +0530
XXXX077X3465,3015.0,2026-03-05 10:33:00.000 +0530
XXXX077X3494,3803.0,2026-03-05 10:33:00.000 +0530
XXXX077X3499,3212.0,2026-03-05 10:33:00.000 +0530
XXXX077X3502,3792.0,2026-03-05 10:33:00.000 +0530
XXXX077X3525,4905.0,2026-03-05 10:33:00.000 +0530
XXXX077X3594,5504.0,2026-03-05 10:33:00.000 +0530
XXXX077X3616,4306.0,2026-03-05 10:33:00.000 +0530
XXXX077X3624,4307.0,2026-03-05 10:33:00.000 +0530
XXXX077X3656,3854.0,2026-03-05 10:33:00.000 +0530
XXXX077X3667,4036.0,2026-03-05 10:33:00.000 +0530
XXXX077X3679,4275.0,2026-03-05 10:33:00.000 +0530
XXXX077X3685,3383.0,2026-03-05 10:33:00.000 +0530
XXXX077X3697,2449.0,2026-03-05 10:33:00.000 +0530
XXXX077X3709,3391.0,2026-03-05 10:33:00.000 +0530
XXXX077X3710,2950.0,2026-03-05 10:33:00.000 +0530
XXXX077X3722,3567.0,2026-03-05 10:33:00.000 +0530
XXXX077X3724,3225.0,2026-03-05 10:33:00.000 +0530
XXXX077X3766,3680.0,2026-03-05 10:33:00.000 +0530
XXXX077X3788,3025.0,2026-03-05 10:33:00.000 +0530
XXXX077X3801,2948.0,2026-03-05 10:33:00.000 +0530
XXXX077X3820,3113.0,2026-03-05 10:33:00.000 +0530
XXXX077X3830,5213.0,2026-03-05 10:33:00.000 +0530
XXXX077X3857,4119.0,2026-03-05 10:33:00.000 +0530
XXXX077X3878,3766.0,2026-03-05 10:33:00.000 +0530
XXXX077X3908,5043.0,2026-03-05 10:33:00.000 +0530
XXXX077X3938,3430.0,2026-03-05 10:33:00.000 +0530
XXXX077X4038,4393.0,2026-03-05 10:33:00.000 +0530
XXXX077X4064,4779.0,2026-03-05 10:33:00.000 +0530
XXXX077X4069,4779.0,2026-03-05 10:33:00.000 +0530
XXXX077X4119,5766.0,2026-03-05 10:33:00.000 +0530
XXXX077X4123,3962.0,2026-03-05 10:33:00.000 +0530
XXXX077X4154,3408.0,2026-03-05 10:33:00.000 +0530
XXXX077X4169,3815.0,2026-03-05 10:33:00.000 +0530
XXXX077X4180,3956.0,2026-03-05 10:33:00.000 +0530
XXXX077X4188,6555.0,2026-03-05 10:33:00.000 +0530
XXXX077X4218,3811.0,2026-03-05 10:33:00.000 +0530
XXXX077X4255,3063.0,2026-03-05 10:33:00.000 +0530
XXXX077X4342,6064.0,2026-03-05 10:33:00.000 +0530
XXXX077X4418,3267.0,2026-03-05 10:33:00.000 +0530
XXXX077X4430,3583.0,2026-03-05 10:33:00.000 +0530
XXXX077X4432,3776.0,2026-03-05 10:33:00.000 +0530
XXXX077X4444,3282.0,2026-03-05 10:33:00.000 +0530
XXXX077X4445,2718.0,2026-03-05 10:33:00.000 +0530
XXXX077X4451,3403.0,2026-03-05 10:33:00.000 +0530
XXXX077X4456,3132.0,2026-03-05 10:33:00.000 +0530
XXXX077X4458,3384.0,2026-03-05 10:33:00.000 +0530
XXXX077X4491,2723.0,2026-03-05 10:33:00.000 +0530
XXXX077X4537,2896.0,2026-03-05 10:33:00.000 +0530
XXXX077X4567,3843.0,2026-03-05 10:33:00.000 +0530
XXXX077X4590,7218.0,2026-03-05 10:33:00.000 +0530
XXXX077X4667,6028.0,2026-03-05 10:33:00.000 +0530
XXXX077X4690,4202.0,2026-03-05 10:33:00.000 +0530
XXXX077X4725,2154.0,2026-03-05 10:33:00.000 +0530
XXXX077X4744,4933.0,2026-03-05 10:33:00.000 +0530
XXXX077X4861,3657.0,2026-03-05 10:33:00.000 +0530
XXXX077X4945,3709.0,2026-03-05 10:33:00.000 +0530
XXXX077X4949,3795.0,2026-03-05 10:33:00.000 +0530
XXXX077X4983,7586.0,2026-03-05 10:33:00.000 +0530
XXXX077X5027,6467.0,2026-03-05 10:33:00.000 +0530
XXXX077X5054,3242.0,2026-03-05 10:33:00.000 +0530
XXXX077X5057,3170.0,2026-03-05 10:33:00.000 +0530
XXXX077X5106,6835.0,2026-03-05 10:33:00.000 +0530
XXXX077X5137,3875.0,2026-03-05 10:33:00.000 +0530
XXXX077X5140,3265.0,2026-03-05 10:33:00.000 +0530
XXXX077X5144,3292.0,2026-03-05 10:33:00.000 +0530
XXXX077X5157,4617.0,2026-03-05 10:33:00.000 +0530
XXXX077X5161,4388.0,2026-03-05 10:33:00.000 +0530
XXXX077X5171,2801.0,2026-03-05 10:33:00.000 +0530
XXXX077X5203,3227.0,2026-03-05 10:33:00.000 +0530
XXXX077X5348,4801.0,2026-03-05 10:33:00.000 +0530
XXXX077X5353,5027.0,2026-03-05 10:33:00.000 +0530
XXXX077X5368,3529.0,2026-03-05 10:33:00.000 +0530
XXXX077X5386,5406.0,2026-03-05 10:33:00.000 +0530
XXXX077X5412,8777.0,2026-03-05 10:33:00.000 +0530
XXXX077X5490,3453.0,2026-03-05 10:33:00.000 +0530
XXXX077X5500,3353.0,2026-03-05 10:33:00.000 +0530
XXXX077X5531,3472.0,2026-03-05 10:33:00.000 +0530
XXXX077X5582,4809.0,2026-03-05 10:33:00.000 +0530
XXXX077X5620,4535.0,2026-03-05 10:33:00.000 +0530
XXXX077X5634,4676.0,2026-03-05 10:33:00.000 +0530
XXXX077X5682,3159.0,2026-03-05 10:33:00.000 +0530
XXXX077X5728,3198.0,2026-03-05 10:33:00.000 +0530
XXXX077X5742,2704.0,2026-03-05 10:33:00.000 +0530
XXXX077X5817,3483.0,2026-03-05 10:33:00.000 +0530
XXXX077X5858,2725.0,2026-03-05 10:33:00.000 +0530
XXXX077X5863,4584.0,2026-03-05 10:33:00.000 +0530
XXXX077X5909,3796.0,2026-03-05 10:33:00.000 +0530
XXXX077X5916,3617.0,2026-03-05 10:33:00.000 +0530
XXXX077X6025,3320.0,2026-03-05 10:33:00.000 +0530
XXXX077X6044,2647.0,2026-03-05 10:33:00.000 +0530
XXXX077X6056,3321.0,2026-03-05 10:33:00.000 +0530
XXXX077X6059,3056.0,2026-03-05 10:33:00.000 +0530
XXXX077X6069,3040.0,2026-03-05 10:33:00.000 +0530
XXXX077X6082,2588.0,2026-03-05 10:33:00.000 +0530
XXXX077X6117,3348.0,2026-03-05 10:33:00.000 +0530
XXXX077X6130,2855.0,2026-03-05 10:33:00.000 +0530
XXXX077X6168,3014.0,2026-03-05 10:33:00.000 +0530
XXXX077X6213,4176.0,2026-03-05 10:33:00.000 +0530
XXXX077X6219,3588.0,2026-03-05 10:33:00.000 +0530
XXXX077X6266,3943.0,2026-03-05 10:33:00.000 +0530
XXXX077X6277,2838.0,2026-03-05 10:33:00.000 +0530
XXXX077X6281,3034.0,2026-03-05 10:33:00.000 +0530
XXXX077X6299,3685.0,2026-03-05 10:33:00.000 +0530
XXXX077X6306,3170.0,2026-03-05 10:33:00.000 +0530
XXXX077X6310,3858.0,2026-03-05 10:33:00.000 +0530
XXXX077X6314,3391.0,2026-03-05 10:33:00.000 +0530
XXXX077X6344,5711.0,2026-03-05 10:33:00.000 +0530
XXXX077X6381,7230.0,2026-03-05 10:33:00.000 +0530
XXXX077X6452,3514.0,2026-03-05 10:33:00.000 +0530
XXXX077X6455,4472.0,2026-03-05 10:33:00.000 +0530
XXXX077X6548,3242.0,2026-03-05 10:33:00.000 +0530
XXXX077X6550,3229.0,2026-03-05 10:33:00.000 +0530
XXXX077X6574,2617.0,2026-03-05 10:33:00.000 +0530
XXXX077X6616,3498.0,2026-03-05 10:33:00.000 +0530
XXXX077X6619,4752.0,2026-03-05 10:33:00.000 +0530
XXXX077X6626,4750.0,2026-03-05 10:33:00.000 +0530
XXXX077X6714,3587.0,2026-03-05 10:33:00.000 +0530
XXXX077X6808,5962.0,2026-03-05 10:33:00.000 +0530
XXXX077X6825,3581.0,2026-03-05 10:33:00.000 +0530
XXXX077X6846,3631.0,2026-03-05 10:33:00.000 +0530
XXXX077X6860,4747.0,2026-03-05 10:33:00.000 +0530
XXXX077X6889,4624.0,2026-03-05 10:33:00.000 +0530
XXXX077X6890,3665.0,2026-03-05 10:33:00.000 +0530
XXXX077X6931,3786.0,2026-03-05 10:33:00.000 +0530
XXXX077X6960,3841.0,2026-03-05 10:33:00.000 +0530
XXXX077X6971,3768.0,2026-03-05 10:33:00.000 +0530
XXXX077X6972,3654.0,2026-03-05 10:33:00.000 +0530
XXXX077X7115,4882.0,2026-03-05 10:33:00.000 +0530
XXXX077X7159,3266.0,2026-03-05 10:33:00.000 +0530
XXXX077X7193,2818.0,2026-03-05 10:33:00.000 +0530
XXXX077X7196,3541.0,2026-03-05 10:33:00.000 +0530
XXXX077X7203,4180.0,2026-03-05 10:33:00.000 +0530
XXXX077X7249,3839.0,2026-03-05 10:33:00.000 +0530
XXXX077X7358,3819.0,2026-03-05 10:33:00.000 +0530
XXXX077X7400,4404.0,2026-03-05 10:33:00.000 +0530
XXXX077X7452,3468.0,2026-03-05 10:33:00.000 +0530
XXXX077X7491,3635.0,2026-03-05 10:33:00.000 +0530
XXXX077X7517,3590.0,2026-03-05 10:33:00.000 +0530
XXXX077X7555,3792.0,2026-03-05 10:33:00.000 +0530
XXXX077X7620,4695.0,2026-03-05 10:33:00.000 +0530
XXXX077X7639,3120.0,2026-03-05 10:33:00.000 +0530
XXXX077X7641,4008.0,2026-03-05 10:33:00.000 +0530
XXXX077X7682,3113.0,2026-03-05 10:33:00.000 +0530
XXXX077X7719,3793.0,2026-03-05 10:33:00.000 +0530
XXXX077X7771,3502.0,2026-03-05 10:33:00.000 +0530
XXXX077X7794,3649.0,2026-03-05 10:33:00.000 +0530
XXXX077X7814,6555.0,2026-03-05 10:33:00.000 +0530
XXXX077X7818,2910.0,2026-03-05 10:33:00.000 +0530
XXXX077X7832,5061.0,2026-03-05 10:33:00.000 +0530
XXXX077X7852,3265.0,2026-03-05 10:33:00.000 +0530
XXXX077X7869,3086.0,2026-03-05 10:33:00.000 +0530
XXXX077X7883,4359.0,2026-03-05 10:33:00.000 +0530
XXXX077X7893,3963.0,2026-03-05 10:33:00.000 +0530
XXXX077X7900,2746.0,2026-03-05 10:33:00.000 +0530
XXXX077X7936,3459.0,2026-03-05 10:33:00.000 +0530
XXXX077X7947,3071.0,2026-03-05 10:33:00.000 +0530
XXXX077X7954,3116.0,2026-03-05 10:33:00.000 +0530
XXXX077X7957,4316.0,2026-03-05 10:33:00.000 +0530
XXXX077X7971,4669.0,2026-03-05 10:33:00.000 +0530
XXXX077X8001,3670.0,2026-03-05 10:33:00.000 +0530
XXXX077X8025,5654.0,2026-03-05 10:33:00.000 +0530
XXXX077X8081,8051.0,2026-03-05 10:33:00.000 +0530
XXXX077X8114,3113.0,2026-03-05 10:33:00.000 +0530
XXXX077X8135,4673.0,2026-03-05 10:33:00.000 +0530
XXXX077X8136,4373.0,2026-03-05 10:33:00.000 +0530
XXXX077X8186,3330.0,2026-03-05 10:33:00.000 +0530
XXXX077X8271,3259.0,2026-03-05 10:33:00.000 +0530
XXXX077X8292,3054.0,2026-03-05 10:33:00.000 +0530
XXXX077X8319,4363.0,2026-03-05 10:33:00.000 +0530
XXXX077X8327,2633.0,2026-03-05 10:33:00.000 +0530
XXXX077X8358,3567.0,2026-03-05 10:33:00.000 +0530
XXXX077X8377,5188.0,2026-03-05 10:33:00.000 +0530
XXXX077X8388,4471.0,2026-03-05 10:33:00.000 +0530
XXXX077X8402,3803.0,2026-03-05 10:33:00.000 +0530
XXXX077X8431,3936.0,2026-03-05 10:33:00.000 +0530
XXXX077X8496,3922.0,2026-03-05 10:33:00.000 +0530
XXXX077X8501,3278.0,2026-03-05 10:33:00.000 +0530
XXXX077X8502,3165.0,2026-03-05 10:33:00.000 +0530
XXXX077X8532,3943.0,2026-03-05 10:33:00.000 +0530
XXXX077X8540,4363.0,2026-03-05 10:33:00.000 +0530
XXXX077X8578,3441.0,2026-03-05 10:33:00.000 +0530
XXXX077X8579,3618.0,2026-03-05 10:33:00.000 +0530
XXXX077X8584,4207.0,2026-03-05 10:33:00.000 +0530
XXXX077X8595,3152.0,2026-03-05 10:33:00.000 +0530
XXXX077X8634,3345.0,2026-03-05 10:33:00.000 +0530
XXXX077X8651,2815.0,2026-03-05 10:33:00.000 +0530
XXXX077X8708,2372.0,2026-03-05 10:33:00.000 +0530
XXXX077X8751,5909.0,2026-03-05 10:33:00.000 +0530
XXXX077X8765,3969.0,2026-03-05 10:33:00.000 +0530
XXXX077X8768,4996.0,2026-03-05 10:33:00.000 +0530
XXXX077X8796,3888.0,2026-03-05 10:33:00.000 +0530
XXXX077X8803,3343.0,2026-03-05 10:33:00.000 +0530
XXXX077X8817,3498.0,2026-03-05 10:33:00.000 +0530
XXXX077X8850,4363.0,2026-03-05 10:33:00.000 +0530
XXXX077X8932,3927.0,2026-03-05 10:33:00.000 +0530
XXXX077X8992,4265.0,2026-03-05 10:33:00.000 +0530
XXXX077X8995,3238.0,2026-03-05 10:33:00.000 +0530
XXXX077X9018,3353.0,2026-03-05 10:33:00.000 +0530
XXXX077X9023,2914.0,2026-03-05 10:33:00.000 +0530
XXXX077X9044,3443.0,2026-03-05 10:33:00.000 +0530
XXXX077X9078,5679.0,2026-03-05 10:33:00.000 +0530
XXXX077X9087,3689.0,2026-03-05 10:33:00.000 +0530
XXXX077X9122,5003.0,2026-03-05 10:33:00.000 +0530
XXXX077X9150,4628.0,2026-03-05 10:33:00.000 +0530
XXXX077X9152,3559.0,2026-03-05 10:33:00.000 +0530
XXXX077X9162,2849.0,2026-03-05 10:33:00.000 +0530
XXXX077X9193,2957.0,2026-03-05 10:33:00.000 +0530
XXXX077X9198,3391.0,2026-03-05 10:33:00.000 +0530
XXXX077X9204,3816.0,2026-03-05 10:33:00.000 +0530
XXXX077X9209,3269.0,2026-03-05 10:33:00.000 +0530
XXXX077X9251,6547.0,2026-03-05 10:33:00.000 +0530
XXXX077X9276,4473.0,2026-03-05 10:33:00.000 +0530
XXXX077X9277,4358.0,2026-03-05 10:33:00.000 +0530
XXXX077X9395,4860.0,2026-03-05 10:33:00.000 +0530
XXXX077X9436,3097.0,2026-03-05 10:33:00.000 +0530
XXXX077X9471,4628.0,2026-03-05 10:33:00.000 +0530
XXXX077X9477,3796.0,2026-03-05 10:33:00.000 +0530
XXXX077X9482,4062.0,2026-03-05 10:33:00.000 +0530
XXXX077X9498,4033.0,2026-03-05 10:33:00.000 +0530
XXXX077X9571,6255.0,2026-03-05 10:33:00.000 +0530
XXXX077X9598,3614.0,2026-03-05 10:33:00.000 +0530
XXXX077X9617,3632.0,2026-03-05 10:33:00.000 +0530
XXXX077X9649,4363.0,2026-03-05 10:33:00.000 +0530
XXXX077X9661,3120.0,2026-03-05 10:33:00.000 +0530
XXXX077X9674,4565.0,2026-03-05 10:33:00.000 +0530
XXXX077X9698,3237.0,2026-03-05 10:33:00.000 +0530
XXXX077X9730,3360.0,2026-03-05 10:33:00.000 +0530
XXXX077X9740,2910.0,2026-03-05 10:33:00.000 +0530
XXXX077X9754,5671.0,2026-03-05 10:33:00.000 +0530
XXXX077X9760,4176.0,2026-03-05 10:33:00.000 +0530
XXXX077X9788,2705.0,2026-03-05 10:33:00.000 +0530
XXXX077X9865,3003.0,2026-03-05 10:33:00.000 +0530
XXXX077X9926,3320.0,2026-03-05 10:33:00.000 +0530
XXXX078X0035,3995.0,2026-03-05 10:33:00.000 +0530
XXXX078X0049,3883.0,2026-03-05 10:33:00.000 +0530
XXXX078X0051,3819.0,2026-03-05 10:33:00.000 +0530
XXXX078X0109,3819.0,2026-03-05 10:33:00.000 +0530
XXXX078X0122,3635.0,2026-03-05 10:33:00.000 +0530
XXXX078X0132,4512.0,2026-03-05 10:33:00.000 +0530
XXXX078X0199,4368.0,2026-03-05 10:33:00.000 +0530
XXXX078X0214,3938.0,2026-03-05 10:33:00.000 +0530
XXXX078X0266,4008.0,2026-03-05 10:33:00.000 +0530
XXXX078X0268,3259.0,2026-03-05 10:33:00.000 +0530
XXXX078X0327,5446.0,2026-03-05 10:33:00.000 +0530
XXXX078X0331,3379.0,2026-03-05 10:33:00.000 +0530
XXXX078X0344,3631.0,2026-03-05 10:33:00.000 +0530
XXXX078X0351,3725.0,2026-03-05 10:33:00.000 +0530
XXXX078X0355,3603.0,2026-03-05 10:33:00.000 +0530
XXXX078X0364,3502.0,2026-03-05 10:33:00.000 +0530
XXXX078X0393,2826.0,2026-03-05 10:33:00.000 +0530
XXXX078X0401,3901.0,2026-03-05 10:33:00.000 +0530
XXXX078X0418,5136.0,2026-03-05 10:33:00.000 +0530
XXXX078X0431,7727.0,2026-03-05 10:33:00.000 +0530
XXXX078X0435,3674.0,2026-03-05 10:33:00.000 +0530
XXXX078X0479,4451.0,2026-03-05 10:33:00.000 +0530
XXXX078X0494,3278.0,2026-03-05 10:33:00.000 +0530
XXXX078X0531,4203.0,2026-03-05 10:33:00.000 +0530
XXXX078X0562,4686.0,2026-03-05 10:33:00.000 +0530
XXXX078X0567,3202.0,2026-03-05 10:33:00.000 +0530
XXXX078X0570,4316.0,2026-03-05 10:33:00.000 +0530
XXXX078X0609,3655.0,2026-03-05 10:33:00.000 +0530
XXXX078X0659,3870.0,2026-03-05 10:33:00.000 +0530
XXXX078X0683,3819.0,2026-03-05 10:33:00.000 +0530
XXXX078X0706,4664.0,2026-03-05 10:33:00.000 +0530
XXXX078X0725,3476.0,2026-03-05 10:33:00.000 +0530
XXXX078X0744,4101.0,2026-03-05 10:33:00.000 +0530
XXXX078X0760,4384.0,2026-03-05 10:33:00.000 +0530
XXXX078X0764,4877.0,2026-03-05 10:33:00.000 +0530
XXXX078X0777,5201.0,2026-03-05 10:33:00.000 +0530
XXXX078X0821,3007.0,2026-03-05 10:33:00.000 +0530
XXXX078X0825,3479.0,2026-03-05 10:33:00.000 +0530
XXXX078X0898,2334.0,2026-03-05 10:33:00.000 +0530
XXXX078X0916,2787.0,2026-03-05 10:33:00.000 +0530
XXXX078X0935,3408.0,2026-03-05 10:33:00.000 +0530
XXXX078X0949,3456.0,2026-03-05 10:33:00.000 +0530
XXXX078X0961,3174.0,2026-03-05 10:33:00.000 +0530
XXXX078X0967,3270.0,2026-03-05 10:33:00.000 +0530
XXXX078X1014,3809.0,2026-03-05 10:33:00.000 +0530
XXXX078X1026,5716.0,2026-03-05 10:33:00.000 +0530
XXXX078X1070,4316.0,2026-03-05 10:33:00.000 +0530
XXXX078X1072,2647.0,2026-03-05 10:33:00.000 +0530
XXXX078X1092,4980.0,2026-03-05 10:33:00.000 +0530
XXXX078X1106,2816.0,2026-03-05 10:33:00.000 +0530
XXXX078X1167,3819.0,2026-03-05 10:33:00.000 +0530
XXXX078X1327,4499.0,2026-03-05 10:33:00.000 +0530
XXXX078X1355,3951.0,2026-03-05 10:33:00.000 +0530
XXXX078X1379,3923.0,2026-03-05 10:33:00.000 +0530
XXXX078X1425,3796.0,2026-03-05 10:33:00.000 +0530
XXXX078X1453,4069.0,2026-03-05 10:33:00.000 +0530
XXXX078X1459,2677.0,2026-03-05 10:33:00.000 +0530
XXXX078X1476,3693.0,2026-03-05 10:33:00.000 +0530
XXXX078X1479,3517.0,2026-03-05 10:33:00.000 +0530
XXXX078X1484,4888.0,2026-03-05 10:33:00.000 +0530
XXXX078X1517,5570.0,2026-03-05 10:33:00.000 +0530
XXXX078X1521,4324.0,2026-03-05 10:33:00.000 +0530
XXXX078X1544,7165.0,2026-03-05 10:33:00.000 +0530
XXXX078X1587,3033.0,2026-03-05 10:33:00.000 +0530
XXXX078X1617,3025.0,2026-03-05 10:33:00.000 +0530
XXXX078X1648,3422.0,2026-03-05 10:33:00.000 +0530
XXXX078X1715,3920.0,2026-03-05 10:33:00.000 +0530
XXXX078X1718,3460.0,2026-03-05 10:33:00.000 +0530
XXXX078X1783,4098.0,2026-03-05 10:33:00.000 +0530
XXXX078X1800,3727.0,2026-03-05 10:33:00.000 +0530
XXXX078X1813,4404.0,2026-03-05 10:33:00.000 +0530
XXXX078X1852,3269.0,2026-03-05 10:33:00.000 +0530
XXXX078X1877,4111.0,2026-03-05 10:33:00.000 +0530
XXXX078X1971,3476.0,2026-03-05 10:33:00.000 +0530
XXXX078X2070,3199.0,2026-03-05 10:33:00.000 +0530
XXXX078X2081,3692.0,2026-03-05 10:33:00.000 +0530
XXXX078X2090,4036.0,2026-03-05 10:33:00.000 +0530
XXXX078X2129,3755.0,2026-03-05 10:33:00.000 +0530
XXXX078X2140,4254.0,2026-03-05 10:33:00.000 +0530
XXXX078X2162,3622.0,2026-03-05 10:33:00.000 +0530
XXXX078X2196,3731.0,2026-03-05 10:33:00.000 +0530
XXXX078X2213,2957.0,2026-03-05 10:33:00.000 +0530
XXXX078X2225,4503.0,2026-03-05 10:33:00.000 +0530
XXXX078X2234,3617.0,2026-03-05 10:33:00.000 +0530
XXXX078X2238,3351.0,2026-03-05 10:33:00.000 +0530
XXXX078X2242,4625.0,2026-03-05 10:33:00.000 +0530
XXXX078X2269,3035.0,2026-03-05 10:33:00.000 +0530
XXXX078X2319,3054.0,2026-03-05 10:33:00.000 +0530
XXXX078X2419,4097.0,2026-03-05 10:33:00.000 +0530
XXXX078X2476,3748.0,2026-03-05 10:33:00.000 +0530
XXXX078X2496,3181.0,2026-03-05 10:33:00.000 +0530
XXXX078X2501,3541.0,2026-03-05 10:33:00.000 +0530
XXXX078X2505,4430.0,2026-03-05 10:33:00.000 +0530
XXXX078X2548,3494.0,2026-03-05 10:33:00.000 +0530
XXXX078X2555,3418.0,2026-03-05 10:33:00.000 +0530
XXXX078X2562,2902.0,2026-03-05 10:33:00.000 +0530
XXXX078X2586,3797.0,2026-03-05 10:33:00.000 +0530
XXXX078X2607,4347.0,2026-03-05 10:33:00.000 +0530
XXXX078X2609,3390.0,2026-03-05 10:33:00.000 +0530
XXXX078X2652,6786.0,2026-03-05 10:33:00.000 +0530
XXXX078X2692,4270.0,2026-03-05 10:33:00.000 +0530
XXXX078X2696,3437.0,2026-03-05 10:33:00.000 +0530
XXXX078X2734,3819.0,2026-03-05 10:33:00.000 +0530
XXXX078X2758,2849.0,2026-03-05 10:33:00.000 +0530
XXXX078X2767,2973.0,2026-03-05 10:33:00.000 +0530
XXXX078X2777,3132.0,2026-03-05 10:33:00.000 +0530
XXXX078X2827,4988.0,2026-03-05 10:33:00.000 +0530
XXXX078X2860,4067.0,2026-03-05 10:33:00.000 +0530
XXXX078X2906,3517.0,2026-03-05 10:33:00.000 +0530
XXXX078X2963,4517.0,2026-03-05 10:33:00.000 +0530
XXXX078X2969,5423.0,2026-03-05 10:33:00.000 +0530
XXXX078X2995,3777.0,2026-03-05 10:33:00.000 +0530
XXXX078X3010,3138.0,2026-03-05 10:33:00.000 +0530
XXXX078X3029,3186.0,2026-03-05 10:33:00.000 +0530
XXXX078X3054,3055.0,2026-03-05 10:33:00.000 +0530
XXXX078X3077,3272.0,2026-03-05 10:33:00.000 +0530
XXXX078X3110,3809.0,2026-03-05 10:33:00.000 +0530
XXXX078X3120,5655.0,2026-03-05 10:33:00.000 +0530
XXXX078X3128,3839.0,2026-03-05 10:33:00.000 +0530
XXXX078X3137,2719.0,2026-03-05 10:33:00.000 +0530
XXXX078X3157,3351.0,2026-03-05 10:33:00.000 +0530
XXXX078X3161,3064.0,2026-03-05 10:33:00.000 +0530
XXXX078X3173,3476.0,2026-03-05 10:33:00.000 +0530
XXXX078X3195,2581.0,2026-03-05 10:33:00.000 +0530
XXXX078X3231,4347.0,2026-03-05 10:33:00.000 +0530
XXXX078X3248,2910.0,2026-03-05 10:33:00.000 +0530
XXXX078X3255,3840.0,2026-03-05 10:33:00.000 +0530
XXXX078X3257,5113.0,2026-03-05 10:33:00.000 +0530
XXXX078X3261,5337.0,2026-03-05 10:33:00.000 +0530
XXXX078X3271,3434.0,2026-03-05 10:33:00.000 +0530
XXXX078X3278,5102.0,2026-03-05 10:33:00.000 +0530
XXXX078X3308,3139.0,2026-03-05 10:33:00.000 +0530
XXXX078X3316,2910.0,2026-03-05 10:33:00.000 +0530
XXXX078X3318,3633.0,2026-03-05 10:33:00.000 +0530
XXXX078X3353,3207.0,2026-03-05 10:33:00.000 +0530
XXXX078X3367,6725.0,2026-03-05 10:33:00.000 +0530
XXXX078X3378,6012.0,2026-03-05 10:33:00.000 +0530
XXXX078X3380,4820.0,2026-03-05 10:33:00.000 +0530
XXXX078X3424,3571.0,2026-03-05 10:33:00.000 +0530
XXXX078X3539,2658.0,2026-03-05 10:33:00.000 +0530
XXXX078X3585,3943.0,2026-03-05 10:33:00.000 +0530
XXXX078X3690,2844.0,2026-03-05 10:33:00.000 +0530
XXXX078X3720,5188.0,2026-03-05 10:33:00.000 +0530
XXXX078X3721,4056.0,2026-03-05 10:33:00.000 +0530
XXXX078X3725,4410.0,2026-03-05 10:33:00.000 +0530
XXXX078X3740,3626.0,2026-03-05 10:33:00.000 +0530
XXXX078X3757,3135.0,2026-03-05 10:33:00.000 +0530
XXXX078X3780,3389.0,2026-03-05 10:33:00.000 +0530
XXXX078X3798,3862.0,2026-03-05 10:33:00.000 +0530
XXXX078X3805,3579.0,2026-03-05 10:33:00.000 +0530
XXXX078X3881,3100.0,2026-03-05 10:33:00.000 +0530
XXXX078X3886,3372.0,2026-03-05 10:33:00.000 +0530
XXXX078X4028,4137.0,2026-03-05 10:33:00.000 +0530
XXXX078X4045,4539.0,2026-03-05 10:33:00.000 +0530
XXXX078X4059,3796.0,2026-03-05 10:33:00.000 +0530
XXXX078X4078,3399.0,2026-03-05 10:33:00.000 +0530
XXXX078X4082,4254.0,2026-03-05 10:33:00.000 +0530
XXXX078X4174,6977.0,2026-03-05 10:33:00.000 +0530
XXXX078X4196,4213.0,2026-03-05 10:33:00.000 +0530
XXXX078X4227,2909.0,2026-03-05 10:33:00.000 +0530
XXXX078X4256,3093.0,2026-03-05 10:33:00.000 +0530
XXXX078X4286,3250.0,2026-03-05 10:33:00.000 +0530
XXXX078X4316,4652.0,2026-03-05 10:33:00.000 +0530
XXXX078X4337,2146.0,2026-03-05 10:33:00.000 +0530
XXXX078X4357,3264.0,2026-03-05 10:33:00.000 +0530
XXXX078X4368,3229.0,2026-03-05 10:33:00.000 +0530
XXXX078X4372,3934.0,2026-03-05 10:33:00.000 +0530
XXXX078X4378,2509.0,2026-03-05 10:33:00.000 +0530
XXXX078X4386,5180.0,2026-03-05 10:33:00.000 +0530
XXXX078X4390,3326.0,2026-03-05 10:33:00.000 +0530
XXXX078X4439,3578.0,2026-03-05 10:33:00.000 +0530
XXXX078X4494,4295.0,2026-03-05 10:33:00.000 +0530
XXXX078X4500,3338.0,2026-03-05 10:33:00.000 +0530
XXXX078X4515,5188.0,2026-03-05 10:33:00.000 +0530
XXXX078X4539,3598.0,2026-03-05 10:33:00.000 +0530
XXXX078X4596,4310.0,2026-03-05 10:33:00.000 +0530
XXXX078X4605,3528.0,2026-03-05 10:33:00.000 +0530
XXXX078X4607,3731.0,2026-03-05 10:33:00.000 +0530
XXXX078X4627,3917.0,2026-03-05 10:33:00.000 +0530
XXXX078X4675,2599.0,2026-03-05 10:33:00.000 +0530
XXXX078X4688,2919.0,2026-03-05 10:33:00.000 +0530
XXXX078X4712,4781.0,2026-03-05 10:33:00.000 +0530
XXXX078X4730,3353.0,2026-03-05 10:33:00.000 +0530
XXXX078X4780,5075.0,2026-03-05 10:33:00.000 +0530
XXXX078X4805,3208.0,2026-03-05 10:33:00.000 +0530
XXXX078X4808,3880.0,2026-03-05 10:33:00.000 +0530
XXXX078X4821,5442.0,2026-03-05 10:33:00.000 +0530
XXXX078X4855,2980.0,2026-03-05 10:33:00.000 +0530
XXXX078X4867,3334.0,2026-03-05 10:33:00.000 +0530
XXXX078X4897,4071.0,2026-03-05 10:33:00.000 +0530
XXXX078X4915,3640.0,2026-03-05 10:33:00.000 +0530
XXXX078X4938,2948.0,2026-03-05 10:33:00.000 +0530
XXXX078X4941,3127.0,2026-03-05 10:33:00.000 +0530
XXXX078X5049,2826.0,2026-03-05 10:33:00.000 +0530
XXXX078X5079,5188.0,2026-03-05 10:33:00.000 +0530
XXXX078X5086,2865.0,2026-03-05 10:33:00.000 +0530
XXXX078X5111,4179.0,2026-03-05 10:33:00.000 +0530
XXXX078X5114,3384.0,2026-03-05 10:33:00.000 +0530
XXXX078X5140,3166.0,2026-03-05 10:33:00.000 +0530
XXXX078X5169,3362.0,2026-03-05 10:33:00.000 +0530
XXXX078X5178,3323.0,2026-03-05 10:33:00.000 +0530
XXXX078X5236,3110.0,2026-03-05 10:33:00.000 +0530
XXXX078X5242,3360.0,2026-03-05 10:33:00.000 +0530
XXXX078X5296,3265.0,2026-03-05 10:33:00.000 +0530
XXXX078X5303,3552.0,2026-03-05 10:33:00.000 +0530
XXXX078X5331,3017.0,2026-03-05 10:33:00.000 +0530
XXXX078X5367,4122.0,2026-03-05 10:33:00.000 +0530
XXXX078X5392,3819.0,2026-03-05 10:33:00.000 +0530
XXXX078X5399,3700.0,2026-03-05 10:33:00.000 +0530
XXXX078X5402,3468.0,2026-03-05 10:33:00.000 +0530
XXXX078X5433,5390.0,2026-03-05 10:33:00.000 +0530
XXXX078X5469,4296.0,2026-03-05 10:33:00.000 +0530
XXXX078X5487,5162.0,2026-03-05 10:33:00.000 +0530
XXXX078X5513,3117.0,2026-03-05 10:33:00.000 +0530
XXXX078X5531,4363.0,2026-03-05 10:33:00.000 +0530
XXXX078X5534,3704.0,2026-03-05 10:33:00.000 +0530
XXXX078X5558,3285.0,2026-03-05 10:33:00.000 +0530
XXXX078X5574,4307.0,2026-03-05 10:33:00.000 +0530
XXXX078X5611,4845.0,2026-03-05 10:33:00.000 +0530
XXXX078X5673,4011.0,2026-03-05 10:33:00.000 +0530
XXXX078X5685,3320.0,2026-03-05 10:33:00.000 +0530
XXXX078X5709,3968.0,2026-03-05 10:33:00.000 +0530
XXXX078X5732,3504.0,2026-03-05 10:33:00.000 +0530
XXXX078X5742,3665.0,2026-03-05 10:33:00.000 +0530
XXXX078X5786,3461.0,2026-03-05 10:33:00.000 +0530
XXXX078X5803,3679.0,2026-03-05 10:33:00.000 +0530
XXXX078X5821,2788.0,2026-03-05 10:33:00.000 +0530
XXXX078X5831,4856.0,2026-03-05 10:33:00.000 +0530
XXXX078X5855,3709.0,2026-03-05 10:33:00.000 +0530
XXXX078X5921,4574.0,2026-03-05 10:33:00.000 +0530
XXXX078X5922,3217.0,2026-03-05 10:33:00.000 +0530
XXXX078X5937,3779.0,2026-03-05 10:33:00.000 +0530
XXXX078X5938,5550.0,2026-03-05 10:33:00.000 +0530
XXXX078X5939,5372.0,2026-03-05 10:33:00.000 +0530
XXXX078X5982,2750.0,2026-03-05 10:33:00.000 +0530
XXXX078X5983,3525.0,2026-03-05 10:33:00.000 +0530
XXXX078X6026,3124.0,2026-03-05 10:33:00.000 +0530
XXXX078X6028,3751.0,2026-03-05 10:33:00.000 +0530
XXXX078X6062,4724.0,2026-03-05 10:33:00.000 +0530
XXXX078X6084,3285.0,2026-03-05 10:33:00.000 +0530
XXXX078X6087,3074.0,2026-03-05 10:33:00.000 +0530
XXXX078X6121,4280.0,2026-03-05 10:33:00.000 +0530
XXXX078X6152,4957.0,2026-03-05 10:33:00.000 +0530
XXXX078X6153,4495.0,2026-03-05 10:33:00.000 +0530
XXXX078X6197,4877.0,2026-03-05 10:33:00.000 +0530
XXXX078X6214,3391.0,2026-03-05 10:33:00.000 +0530
XXXX078X6224,3464.0,2026-03-05 10:33:00.000 +0530
XXXX078X6229,4736.0,2026-03-05 10:33:00.000 +0530
XXXX078X6239,4192.0,2026-03-05 10:33:00.000 +0530
XXXX078X6243,2957.0,2026-03-05 10:33:00.000 +0530
XXXX078X6267,3998.0,2026-03-05 10:33:00.000 +0530
XXXX078X6276,5820.0,2026-03-05 10:33:00.000 +0530
XXXX078X6281,3744.0,2026-03-05 10:33:00.000 +0530
XXXX078X6297,3170.0,2026-03-05 10:33:00.000 +0530
XXXX078X6354,3229.0,2026-03-05 10:33:00.000 +0530
XXXX078X6387,4156.0,2026-03-05 10:33:00.000 +0530
XXXX078X6394,3102.0,2026-03-05 10:33:00.000 +0530
XXXX078X6411,3819.0,2026-03-05 10:33:00.000 +0530
XXXX078X6412,3554.0,2026-03-05 10:33:00.000 +0530
XXXX078X6445,3482.0,2026-03-05 10:33:00.000 +0530
XXXX078X6456,3819.0,2026-03-05 10:33:00.000 +0530
XXXX078X6483,4509.0,2026-03-05 10:33:00.000 +0530
XXXX078X6500,3217.0,2026-03-05 10:33:00.000 +0530
XXXX078X6515,2863.0,2026-03-05 10:33:00.000 +0530
XXXX078X6534,4742.0,2026-03-05 10:33:00.000 +0530
XXXX078X6565,3834.0,2026-03-05 10:33:00.000 +0530
XXXX078X6568,3403.0,2026-03-05 10:33:00.000 +0530
XXXX078X6586,4347.0,2026-03-05 10:33:00.000 +0530
XXXX078X6614,4150.0,2026-03-05 10:33:00.000 +0530
XXXX078X6647,3666.0,2026-03-05 10:33:00.000 +0530
XXXX078X6656,2780.0,2026-03-05 10:33:00.000 +0530
XXXX078X6737,3916.0,2026-03-05 10:33:00.000 +0530
XXXX078X6747,3642.0,2026-03-05 10:33:00.000 +0530
XXXX078X6798,3216.0,2026-03-05 10:33:00.000 +0530
XXXX078X6806,5136.0,2026-03-05 10:33:00.000 +0530
XXXX078X6895,3323.0,2026-03-05 10:33:00.000 +0530
XXXX078X6912,3682.0,2026-03-05 10:33:00.000 +0530
XXXX078X6920,4048.0,2026-03-05 10:33:00.000 +0530
XXXX078X6925,3246.0,2026-03-05 10:33:00.000 +0530
XXXX078X6973,3422.0,2026-03-05 10:33:00.000 +0530
XXXX078X6975,3965.0,2026-03-05 10:33:00.000 +0530
XXXX078X7024,3334.0,2026-03-05 10:33:00.000 +0530
XXXX078X7036,3815.0,2026-03-05 10:33:00.000 +0530
XXXX078X7045,2509.0,2026-03-05 10:33:00.000 +0530
XXXX078X7049,4527.0,2026-03-05 10:33:00.000 +0530
XXXX078X7052,3925.0,2026-03-05 10:33:00.000 +0530
XXXX078X7082,3567.0,2026-03-05 10:33:00.000 +0530
XXXX078X7115,2864.0,2026-03-05 10:33:00.000 +0530
XXXX078X7150,4373.0,2026-03-05 10:33:00.000 +0530
XXXX078X7173,3598.0,2026-03-05 10:33:00.000 +0530
XXXX078X7204,3223.0,2026-03-05 10:33:00.000 +0530
XXXX078X7259,4742.0,2026-03-05 10:33:00.000 +0530
XXXX078X7260,2976.0,2026-03-05 10:33:00.000 +0530
XXXX078X7266,2559.0,2026-03-05 10:33:00.000 +0530
XXXX078X7300,3486.0,2026-03-05 10:33:00.000 +0530
XXXX078X7317,4756.0,2026-03-05 10:33:00.000 +0530
XXXX078X7382,3639.0,2026-03-05 10:33:00.000 +0530
XXXX078X7428,3381.0,2026-03-05 10:33:00.000 +0530
XXXX078X7435,2645.0,2026-03-05 10:33:00.000 +0530
XXXX078X7447,2784.0,2026-03-05 10:33:00.000 +0530
XXXX078X7539,3602.0,2026-03-05 10:33:00.000 +0530
XXXX078X7542,3397.0,2026-03-05 10:33:00.000 +0530
XXXX078X7552,3886.0,2026-03-05 10:33:00.000 +0530
XXXX078X7569,4050.0,2026-03-05 10:33:00.000 +0530
XXXX078X7570,4320.0,2026-03-05 10:33:00.000 +0530
XXXX078X7571,4109.0,2026-03-05 10:33:00.000 +0530
XXXX078X7601,3739.0,2026-03-05 10:33:00.000 +0530
XXXX078X7612,4620.0,2026-03-05 10:33:00.000 +0530
XXXX078X7616,3944.0,2026-03-05 10:33:00.000 +0530
XXXX078X7698,3135.0,2026-03-05 10:33:00.000 +0530
XXXX078X7772,3391.0,2026-03-05 10:33:00.000 +0530
XXXX078X7786,2228.0,2026-03-05 10:33:00.000 +0530
XXXX078X7800,4018.0,2026-03-05 10:33:00.000 +0530
XXXX078X7810,3541.0,2026-03-05 10:33:00.000 +0530
XXXX078X7827,3764.0,2026-03-05 10:33:00.000 +0530
XXXX078X7843,4080.0,2026-03-05 10:33:00.000 +0530
XXXX078X7852,3410.0,2026-03-05 10:33:00.000 +0530
XXXX078X7989,3029.0,2026-03-05 10:33:00.000 +0530
XXXX078X8016,3643.0,2026-03-05 10:33:00.000 +0530
XXXX078X8047,3597.0,2026-03-05 10:33:00.000 +0530
XXXX078X8076,3142.0,2026-03-05 10:33:00.000 +0530
XXXX078X8087,3498.0,2026-03-05 10:33:00.000 +0530
XXXX078X8090,4980.0,2026-03-05 10:33:00.000 +0530
XXXX078X8093,3975.0,2026-03-05 10:33:00.000 +0530
XXXX078X8106,2780.0,2026-03-05 10:33:00.000 +0530
XXXX078X8118,5224.0,2026-03-05 10:33:00.000 +0530
XXXX078X8190,3803.0,2026-03-05 10:33:00.000 +0530
XXXX078X8209,4550.0,2026-03-05 10:33:00.000 +0530
XXXX078X8215,4031.0,2026-03-05 10:33:00.000 +0530
XXXX078X8216,4521.0,2026-03-05 10:33:00.000 +0530
XXXX078X8267,5447.0,2026-03-05 10:33:00.000 +0530
XXXX078X8323,3242.0,2026-03-05 10:33:00.000 +0530
XXXX078X8329,3944.0,2026-03-05 10:33:00.000 +0530
XXXX078X8445,3709.0,2026-03-05 10:33:00.000 +0530
XXXX078X8460,4014.0,2026-03-05 10:33:00.000 +0530
XXXX078X8475,3177.0,2026-03-05 10:33:00.000 +0530
XXXX078X8492,3804.0,2026-03-05 10:33:00.000 +0530
XXXX078X8572,4435.0,2026-03-05 10:33:00.000 +0530
XXXX078X8580,3395.0,2026-03-05 10:33:00.000 +0530
XXXX078X8609,5172.0,2026-03-05 10:33:00.000 +0530
XXXX078X8619,3498.0,2026-03-05 10:33:00.000 +0530
XXXX078X8627,3949.0,2026-03-05 10:33:00.000 +0530
XXXX078X8659,3036.0,2026-03-05 10:33:00.000 +0530
XXXX078X8677,4270.0,2026-03-05 10:33:00.000 +0530
XXXX078X8680,3391.0,2026-03-05 10:33:00.000 +0530
XXXX078X8740,3189.0,2026-03-05 10:33:00.000 +0530
XXXX078X8772,5224.0,2026-03-05 10:33:00.000 +0530
XXXX078X8785,4140.0,2026-03-05 10:33:00.000 +0530
XXXX078X8792,3131.0,2026-03-05 10:33:00.000 +0530
XXXX078X8834,6676.0,2026-03-05 10:33:00.000 +0530
XXXX078X8884,4410.0,2026-03-05 10:33:00.000 +0530
XXXX078X8941,3436.0,2026-03-05 10:33:00.000 +0530
XXXX078X8947,4770.0,2026-03-05 10:33:00.000 +0530
XXXX078X8969,3673.0,2026-03-05 10:33:00.000 +0530
XXXX078X8992,2775.0,2026-03-05 10:33:00.000 +0530
XXXX078X9016,4173.0,2026-03-05 10:33:00.000 +0530
XXXX078X9069,4669.0,2026-03-05 10:33:00.000 +0530
XXXX078X9072,3014.0,2026-03-05 10:33:00.000 +0530
XXXX078X9121,3364.0,2026-03-05 10:33:00.000 +0530
XXXX078X9127,3403.0,2026-03-05 10:33:00.000 +0530
XXXX078X9134,3606.0,2026-03-05 10:33:00.000 +0530
XXXX078X9152,4121.0,2026-03-05 10:33:00.000 +0530
XXXX078X9170,3865.0,2026-03-05 10:33:00.000 +0530
XXXX078X9189,3147.0,2026-03-05 10:33:00.000 +0530
XXXX078X9201,3074.0,2026-03-05 10:33:00.000 +0530
XXXX078X9218,2976.0,2026-03-05 10:33:00.000 +0530
XXXX078X9273,4462.0,2026-03-05 10:33:00.000 +0530
XXXX078X9285,3455.0,2026-03-05 10:33:00.000 +0530
XXXX078X9336,4342.0,2026-03-05 10:33:00.000 +0530
XXXX078X9350,3475.0,2026-03-05 10:33:00.000 +0530
XXXX078X9415,6292.0,2026-03-05 10:33:00.000 +0530
XXXX078X9417,4419.0,2026-03-05 10:33:00.000 +0530
XXXX078X9462,3524.0,2026-03-05 10:33:00.000 +0530
XXXX078X9464,3211.0,2026-03-05 10:33:00.000 +0530
XXXX078X9478,4098.0,2026-03-05 10:33:00.000 +0530
XXXX078X9485,3756.0,2026-03-05 10:33:00.000 +0530
XXXX078X9501,3055.0,2026-03-05 10:33:00.000 +0530
XXXX078X9556,5385.0,2026-03-05 10:33:00.000 +0530
XXXX078X9573,2103.0,2026-03-05 10:33:00.000 +0530
XXXX078X9596,4456.0,2026-03-05 10:33:00.000 +0530
XXXX078X9623,3626.0,2026-03-05 10:33:00.000 +0530
XXXX078X9691,6598.0,2026-03-05 10:33:00.000 +0530
XXXX078X9707,2811.0,2026-03-05 10:33:00.000 +0530
XXXX078X9743,4047.0,2026-03-05 10:33:00.000 +0530
XXXX078X9751,3494.0,2026-03-05 10:33:00.000 +0530
XXXX078X9835,4507.0,2026-03-05 10:33:00.000 +0530
XXXX078X9836,3517.0,2026-03-05 10:33:00.000 +0530
XXXX078X9850,3165.0,2026-03-05 10:33:00.000 +0530
XXXX078X9884,3424.0,2026-03-05 10:33:00.000 +0530
XXXX078X9893,3866.0,2026-03-05 10:33:00.000 +0530
XXXX078X9930,3195.0,2026-03-05 10:33:00.000 +0530
XXXX078X9932,4689.0,2026-03-05 10:33:00.000 +0530
XXXX078X9938,2788.0,2026-03-05 10:33:00.000 +0530
XXXX078X9994,3948.0,2026-03-05 10:33:00.000 +0530
XXXX079X0052,3781.0,2026-03-05 10:33:00.000 +0530
XXXX079X0119,4198.0,2026-03-05 10:33:00.000 +0530
XXXX079X0127,3466.0,2026-03-05 10:33:00.000 +0530
XXXX079X0131,4332.0,2026-03-05 10:33:00.000 +0530
XXXX079X0170,3995.0,2026-03-05 10:33:00.000 +0530
XXXX079X0171,4205.0,2026-03-05 10:33:00.000 +0530
XXXX079X0183,3164.0,2026-03-05 10:33:00.000 +0530
XXXX079X0195,4094.0,2026-03-05 10:33:00.000 +0530
XXXX079X0219,4769.0,2026-03-05 10:33:00.000 +0530
XXXX079X0250,4311.0,2026-03-05 10:33:00.000 +0530
XXXX079X0263,4513.0,2026-03-05 10:33:00.000 +0530
XXXX079X0281,3270.0,2026-03-05 10:33:00.000 +0530
XXXX079X0291,2662.0,2026-03-05 10:33:00.000 +0530
XXXX079X0306,2957.0,2026-03-05 10:33:00.000 +0530
XXXX079X0316,4076.0,2026-03-05 10:33:00.000 +0530
XXXX079X0356,2635.0,2026-03-05 10:33:00.000 +0530
XXXX079X0363,3162.0,2026-03-05 10:33:00.000 +0530
XXXX079X0394,3883.0,2026-03-05 10:33:00.000 +0530
XXXX079X0436,3609.0,2026-03-05 10:33:00.000 +0530
XXXX079X0482,3143.0,2026-03-05 10:33:00.000 +0530
XXXX079X0544,3015.0,2026-03-05 10:33:00.000 +0530
XXXX079X0561,3308.0,2026-03-05 10:33:00.000 +0530
XXXX079X0599,2461.0,2026-03-05 10:33:00.000 +0530
XXXX079X0647,7348.0,2026-03-05 10:33:00.000 +0530
XXXX079X0661,5395.0,2026-03-05 10:33:00.000 +0530
XXXX079X0743,4320.0,2026-03-05 10:33:00.000 +0530
XXXX079X0763,4980.0,2026-03-05 10:33:00.000 +0530
XXXX079X0804,3669.0,2026-03-05 10:33:00.000 +0530
XXXX079X0830,3601.0,2026-03-05 10:33:00.000 +0530
XXXX079X0832,2765.0,2026-03-05 10:33:00.000 +0530
XXXX079X0848,3502.0,2026-03-05 10:33:00.000 +0530
XXXX079X0903,3819.0,2026-03-05 10:33:00.000 +0530
XXXX079X0916,3242.0,2026-03-05 10:33:00.000 +0530
XXXX079X0969,4332.0,2026-03-05 10:33:00.000 +0530
XXXX079X0988,4264.0,2026-03-05 10:33:00.000 +0530
XXXX079X0990,4295.0,2026-03-05 10:33:00.000 +0530
XXXX079X0996,3982.0,2026-03-05 10:33:00.000 +0530
XXXX079X1023,3819.0,2026-03-05 10:33:00.000 +0530
XXXX079X1027,4049.0,2026-03-05 10:33:00.000 +0530
XXXX079X1057,4363.0,2026-03-05 10:33:00.000 +0530
XXXX079X1092,7763.0,2026-03-05 10:33:00.000 +0530
XXXX079X1108,3054.0,2026-03-05 10:33:00.000 +0530
XXXX079X1142,3357.0,2026-03-05 10:33:00.000 +0530
XXXX079X1162,4949.0,2026-03-05 10:33:00.000 +0530
XXXX079X1170,3246.0,2026-03-05 10:33:00.000 +0530
XXXX079X1186,5074.0,2026-03-05 10:33:00.000 +0530
XXXX079X1272,4856.0,2026-03-05 10:33:00.000 +0530
XXXX079X1273,5188.0,2026-03-05 10:33:00.000 +0530
XXXX079X1279,4681.0,2026-03-05 10:33:00.000 +0530
XXXX079X1320,4451.0,2026-03-05 10:33:00.000 +0530
XXXX079X1322,3589.0,2026-03-05 10:33:00.000 +0530
XXXX079X1357,3783.0,2026-03-05 10:33:00.000 +0530
XXXX079X1381,4504.0,2026-03-05 10:33:00.000 +0530
XXXX079X1429,3722.0,2026-03-05 10:33:00.000 +0530
XXXX079X1467,2818.0,2026-03-05 10:33:00.000 +0530
XXXX079X1474,3398.0,2026-03-05 10:33:00.000 +0530
XXXX079X1491,2272.0,2026-03-05 10:33:00.000 +0530
XXXX079X1506,2552.0,2026-03-05 10:33:00.000 +0530
XXXX079X1515,10787.0,2026-03-05 10:33:00.000 +0530
XXXX079X1520,3494.0,2026-03-05 10:33:00.000 +0530
XXXX079X1566,3408.0,2026-03-05 10:33:00.000 +0530
XXXX079X1601,4934.0,2026-03-05 10:33:00.000 +0530
XXXX079X1602,3917.0,2026-03-05 10:33:00.000 +0530
XXXX079X1603,4630.0,2026-03-05 10:33:00.000 +0530
XXXX079X1605,2954.0,2026-03-05 10:33:00.000 +0530
XXXX079X1609,4078.0,2026-03-05 10:33:00.000 +0530
XXXX079X1613,2960.0,2026-03-05 10:33:00.000 +0530
XXXX079X1682,3936.0,2026-03-05 10:33:00.000 +0530
XXXX079X1714,4524.0,2026-03-05 10:33:00.000 +0530
XXXX079X1766,3089.0,2026-03-05 10:33:00.000 +0530
XXXX079X1808,3819.0,2026-03-05 10:33:00.000 +0530
XXXX079X1836,4342.0,2026-03-05 10:33:00.000 +0530
XXXX079X1837,3262.0,2026-03-05 10:33:00.000 +0530
XXXX079X1871,4404.0,2026-03-05 10:33:00.000 +0530
XXXX079X1932,3475.0,2026-03-05 10:33:00.000 +0530
XXXX079X1949,3293.0,2026-03-05 10:33:00.000 +0530
XXXX079X1951,4404.0,2026-03-05 10:33:00.000 +0530
XXXX079X1965,3766.0,2026-03-05 10:33:00.000 +0530
XXXX079X1971,5188.0,2026-03-05 10:33:00.000 +0530
XXXX079X1986,2944.0,2026-03-05 10:33:00.000 +0530
XXXX079X2105,5205.0,2026-03-05 10:33:00.000 +0530
XXXX079X2143,4214.0,2026-03-05 10:33:00.000 +0530
XXXX079X2146,3063.0,2026-03-05 10:33:00.000 +0530
XXXX079X2221,3502.0,2026-03-05 10:33:00.000 +0530
XXXX079X2238,3495.0,2026-03-05 10:33:00.000 +0530
XXXX079X2260,3709.0,2026-03-05 10:33:00.000 +0530
XXXX079X2269,3688.0,2026-03-05 10:33:00.000 +0530
XXXX079X2272,4404.0,2026-03-05 10:33:00.000 +0530
XXXX079X2296,4565.0,2026-03-05 10:33:00.000 +0530
XXXX079X2323,3949.0,2026-03-05 10:33:00.000 +0530
XXXX079X2353,3414.0,2026-03-05 10:33:00.000 +0530
XXXX079X2454,2902.0,2026-03-05 10:33:00.000 +0530
XXXX079X2476,3528.0,2026-03-05 10:33:00.000 +0530
XXXX079X2492,3299.0,2026-03-05 10:33:00.000 +0530
XXXX079X2535,4599.0,2026-03-05 10:33:00.000 +0530
XXXX079X2573,3628.0,2026-03-05 10:33:00.000 +0530
XXXX079X2582,3139.0,2026-03-05 10:33:00.000 +0530
XXXX079X2660,6240.0,2026-03-05 10:33:00.000 +0530
XXXX079X2700,2562.0,2026-03-05 10:33:00.000 +0530
XXXX079X2708,5053.0,2026-03-05 10:33:00.000 +0530
XXXX079X2716,3798.0,2026-03-05 10:33:00.000 +0530
XXXX079X2726,3451.0,2026-03-05 10:33:00.000 +0530
XXXX079X2779,3002.0,2026-03-05 10:33:00.000 +0530
XXXX079X2812,4430.0,2026-03-05 10:33:00.000 +0530
XXXX079X2839,4059.0,2026-03-05 10:33:00.000 +0530
XXXX079X2867,3093.0,2026-03-05 10:33:00.000 +0530
XXXX079X2901,3000.0,2026-03-05 10:33:00.000 +0530
XXXX079X2907,3905.0,2026-03-05 10:33:00.000 +0530
XXXX079X2922,4169.0,2026-03-05 10:33:00.000 +0530
XXXX079X2931,3265.0,2026-03-05 10:33:00.000 +0530
XXXX079X2939,4386.0,2026-03-05 10:33:00.000 +0530
XXXX079X2948,3768.0,2026-03-05 10:33:00.000 +0530
XXXX079X2983,3988.0,2026-03-05 10:33:00.000 +0530
XXXX079X3002,4732.0,2026-03-05 10:33:00.000 +0530
XXXX079X3007,3181.0,2026-03-05 10:33:00.000 +0530
XXXX079X3035,3882.0,2026-03-05 10:33:00.000 +0530
XXXX079X3045,4570.0,2026-03-05 10:33:00.000 +0530
XXXX079X3059,3137.0,2026-03-05 10:33:00.000 +0530
XXXX079X3062,4208.0,2026-03-05 10:33:00.000 +0530
XXXX079X3116,4789.0,2026-03-05 10:33:00.000 +0530
XXXX079X3137,3246.0,2026-03-05 10:33:00.000 +0530
XXXX079X3170,3156.0,2026-03-05 10:33:00.000 +0530
XXXX079X3175,3787.0,2026-03-05 10:33:00.000 +0530
XXXX079X3188,3865.0,2026-03-05 10:33:00.000 +0530
XXXX079X3208,5039.0,2026-03-05 10:33:00.000 +0530
XXXX079X3237,3922.0,2026-03-05 10:33:00.000 +0530
XXXX079X3240,2998.0,2026-03-05 10:33:00.000 +0530
XXXX079X3292,2709.0,2026-03-05 10:33:00.000 +0530
XXXX079X3313,4811.0,2026-03-05 10:33:00.000 +0530
XXXX079X3316,2864.0,2026-03-05 10:33:00.000 +0530
XXXX079X3369,4709.0,2026-03-05 10:33:00.000 +0530
XXXX079X3381,2616.0,2026-03-05 10:33:00.000 +0530
XXXX079X3386,2988.0,2026-03-05 10:33:00.000 +0530
XXXX079X3389,3819.0,2026-03-05 10:33:00.000 +0530
XXXX079X3397,4762.0,2026-03-05 10:33:00.000 +0530
XXXX079X3409,4410.0,2026-03-05 10:33:00.000 +0530
XXXX079X3417,3819.0,2026-03-05 10:33:00.000 +0530
XXXX079X3426,2387.0,2026-03-05 10:33:00.000 +0530
XXXX079X3532,3403.0,2026-03-05 10:33:00.000 +0530
XXXX079X3539,3552.0,2026-03-05 10:33:00.000 +0530
XXXX079X3556,5381.0,2026-03-05 10:33:00.000 +0530
XXXX079X3577,3685.0,2026-03-05 10:33:00.000 +0530
XXXX079X3587,2906.0,2026-03-05 10:33:00.000 +0530
XXXX079X3591,3819.0,2026-03-05 10:33:00.000 +0530
XXXX079X3687,2772.0,2026-03-05 10:33:00.000 +0530
XXXX079X3724,3735.0,2026-03-05 10:33:00.000 +0530
XXXX079X3732,3255.0,2026-03-05 10:33:00.000 +0530
XXXX079X3734,3437.0,2026-03-05 10:33:00.000 +0530
XXXX079X3830,3200.0,2026-03-05 10:33:00.000 +0530
XXXX079X3837,3135.0,2026-03-05 10:33:00.000 +0530
XXXX079X3877,3578.0,2026-03-05 10:33:00.000 +0530
XXXX079X3946,3560.0,2026-03-05 10:33:00.000 +0530
XXXX079X3971,3787.0,2026-03-05 10:33:00.000 +0530
XXXX079X4001,3083.0,2026-03-05 10:33:00.000 +0530
XXXX079X4059,2902.0,2026-03-05 10:33:00.000 +0530
XXXX079X4069,2359.0,2026-03-05 10:33:00.000 +0530
XXXX079X4078,3307.0,2026-03-05 10:33:00.000 +0530
XXXX079X4081,5139.0,2026-03-05 10:33:00.000 +0530
XXXX079X4123,3023.0,2026-03-05 10:33:00.000 +0530
XXXX079X4177,3699.0,2026-03-05 10:33:00.000 +0530
XXXX079X4179,3345.0,2026-03-05 10:33:00.000 +0530
XXXX079X4199,3197.0,2026-03-05 10:33:00.000 +0530
XXXX079X4206,3391.0,2026-03-05 10:33:00.000 +0530
XXXX079X4246,3319.0,2026-03-05 10:33:00.000 +0530
XXXX079X4265,3284.0,2026-03-05 10:33:00.000 +0530
XXXX079X4268,3241.0,2026-03-05 10:33:00.000 +0530
XXXX079X4298,3311.0,2026-03-05 10:33:00.000 +0530
XXXX079X4321,3819.0,2026-03-05 10:33:00.000 +0530
XXXX079X4332,3510.0,2026-03-05 10:33:00.000 +0530
XXXX079X4387,3412.0,2026-03-05 10:33:00.000 +0530
XXXX079X4407,3750.0,2026-03-05 10:33:00.000 +0530
XXXX079X4411,3819.0,2026-03-05 10:33:00.000 +0530
XXXX079X4491,3233.0,2026-03-05 10:33:00.000 +0530
XXXX079X4519,3085.0,2026-03-05 10:33:00.000 +0530
XXXX079X4552,4464.0,2026-03-05 10:33:00.000 +0530
XXXX079X4558,3728.0,2026-03-05 10:33:00.000 +0530
XXXX079X4586,6329.0,2026-03-05 10:33:00.000 +0530
XXXX079X4589,4296.0,2026-03-05 10:33:00.000 +0530
XXXX079X4657,2966.0,2026-03-05 10:33:00.000 +0530
XXXX079X4670,3571.0,2026-03-05 10:33:00.000 +0530
XXXX079X4685,3658.0,2026-03-05 10:33:00.000 +0530
XXXX079X4732,3278.0,2026-03-05 10:33:00.000 +0530
XXXX079X4735,4301.0,2026-03-05 10:33:00.000 +0530
XXXX079X4746,7882.0,2026-03-05 10:33:00.000 +0530
XXXX079X4768,3949.0,2026-03-05 10:33:00.000 +0530
XXXX079X4772,3692.0,2026-03-05 10:33:00.000 +0530
XXXX079X4793,3598.0,2026-03-05 10:33:00.000 +0530
XXXX079X4812,3697.0,2026-03-05 10:33:00.000 +0530
XXXX079X4829,3766.0,2026-03-05 10:33:00.000 +0530
XXXX079X4836,3587.0,2026-03-05 10:33:00.000 +0530
XXXX079X4850,3704.0,2026-03-05 10:33:00.000 +0530
XXXX079X4860,3199.0,2026-03-05 10:33:00.000 +0530
XXXX079X4877,3368.0,2026-03-05 10:33:00.000 +0530
XXXX079X4904,3216.0,2026-03-05 10:33:00.000 +0530
XXXX079X4923,3498.0,2026-03-05 10:33:00.000 +0530
XXXX079X4927,4224.0,2026-03-05 10:33:00.000 +0530
XXXX079X4965,3408.0,2026-03-05 10:33:00.000 +0530
XXXX079X4970,2248.0,2026-03-05 10:33:00.000 +0530
XXXX079X4974,3819.0,2026-03-05 10:33:00.000 +0530
XXXX079X5026,6595.0,2026-03-05 10:33:00.000 +0530
XXXX079X5048,2883.0,2026-03-05 10:33:00.000 +0530
XXXX079X5056,3373.0,2026-03-05 10:33:00.000 +0530
XXXX079X5080,4150.0,2026-03-05 10:33:00.000 +0530
XXXX079X5115,2048.0,2026-03-05 10:33:00.000 +0530
XXXX079X5122,3647.0,2026-03-05 10:33:00.000 +0530
XXXX079X5131,3236.0,2026-03-05 10:33:00.000 +0530
XXXX079X5177,3528.0,2026-03-05 10:33:00.000 +0530
XXXX079X5230,3649.0,2026-03-05 10:33:00.000 +0530
XXXX079X5247,4679.0,2026-03-05 10:33:00.000 +0530
XXXX079X5248,3165.0,2026-03-05 10:33:00.000 +0530
XXXX079X5272,3907.0,2026-03-05 10:33:00.000 +0530
XXXX079X5278,3663.0,2026-03-05 10:33:00.000 +0530
XXXX079X5292,3438.0,2026-03-05 10:33:00.000 +0530
XXXX079X5310,3180.0,2026-03-05 10:33:00.000 +0530
XXXX079X5342,4306.0,2026-03-05 10:33:00.000 +0530
XXXX079X5344,3517.0,2026-03-05 10:33:00.000 +0530
XXXX079X5353,6244.0,2026-03-05 10:33:00.000 +0530
XXXX079X5360,3606.0,2026-03-05 10:33:00.000 +0530
XXXX079X5421,3266.0,2026-03-05 10:33:00.000 +0530
XXXX079X5426,3468.0,2026-03-05 10:33:00.000 +0530
XXXX079X5431,3493.0,2026-03-05 10:33:00.000 +0530
XXXX079X5442,4144.0,2026-03-05 10:33:00.000 +0530
XXXX079X5461,4342.0,2026-03-05 10:33:00.000 +0530
XXXX079X5466,2775.0,2026-03-05 10:33:00.000 +0530
XXXX079X5467,2257.0,2026-03-05 10:33:00.000 +0530
XXXX079X5476,3819.0,2026-03-05 10:33:00.000 +0530
XXXX079X5501,3984.0,2026-03-05 10:33:00.000 +0530
XXXX079X5503,3246.0,2026-03-05 10:33:00.000 +0530
XXXX079X5516,3844.0,2026-03-05 10:33:00.000 +0530
XXXX079X5533,3227.0,2026-03-05 10:33:00.000 +0530
XXXX079X5542,4721.0,2026-03-05 10:33:00.000 +0530
XXXX079X5565,4494.0,2026-03-05 10:33:00.000 +0530
XXXX079X5598,3829.0,2026-03-05 10:33:00.000 +0530
XXXX079X5602,5049.0,2026-03-05 10:33:00.000 +0530
XXXX079X5642,3774.0,2026-03-05 10:33:00.000 +0530
XXXX079X5646,4306.0,2026-03-05 10:33:00.000 +0530
XXXX079X5657,3058.0,2026-03-05 10:33:00.000 +0530
XXXX079X5696,2845.0,2026-03-05 10:33:00.000 +0530
XXXX079X5738,3482.0,2026-03-05 10:33:00.000 +0530
XXXX079X5752,5380.0,2026-03-05 10:33:00.000 +0530
XXXX079X5756,3781.0,2026-03-05 10:33:00.000 +0530
XXXX079X5773,3483.0,2026-03-05 10:33:00.000 +0530
XXXX079X5849,2975.0,2026-03-05 10:33:00.000 +0530
XXXX079X5875,2719.0,2026-03-05 10:33:00.000 +0530
XXXX079X5878,4476.0,2026-03-05 10:33:00.000 +0530
XXXX079X5916,3861.0,2026-03-05 10:33:00.000 +0530
XXXX079X5941,4521.0,2026-03-05 10:33:00.000 +0530
XXXX079X5954,3490.0,2026-03-05 10:33:00.000 +0530
XXXX079X5955,3891.0,2026-03-05 10:33:00.000 +0530
XXXX079X5977,4144.0,2026-03-05 10:33:00.000 +0530
XXXX079X6029,3504.0,2026-03-05 10:33:00.000 +0530
XXXX079X6047,4851.0,2026-03-05 10:33:00.000 +0530
XXXX079X6069,5148.0,2026-03-05 10:33:00.000 +0530
XXXX079X6102,4285.0,2026-03-05 10:33:00.000 +0530
XXXX079X6105,5188.0,2026-03-05 10:33:00.000 +0530
XXXX079X6111,3273.0,2026-03-05 10:33:00.000 +0530
XXXX079X6113,3290.0,2026-03-05 10:33:00.000 +0530
XXXX079X6141,3371.0,2026-03-05 10:33:00.000 +0530
XXXX079X6268,3465.0,2026-03-05 10:33:00.000 +0530
XXXX079X6310,6209.0,2026-03-05 10:33:00.000 +0530
XXXX079X6366,3334.0,2026-03-05 10:33:00.000 +0530
XXXX079X6367,3638.0,2026-03-05 10:33:00.000 +0530
XXXX079X6412,4093.0,2026-03-05 10:33:00.000 +0530
XXXX079X6452,3801.0,2026-03-05 10:33:00.000 +0530
XXXX079X6488,3072.0,2026-03-05 10:33:00.000 +0530
XXXX079X6502,6062.0,2026-03-05 10:33:00.000 +0530
XXXX079X6506,3632.0,2026-03-05 10:33:00.000 +0530
XXXX079X6520,3992.0,2026-03-05 10:33:00.000 +0530
XXXX079X6525,3014.0,2026-03-05 10:33:00.000 +0530
XXXX079X6539,2960.0,2026-03-05 10:33:00.000 +0530
XXXX079X6543,5053.0,2026-03-05 10:33:00.000 +0530
XXXX079X6546,5935.0,2026-03-05 10:33:00.000 +0530
XXXX079X6564,3534.0,2026-03-05 10:33:00.000 +0530
XXXX079X6574,4331.0,2026-03-05 10:33:00.000 +0530
XXXX079X6586,3135.0,2026-03-05 10:33:00.000 +0530
XXXX079X6604,3190.0,2026-03-05 10:33:00.000 +0530
XXXX079X6628,3479.0,2026-03-05 10:33:00.000 +0530
XXXX079X6661,3571.0,2026-03-05 10:33:00.000 +0530
XXXX079X6726,3334.0,2026-03-05 10:33:00.000 +0530
XXXX079X6815,4656.0,2026-03-05 10:33:00.000 +0530
XXXX079X6846,5550.0,2026-03-05 10:33:00.000 +0530
XXXX079X6914,3819.0,2026-03-05 10:33:00.000 +0530
XXXX079X6928,4779.0,2026-03-05 10:33:00.000 +0530
XXXX079X6933,3221.0,2026-03-05 10:33:00.000 +0530
XXXX079X6953,3202.0,2026-03-05 10:33:00.000 +0530
XXXX079X6984,4051.0,2026-03-05 10:33:00.000 +0530
XXXX079X7005,3307.0,2026-03-05 10:33:00.000 +0530
XXXX079X7016,4581.0,2026-03-05 10:33:00.000 +0530
XXXX079X7043,3754.0,2026-03-05 10:33:00.000 +0530
XXXX079X7072,3514.0,2026-03-05 10:33:00.000 +0530
XXXX079X7078,4202.0,2026-03-05 10:33:00.000 +0530
XXXX079X7099,3230.0,2026-03-05 10:33:00.000 +0530
XXXX079X7103,3579.0,2026-03-05 10:33:00.000 +0530
XXXX079X7116,6518.0,2026-03-05 10:33:00.000 +0530
XXXX079X7134,7814.0,2026-03-05 10:33:00.000 +0530
XXXX079X7144,4048.0,2026-03-05 10:33:00.000 +0530
XXXX079X7233,5809.0,2026-03-05 10:33:00.000 +0530
XXXX079X7318,3602.0,2026-03-05 10:33:00.000 +0530
XXXX079X7345,3800.0,2026-03-05 10:33:00.000 +0530
XXXX079X7351,4416.0,2026-03-05 10:33:00.000 +0530
XXXX079X7377,3629.0,2026-03-05 10:33:00.000 +0530
XXXX079X7378,3594.0,2026-03-05 10:33:00.000 +0530
XXXX079X7452,3491.0,2026-03-05 10:33:00.000 +0530
XXXX079X7456,3389.0,2026-03-05 10:33:00.000 +0530
XXXX079X7513,3517.0,2026-03-05 10:33:00.000 +0530
XXXX079X7522,3958.0,2026-03-05 10:33:00.000 +0530
XXXX079X7536,3447.0,2026-03-05 10:33:00.000 +0530
XXXX079X7554,3185.0,2026-03-05 10:33:00.000 +0530
XXXX079X7582,3361.0,2026-03-05 10:33:00.000 +0530
XXXX079X7629,3638.0,2026-03-05 10:33:00.000 +0530
XXXX079X7682,3749.0,2026-03-05 10:33:00.000 +0530
XXXX079X7706,3523.0,2026-03-05 10:33:00.000 +0530
XXXX079X7707,3873.0,2026-03-05 10:33:00.000 +0530
XXXX079X7789,3709.0,2026-03-05 10:33:00.000 +0530
XXXX079X7812,3848.0,2026-03-05 10:33:00.000 +0530
XXXX079X7876,3594.0,2026-03-05 10:33:00.000 +0530
XXXX079X7928,3581.0,2026-03-05 10:33:00.000 +0530
XXXX079X7934,3193.0,2026-03-05 10:33:00.000 +0530
XXXX079X7940,3473.0,2026-03-05 10:33:00.000 +0530
XXXX079X8024,4410.0,2026-03-05 10:33:00.000 +0530
XXXX079X8033,3407.0,2026-03-05 10:33:00.000 +0530
XXXX079X8045,3817.0,2026-03-05 10:33:00.000 +0530
XXXX079X8091,3992.0,2026-03-05 10:33:00.000 +0530
XXXX079X8110,3639.0,2026-03-05 10:33:00.000 +0530
XXXX079X8144,5188.0,2026-03-05 10:33:00.000 +0530
XXXX079X8165,3062.0,2026-03-05 10:33:00.000 +0530
XXXX079X8176,3112.0,2026-03-05 10:33:00.000 +0530
XXXX079X8215,4512.0,2026-03-05 10:33:00.000 +0530
XXXX079X8217,2582.0,2026-03-05 10:33:00.000 +0530
XXXX079X8264,4108.0,2026-03-05 10:33:00.000 +0530
XXXX079X8280,4380.0,2026-03-05 10:33:00.000 +0530
XXXX079X8305,3082.0,2026-03-05 10:33:00.000 +0530
XXXX079X8351,5008.0,2026-03-05 10:33:00.000 +0530
XXXX079X8370,9296.0,2026-03-05 10:33:00.000 +0530
XXXX079X8387,3710.0,2026-03-05 10:33:00.000 +0530
XXXX079X8422,3535.0,2026-03-05 10:33:00.000 +0530
XXXX079X8432,3804.0,2026-03-05 10:33:00.000 +0530
XXXX079X8450,3918.0,2026-03-05 10:33:00.000 +0530
XXXX079X8453,4441.0,2026-03-05 10:33:00.000 +0530
XXXX079X8488,3437.0,2026-03-05 10:33:00.000 +0530
XXXX079X8545,3300.0,2026-03-05 10:33:00.000 +0530
XXXX079X8547,4091.0,2026-03-05 10:33:00.000 +0530
XXXX079X8662,3342.0,2026-03-05 10:33:00.000 +0530
XXXX079X8673,2182.0,2026-03-05 10:33:00.000 +0530
XXXX079X8684,3819.0,2026-03-05 10:33:00.000 +0530
XXXX079X8686,3122.0,2026-03-05 10:33:00.000 +0530
XXXX079X8728,4199.0,2026-03-05 10:33:00.000 +0530
XXXX079X8783,5411.0,2026-03-05 10:33:00.000 +0530
XXXX079X8809,3200.0,2026-03-05 10:33:00.000 +0530
XXXX079X8833,4029.0,2026-03-05 10:33:00.000 +0530
XXXX079X8844,3244.0,2026-03-05 10:33:00.000 +0530
XXXX079X8847,3819.0,2026-03-05 10:33:00.000 +0530
XXXX079X8905,2979.0,2026-03-05 10:33:00.000 +0530
XXXX079X8920,3486.0,2026-03-05 10:33:00.000 +0530
XXXX079X8931,6918.0,2026-03-05 10:33:00.000 +0530
XXXX079X8977,3430.0,2026-03-05 10:33:00.000 +0530
XXXX079X9013,3078.0,2026-03-05 10:33:00.000 +0530
XXXX079X9106,4025.0,2026-03-05 10:33:00.000 +0530
XXXX079X9110,5188.0,2026-03-05 10:33:00.000 +0530
XXXX079X9190,4131.0,2026-03-05 10:33:00.000 +0530
XXXX079X9264,4180.0,2026-03-05 10:33:00.000 +0530
XXXX079X9326,3485.0,2026-03-05 10:33:00.000 +0530
XXXX079X9459,4149.0,2026-03-05 10:33:00.000 +0530
XXXX079X9466,4739.0,2026-03-05 10:33:00.000 +0530
XXXX079X9527,2657.0,2026-03-05 10:33:00.000 +0530
XXXX079X9546,4069.0,2026-03-05 10:33:00.000 +0530
XXXX079X9582,3819.0,2026-03-05 10:33:00.000 +0530
XXXX079X9587,3628.0,2026-03-05 10:33:00.000 +0530
XXXX079X9612,3813.0,2026-03-05 10:33:00.000 +0530
XXXX079X9621,4291.0,2026-03-05 10:33:00.000 +0530
XXXX079X9649,3246.0,2026-03-05 10:33:00.000 +0530
XXXX079X9687,3055.0,2026-03-05 10:33:00.000 +0530
XXXX079X9750,4383.0,2026-03-05 10:33:00.000 +0530
XXXX079X9760,2643.0,2026-03-05 10:33:00.000 +0530
XXXX079X9768,3854.0,2026-03-05 10:33:00.000 +0530
XXXX079X9838,3040.0,2026-03-05 10:33:00.000 +0530
XXXX079X9851,3044.0,2026-03-05 10:33:00.000 +0530
XXXX079X9859,3977.0,2026-03-05 10:33:00.000 +0530
XXXX079X9876,5012.0,2026-03-05 10:33:00.000 +0530
XXXX079X9879,4255.0,2026-03-05 10:33:00.000 +0530
XXXX079X9947,2936.0,2026-03-05 10:33:00.000 +0530
XXXX079X9954,3517.0,2026-03-05 10:33:00.000 +0530
XXXX079X9961,3709.0,2026-03-05 10:33:00.000 +0530
XXXX079X9965,3364.0,2026-03-05 10:33:00.000 +0530
XXXX080X0053,3323.0,2026-03-05 10:33:00.000 +0530
XXXX080X0057,4799.0,2026-03-05 10:33:00.000 +0530
XXXX080X0074,3800.0,2026-03-05 10:33:00.000 +0530
XXXX080X0089,4389.0,2026-03-05 10:33:00.000 +0530
XXXX080X0127,4036.0,2026-03-05 10:33:00.000 +0530
XXXX080X0196,5681.0,2026-03-05 10:33:00.000 +0530
XXXX080X0235,3235.0,2026-03-05 10:33:00.000 +0530
XXXX080X0245,3598.0,2026-03-05 10:33:00.000 +0530
XXXX080X0295,3179.0,2026-03-05 10:33:00.000 +0530
XXXX080X0313,4136.0,2026-03-05 10:33:00.000 +0530
XXXX080X0320,3095.0,2026-03-05 10:33:00.000 +0530
XXXX080X0368,3172.0,2026-03-05 10:33:00.000 +0530
XXXX080X0370,2980.0,2026-03-05 10:33:00.000 +0530
XXXX080X0380,4486.0,2026-03-05 10:33:00.000 +0530
XXXX080X0416,4133.0,2026-03-05 10:33:00.000 +0530
XXXX080X0422,3093.0,2026-03-05 10:33:00.000 +0530
XXXX080X0493,5151.0,2026-03-05 10:33:00.000 +0530
XXXX080X0507,3387.0,2026-03-05 10:33:00.000 +0530
XXXX080X0573,3709.0,2026-03-05 10:33:00.000 +0530
XXXX080X0610,2765.0,2026-03-05 10:33:00.000 +0530
XXXX080X0696,2599.0,2026-03-05 10:33:00.000 +0530
XXXX080X0703,4599.0,2026-03-05 10:33:00.000 +0530
XXXX080X0726,5678.0,2026-03-05 10:33:00.000 +0530
XXXX080X0727,3014.0,2026-03-05 10:33:00.000 +0530
XXXX080X0740,3432.0,2026-03-05 10:33:00.000 +0530
XXXX080X0761,2844.0,2026-03-05 10:33:00.000 +0530
XXXX080X0781,3093.0,2026-03-05 10:33:00.000 +0530
XXXX080X0789,5161.0,2026-03-05 10:33:00.000 +0530
XXXX080X0802,4041.0,2026-03-05 10:33:00.000 +0530
XXXX080X0807,3353.0,2026-03-05 10:33:00.000 +0530
XXXX080X0811,6336.0,2026-03-05 10:33:00.000 +0530
XXXX080X0840,3159.0,2026-03-05 10:33:00.000 +0530
XXXX080X0868,3977.0,2026-03-05 10:33:00.000 +0530
XXXX080X0875,6774.0,2026-03-05 10:33:00.000 +0530
XXXX080X0876,3217.0,2026-03-05 10:33:00.000 +0530
XXXX080X0878,3567.0,2026-03-05 10:33:00.000 +0530
XXXX080X0885,2574.0,2026-03-05 10:33:00.000 +0530
XXXX080X0907,2988.0,2026-03-05 10:33:00.000 +0530
XXXX080X0917,3819.0,2026-03-05 10:33:00.000 +0530
XXXX080X0967,3546.0,2026-03-05 10:33:00.000 +0530
XXXX080X1010,3577.0,2026-03-05 10:33:00.000 +0530
XXXX080X1027,3048.0,2026-03-05 10:33:00.000 +0530
XXXX080X1042,5344.0,2026-03-05 10:33:00.000 +0530
XXXX080X1133,4669.0,2026-03-05 10:33:00.000 +0530
XXXX080X1134,3477.0,2026-03-05 10:33:00.000 +0530
XXXX080X1160,3087.0,2026-03-05 10:33:00.000 +0530
XXXX080X1185,3376.0,2026-03-05 10:33:00.000 +0530
XXXX080X1214,4107.0,2026-03-05 10:33:00.000 +0530
XXXX080X1233,3437.0,2026-03-05 10:33:00.000 +0530
XXXX080X1249,4617.0,2026-03-05 10:33:00.000 +0530
XXXX080X1270,2848.0,2026-03-05 10:33:00.000 +0530
XXXX080X1309,5188.0,2026-03-05 10:33:00.000 +0530
XXXX080X1332,3579.0,2026-03-05 10:33:00.000 +0530
XXXX080X1403,3251.0,2026-03-05 10:33:00.000 +0530
XXXX080X1438,3849.0,2026-03-05 10:33:00.000 +0530
XXXX080X1444,5067.0,2026-03-05 10:33:00.000 +0530
XXXX080X1463,4539.0,2026-03-05 10:33:00.000 +0530
XXXX080X1465,5183.0,2026-03-05 10:33:00.000 +0530
XXXX080X1564,3349.0,2026-03-05 10:33:00.000 +0530
XXXX080X1582,3399.0,2026-03-05 10:33:00.000 +0530
XXXX080X1636,4358.0,2026-03-05 10:33:00.000 +0530
XXXX080X1668,2425.0,2026-03-05 10:33:00.000 +0530
XXXX080X1687,4278.0,2026-03-05 10:33:00.000 +0530
XXXX080X1701,3828.0,2026-03-05 10:33:00.000 +0530
XXXX080X1708,5867.0,2026-03-05 10:33:00.000 +0530
XXXX080X1720,4947.0,2026-03-05 10:33:00.000 +0530
XXXX080X1738,2986.0,2026-03-05 10:33:00.000 +0530
XXXX080X1777,3917.0,2026-03-05 10:33:00.000 +0530
XXXX080X1781,4598.0,2026-03-05 10:33:00.000 +0530
XXXX080X1845,3133.0,2026-03-05 10:33:00.000 +0530
XXXX080X1924,3323.0,2026-03-05 10:33:00.000 +0530
XXXX080X1936,3330.0,2026-03-05 10:33:00.000 +0530
XXXX080X1960,4859.0,2026-03-05 10:33:00.000 +0530
XXXX080X1962,3965.0,2026-03-05 10:33:00.000 +0530
XXXX080X1980,3204.0,2026-03-05 10:33:00.000 +0530
XXXX080X2005,3510.0,2026-03-05 10:33:00.000 +0530
XXXX080X2087,3157.0,2026-03-05 10:33:00.000 +0530
XXXX080X2099,4594.0,2026-03-05 10:33:00.000 +0530
XXXX080X2147,3434.0,2026-03-05 10:33:00.000 +0530
XXXX080X2154,3193.0,2026-03-05 10:33:00.000 +0530
XXXX080X2159,3246.0,2026-03-05 10:33:00.000 +0530
XXXX080X2166,3792.0,2026-03-05 10:33:00.000 +0530
XXXX080X2197,3374.0,2026-03-05 10:33:00.000 +0530
XXXX080X2207,3147.0,2026-03-05 10:33:00.000 +0530
XXXX080X2210,4254.0,2026-03-05 10:33:00.000 +0530
XXXX080X2232,6329.0,2026-03-05 10:33:00.000 +0530
XXXX080X2301,3687.0,2026-03-05 10:33:00.000 +0530
XXXX080X2326,3735.0,2026-03-05 10:33:00.000 +0530
XXXX080X2368,4040.0,2026-03-05 10:33:00.000 +0530
XXXX080X2419,5839.0,2026-03-05 10:33:00.000 +0530
XXXX080X2429,3764.0,2026-03-05 10:33:00.000 +0530
XXXX080X2434,3948.0,2026-03-05 10:33:00.000 +0530
XXXX080X2437,4240.0,2026-03-05 10:33:00.000 +0530
XXXX080X2447,3629.0,2026-03-05 10:33:00.000 +0530
XXXX080X2469,4995.0,2026-03-05 10:33:00.000 +0530
XXXX080X2521,3216.0,2026-03-05 10:33:00.000 +0530
XXXX080X2539,3284.0,2026-03-05 10:33:00.000 +0530
XXXX080X2555,4595.0,2026-03-05 10:33:00.000 +0530
XXXX080X2567,3891.0,2026-03-05 10:33:00.000 +0530
XXXX080X2577,3066.0,2026-03-05 10:33:00.000 +0530
XXXX080X2583,3512.0,2026-03-05 10:33:00.000 +0530
XXXX080X2616,3361.0,2026-03-05 10:33:00.000 +0530
XXXX080X2622,4251.0,2026-03-05 10:33:00.000 +0530
XXXX080X2663,2998.0,2026-03-05 10:33:00.000 +0530
XXXX080X2672,3366.0,2026-03-05 10:33:00.000 +0530
XXXX080X2695,4966.0,2026-03-05 10:33:00.000 +0530
XXXX080X2742,3219.0,2026-03-05 10:33:00.000 +0530
XXXX080X2833,3931.0,2026-03-05 10:33:00.000 +0530
XXXX080X2859,3529.0,2026-03-05 10:33:00.000 +0530
XXXX080X2910,2950.0,2026-03-05 10:33:00.000 +0530
XXXX080X2914,1994.0,2026-03-05 10:33:00.000 +0530
XXXX080X2942,3762.0,2026-03-05 10:33:00.000 +0530
XXXX080X2966,4092.0,2026-03-05 10:33:00.000 +0530
XXXX080X2997,3819.0,2026-03-05 10:33:00.000 +0530
XXXX080X3011,3620.0,2026-03-05 10:33:00.000 +0530
XXXX080X3103,2665.0,2026-03-05 10:33:00.000 +0530
XXXX080X3165,7211.0,2026-03-05 10:33:00.000 +0530
XXXX080X3189,3063.0,2026-03-05 10:33:00.000 +0530
XXXX080X3190,2932.0,2026-03-05 10:33:00.000 +0530
XXXX080X3198,2719.0,2026-03-05 10:33:00.000 +0530
XXXX080X3272,2373.0,2026-03-05 10:33:00.000 +0530
XXXX080X3299,3693.0,2026-03-05 10:33:00.000 +0530
XXXX080X3317,3601.0,2026-03-05 10:33:00.000 +0530
XXXX080X3320,2914.0,2026-03-05 10:33:00.000 +0530
XXXX080X3325,3451.0,2026-03-05 10:33:00.000 +0530
XXXX080X3336,3010.0,2026-03-05 10:33:00.000 +0530
XXXX080X3355,3101.0,2026-03-05 10:33:00.000 +0530
XXXX080X3387,3725.0,2026-03-05 10:33:00.000 +0530
XXXX080X3394,5032.0,2026-03-05 10:33:00.000 +0530
XXXX080X3396,5188.0,2026-03-05 10:33:00.000 +0530
XXXX080X3443,3227.0,2026-03-05 10:33:00.000 +0530
XXXX080X3480,5475.0,2026-03-05 10:33:00.000 +0530
XXXX080X3497,3523.0,2026-03-05 10:33:00.000 +0530
XXXX080X3532,4316.0,2026-03-05 10:33:00.000 +0530
XXXX080X3546,4036.0,2026-03-05 10:33:00.000 +0530
XXXX080X3567,3311.0,2026-03-05 10:33:00.000 +0530
XXXX080X3579,3956.0,2026-03-05 10:33:00.000 +0530
XXXX080X3622,2957.0,2026-03-05 10:33:00.000 +0530
XXXX080X3623,3307.0,2026-03-05 10:33:00.000 +0530
XXXX080X3650,3050.0,2026-03-05 10:33:00.000 +0530
XXXX080X3678,3319.0,2026-03-05 10:33:00.000 +0530
XXXX080X3679,3079.0,2026-03-05 10:33:00.000 +0530
XXXX080X3703,4722.0,2026-03-05 10:33:00.000 +0530
XXXX080X3740,3402.0,2026-03-05 10:33:00.000 +0530
XXXX080X3790,3296.0,2026-03-05 10:33:00.000 +0530
XXXX080X3792,4520.0,2026-03-05 10:33:00.000 +0530
XXXX080X3794,4569.0,2026-03-05 10:33:00.000 +0530
XXXX080X3801,5518.0,2026-03-05 10:33:00.000 +0530
XXXX080X3825,2853.0,2026-03-05 10:33:00.000 +0530
XXXX080X3831,3548.0,2026-03-05 10:33:00.000 +0530
XXXX080X3845,3560.0,2026-03-05 10:33:00.000 +0530
XXXX080X3872,4064.0,2026-03-05 10:33:00.000 +0530
XXXX080X3900,2200.0,2026-03-05 10:33:00.000 +0530
XXXX080X3918,4680.0,2026-03-05 10:33:00.000 +0530
XXXX080X3924,6518.0,2026-03-05 10:33:00.000 +0530
XXXX080X3938,4163.0,2026-03-05 10:33:00.000 +0530
XXXX080X4075,3391.0,2026-03-05 10:33:00.000 +0530
XXXX080X4077,3932.0,2026-03-05 10:33:00.000 +0530
XXXX080X4117,2968.0,2026-03-05 10:33:00.000 +0530
XXXX080X4139,4110.0,2026-03-05 10:33:00.000 +0530
XXXX080X4204,3886.0,2026-03-05 10:33:00.000 +0530
XXXX080X4248,3554.0,2026-03-05 10:33:00.000 +0530
XXXX080X4285,3841.0,2026-03-05 10:33:00.000 +0530
XXXX080X4319,2482.0,2026-03-05 10:33:00.000 +0530
XXXX080X4348,3074.0,2026-03-05 10:33:00.000 +0530
XXXX080X4368,4669.0,2026-03-05 10:33:00.000 +0530
XXXX080X4386,2430.0,2026-03-05 10:33:00.000 +0530
XXXX080X4396,3485.0,2026-03-05 10:33:00.000 +0530
XXXX080X4401,2992.0,2026-03-05 10:33:00.000 +0530
XXXX080X4415,3440.0,2026-03-05 10:33:00.000 +0530
XXXX080X4466,2616.0,2026-03-05 10:33:00.000 +0530
XXXX080X4469,5134.0,2026-03-05 10:33:00.000 +0530
XXXX080X4557,5495.0,2026-03-05 10:33:00.000 +0530
XXXX080X4558,2902.0,2026-03-05 10:33:00.000 +0530
XXXX080X4570,3472.0,2026-03-05 10:33:00.000 +0530
XXXX080X4605,3342.0,2026-03-05 10:33:00.000 +0530
XXXX080X4690,3239.0,2026-03-05 10:33:00.000 +0530
XXXX080X4704,3436.0,2026-03-05 10:33:00.000 +0530
XXXX080X4719,2100.0,2026-03-05 10:33:00.000 +0530
XXXX080X4735,7000.0,2026-03-05 10:33:00.000 +0530
XXXX080X4786,3863.0,2026-03-05 10:33:00.000 +0530
XXXX080X4788,3346.0,2026-03-05 10:33:00.000 +0530
XXXX080X4806,3315.0,2026-03-05 10:33:00.000 +0530
XXXX080X4810,2799.0,2026-03-05 10:33:00.000 +0530
XXXX080X4836,4263.0,2026-03-05 10:33:00.000 +0530
XXXX080X4846,3185.0,2026-03-05 10:33:00.000 +0530
XXXX080X4858,4617.0,2026-03-05 10:33:00.000 +0530
XXXX080X4884,4047.0,2026-03-05 10:33:00.000 +0530
XXXX080X4908,3587.0,2026-03-05 10:33:00.000 +0530
XXXX080X4933,3598.0,2026-03-05 10:33:00.000 +0530
XXXX080X4969,3554.0,2026-03-05 10:33:00.000 +0530
XXXX080X4970,3678.0,2026-03-05 10:33:00.000 +0530
XXXX080X4983,4259.0,2026-03-05 10:33:00.000 +0530
XXXX080X4995,3469.0,2026-03-05 10:33:00.000 +0530
XXXX080X5003,3424.0,2026-03-05 10:33:00.000 +0530
XXXX080X5005,9234.0,2026-03-05 10:33:00.000 +0530
XXXX080X5008,3986.0,2026-03-05 10:33:00.000 +0530
XXXX080X5046,3269.0,2026-03-05 10:33:00.000 +0530
XXXX080X5047,3760.0,2026-03-05 10:33:00.000 +0530
XXXX080X5051,2438.0,2026-03-05 10:33:00.000 +0530
XXXX080X5053,3270.0,2026-03-05 10:33:00.000 +0530
XXXX080X5063,3735.0,2026-03-05 10:33:00.000 +0530
XXXX080X5091,3438.0,2026-03-05 10:33:00.000 +0530
XXXX080X5101,3418.0,2026-03-05 10:33:00.000 +0530
XXXX080X5104,4440.0,2026-03-05 10:33:00.000 +0530
XXXX080X5110,4027.0,2026-03-05 10:33:00.000 +0530
XXXX080X5113,4086.0,2026-03-05 10:33:00.000 +0530
XXXX080X5133,3821.0,2026-03-05 10:33:00.000 +0530
XXXX080X5156,4002.0,2026-03-05 10:33:00.000 +0530
XXXX080X5169,4161.0,2026-03-05 10:33:00.000 +0530
XXXX080X5192,2979.0,2026-03-05 10:33:00.000 +0530
XXXX080X5197,4012.0,2026-03-05 10:33:00.000 +0530
XXXX080X5206,5607.0,2026-03-05 10:33:00.000 +0530
XXXX080X5209,3334.0,2026-03-05 10:33:00.000 +0530
XXXX080X5246,2883.0,2026-03-05 10:33:00.000 +0530
XXXX080X5287,2901.0,2026-03-05 10:33:00.000 +0530
XXXX080X5305,4095.0,2026-03-05 10:33:00.000 +0530
XXXX080X5306,4025.0,2026-03-05 10:33:00.000 +0530
XXXX080X5317,3057.0,2026-03-05 10:33:00.000 +0530
XXXX080X5339,3512.0,2026-03-05 10:33:00.000 +0530
XXXX080X5348,5074.0,2026-03-05 10:33:00.000 +0530
XXXX080X5369,3525.0,2026-03-05 10:33:00.000 +0530
XXXX080X5370,4601.0,2026-03-05 10:33:00.000 +0530
XXXX080X5375,6987.0,2026-03-05 10:33:00.000 +0530
XXXX080X5386,3340.0,2026-03-05 10:33:00.000 +0530
XXXX080X5403,3315.0,2026-03-05 10:33:00.000 +0530
XXXX080X5422,3768.0,2026-03-05 10:33:00.000 +0530
XXXX080X5445,2701.0,2026-03-05 10:33:00.000 +0530
XXXX080X5448,4007.0,2026-03-05 10:33:00.000 +0530
XXXX080X5472,2902.0,2026-03-05 10:33:00.000 +0530
XXXX080X5494,3995.0,2026-03-05 10:33:00.000 +0530
XXXX080X5502,4131.0,2026-03-05 10:33:00.000 +0530
XXXX080X5537,4137.0,2026-03-05 10:33:00.000 +0530
XXXX080X5546,3211.0,2026-03-05 10:33:00.000 +0530
XXXX080X5554,3436.0,2026-03-05 10:33:00.000 +0530
XXXX080X5561,4150.0,2026-03-05 10:33:00.000 +0530
XXXX080X5597,3557.0,2026-03-05 10:33:00.000 +0530
XXXX080X5622,3995.0,2026-03-05 10:33:00.000 +0530
XXXX080X5636,2969.0,2026-03-05 10:33:00.000 +0530
XXXX080X5765,3902.0,2026-03-05 10:33:00.000 +0530
XXXX080X5782,3278.0,2026-03-05 10:33:00.000 +0530
XXXX080X5825,3157.0,2026-03-05 10:33:00.000 +0530
XXXX080X5837,3312.0,2026-03-05 10:33:00.000 +0530
XXXX080X5868,3469.0,2026-03-05 10:33:00.000 +0530
XXXX080X5876,3590.0,2026-03-05 10:33:00.000 +0530
XXXX080X5894,2902.0,2026-03-05 10:33:00.000 +0530
XXXX080X5905,6003.0,2026-03-05 10:33:00.000 +0530
XXXX080X5909,4379.0,2026-03-05 10:33:00.000 +0530
XXXX080X5946,5075.0,2026-03-05 10:33:00.000 +0530
XXXX080X5948,4933.0,2026-03-05 10:33:00.000 +0530
XXXX080X5995,4140.0,2026-03-05 10:33:00.000 +0530
XXXX080X6018,4069.0,2026-03-05 10:33:00.000 +0530
XXXX080X6021,7112.0,2026-03-05 10:33:00.000 +0530
XXXX080X6052,3861.0,2026-03-05 10:33:00.000 +0530
XXXX080X6081,4637.0,2026-03-05 10:33:00.000 +0530
XXXX080X6091,3014.0,2026-03-05 10:33:00.000 +0530
XXXX080X6104,5442.0,2026-03-05 10:33:00.000 +0530
XXXX080X6109,6752.0,2026-03-05 10:33:00.000 +0530
XXXX080X6138,5325.0,2026-03-05 10:33:00.000 +0530
XXXX080X6140,7237.0,2026-03-05 10:33:00.000 +0530
XXXX080X6142,4202.0,2026-03-05 10:33:00.000 +0530
XXXX080X6159,3541.0,2026-03-05 10:33:00.000 +0530
XXXX080X6185,3219.0,2026-03-05 10:33:00.000 +0530
XXXX080X6230,6104.0,2026-03-05 10:33:00.000 +0530
XXXX080X6258,3917.0,2026-03-05 10:33:00.000 +0530
XXXX080X6281,3629.0,2026-03-05 10:33:00.000 +0530
XXXX080X6290,4750.0,2026-03-05 10:33:00.000 +0530
XXXX080X6319,3227.0,2026-03-05 10:33:00.000 +0530
XXXX080X6350,3525.0,2026-03-05 10:33:00.000 +0530
XXXX080X6351,3368.0,2026-03-05 10:33:00.000 +0530
XXXX080X6473,3670.0,2026-03-05 10:33:00.000 +0530
XXXX080X6480,3628.0,2026-03-05 10:33:00.000 +0530
XXXX080X6557,4564.0,2026-03-05 10:33:00.000 +0530
XXXX080X6606,4114.0,2026-03-05 10:33:00.000 +0530
XXXX080X6608,3582.0,2026-03-05 10:33:00.000 +0530
XXXX080X6633,2358.0,2026-03-05 10:33:00.000 +0530
XXXX080X6634,3200.0,2026-03-05 10:33:00.000 +0530
XXXX080X6641,3437.0,2026-03-05 10:33:00.000 +0530
XXXX080X6664,3208.0,2026-03-05 10:33:00.000 +0530
XXXX080X6666,4558.0,2026-03-05 10:33:00.000 +0530
XXXX080X6674,3020.0,2026-03-05 10:33:00.000 +0530
XXXX080X6697,3744.0,2026-03-05 10:33:00.000 +0530
XXXX080X6700,2445.0,2026-03-05 10:33:00.000 +0530
XXXX080X6703,2998.0,2026-03-05 10:33:00.000 +0530
XXXX080X6748,3918.0,2026-03-05 10:33:00.000 +0530
XXXX080X6763,4363.0,2026-03-05 10:33:00.000 +0530
XXXX080X6783,3338.0,2026-03-05 10:33:00.000 +0530
XXXX080X6787,4162.0,2026-03-05 10:33:00.000 +0530
XXXX080X6855,2998.0,2026-03-05 10:33:00.000 +0530
XXXX080X6881,3725.0,2026-03-05 10:33:00.000 +0530
XXXX080X6899,3858.0,2026-03-05 10:33:00.000 +0530
XXXX080X6926,2922.0,2026-03-05 10:33:00.000 +0530
XXXX080X6934,3624.0,2026-03-05 10:33:00.000 +0530
XXXX080X6954,3598.0,2026-03-05 10:33:00.000 +0530
XXXX080X7074,3882.0,2026-03-05 10:33:00.000 +0530
XXXX080X7076,3284.0,2026-03-05 10:33:00.000 +0530
XXXX080X7102,3935.0,2026-03-05 10:33:00.000 +0530
XXXX080X7170,3674.0,2026-03-05 10:33:00.000 +0530
XXXX080X7171,3563.0,2026-03-05 10:33:00.000 +0530
XXXX080X7180,5370.0,2026-03-05 10:33:00.000 +0530
XXXX080X7215,3343.0,2026-03-05 10:33:00.000 +0530
XXXX080X7218,2438.0,2026-03-05 10:33:00.000 +0530
XXXX080X7242,3290.0,2026-03-05 10:33:00.000 +0530
XXXX080X7249,4168.0,2026-03-05 10:33:00.000 +0530
XXXX080X7339,3512.0,2026-03-05 10:33:00.000 +0530
XXXX080X7348,3965.0,2026-03-05 10:33:00.000 +0530
XXXX080X7352,2985.0,2026-03-05 10:33:00.000 +0530
XXXX080X7414,3144.0,2026-03-05 10:33:00.000 +0530
XXXX080X7477,3862.0,2026-03-05 10:33:00.000 +0530
XXXX080X7494,4861.0,2026-03-05 10:33:00.000 +0530
XXXX080X7507,3277.0,2026-03-05 10:33:00.000 +0530
XXXX080X7572,3626.0,2026-03-05 10:33:00.000 +0530
XXXX080X7575,4018.0,2026-03-05 10:33:00.000 +0530
XXXX080X7622,4420.0,2026-03-05 10:33:00.000 +0530
XXXX080X7749,3572.0,2026-03-05 10:33:00.000 +0530
XXXX080X7753,7125.0,2026-03-05 10:33:00.000 +0530
XXXX080X7772,3403.0,2026-03-05 10:33:00.000 +0530
XXXX080X7921,5887.0,2026-03-05 10:33:00.000 +0530
XXXX080X7970,3305.0,2026-03-05 10:33:00.000 +0530
XXXX080X7977,4012.0,2026-03-05 10:33:00.000 +0530
XXXX080X7986,4877.0,2026-03-05 10:33:00.000 +0530
XXXX080X8003,4044.0,2026-03-05 10:33:00.000 +0530
XXXX080X8021,3756.0,2026-03-05 10:33:00.000 +0530
XXXX080X8035,3103.0,2026-03-05 10:33:00.000 +0530
XXXX080X8104,3047.0,2026-03-05 10:33:00.000 +0530
XXXX080X8177,3933.0,2026-03-05 10:33:00.000 +0530
XXXX080X8188,4747.0,2026-03-05 10:33:00.000 +0530
XXXX080X8245,3767.0,2026-03-05 10:33:00.000 +0530
XXXX080X8272,2637.0,2026-03-05 10:33:00.000 +0530
XXXX080X8303,3819.0,2026-03-05 10:33:00.000 +0530
XXXX080X8312,3101.0,2026-03-05 10:33:00.000 +0530
XXXX080X8329,3744.0,2026-03-05 10:33:00.000 +0530
XXXX080X8330,3534.0,2026-03-05 10:33:00.000 +0530
XXXX080X8335,2956.0,2026-03-05 10:33:00.000 +0530
XXXX080X8367,3568.0,2026-03-05 10:33:00.000 +0530
XXXX080X8372,3683.0,2026-03-05 10:33:00.000 +0530
XXXX080X8389,2698.0,2026-03-05 10:33:00.000 +0530
XXXX080X8402,5028.0,2026-03-05 10:33:00.000 +0530
XXXX080X8403,3384.0,2026-03-05 10:33:00.000 +0530
XXXX080X8419,3274.0,2026-03-05 10:33:00.000 +0530
XXXX080X8452,3472.0,2026-03-05 10:33:00.000 +0530
XXXX080X8469,3155.0,2026-03-05 10:33:00.000 +0530
XXXX080X8495,4981.0,2026-03-05 10:33:00.000 +0530
XXXX080X8670,4135.0,2026-03-05 10:33:00.000 +0530
XXXX080X8674,4716.0,2026-03-05 10:33:00.000 +0530
XXXX080X8712,3187.0,2026-03-05 10:33:00.000 +0530
XXXX080X8763,3101.0,2026-03-05 10:33:00.000 +0530
XXXX080X8782,3939.0,2026-03-05 10:33:00.000 +0530
XXXX080X8797,6320.0,2026-03-05 10:33:00.000 +0530
XXXX080X8910,3391.0,2026-03-05 10:33:00.000 +0530
XXXX080X8952,3494.0,2026-03-05 10:33:00.000 +0530
XXXX080X9035,3250.0,2026-03-05 10:33:00.000 +0530
XXXX080X9071,5701.0,2026-03-05 10:33:00.000 +0530
XXXX080X9099,5115.0,2026-03-05 10:33:00.000 +0530
XXXX080X9109,4228.0,2026-03-05 10:33:00.000 +0530
XXXX080X9115,5259.0,2026-03-05 10:33:00.000 +0530
XXXX080X9123,3071.0,2026-03-05 10:33:00.000 +0530
XXXX080X9141,3338.0,2026-03-05 10:33:00.000 +0530
XXXX080X9196,3642.0,2026-03-05 10:33:00.000 +0530
XXXX080X9203,3960.0,2026-03-05 10:33:00.000 +0530
XXXX080X9216,3511.0,2026-03-05 10:33:00.000 +0530
XXXX080X9232,4121.0,2026-03-05 10:33:00.000 +0530
XXXX080X9283,3644.0,2026-03-05 10:33:00.000 +0530
XXXX080X9289,3658.0,2026-03-05 10:33:00.000 +0530
XXXX080X9290,4731.0,2026-03-05 10:33:00.000 +0530
XXXX080X9353,3768.0,2026-03-05 10:33:00.000 +0530
XXXX080X9355,3657.0,2026-03-05 10:33:00.000 +0530
XXXX080X9395,3359.0,2026-03-05 10:33:00.000 +0530
XXXX080X9398,4021.0,2026-03-05 10:33:00.000 +0530
XXXX080X9430,5126.0,2026-03-05 10:33:00.000 +0530
XXXX080X9439,8890.0,2026-03-05 10:33:00.000 +0530
XXXX080X9488,3493.0,2026-03-05 10:33:00.000 +0530
XXXX080X9494,2998.0,2026-03-05 10:33:00.000 +0530
XXXX080X9513,3768.0,2026-03-05 10:33:00.000 +0530
XXXX080X9532,4727.0,2026-03-05 10:33:00.000 +0530
XXXX080X9569,3399.0,2026-03-05 10:33:00.000 +0530
XXXX080X9586,5670.0,2026-03-05 10:33:00.000 +0530
XXXX080X9605,4736.0,2026-03-05 10:33:00.000 +0530
XXXX080X9629,4892.0,2026-03-05 10:33:00.000 +0530
XXXX080X9667,4394.0,2026-03-05 10:33:00.000 +0530
XXXX080X9715,3426.0,2026-03-05 10:33:00.000 +0530
XXXX080X9716,4202.0,2026-03-05 10:33:00.000 +0530
XXXX080X9723,3139.0,2026-03-05 10:33:00.000 +0530
XXXX080X9751,2706.0,2026-03-05 10:33:00.000 +0530
XXXX080X9821,5086.0,2026-03-05 10:33:00.000 +0530
XXXX080X9824,4522.0,2026-03-05 10:33:00.000 +0530
XXXX080X9842,3512.0,2026-03-05 10:33:00.000 +0530
XXXX080X9866,3361.0,2026-03-05 10:33:00.000 +0530
XXXX080X9869,3569.0,2026-03-05 10:33:00.000 +0530
XXXX080X9909,7535.0,2026-03-05 10:33:00.000 +0530
XXXX080X9928,3437.0,2026-03-05 10:33:00.000 +0530
XXXX080X9944,3643.0,2026-03-05 10:33:00.000 +0530
XXXX080X9966,3281.0,2026-03-05 10:33:00.000 +0530
XXXX081X0018,4625.0,2026-03-05 10:33:00.000 +0530
XXXX081X0022,3883.0,2026-03-05 10:33:00.000 +0530
XXXX081X0047,3531.0,2026-03-05 10:33:00.000 +0530
XXXX081X0084,4287.0,2026-03-05 10:33:00.000 +0530
XXXX081X0094,4098.0,2026-03-05 10:33:00.000 +0530
XXXX081X0152,4534.0,2026-03-05 10:33:00.000 +0530
XXXX081X0158,5136.0,2026-03-05 10:33:00.000 +0530
XXXX081X0172,3281.0,2026-03-05 10:33:00.000 +0530
XXXX081X0186,4201.0,2026-03-05 10:33:00.000 +0530
XXXX081X0295,2670.0,2026-03-05 10:33:00.000 +0530
XXXX081X0301,4457.0,2026-03-05 10:33:00.000 +0530
XXXX081X0311,2330.0,2026-03-05 10:33:00.000 +0530
XXXX081X0315,4882.0,2026-03-05 10:33:00.000 +0530
XXXX081X0337,3327.0,2026-03-05 10:33:00.000 +0530
XXXX081X0340,3999.0,2026-03-05 10:33:00.000 +0530
XXXX081X0357,3943.0,2026-03-05 10:33:00.000 +0530
XXXX081X0363,5037.0,2026-03-05 10:33:00.000 +0530
XXXX081X0424,3315.0,2026-03-05 10:33:00.000 +0530
XXXX081X0429,4498.0,2026-03-05 10:33:00.000 +0530
XXXX081X0443,3272.0,2026-03-05 10:33:00.000 +0530
XXXX081X0465,4311.0,2026-03-05 10:33:00.000 +0530
XXXX081X0524,3827.0,2026-03-05 10:33:00.000 +0530
XXXX081X0534,3361.0,2026-03-05 10:33:00.000 +0530
XXXX081X0537,3226.0,2026-03-05 10:33:00.000 +0530
XXXX081X0578,3125.0,2026-03-05 10:33:00.000 +0530
XXXX081X0589,3057.0,2026-03-05 10:33:00.000 +0530
XXXX081X0633,3101.0,2026-03-05 10:33:00.000 +0530
XXXX081X0638,4280.0,2026-03-05 10:33:00.000 +0530
XXXX081X0671,3839.0,2026-03-05 10:33:00.000 +0530
XXXX081X0753,3055.0,2026-03-05 10:33:00.000 +0530
XXXX081X0880,3804.0,2026-03-05 10:33:00.000 +0530
XXXX081X0897,3442.0,2026-03-05 10:33:00.000 +0530
XXXX081X0899,3777.0,2026-03-05 10:33:00.000 +0530
XXXX081X0936,4189.0,2026-03-05 10:33:00.000 +0530
XXXX081X0985,3838.0,2026-03-05 10:33:00.000 +0530
XXXX081X0989,4031.0,2026-03-05 10:33:00.000 +0530
XXXX081X1005,4784.0,2026-03-05 10:33:00.000 +0530
XXXX081X1065,4499.0,2026-03-05 10:33:00.000 +0530
XXXX081X1073,3368.0,2026-03-05 10:33:00.000 +0530
XXXX081X1122,5541.0,2026-03-05 10:33:00.000 +0530
XXXX081X1129,3162.0,2026-03-05 10:33:00.000 +0530
XXXX081X1143,4446.0,2026-03-05 10:33:00.000 +0530
XXXX081X1155,4276.0,2026-03-05 10:33:00.000 +0530
XXXX081X1160,3048.0,2026-03-05 10:33:00.000 +0530
XXXX081X1181,2264.0,2026-03-05 10:33:00.000 +0530
XXXX081X1215,4476.0,2026-03-05 10:33:00.000 +0530
XXXX081X1221,3124.0,2026-03-05 10:33:00.000 +0530
XXXX081X1289,3189.0,2026-03-05 10:33:00.000 +0530
XXXX081X1290,4170.0,2026-03-05 10:33:00.000 +0530
XXXX081X1298,3471.0,2026-03-05 10:33:00.000 +0530
XXXX081X1317,3808.0,2026-03-05 10:33:00.000 +0530
XXXX081X1334,2738.0,2026-03-05 10:33:00.000 +0530
XXXX081X1353,6110.0,2026-03-05 10:33:00.000 +0530
XXXX081X1381,3146.0,2026-03-05 10:33:00.000 +0530
XXXX081X1392,3706.0,2026-03-05 10:33:00.000 +0530
XXXX081X1399,3118.0,2026-03-05 10:33:00.000 +0530
XXXX081X1421,5128.0,2026-03-05 10:33:00.000 +0530
XXXX081X1476,3014.0,2026-03-05 10:33:00.000 +0530
XXXX081X1484,3246.0,2026-03-05 10:33:00.000 +0530
XXXX081X1504,4814.0,2026-03-05 10:33:00.000 +0530
XXXX081X1527,3347.0,2026-03-05 10:33:00.000 +0530
XXXX081X1609,5162.0,2026-03-05 10:33:00.000 +0530
XXXX081X1640,4529.0,2026-03-05 10:33:00.000 +0530
XXXX081X1676,2886.0,2026-03-05 10:33:00.000 +0530
XXXX081X1707,4156.0,2026-03-05 10:33:00.000 +0530
XXXX081X1733,3137.0,2026-03-05 10:33:00.000 +0530
XXXX081X1744,4513.0,2026-03-05 10:33:00.000 +0530
XXXX081X1797,4887.0,2026-03-05 10:33:00.000 +0530
XXXX081X1828,3347.0,2026-03-05 10:33:00.000 +0530
XXXX081X1844,2986.0,2026-03-05 10:33:00.000 +0530
XXXX081X1848,3124.0,2026-03-05 10:33:00.000 +0530
XXXX081X1851,6744.0,2026-03-05 10:33:00.000 +0530
XXXX081X1853,3024.0,2026-03-05 10:33:00.000 +0530
XXXX081X1883,3827.0,2026-03-05 10:33:00.000 +0530
XXXX081X1907,3521.0,2026-03-05 10:33:00.000 +0530
XXXX081X1927,3890.0,2026-03-05 10:33:00.000 +0530
XXXX081X1963,3578.0,2026-03-05 10:33:00.000 +0530
XXXX081X1970,3543.0,2026-03-05 10:33:00.000 +0530
XXXX081X2014,3751.0,2026-03-05 10:33:00.000 +0530
XXXX081X2082,4033.0,2026-03-05 10:33:00.000 +0530
XXXX081X2095,2406.0,2026-03-05 10:33:00.000 +0530
XXXX081X2133,3845.0,2026-03-05 10:33:00.000 +0530
XXXX081X2144,3044.0,2026-03-05 10:33:00.000 +0530
XXXX081X2155,4771.0,2026-03-05 10:33:00.000 +0530
XXXX081X2179,4565.0,2026-03-05 10:33:00.000 +0530
XXXX081X2259,2815.0,2026-03-05 10:33:00.000 +0530
XXXX081X2280,2605.0,2026-03-05 10:33:00.000 +0530
XXXX081X2327,3974.0,2026-03-05 10:33:00.000 +0530
XXXX081X2347,3006.0,2026-03-05 10:33:00.000 +0530
XXXX081X2348,3009.0,2026-03-05 10:33:00.000 +0530
XXXX081X2426,3050.0,2026-03-05 10:33:00.000 +0530
XXXX081X2488,3525.0,2026-03-05 10:33:00.000 +0530
XXXX081X2500,4383.0,2026-03-05 10:33:00.000 +0530
XXXX081X2510,4312.0,2026-03-05 10:33:00.000 +0530
XXXX081X2593,5446.0,2026-03-05 10:33:00.000 +0530
XXXX081X2644,4667.0,2026-03-05 10:33:00.000 +0530
XXXX081X2690,3248.0,2026-03-05 10:33:00.000 +0530
XXXX081X2768,3319.0,2026-03-05 10:33:00.000 +0530
XXXX081X2782,3730.0,2026-03-05 10:33:00.000 +0530
XXXX081X2791,4021.0,2026-03-05 10:33:00.000 +0530
XXXX081X2812,7551.0,2026-03-05 10:33:00.000 +0530
XXXX081X2853,2937.0,2026-03-05 10:33:00.000 +0530
XXXX081X2883,4342.0,2026-03-05 10:33:00.000 +0530
XXXX081X2897,3517.0,2026-03-05 10:33:00.000 +0530
XXXX081X2898,3605.0,2026-03-05 10:33:00.000 +0530
XXXX081X2902,5032.0,2026-03-05 10:33:00.000 +0530
XXXX081X2964,3372.0,2026-03-05 10:33:00.000 +0530
XXXX081X2965,3994.0,2026-03-05 10:33:00.000 +0530
XXXX081X2976,3986.0,2026-03-05 10:33:00.000 +0530
XXXX081X3040,3032.0,2026-03-05 10:33:00.000 +0530
XXXX081X3047,3557.0,2026-03-05 10:33:00.000 +0530
XXXX081X3129,3893.0,2026-03-05 10:33:00.000 +0530
XXXX081X3140,4991.0,2026-03-05 10:33:00.000 +0530
XXXX081X3166,3105.0,2026-03-05 10:33:00.000 +0530
XXXX081X3172,4021.0,2026-03-05 10:33:00.000 +0530
XXXX081X3201,5646.0,2026-03-05 10:33:00.000 +0530
XXXX081X3257,2644.0,2026-03-05 10:33:00.000 +0530
XXXX081X3259,4633.0,2026-03-05 10:33:00.000 +0530
XXXX081X3279,4363.0,2026-03-05 10:33:00.000 +0530
XXXX081X3294,3199.0,2026-03-05 10:33:00.000 +0530
XXXX081X3424,3934.0,2026-03-05 10:33:00.000 +0530
XXXX081X3454,3390.0,2026-03-05 10:33:00.000 +0530
XXXX081X3458,4371.0,2026-03-05 10:33:00.000 +0530
XXXX081X3461,3097.0,2026-03-05 10:33:00.000 +0530
XXXX081X3493,4616.0,2026-03-05 10:33:00.000 +0530
XXXX081X3515,4579.0,2026-03-05 10:33:00.000 +0530
XXXX081X3553,2615.0,2026-03-05 10:33:00.000 +0530
XXXX081X3610,4496.0,2026-03-05 10:33:00.000 +0530
XXXX081X3640,3832.0,2026-03-05 10:33:00.000 +0530
XXXX081X3687,4503.0,2026-03-05 10:33:00.000 +0530
XXXX081X3718,6910.0,2026-03-05 10:33:00.000 +0530
XXXX081X3782,2694.0,2026-03-05 10:33:00.000 +0530
XXXX081X3786,2822.0,2026-03-05 10:33:00.000 +0530
XXXX081X3812,4528.0,2026-03-05 10:33:00.000 +0530
XXXX081X3846,3579.0,2026-03-05 10:33:00.000 +0530
XXXX081X3852,2980.0,2026-03-05 10:33:00.000 +0530
XXXX081X3855,2973.0,2026-03-05 10:33:00.000 +0530
XXXX081X3878,4307.0,2026-03-05 10:33:00.000 +0530
XXXX081X3892,3124.0,2026-03-05 10:33:00.000 +0530
XXXX081X3893,4277.0,2026-03-05 10:33:00.000 +0530
XXXX081X3950,3044.0,2026-03-05 10:33:00.000 +0530
XXXX081X4068,4612.0,2026-03-05 10:33:00.000 +0530
XXXX081X4069,4522.0,2026-03-05 10:33:00.000 +0530
XXXX081X4072,4013.0,2026-03-05 10:33:00.000 +0530
XXXX081X4101,5375.0,2026-03-05 10:33:00.000 +0530
XXXX081X4113,3273.0,2026-03-05 10:33:00.000 +0530
XXXX081X4144,4285.0,2026-03-05 10:33:00.000 +0530
XXXX081X4174,5577.0,2026-03-05 10:33:00.000 +0530
XXXX081X4181,3300.0,2026-03-05 10:33:00.000 +0530
XXXX081X4280,3714.0,2026-03-05 10:33:00.000 +0530
XXXX081X4285,3498.0,2026-03-05 10:33:00.000 +0530
XXXX081X4298,4014.0,2026-03-05 10:33:00.000 +0530
XXXX081X4342,4739.0,2026-03-05 10:33:00.000 +0530
XXXX081X4363,4965.0,2026-03-05 10:33:00.000 +0530
XXXX081X4376,5971.0,2026-03-05 10:33:00.000 +0530
XXXX081X4425,3709.0,2026-03-05 10:33:00.000 +0530
XXXX081X4471,4353.0,2026-03-05 10:33:00.000 +0530
XXXX081X4541,3044.0,2026-03-05 10:33:00.000 +0530
XXXX081X4569,5437.0,2026-03-05 10:33:00.000 +0530
XXXX081X4613,4558.0,2026-03-05 10:33:00.000 +0530
XXXX081X4639,3250.0,2026-03-05 10:33:00.000 +0530
XXXX081X4660,3927.0,2026-03-05 10:33:00.000 +0530
XXXX081X4746,2406.0,2026-03-05 10:33:00.000 +0530
XXXX081X4752,4769.0,2026-03-05 10:33:00.000 +0530
XXXX081X4758,5810.0,2026-03-05 10:33:00.000 +0530
XXXX081X4793,3863.0,2026-03-05 10:33:00.000 +0530
XXXX081X4806,3491.0,2026-03-05 10:33:00.000 +0530
XXXX081X4811,3837.0,2026-03-05 10:33:00.000 +0530
XXXX081X4923,3142.0,2026-03-05 10:33:00.000 +0530
XXXX081X4939,2490.0,2026-03-05 10:33:00.000 +0530
XXXX081X4949,3456.0,2026-03-05 10:33:00.000 +0530
XXXX081X4965,3400.0,2026-03-05 10:33:00.000 +0530
XXXX081X4974,2673.0,2026-03-05 10:33:00.000 +0530
XXXX081X4978,3911.0,2026-03-05 10:33:00.000 +0530
XXXX081X5021,4142.0,2026-03-05 10:33:00.000 +0530
XXXX081X5022,3071.0,2026-03-05 10:33:00.000 +0530
XXXX081X5076,4410.0,2026-03-05 10:33:00.000 +0530
XXXX081X5172,3299.0,2026-03-05 10:33:00.000 +0530
XXXX081X5199,3957.0,2026-03-05 10:33:00.000 +0530
XXXX081X5265,3227.0,2026-03-05 10:33:00.000 +0530
XXXX081X5271,4503.0,2026-03-05 10:33:00.000 +0530
XXXX081X5353,4010.0,2026-03-05 10:33:00.000 +0530
XXXX081X5374,3796.0,2026-03-05 10:33:00.000 +0530
XXXX081X5397,5829.0,2026-03-05 10:33:00.000 +0530
XXXX081X5414,4583.0,2026-03-05 10:33:00.000 +0530
XXXX081X5455,4923.0,2026-03-05 10:33:00.000 +0530
XXXX081X5478,7332.0,2026-03-05 10:33:00.000 +0530
XXXX081X5485,4923.0,2026-03-05 10:33:00.000 +0530
XXXX081X5554,4153.0,2026-03-05 10:33:00.000 +0530
XXXX081X5575,3005.0,2026-03-05 10:33:00.000 +0530
XXXX081X5636,2914.0,2026-03-05 10:33:00.000 +0530
XXXX081X5677,3674.0,2026-03-05 10:33:00.000 +0530
XXXX081X5683,4358.0,2026-03-05 10:33:00.000 +0530
XXXX081X5704,4402.0,2026-03-05 10:33:00.000 +0530
XXXX081X5717,4265.0,2026-03-05 10:33:00.000 +0530
XXXX081X5727,3398.0,2026-03-05 10:33:00.000 +0530
XXXX081X5820,5743.0,2026-03-05 10:33:00.000 +0530
XXXX081X5859,2698.0,2026-03-05 10:33:00.000 +0530
XXXX081X5904,4445.0,2026-03-05 10:33:00.000 +0530
XXXX081X5911,3303.0,2026-03-05 10:33:00.000 +0530
XXXX081X5951,3300.0,2026-03-05 10:33:00.000 +0530
XXXX081X5981,2692.0,2026-03-05 10:33:00.000 +0530
XXXX081X6055,5041.0,2026-03-05 10:33:00.000 +0530
XXXX081X6075,3338.0,2026-03-05 10:33:00.000 +0530
XXXX081X6095,3944.0,2026-03-05 10:33:00.000 +0530
XXXX081X6116,3293.0,2026-03-05 10:33:00.000 +0530
XXXX081X6196,5379.0,2026-03-05 10:33:00.000 +0530
XXXX081X6210,3237.0,2026-03-05 10:33:00.000 +0530
XXXX081X6224,3499.0,2026-03-05 10:33:00.000 +0530
XXXX081X6252,3312.0,2026-03-05 10:33:00.000 +0530
XXXX081X6288,3119.0,2026-03-05 10:33:00.000 +0530
XXXX081X6345,3205.0,2026-03-05 10:33:00.000 +0530
XXXX081X6352,5883.0,2026-03-05 10:33:00.000 +0530
XXXX081X6388,5188.0,2026-03-05 10:33:00.000 +0530
XXXX081X6523,4014.0,2026-03-05 10:33:00.000 +0530
XXXX081X6538,4503.0,2026-03-05 10:33:00.000 +0530
XXXX081X6631,3605.0,2026-03-05 10:33:00.000 +0530
XXXX081X6697,4653.0,2026-03-05 10:33:00.000 +0530
XXXX081X6708,3387.0,2026-03-05 10:33:00.000 +0530
XXXX081X6772,3773.0,2026-03-05 10:33:00.000 +0530
XXXX081X6792,3353.0,2026-03-05 10:33:00.000 +0530
XXXX081X6811,4442.0,2026-03-05 10:33:00.000 +0530
XXXX081X6853,3494.0,2026-03-05 10:33:00.000 +0530
XXXX081X6859,4272.0,2026-03-05 10:33:00.000 +0530
XXXX081X6921,3216.0,2026-03-05 10:33:00.000 +0530
XXXX081X6940,4185.0,2026-03-05 10:33:00.000 +0530
XXXX081X6945,3159.0,2026-03-05 10:33:00.000 +0530
XXXX081X6968,4220.0,2026-03-05 10:33:00.000 +0530
XXXX081X6969,3532.0,2026-03-05 10:33:00.000 +0530
XXXX081X6981,4239.0,2026-03-05 10:33:00.000 +0530
XXXX081X7025,3052.0,2026-03-05 10:33:00.000 +0530
XXXX081X7084,3937.0,2026-03-05 10:33:00.000 +0530
XXXX081X7133,3486.0,2026-03-05 10:33:00.000 +0530
XXXX081X7193,2932.0,2026-03-05 10:33:00.000 +0530
XXXX081X7245,7918.0,2026-03-05 10:33:00.000 +0530
XXXX081X7290,3116.0,2026-03-05 10:33:00.000 +0530
XXXX081X7458,3865.0,2026-03-05 10:33:00.000 +0530
XXXX081X7511,3689.0,2026-03-05 10:33:00.000 +0530
XXXX081X7515,4938.0,2026-03-05 10:33:00.000 +0530
XXXX081X7519,2686.0,2026-03-05 10:33:00.000 +0530
XXXX081X7615,5515.0,2026-03-05 10:33:00.000 +0530
XXXX081X7638,3590.0,2026-03-05 10:33:00.000 +0530
XXXX081X7663,2836.0,2026-03-05 10:33:00.000 +0530
XXXX081X7767,4820.0,2026-03-05 10:33:00.000 +0530
XXXX081X7778,3995.0,2026-03-05 10:33:00.000 +0530
XXXX081X7781,3185.0,2026-03-05 10:33:00.000 +0530
XXXX081X7794,4858.0,2026-03-05 10:33:00.000 +0530
XXXX081X7974,4002.0,2026-03-05 10:33:00.000 +0530
XXXX081X7989,2983.0,2026-03-05 10:33:00.000 +0530
XXXX081X8015,6621.0,2026-03-05 10:33:00.000 +0530
XXXX081X8067,2880.0,2026-03-05 10:33:00.000 +0530
XXXX081X8085,3352.0,2026-03-05 10:33:00.000 +0530
XXXX081X8105,4394.0,2026-03-05 10:33:00.000 +0530
XXXX081X8111,3768.0,2026-03-05 10:33:00.000 +0530
XXXX081X8166,3624.0,2026-03-05 10:33:00.000 +0530
XXXX081X8177,3270.0,2026-03-05 10:33:00.000 +0530
XXXX081X8204,3311.0,2026-03-05 10:33:00.000 +0530
XXXX081X8206,6244.0,2026-03-05 10:33:00.000 +0530
XXXX081X8221,3514.0,2026-03-05 10:33:00.000 +0530
XXXX081X8282,3261.0,2026-03-05 10:33:00.000 +0530
XXXX081X8293,3185.0,2026-03-05 10:33:00.000 +0530
XXXX081X8322,5139.0,2026-03-05 10:33:00.000 +0530
XXXX081X8356,6025.0,2026-03-05 10:33:00.000 +0530
XXXX081X8398,5203.0,2026-03-05 10:33:00.000 +0530
XXXX081X8446,3300.0,2026-03-05 10:33:00.000 +0530
XXXX081X8485,4430.0,2026-03-05 10:33:00.000 +0530
XXXX081X8524,4057.0,2026-03-05 10:33:00.000 +0530
XXXX081X8528,5139.0,2026-03-05 10:33:00.000 +0530
XXXX081X8534,3308.0,2026-03-05 10:33:00.000 +0530
XXXX081X8555,2712.0,2026-03-05 10:33:00.000 +0530
XXXX081X8559,4695.0,2026-03-05 10:33:00.000 +0530
XXXX081X8578,3326.0,2026-03-05 10:33:00.000 +0530
XXXX081X8585,2780.0,2026-03-05 10:33:00.000 +0530
XXXX081X8592,2941.0,2026-03-05 10:33:00.000 +0530
XXXX081X8609,4123.0,2026-03-05 10:33:00.000 +0530
XXXX081X8654,2849.0,2026-03-05 10:33:00.000 +0530
XXXX081X8684,3956.0,2026-03-05 10:33:00.000 +0530
XXXX081X8719,3334.0,2026-03-05 10:33:00.000 +0530
XXXX081X8763,4493.0,2026-03-05 10:33:00.000 +0530
XXXX081X8784,3805.0,2026-03-05 10:33:00.000 +0530
XXXX081X8806,3246.0,2026-03-05 10:33:00.000 +0530
XXXX081X8837,3444.0,2026-03-05 10:33:00.000 +0530
XXXX081X8886,4485.0,2026-03-05 10:33:00.000 +0530
XXXX081X8961,5231.0,2026-03-05 10:33:00.000 +0530
XXXX081X9036,4034.0,2026-03-05 10:33:00.000 +0530
XXXX081X9063,3957.0,2026-03-05 10:33:00.000 +0530
XXXX081X9098,3140.0,2026-03-05 10:33:00.000 +0530
XXXX081X9111,2947.0,2026-03-05 10:33:00.000 +0530
XXXX081X9185,3949.0,2026-03-05 10:33:00.000 +0530
XXXX081X9217,4111.0,2026-03-05 10:33:00.000 +0530
XXXX081X9250,3639.0,2026-03-05 10:33:00.000 +0530
XXXX081X9281,3134.0,2026-03-05 10:33:00.000 +0530
XXXX081X9292,3854.0,2026-03-05 10:33:00.000 +0530
XXXX081X9293,4472.0,2026-03-05 10:33:00.000 +0530
XXXX081X9336,3304.0,2026-03-05 10:33:00.000 +0530
XXXX081X9347,2836.0,2026-03-05 10:33:00.000 +0530
XXXX081X9381,3413.0,2026-03-05 10:33:00.000 +0530
XXXX081X9390,5672.0,2026-03-05 10:33:00.000 +0530
XXXX081X9427,3580.0,2026-03-05 10:33:00.000 +0530
XXXX081X9507,3085.0,2026-03-05 10:33:00.000 +0530
XXXX081X9526,3917.0,2026-03-05 10:33:00.000 +0530
XXXX081X9534,3282.0,2026-03-05 10:33:00.000 +0530
XXXX081X9576,4202.0,2026-03-05 10:33:00.000 +0530
XXXX081X9626,3485.0,2026-03-05 10:33:00.000 +0530
XXXX081X9663,2016.0,2026-03-05 10:33:00.000 +0530
XXXX081X9666,3828.0,2026-03-05 10:33:00.000 +0530
XXXX081X9744,3215.0,2026-03-05 10:33:00.000 +0530
XXXX081X9760,4368.0,2026-03-05 10:33:00.000 +0530
XXXX081X9807,2902.0,2026-03-05 10:33:00.000 +0530
XXXX081X9867,8560.0,2026-03-05 10:33:00.000 +0530
XXXX081X9947,4934.0,2026-03-05 10:33:00.000 +0530
XXXX082X0010,4633.0,2026-03-05 10:33:00.000 +0530
XXXX082X0028,4205.0,2026-03-05 10:33:00.000 +0530
XXXX082X0039,3741.0,2026-03-05 10:33:00.000 +0530
XXXX082X0079,3156.0,2026-03-05 10:33:00.000 +0530
XXXX082X0091,3774.0,2026-03-05 10:33:00.000 +0530
XXXX082X0135,4249.0,2026-03-05 10:33:00.000 +0530
XXXX082X0148,3122.0,2026-03-05 10:33:00.000 +0530
XXXX082X0167,5451.0,2026-03-05 10:33:00.000 +0530
XXXX082X0231,3704.0,2026-03-05 10:33:00.000 +0530
XXXX082X0315,3227.0,2026-03-05 10:33:00.000 +0530
XXXX082X0372,4083.0,2026-03-05 10:33:00.000 +0530
XXXX082X0396,4037.0,2026-03-05 10:33:00.000 +0530
XXXX082X0398,3827.0,2026-03-05 10:33:00.000 +0530
XXXX082X0401,2876.0,2026-03-05 10:33:00.000 +0530
XXXX082X0450,6444.0,2026-03-05 10:33:00.000 +0530
XXXX082X0468,4742.0,2026-03-05 10:33:00.000 +0530
XXXX082X0473,3424.0,2026-03-05 10:33:00.000 +0530
XXXX082X0529,4193.0,2026-03-05 10:33:00.000 +0530
XXXX082X0589,3085.0,2026-03-05 10:33:00.000 +0530
XXXX082X0594,3109.0,2026-03-05 10:33:00.000 +0530
XXXX082X0629,6133.0,2026-03-05 10:33:00.000 +0530
XXXX082X0640,4831.0,2026-03-05 10:33:00.000 +0530
XXXX082X0643,3389.0,2026-03-05 10:33:00.000 +0530
XXXX082X0710,3556.0,2026-03-05 10:33:00.000 +0530
XXXX082X0761,3921.0,2026-03-05 10:33:00.000 +0530
XXXX082X0773,5817.0,2026-03-05 10:33:00.000 +0530
XXXX082X0774,3483.0,2026-03-05 10:33:00.000 +0530
XXXX082X0784,3345.0,2026-03-05 10:33:00.000 +0530
XXXX082X0804,3270.0,2026-03-05 10:33:00.000 +0530
XXXX082X0811,4582.0,2026-03-05 10:33:00.000 +0530
XXXX082X0815,3327.0,2026-03-05 10:33:00.000 +0530
XXXX082X0839,3261.0,2026-03-05 10:33:00.000 +0530
XXXX082X0856,4481.0,2026-03-05 10:33:00.000 +0530
XXXX082X0860,3172.0,2026-03-05 10:33:00.000 +0530
XXXX082X0866,3843.0,2026-03-05 10:33:00.000 +0530
XXXX082X0888,3646.0,2026-03-05 10:33:00.000 +0530
XXXX082X0897,4214.0,2026-03-05 10:33:00.000 +0530
XXXX082X0972,3368.0,2026-03-05 10:33:00.000 +0530
XXXX082X1012,3925.0,2026-03-05 10:33:00.000 +0530
XXXX082X1019,3307.0,2026-03-05 10:33:00.000 +0530
XXXX082X1023,2956.0,2026-03-05 10:33:00.000 +0530
XXXX082X1030,4825.0,2026-03-05 10:33:00.000 +0530
XXXX082X1040,5203.0,2026-03-05 10:33:00.000 +0530
XXXX082X1090,3761.0,2026-03-05 10:33:00.000 +0530
XXXX082X1114,4688.0,2026-03-05 10:33:00.000 +0530
XXXX082X1116,3860.0,2026-03-05 10:33:00.000 +0530
XXXX082X1146,4061.0,2026-03-05 10:33:00.000 +0530
XXXX082X1208,3817.0,2026-03-05 10:33:00.000 +0530
XXXX082X1241,3990.0,2026-03-05 10:33:00.000 +0530
XXXX082X1248,3715.0,2026-03-05 10:33:00.000 +0530
XXXX082X1250,3222.0,2026-03-05 10:33:00.000 +0530
XXXX082X1290,4173.0,2026-03-05 10:33:00.000 +0530
XXXX082X1291,3480.0,2026-03-05 10:33:00.000 +0530
XXXX082X1313,3557.0,2026-03-05 10:33:00.000 +0530
XXXX082X1376,3922.0,2026-03-05 10:33:00.000 +0530
XXXX082X1390,3994.0,2026-03-05 10:33:00.000 +0530
XXXX082X1391,3958.0,2026-03-05 10:33:00.000 +0530
XXXX082X1393,2901.0,2026-03-05 10:33:00.000 +0530
XXXX082X1440,5265.0,2026-03-05 10:33:00.000 +0530
XXXX082X1466,5621.0,2026-03-05 10:33:00.000 +0530
XXXX082X1468,2163.0,2026-03-05 10:33:00.000 +0530
XXXX082X1484,2963.0,2026-03-05 10:33:00.000 +0530
XXXX082X1545,6181.0,2026-03-05 10:33:00.000 +0530
XXXX082X1546,4708.0,2026-03-05 10:33:00.000 +0530
XXXX082X1564,7177.0,2026-03-05 10:33:00.000 +0530
XXXX082X1583,2727.0,2026-03-05 10:33:00.000 +0530
XXXX082X1589,4162.0,2026-03-05 10:33:00.000 +0530
XXXX082X1600,3316.0,2026-03-05 10:33:00.000 +0530
XXXX082X1619,6199.0,2026-03-05 10:33:00.000 +0530
XXXX082X1621,7782.0,2026-03-05 10:33:00.000 +0530
XXXX082X1652,3358.0,2026-03-05 10:33:00.000 +0530
XXXX082X1666,3756.0,2026-03-05 10:33:00.000 +0530
XXXX082X1676,5364.0,2026-03-05 10:33:00.000 +0530
XXXX082X1690,3768.0,2026-03-05 10:33:00.000 +0530
XXXX082X1705,3129.0,2026-03-05 10:33:00.000 +0530
XXXX082X1725,4254.0,2026-03-05 10:33:00.000 +0530
XXXX082X1735,4726.0,2026-03-05 10:33:00.000 +0530
XXXX082X1744,3509.0,2026-03-05 10:33:00.000 +0530
XXXX082X1750,3349.0,2026-03-05 10:33:00.000 +0530
XXXX082X1761,5103.0,2026-03-05 10:33:00.000 +0530
XXXX082X1768,3277.0,2026-03-05 10:33:00.000 +0530
XXXX082X1804,3449.0,2026-03-05 10:33:00.000 +0530
XXXX082X1805,4451.0,2026-03-05 10:33:00.000 +0530
XXXX082X1827,3616.0,2026-03-05 10:33:00.000 +0530
XXXX082X1864,3908.0,2026-03-05 10:33:00.000 +0530
XXXX082X1872,5699.0,2026-03-05 10:33:00.000 +0530
XXXX082X1901,3516.0,2026-03-05 10:33:00.000 +0530
XXXX082X1914,4529.0,2026-03-05 10:33:00.000 +0530
XXXX082X1915,3287.0,2026-03-05 10:33:00.000 +0530
XXXX082X1942,3536.0,2026-03-05 10:33:00.000 +0530
XXXX082X1956,3372.0,2026-03-05 10:33:00.000 +0530
XXXX082X1963,2796.0,2026-03-05 10:33:00.000 +0530
XXXX082X1971,3101.0,2026-03-05 10:33:00.000 +0530
XXXX082X1990,4321.0,2026-03-05 10:33:00.000 +0530
XXXX082X1996,4063.0,2026-03-05 10:33:00.000 +0530
XXXX082X2004,3964.0,2026-03-05 10:33:00.000 +0530
XXXX082X2009,5209.0,2026-03-05 10:33:00.000 +0530
XXXX082X2044,2805.0,2026-03-05 10:33:00.000 +0530
XXXX082X2059,3674.0,2026-03-05 10:33:00.000 +0530
XXXX082X2078,3628.0,2026-03-05 10:33:00.000 +0530
XXXX082X2113,3746.0,2026-03-05 10:33:00.000 +0530
XXXX082X2119,4897.0,2026-03-05 10:33:00.000 +0530
XXXX082X2140,3644.0,2026-03-05 10:33:00.000 +0530
XXXX082X2161,3434.0,2026-03-05 10:33:00.000 +0530
XXXX082X2203,5743.0,2026-03-05 10:33:00.000 +0530
XXXX082X2253,3315.0,2026-03-05 10:33:00.000 +0530
XXXX082X2259,3061.0,2026-03-05 10:33:00.000 +0530
XXXX082X2263,4504.0,2026-03-05 10:33:00.000 +0530
XXXX082X2277,3552.0,2026-03-05 10:33:00.000 +0530
XXXX082X2284,4615.0,2026-03-05 10:33:00.000 +0530
XXXX082X2298,3706.0,2026-03-05 10:33:00.000 +0530
XXXX082X2348,5224.0,2026-03-05 10:33:00.000 +0530
XXXX082X2364,3449.0,2026-03-05 10:33:00.000 +0530
XXXX082X2372,5672.0,2026-03-05 10:33:00.000 +0530
XXXX082X2389,4095.0,2026-03-05 10:33:00.000 +0530
XXXX082X2413,3817.0,2026-03-05 10:33:00.000 +0530
XXXX082X2434,3110.0,2026-03-05 10:33:00.000 +0530
XXXX082X2456,4212.0,2026-03-05 10:33:00.000 +0530
XXXX082X2471,3402.0,2026-03-05 10:33:00.000 +0530
XXXX082X2488,3772.0,2026-03-05 10:33:00.000 +0530
XXXX082X2493,2902.0,2026-03-05 10:33:00.000 +0530
XXXX082X2505,4204.0,2026-03-05 10:33:00.000 +0530
XXXX082X2542,3673.0,2026-03-05 10:33:00.000 +0530
XXXX082X2600,4311.0,2026-03-05 10:33:00.000 +0530
XXXX082X2641,4370.0,2026-03-05 10:33:00.000 +0530
XXXX082X2679,4213.0,2026-03-05 10:33:00.000 +0530
XXXX082X2709,3363.0,2026-03-05 10:33:00.000 +0530
XXXX082X2739,3472.0,2026-03-05 10:33:00.000 +0530
XXXX082X2786,4705.0,2026-03-05 10:33:00.000 +0530
XXXX082X2809,4080.0,2026-03-05 10:33:00.000 +0530
XXXX082X2831,3894.0,2026-03-05 10:33:00.000 +0530
XXXX082X2839,3653.0,2026-03-05 10:33:00.000 +0530
XXXX082X2888,3323.0,2026-03-05 10:33:00.000 +0530
XXXX082X2900,4520.0,2026-03-05 10:33:00.000 +0530
XXXX082X2946,3265.0,2026-03-05 10:33:00.000 +0530
XXXX082X2982,4314.0,2026-03-05 10:33:00.000 +0530
XXXX082X2985,6137.0,2026-03-05 10:33:00.000 +0530
XXXX082X3013,7435.0,2026-03-05 10:33:00.000 +0530
XXXX082X3044,2902.0,2026-03-05 10:33:00.000 +0530
XXXX082X3065,3670.0,2026-03-05 10:33:00.000 +0530
XXXX082X3099,3449.0,2026-03-05 10:33:00.000 +0530
XXXX082X3112,2826.0,2026-03-05 10:33:00.000 +0530
XXXX082X3144,3269.0,2026-03-05 10:33:00.000 +0530
XXXX082X3199,3781.0,2026-03-05 10:33:00.000 +0530
XXXX082X3227,3537.0,2026-03-05 10:33:00.000 +0530
XXXX082X3236,3369.0,2026-03-05 10:33:00.000 +0530
XXXX082X3241,3021.0,2026-03-05 10:33:00.000 +0530
XXXX082X3421,4524.0,2026-03-05 10:33:00.000 +0530
XXXX082X3439,3713.0,2026-03-05 10:33:00.000 +0530
XXXX082X3440,3264.0,2026-03-05 10:33:00.000 +0530
XXXX082X3449,3714.0,2026-03-05 10:33:00.000 +0530
XXXX082X3477,5368.0,2026-03-05 10:33:00.000 +0530
XXXX082X3479,2922.0,2026-03-05 10:33:00.000 +0530
XXXX082X3636,4363.0,2026-03-05 10:33:00.000 +0530
XXXX082X3647,3074.0,2026-03-05 10:33:00.000 +0530
XXXX082X3652,3453.0,2026-03-05 10:33:00.000 +0530
XXXX082X3653,4607.0,2026-03-05 10:33:00.000 +0530
XXXX082X3681,3560.0,2026-03-05 10:33:00.000 +0530
XXXX082X3687,4481.0,2026-03-05 10:33:00.000 +0530
XXXX082X3690,3166.0,2026-03-05 10:33:00.000 +0530
XXXX082X3693,5729.0,2026-03-05 10:33:00.000 +0530
XXXX082X3731,3240.0,2026-03-05 10:33:00.000 +0530
XXXX082X3762,4121.0,2026-03-05 10:33:00.000 +0530
XXXX082X3796,3568.0,2026-03-05 10:33:00.000 +0530
XXXX082X3811,2127.0,2026-03-05 10:33:00.000 +0530
XXXX082X3826,4158.0,2026-03-05 10:33:00.000 +0530
XXXX082X3833,6002.0,2026-03-05 10:33:00.000 +0530
XXXX082X3838,2477.0,2026-03-05 10:33:00.000 +0530
XXXX082X3858,3857.0,2026-03-05 10:33:00.000 +0530
XXXX082X3899,3605.0,2026-03-05 10:33:00.000 +0530
XXXX082X3905,3803.0,2026-03-05 10:33:00.000 +0530
XXXX082X3911,4404.0,2026-03-05 10:33:00.000 +0530
XXXX082X3926,4416.0,2026-03-05 10:33:00.000 +0530
XXXX082X3935,4069.0,2026-03-05 10:33:00.000 +0530
XXXX082X3963,4313.0,2026-03-05 10:33:00.000 +0530
XXXX082X4048,4626.0,2026-03-05 10:33:00.000 +0530
XXXX082X4088,4072.0,2026-03-05 10:33:00.000 +0530
XXXX082X4093,3995.0,2026-03-05 10:33:00.000 +0530
XXXX082X4094,2867.0,2026-03-05 10:33:00.000 +0530
XXXX082X4102,3273.0,2026-03-05 10:33:00.000 +0530
XXXX082X4138,3230.0,2026-03-05 10:33:00.000 +0530
XXXX082X4153,7638.0,2026-03-05 10:33:00.000 +0530
XXXX082X4156,4241.0,2026-03-05 10:33:00.000 +0530
XXXX082X4172,3437.0,2026-03-05 10:33:00.000 +0530
XXXX082X4192,3248.0,2026-03-05 10:33:00.000 +0530
XXXX082X4203,4259.0,2026-03-05 10:33:00.000 +0530
XXXX082X4210,3086.0,2026-03-05 10:33:00.000 +0530
XXXX082X4237,5665.0,2026-03-05 10:33:00.000 +0530
XXXX082X4281,3676.0,2026-03-05 10:33:00.000 +0530
XXXX082X4283,3170.0,2026-03-05 10:33:00.000 +0530
XXXX082X4294,6657.0,2026-03-05 10:33:00.000 +0530
XXXX082X4306,3315.0,2026-03-05 10:33:00.000 +0530
XXXX082X4311,4645.0,2026-03-05 10:33:00.000 +0530
XXXX082X4312,3987.0,2026-03-05 10:33:00.000 +0530
XXXX082X4360,5449.0,2026-03-05 10:33:00.000 +0530
XXXX082X4363,4319.0,2026-03-05 10:33:00.000 +0530
XXXX082X4369,8663.0,2026-03-05 10:33:00.000 +0530
XXXX082X4380,3373.0,2026-03-05 10:33:00.000 +0530
XXXX082X4383,4998.0,2026-03-05 10:33:00.000 +0530
XXXX082X4417,3068.0,2026-03-05 10:33:00.000 +0530
XXXX082X4478,3261.0,2026-03-05 10:33:00.000 +0530
XXXX082X4483,3036.0,2026-03-05 10:33:00.000 +0530
XXXX082X4484,4366.0,2026-03-05 10:33:00.000 +0530
XXXX082X4526,3976.0,2026-03-05 10:33:00.000 +0530
XXXX082X4552,3601.0,2026-03-05 10:33:00.000 +0530
XXXX082X4559,8678.0,2026-03-05 10:33:00.000 +0530
XXXX082X4561,3055.0,2026-03-05 10:33:00.000 +0530
XXXX082X4598,3336.0,2026-03-05 10:33:00.000 +0530
XXXX082X4636,4040.0,2026-03-05 10:33:00.000 +0530
XXXX082X4637,4441.0,2026-03-05 10:33:00.000 +0530
XXXX082X4639,3129.0,2026-03-05 10:33:00.000 +0530
XXXX082X4668,4637.0,2026-03-05 10:33:00.000 +0530
XXXX082X4672,2975.0,2026-03-05 10:33:00.000 +0530
XXXX082X4678,4762.0,2026-03-05 10:33:00.000 +0530
XXXX082X4710,3774.0,2026-03-05 10:33:00.000 +0530
XXXX082X4737,3135.0,2026-03-05 10:33:00.000 +0530
XXXX082X4748,4622.0,2026-03-05 10:33:00.000 +0530
XXXX082X4782,4995.0,2026-03-05 10:33:00.000 +0530
XXXX082X4795,4134.0,2026-03-05 10:33:00.000 +0530
XXXX082X4814,3365.0,2026-03-05 10:33:00.000 +0530
XXXX082X4830,2910.0,2026-03-05 10:33:00.000 +0530
XXXX082X4867,3769.0,2026-03-05 10:33:00.000 +0530
XXXX082X4910,4773.0,2026-03-05 10:33:00.000 +0530
XXXX082X4949,4225.0,2026-03-05 10:33:00.000 +0530
XXXX082X4984,6236.0,2026-03-05 10:33:00.000 +0530
XXXX082X4999,6573.0,2026-03-05 10:33:00.000 +0530
XXXX082X5000,4599.0,2026-03-05 10:33:00.000 +0530
XXXX082X5011,3061.0,2026-03-05 10:33:00.000 +0530
XXXX082X5015,4173.0,2026-03-05 10:33:00.000 +0530
XXXX082X5051,6027.0,2026-03-05 10:33:00.000 +0530
XXXX082X5054,3537.0,2026-03-05 10:33:00.000 +0530
XXXX082X5148,4940.0,2026-03-05 10:33:00.000 +0530
XXXX082X5158,4301.0,2026-03-05 10:33:00.000 +0530
XXXX082X5167,4965.0,2026-03-05 10:33:00.000 +0530
XXXX082X5172,5293.0,2026-03-05 10:33:00.000 +0530
XXXX082X5177,3580.0,2026-03-05 10:33:00.000 +0530
XXXX082X5181,4067.0,2026-03-05 10:33:00.000 +0530
XXXX082X5236,2799.0,2026-03-05 10:33:00.000 +0530
XXXX082X5254,4503.0,2026-03-05 10:33:00.000 +0530
XXXX082X5271,3919.0,2026-03-05 10:33:00.000 +0530
XXXX082X5304,4736.0,2026-03-05 10:33:00.000 +0530
XXXX082X5330,3323.0,2026-03-05 10:33:00.000 +0530
XXXX082X5378,4713.0,2026-03-05 10:33:00.000 +0530
XXXX082X5382,3200.0,2026-03-05 10:33:00.000 +0530
XXXX082X5400,4932.0,2026-03-05 10:33:00.000 +0530
XXXX082X5417,3958.0,2026-03-05 10:33:00.000 +0530
XXXX082X5443,4051.0,2026-03-05 10:33:00.000 +0530
XXXX082X5457,4589.0,2026-03-05 10:33:00.000 +0530
XXXX082X5466,3282.0,2026-03-05 10:33:00.000 +0530
XXXX082X5467,3773.0,2026-03-05 10:33:00.000 +0530
XXXX082X5525,4697.0,2026-03-05 10:33:00.000 +0530
XXXX082X5552,4232.0,2026-03-05 10:33:00.000 +0530
XXXX082X5602,2750.0,2026-03-05 10:33:00.000 +0530
XXXX082X5629,3813.0,2026-03-05 10:33:00.000 +0530
XXXX082X5673,5010.0,2026-03-05 10:33:00.000 +0530
XXXX082X5702,4622.0,2026-03-05 10:33:00.000 +0530
XXXX082X5704,4462.0,2026-03-05 10:33:00.000 +0530
XXXX082X5705,3939.0,2026-03-05 10:33:00.000 +0530
XXXX082X5719,4197.0,2026-03-05 10:33:00.000 +0530
XXXX082X5794,3552.0,2026-03-05 10:33:00.000 +0530
XXXX082X5827,3505.0,2026-03-05 10:33:00.000 +0530
XXXX082X5828,2936.0,2026-03-05 10:33:00.000 +0530
XXXX082X5860,3444.0,2026-03-05 10:33:00.000 +0530
XXXX082X5866,3761.0,2026-03-05 10:33:00.000 +0530
XXXX082X5868,3033.0,2026-03-05 10:33:00.000 +0530
XXXX082X5932,4171.0,2026-03-05 10:33:00.000 +0530
XXXX082X5939,3189.0,2026-03-05 10:33:00.000 +0530
XXXX082X5946,3957.0,2026-03-05 10:33:00.000 +0530
XXXX082X5953,3674.0,2026-03-05 10:33:00.000 +0530
XXXX082X5956,2877.0,2026-03-05 10:33:00.000 +0530
XXXX082X5957,3529.0,2026-03-05 10:33:00.000 +0530
XXXX082X5970,4789.0,2026-03-05 10:33:00.000 +0530
XXXX082X5993,3995.0,2026-03-05 10:33:00.000 +0530
XXXX082X5994,5087.0,2026-03-05 10:33:00.000 +0530
XXXX082X6018,4990.0,2026-03-05 10:33:00.000 +0530
XXXX082X6022,3794.0,2026-03-05 10:33:00.000 +0530
XXXX082X6042,3266.0,2026-03-05 10:33:00.000 +0530
XXXX082X6065,3819.0,2026-03-05 10:33:00.000 +0530
XXXX082X6084,3292.0,2026-03-05 10:33:00.000 +0530
XXXX082X6127,4114.0,2026-03-05 10:33:00.000 +0530
XXXX082X6165,4207.0,2026-03-05 10:33:00.000 +0530
XXXX082X6189,5603.0,2026-03-05 10:33:00.000 +0530
XXXX082X6196,5479.0,2026-03-05 10:33:00.000 +0530
XXXX082X6197,3667.0,2026-03-05 10:33:00.000 +0530
XXXX082X6294,3476.0,2026-03-05 10:33:00.000 +0530
XXXX082X6296,3041.0,2026-03-05 10:33:00.000 +0530
XXXX082X6331,4547.0,2026-03-05 10:33:00.000 +0530
XXXX082X6363,3690.0,2026-03-05 10:33:00.000 +0530
XXXX082X6423,3359.0,2026-03-05 10:33:00.000 +0530
XXXX082X6492,5097.0,2026-03-05 10:33:00.000 +0530
XXXX082X6551,2999.0,2026-03-05 10:33:00.000 +0530
XXXX082X6553,4472.0,2026-03-05 10:33:00.000 +0530
XXXX082X6610,3267.0,2026-03-05 10:33:00.000 +0530
XXXX082X6626,2676.0,2026-03-05 10:33:00.000 +0530
XXXX082X6665,3023.0,2026-03-05 10:33:00.000 +0530
XXXX082X6672,3419.0,2026-03-05 10:33:00.000 +0530
XXXX082X6696,5535.0,2026-03-05 10:33:00.000 +0530
XXXX082X6713,2750.0,2026-03-05 10:33:00.000 +0530
XXXX082X6721,2389.0,2026-03-05 10:33:00.000 +0530
XXXX082X6746,3598.0,2026-03-05 10:33:00.000 +0530
XXXX082X6783,3977.0,2026-03-05 10:33:00.000 +0530
XXXX082X6787,7588.0,2026-03-05 10:33:00.000 +0530
XXXX082X6814,3549.0,2026-03-05 10:33:00.000 +0530
XXXX082X6818,5315.0,2026-03-05 10:33:00.000 +0530
XXXX082X6839,2960.0,2026-03-05 10:33:00.000 +0530
XXXX082X6858,4667.0,2026-03-05 10:33:00.000 +0530
XXXX082X6867,3382.0,2026-03-05 10:33:00.000 +0530
XXXX082X6870,4167.0,2026-03-05 10:33:00.000 +0530
XXXX082X6914,3776.0,2026-03-05 10:33:00.000 +0530
XXXX082X6916,3113.0,2026-03-05 10:33:00.000 +0530
XXXX082X6923,2895.0,2026-03-05 10:33:00.000 +0530
XXXX082X6948,4487.0,2026-03-05 10:33:00.000 +0530
XXXX082X6980,5707.0,2026-03-05 10:33:00.000 +0530
XXXX082X7022,4581.0,2026-03-05 10:33:00.000 +0530
XXXX082X7033,3170.0,2026-03-05 10:33:00.000 +0530
XXXX082X7036,3512.0,2026-03-05 10:33:00.000 +0530
XXXX082X7047,3422.0,2026-03-05 10:33:00.000 +0530
XXXX082X7057,3743.0,2026-03-05 10:33:00.000 +0530
XXXX082X7068,3469.0,2026-03-05 10:33:00.000 +0530
XXXX082X7075,5066.0,2026-03-05 10:33:00.000 +0530
XXXX082X7088,4805.0,2026-03-05 10:33:00.000 +0530
XXXX082X7133,2960.0,2026-03-05 10:33:00.000 +0530
XXXX082X7136,4295.0,2026-03-05 10:33:00.000 +0530
XXXX082X7153,3122.0,2026-03-05 10:33:00.000 +0530
XXXX082X7162,5873.0,2026-03-05 10:33:00.000 +0530
XXXX082X7166,4499.0,2026-03-05 10:33:00.000 +0530
XXXX082X7195,6100.0,2026-03-05 10:33:00.000 +0530
XXXX082X7200,3666.0,2026-03-05 10:33:00.000 +0530
XXXX082X7203,4046.0,2026-03-05 10:33:00.000 +0530
XXXX082X7223,3771.0,2026-03-05 10:33:00.000 +0530
XXXX082X7225,4393.0,2026-03-05 10:33:00.000 +0530
XXXX082X7258,3144.0,2026-03-05 10:33:00.000 +0530
XXXX082X7272,2895.0,2026-03-05 10:33:00.000 +0530
XXXX082X7292,3269.0,2026-03-05 10:33:00.000 +0530
XXXX082X7300,4046.0,2026-03-05 10:33:00.000 +0530
XXXX082X7319,2603.0,2026-03-05 10:33:00.000 +0530
XXXX082X7333,3378.0,2026-03-05 10:33:00.000 +0530
XXXX082X7447,3752.0,2026-03-05 10:33:00.000 +0530
XXXX082X7470,3300.0,2026-03-05 10:33:00.000 +0530
XXXX082X7492,4628.0,2026-03-05 10:33:00.000 +0530
XXXX082X7547,2811.0,2026-03-05 10:33:00.000 +0530
XXXX082X7556,3319.0,2026-03-05 10:33:00.000 +0530
XXXX082X7562,3100.0,2026-03-05 10:33:00.000 +0530
XXXX082X7569,4002.0,2026-03-05 10:33:00.000 +0530
XXXX082X7593,4097.0,2026-03-05 10:33:00.000 +0530
XXXX082X7604,5528.0,2026-03-05 10:33:00.000 +0530
XXXX082X7629,4084.0,2026-03-05 10:33:00.000 +0530
XXXX082X7653,3517.0,2026-03-05 10:33:00.000 +0530
XXXX082X7679,4567.0,2026-03-05 10:33:00.000 +0530
XXXX082X7683,4250.0,2026-03-05 10:33:00.000 +0530
XXXX082X7689,2911.0,2026-03-05 10:33:00.000 +0530
XXXX082X7696,3579.0,2026-03-05 10:33:00.000 +0530
XXXX082X7716,2932.0,2026-03-05 10:33:00.000 +0530
XXXX082X7730,2784.0,2026-03-05 10:33:00.000 +0530
XXXX082X7736,3358.0,2026-03-05 10:33:00.000 +0530
XXXX082X7777,3453.0,2026-03-05 10:33:00.000 +0530
XXXX082X7791,3954.0,2026-03-05 10:33:00.000 +0530
XXXX082X7800,3743.0,2026-03-05 10:33:00.000 +0530
XXXX082X7811,3466.0,2026-03-05 10:33:00.000 +0530
XXXX082X7839,3059.0,2026-03-05 10:33:00.000 +0530
XXXX082X7865,3891.0,2026-03-05 10:33:00.000 +0530
XXXX082X7886,7258.0,2026-03-05 10:33:00.000 +0530
XXXX082X7893,3013.0,2026-03-05 10:33:00.000 +0530
XXXX082X7906,4471.0,2026-03-05 10:33:00.000 +0530
XXXX082X7923,3365.0,2026-03-05 10:33:00.000 +0530
XXXX082X7944,3607.0,2026-03-05 10:33:00.000 +0530
XXXX082X7973,3624.0,2026-03-05 10:33:00.000 +0530
XXXX082X7978,5740.0,2026-03-05 10:33:00.000 +0530
XXXX082X7988,3586.0,2026-03-05 10:33:00.000 +0530
XXXX082X7996,3491.0,2026-03-05 10:33:00.000 +0530
XXXX082X7999,3254.0,2026-03-05 10:33:00.000 +0530
XXXX082X8003,3148.0,2026-03-05 10:33:00.000 +0530
XXXX082X8047,4037.0,2026-03-05 10:33:00.000 +0530
XXXX082X8053,4107.0,2026-03-05 10:33:00.000 +0530
XXXX082X8057,4061.0,2026-03-05 10:33:00.000 +0530
XXXX082X8081,4581.0,2026-03-05 10:33:00.000 +0530
XXXX082X8142,4752.0,2026-03-05 10:33:00.000 +0530
XXXX082X8190,3722.0,2026-03-05 10:33:00.000 +0530
XXXX082X8194,3876.0,2026-03-05 10:33:00.000 +0530
XXXX082X8214,3270.0,2026-03-05 10:33:00.000 +0530
XXXX082X8227,3240.0,2026-03-05 10:33:00.000 +0530
XXXX082X8253,3819.0,2026-03-05 10:33:00.000 +0530
XXXX082X8256,3303.0,2026-03-05 10:33:00.000 +0530
XXXX082X8268,4453.0,2026-03-05 10:33:00.000 +0530
XXXX082X8275,2647.0,2026-03-05 10:33:00.000 +0530
XXXX082X8279,3017.0,2026-03-05 10:33:00.000 +0530
XXXX082X8280,4428.0,2026-03-05 10:33:00.000 +0530
XXXX082X8327,7203.0,2026-03-05 10:33:00.000 +0530
XXXX082X8333,3605.0,2026-03-05 10:33:00.000 +0530
XXXX082X8377,4264.0,2026-03-05 10:33:00.000 +0530
XXXX082X8392,3801.0,2026-03-05 10:33:00.000 +0530
XXXX082X8406,3349.0,2026-03-05 10:33:00.000 +0530
XXXX082X8408,3208.0,2026-03-05 10:33:00.000 +0530
XXXX082X8428,4046.0,2026-03-05 10:33:00.000 +0530
XXXX082X8457,3700.0,2026-03-05 10:33:00.000 +0530
XXXX082X8461,2928.0,2026-03-05 10:33:00.000 +0530
XXXX082X8468,2994.0,2026-03-05 10:33:00.000 +0530
XXXX082X8488,3152.0,2026-03-05 10:33:00.000 +0530
XXXX082X8515,3735.0,2026-03-05 10:33:00.000 +0530
XXXX082X8518,3887.0,2026-03-05 10:33:00.000 +0530
XXXX082X8558,4391.0,2026-03-05 10:33:00.000 +0530
XXXX082X8625,3306.0,2026-03-05 10:33:00.000 +0530
XXXX082X8631,3159.0,2026-03-05 10:33:00.000 +0530
XXXX082X8651,4063.0,2026-03-05 10:33:00.000 +0530
XXXX082X8661,4150.0,2026-03-05 10:33:00.000 +0530
XXXX082X8686,2980.0,2026-03-05 10:33:00.000 +0530
XXXX082X8690,3085.0,2026-03-05 10:33:00.000 +0530
XXXX082X8692,3581.0,2026-03-05 10:33:00.000 +0530
XXXX082X8723,6127.0,2026-03-05 10:33:00.000 +0530
XXXX082X8746,5056.0,2026-03-05 10:33:00.000 +0530
XXXX082X8788,5325.0,2026-03-05 10:33:00.000 +0530
XXXX082X8824,2992.0,2026-03-05 10:33:00.000 +0530
XXXX082X8842,3083.0,2026-03-05 10:33:00.000 +0530
XXXX082X8847,4088.0,2026-03-05 10:33:00.000 +0530
XXXX082X8907,4468.0,2026-03-05 10:33:00.000 +0530
XXXX082X8945,4965.0,2026-03-05 10:33:00.000 +0530
XXXX082X8989,3504.0,2026-03-05 10:33:00.000 +0530
XXXX082X9002,4429.0,2026-03-05 10:33:00.000 +0530
XXXX082X9010,3514.0,2026-03-05 10:33:00.000 +0530
XXXX082X9055,4446.0,2026-03-05 10:33:00.000 +0530
XXXX082X9067,4930.0,2026-03-05 10:33:00.000 +0530
XXXX082X9071,2683.0,2026-03-05 10:33:00.000 +0530
XXXX082X9104,2929.0,2026-03-05 10:33:00.000 +0530
XXXX082X9107,3575.0,2026-03-05 10:33:00.000 +0530
XXXX082X9115,4895.0,2026-03-05 10:33:00.000 +0530
XXXX082X9123,3679.0,2026-03-05 10:33:00.000 +0530
XXXX082X9147,2835.0,2026-03-05 10:33:00.000 +0530
XXXX082X9221,5022.0,2026-03-05 10:33:00.000 +0530
XXXX082X9224,3460.0,2026-03-05 10:33:00.000 +0530
XXXX082X9262,4124.0,2026-03-05 10:33:00.000 +0530
XXXX082X9277,5729.0,2026-03-05 10:33:00.000 +0530
XXXX082X9313,4083.0,2026-03-05 10:33:00.000 +0530
XXXX082X9318,2837.0,2026-03-05 10:33:00.000 +0530
XXXX082X9383,5488.0,2026-03-05 10:33:00.000 +0530
XXXX082X9385,2960.0,2026-03-05 10:33:00.000 +0530
XXXX082X9395,4629.0,2026-03-05 10:33:00.000 +0530
XXXX082X9411,3482.0,2026-03-05 10:33:00.000 +0530
XXXX082X9425,4542.0,2026-03-05 10:33:00.000 +0530
XXXX082X9442,2862.0,2026-03-05 10:33:00.000 +0530
XXXX082X9453,4712.0,2026-03-05 10:33:00.000 +0530
XXXX082X9461,3453.0,2026-03-05 10:33:00.000 +0530
XXXX082X9468,5473.0,2026-03-05 10:33:00.000 +0530
XXXX082X9481,4682.0,2026-03-05 10:33:00.000 +0530
XXXX082X9499,3533.0,2026-03-05 10:33:00.000 +0530
XXXX082X9505,3899.0,2026-03-05 10:33:00.000 +0530
XXXX082X9514,3631.0,2026-03-05 10:33:00.000 +0530
XXXX082X9518,5298.0,2026-03-05 10:33:00.000 +0530
XXXX082X9526,3059.0,2026-03-05 10:33:00.000 +0530
XXXX082X9603,3647.0,2026-03-05 10:33:00.000 +0530
XXXX082X9607,4072.0,2026-03-05 10:33:00.000 +0530
XXXX082X9635,3665.0,2026-03-05 10:33:00.000 +0530
XXXX082X9658,3728.0,2026-03-05 10:33:00.000 +0530
XXXX082X9662,3455.0,2026-03-05 10:33:00.000 +0530
XXXX082X9689,3269.0,2026-03-05 10:33:00.000 +0530
XXXX082X9741,3285.0,2026-03-05 10:33:00.000 +0530
XXXX082X9749,4590.0,2026-03-05 10:33:00.000 +0530
XXXX082X9756,3059.0,2026-03-05 10:33:00.000 +0530
XXXX082X9758,3826.0,2026-03-05 10:33:00.000 +0530
XXXX082X9781,4198.0,2026-03-05 10:33:00.000 +0530
XXXX082X9788,3118.0,2026-03-05 10:33:00.000 +0530
XXXX082X9808,3463.0,2026-03-05 10:33:00.000 +0530
XXXX082X9832,3015.0,2026-03-05 10:33:00.000 +0530
XXXX082X9849,3761.0,2026-03-05 10:33:00.000 +0530
XXXX082X9863,4537.0,2026-03-05 10:33:00.000 +0530
XXXX082X9901,3620.0,2026-03-05 10:33:00.000 +0530
XXXX082X9907,5136.0,2026-03-05 10:33:00.000 +0530
XXXX082X9915,4238.0,2026-03-05 10:33:00.000 +0530
XXXX082X9920,3739.0,2026-03-05 10:33:00.000 +0530
XXXX082X9922,3865.0,2026-03-05 10:33:00.000 +0530
XXXX082X9935,2444.0,2026-03-05 10:33:00.000 +0530
XXXX082X9948,3365.0,2026-03-05 10:33:00.000 +0530
XXXX082X9950,5258.0,2026-03-05 10:33:00.000 +0530
XXXX082X9960,4327.0,2026-03-05 10:33:00.000 +0530
XXXX082X9963,3450.0,2026-03-05 10:33:00.000 +0530
XXXX082X9969,3384.0,2026-03-05 10:33:00.000 +0530
XXXX082X9984,3496.0,2026-03-05 10:33:00.000 +0530
XXXX082X9989,2663.0,2026-03-05 10:33:00.000 +0530
XXXX083X0006,3226.0,2026-03-05 10:33:00.000 +0530
XXXX083X0028,5976.0,2026-03-05 10:33:00.000 +0530
XXXX083X0077,3246.0,2026-03-05 10:33:00.000 +0530
XXXX083X0079,3749.0,2026-03-05 10:33:00.000 +0530
XXXX083X0091,6598.0,2026-03-05 10:33:00.000 +0530
XXXX083X0126,3376.0,2026-03-05 10:33:00.000 +0530
XXXX083X0146,5631.0,2026-03-05 10:33:00.000 +0530
XXXX083X0154,4094.0,2026-03-05 10:33:00.000 +0530
XXXX083X0159,4682.0,2026-03-05 10:33:00.000 +0530
XXXX083X0166,3485.0,2026-03-05 10:33:00.000 +0530
XXXX083X0175,4965.0,2026-03-05 10:33:00.000 +0530
XXXX083X0192,3286.0,2026-03-05 10:33:00.000 +0530
XXXX083X0204,3687.0,2026-03-05 10:33:00.000 +0530
XXXX083X0208,4643.0,2026-03-05 10:33:00.000 +0530
XXXX083X0212,4539.0,2026-03-05 10:33:00.000 +0530
XXXX083X0213,4445.0,2026-03-05 10:33:00.000 +0530
XXXX083X0224,4150.0,2026-03-05 10:33:00.000 +0530
XXXX083X0255,2387.0,2026-03-05 10:33:00.000 +0530
XXXX083X0268,4430.0,2026-03-05 10:33:00.000 +0530
XXXX083X0286,2941.0,2026-03-05 10:33:00.000 +0530
XXXX083X0287,3189.0,2026-03-05 10:33:00.000 +0530
XXXX083X0296,3727.0,2026-03-05 10:33:00.000 +0530
XXXX083X0298,4498.0,2026-03-05 10:33:00.000 +0530
XXXX083X0326,4130.0,2026-03-05 10:33:00.000 +0530
XXXX083X0327,2990.0,2026-03-05 10:33:00.000 +0530
XXXX083X0340,4189.0,2026-03-05 10:33:00.000 +0530
XXXX083X0355,2629.0,2026-03-05 10:33:00.000 +0530
XXXX083X0366,6680.0,2026-03-05 10:33:00.000 +0530
XXXX083X0368,6391.0,2026-03-05 10:33:00.000 +0530
XXXX083X0392,3048.0,2026-03-05 10:33:00.000 +0530
XXXX083X0395,2902.0,2026-03-05 10:33:00.000 +0530
XXXX083X0397,3857.0,2026-03-05 10:33:00.000 +0530
XXXX083X0398,2967.0,2026-03-05 10:33:00.000 +0530
XXXX083X0410,4682.0,2026-03-05 10:33:00.000 +0530
XXXX083X0425,5166.0,2026-03-05 10:33:00.000 +0530
XXXX083X0428,4033.0,2026-03-05 10:33:00.000 +0530
XXXX083X0451,3159.0,2026-03-05 10:33:00.000 +0530
XXXX083X0464,6603.0,2026-03-05 10:33:00.000 +0530
XXXX083X0491,3884.0,2026-03-05 10:33:00.000 +0530
XXXX083X0534,3491.0,2026-03-05 10:33:00.000 +0530
XXXX083X0543,3958.0,2026-03-05 10:33:00.000 +0530
XXXX083X0548,3673.0,2026-03-05 10:33:00.000 +0530
XXXX083X0618,2750.0,2026-03-05 10:33:00.000 +0530
XXXX083X0628,4776.0,2026-03-05 10:33:00.000 +0530
XXXX083X0654,4731.0,2026-03-05 10:33:00.000 +0530
XXXX083X0657,4326.0,2026-03-05 10:33:00.000 +0530
XXXX083X0659,5700.0,2026-03-05 10:33:00.000 +0530
XXXX083X0662,3170.0,2026-03-05 10:33:00.000 +0530
XXXX083X0716,4327.0,2026-03-05 10:33:00.000 +0530
XXXX083X0717,2712.0,2026-03-05 10:33:00.000 +0530
XXXX083X0727,5573.0,2026-03-05 10:33:00.000 +0530
XXXX083X0733,3172.0,2026-03-05 10:33:00.000 +0530
XXXX083X0734,4635.0,2026-03-05 10:33:00.000 +0530
XXXX083X0741,3361.0,2026-03-05 10:33:00.000 +0530
XXXX083X0784,4047.0,2026-03-05 10:33:00.000 +0530
XXXX083X0798,4472.0,2026-03-05 10:33:00.000 +0530
XXXX083X0800,4250.0,2026-03-05 10:33:00.000 +0530
XXXX083X0862,5177.0,2026-03-05 10:33:00.000 +0530
XXXX083X0879,3410.0,2026-03-05 10:33:00.000 +0530
XXXX083X0897,4332.0,2026-03-05 10:33:00.000 +0530
XXXX083X0898,3556.0,2026-03-05 10:33:00.000 +0530
XXXX083X0906,3252.0,2026-03-05 10:33:00.000 +0530
XXXX083X0917,3085.0,2026-03-05 10:33:00.000 +0530
XXXX083X0937,3374.0,2026-03-05 10:33:00.000 +0530
XXXX083X0947,5640.0,2026-03-05 10:33:00.000 +0530
XXXX083X0956,3828.0,2026-03-05 10:33:00.000 +0530
XXXX083X0968,3818.0,2026-03-05 10:33:00.000 +0530
XXXX083X0972,4239.0,2026-03-05 10:33:00.000 +0530
XXXX083X0979,3447.0,2026-03-05 10:33:00.000 +0530
XXXX083X0984,3743.0,2026-03-05 10:33:00.000 +0530
XXXX083X0987,4617.0,2026-03-05 10:33:00.000 +0530
XXXX083X0998,4173.0,2026-03-05 10:33:00.000 +0530
XXXX083X1004,3284.0,2026-03-05 10:33:00.000 +0530
XXXX083X1032,4656.0,2026-03-05 10:33:00.000 +0530
XXXX083X1037,3696.0,2026-03-05 10:33:00.000 +0530
XXXX083X1049,5253.0,2026-03-05 10:33:00.000 +0530
XXXX083X1051,6483.0,2026-03-05 10:33:00.000 +0530
XXXX083X1058,4029.0,2026-03-05 10:33:00.000 +0530
XXXX083X1068,5692.0,2026-03-05 10:33:00.000 +0530
XXXX083X1090,4959.0,2026-03-05 10:33:00.000 +0530
XXXX083X1092,5084.0,2026-03-05 10:33:00.000 +0530
XXXX083X1094,4186.0,2026-03-05 10:33:00.000 +0530
XXXX083X1096,3636.0,2026-03-05 10:33:00.000 +0530
XXXX083X1101,3085.0,2026-03-05 10:33:00.000 +0530
XXXX083X1110,3561.0,2026-03-05 10:33:00.000 +0530
XXXX083X1125,2542.0,2026-03-05 10:33:00.000 +0530
XXXX083X1167,3152.0,2026-03-05 10:33:00.000 +0530
XXXX083X1179,4962.0,2026-03-05 10:33:00.000 +0530
XXXX083X1198,3523.0,2026-03-05 10:33:00.000 +0530
XXXX083X1208,3384.0,2026-03-05 10:33:00.000 +0530
XXXX083X1224,4176.0,2026-03-05 10:33:00.000 +0530
XXXX083X1233,3617.0,2026-03-05 10:33:00.000 +0530
XXXX083X1245,3307.0,2026-03-05 10:33:00.000 +0530
XXXX083X1250,3219.0,2026-03-05 10:33:00.000 +0530
XXXX083X1265,4657.0,2026-03-05 10:33:00.000 +0530
XXXX083X1269,3441.0,2026-03-05 10:33:00.000 +0530
XXXX083X1273,5753.0,2026-03-05 10:33:00.000 +0530
XXXX083X1286,4440.0,2026-03-05 10:33:00.000 +0530
XXXX083X1294,3605.0,2026-03-05 10:33:00.000 +0530
XXXX083X1296,3197.0,2026-03-05 10:33:00.000 +0530
XXXX083X1313,4956.0,2026-03-05 10:33:00.000 +0530
XXXX083X1325,3523.0,2026-03-05 10:33:00.000 +0530
XXXX083X1328,5655.0,2026-03-05 10:33:00.000 +0530
XXXX083X1331,4254.0,2026-03-05 10:33:00.000 +0530
XXXX083X1341,3962.0,2026-03-05 10:33:00.000 +0530
XXXX083X1356,3303.0,2026-03-05 10:33:00.000 +0530
XXXX083X1359,2945.0,2026-03-05 10:33:00.000 +0530
XXXX083X1382,4316.0,2026-03-05 10:33:00.000 +0530
XXXX083X1392,3489.0,2026-03-05 10:33:00.000 +0530
XXXX083X1425,3754.0,2026-03-05 10:33:00.000 +0530
XXXX083X1429,3092.0,2026-03-05 10:33:00.000 +0530
XXXX083X1433,4974.0,2026-03-05 10:33:00.000 +0530
XXXX083X1464,3951.0,2026-03-05 10:33:00.000 +0530
XXXX083X1555,3566.0,2026-03-05 10:33:00.000 +0530
XXXX083X1630,3730.0,2026-03-05 10:33:00.000 +0530
XXXX083X1644,4714.0,2026-03-05 10:33:00.000 +0530
XXXX083X1656,4337.0,2026-03-05 10:33:00.000 +0530
XXXX083X1685,3590.0,2026-03-05 10:33:00.000 +0530
XXXX083X1709,3554.0,2026-03-05 10:33:00.000 +0530
XXXX083X1712,3098.0,2026-03-05 10:33:00.000 +0530
XXXX083X1740,3307.0,2026-03-05 10:33:00.000 +0530
XXXX083X1744,2463.0,2026-03-05 10:33:00.000 +0530
XXXX083X1746,4659.0,2026-03-05 10:33:00.000 +0530
XXXX083X1750,3552.0,2026-03-05 10:33:00.000 +0530
XXXX083X1755,4596.0,2026-03-05 10:33:00.000 +0530
XXXX083X1777,4232.0,2026-03-05 10:33:00.000 +0530
XXXX083X1810,3657.0,2026-03-05 10:33:00.000 +0530
XXXX083X1819,3444.0,2026-03-05 10:33:00.000 +0530
XXXX083X1839,4965.0,2026-03-05 10:33:00.000 +0530
XXXX083X1846,4166.0,2026-03-05 10:33:00.000 +0530
XXXX083X1853,3179.0,2026-03-05 10:33:00.000 +0530
XXXX083X1854,5181.0,2026-03-05 10:33:00.000 +0530
XXXX083X1861,3582.0,2026-03-05 10:33:00.000 +0530
XXXX083X1865,3932.0,2026-03-05 10:33:00.000 +0530
XXXX083X1889,3528.0,2026-03-05 10:33:00.000 +0530
XXXX083X1894,4234.0,2026-03-05 10:33:00.000 +0530
XXXX083X1895,3142.0,2026-03-05 10:33:00.000 +0530
XXXX083X1905,5447.0,2026-03-05 10:33:00.000 +0530
XXXX083X1917,4315.0,2026-03-05 10:33:00.000 +0530
XXXX083X1918,4363.0,2026-03-05 10:33:00.000 +0530
XXXX083X1928,2814.0,2026-03-05 10:33:00.000 +0530
XXXX083X1946,4623.0,2026-03-05 10:33:00.000 +0530
XXXX083X1948,2952.0,2026-03-05 10:33:00.000 +0530
XXXX083X1969,3018.0,2026-03-05 10:33:00.000 +0530
XXXX083X1984,3844.0,2026-03-05 10:33:00.000 +0530
XXXX083X2008,3526.0,2026-03-05 10:33:00.000 +0530
XXXX083X2039,3966.0,2026-03-05 10:33:00.000 +0530
XXXX083X2059,3240.0,2026-03-05 10:33:00.000 +0530
XXXX083X2085,3270.0,2026-03-05 10:33:00.000 +0530
XXXX083X2138,3777.0,2026-03-05 10:33:00.000 +0530
XXXX083X2162,4301.0,2026-03-05 10:33:00.000 +0530
XXXX083X2172,3995.0,2026-03-05 10:33:00.000 +0530
XXXX083X2202,3216.0,2026-03-05 10:33:00.000 +0530
XXXX083X2214,3384.0,2026-03-05 10:33:00.000 +0530
XXXX083X2303,3923.0,2026-03-05 10:33:00.000 +0530
XXXX083X2309,2784.0,2026-03-05 10:33:00.000 +0530
XXXX083X2312,3580.0,2026-03-05 10:33:00.000 +0530
XXXX083X2324,2746.0,2026-03-05 10:33:00.000 +0530
XXXX083X2334,4383.0,2026-03-05 10:33:00.000 +0530
XXXX083X2336,2722.0,2026-03-05 10:33:00.000 +0530
XXXX083X2352,3011.0,2026-03-05 10:33:00.000 +0530
XXXX083X2356,2979.0,2026-03-05 10:33:00.000 +0530
XXXX083X2361,3992.0,2026-03-05 10:33:00.000 +0530
XXXX083X2363,3330.0,2026-03-05 10:33:00.000 +0530
XXXX083X2382,3709.0,2026-03-05 10:33:00.000 +0530
XXXX083X2462,3917.0,2026-03-05 10:33:00.000 +0530
XXXX083X2492,3585.0,2026-03-05 10:33:00.000 +0530
XXXX083X2528,3660.0,2026-03-05 10:33:00.000 +0530
XXXX083X2542,3692.0,2026-03-05 10:33:00.000 +0530
XXXX083X2561,3478.0,2026-03-05 10:33:00.000 +0530
XXXX083X2571,4602.0,2026-03-05 10:33:00.000 +0530
XXXX083X2608,3319.0,2026-03-05 10:33:00.000 +0530
XXXX083X2611,4264.0,2026-03-05 10:33:00.000 +0530
XXXX083X2652,3629.0,2026-03-05 10:33:00.000 +0530
XXXX083X2656,2880.0,2026-03-05 10:33:00.000 +0530
XXXX083X2663,5184.0,2026-03-05 10:33:00.000 +0530
XXXX083X2665,3746.0,2026-03-05 10:33:00.000 +0530
XXXX083X2694,3709.0,2026-03-05 10:33:00.000 +0530
XXXX083X2726,6522.0,2026-03-05 10:33:00.000 +0530
XXXX083X2745,2814.0,2026-03-05 10:33:00.000 +0530
XXXX083X2769,3296.0,2026-03-05 10:33:00.000 +0530
XXXX083X2792,4255.0,2026-03-05 10:33:00.000 +0530
XXXX083X2793,3644.0,2026-03-05 10:33:00.000 +0530
XXXX083X2820,6898.0,2026-03-05 10:33:00.000 +0530
XXXX083X2829,3901.0,2026-03-05 10:33:00.000 +0530
XXXX083X2857,4632.0,2026-03-05 10:33:00.000 +0530
XXXX083X2881,4764.0,2026-03-05 10:33:00.000 +0530
XXXX083X2912,5370.0,2026-03-05 10:33:00.000 +0530
XXXX083X2976,3202.0,2026-03-05 10:33:00.000 +0530
XXXX083X3003,3101.0,2026-03-05 10:33:00.000 +0530
XXXX083X3046,3244.0,2026-03-05 10:33:00.000 +0530
XXXX083X3075,5693.0,2026-03-05 10:33:00.000 +0530
XXXX083X3107,3713.0,2026-03-05 10:33:00.000 +0530
XXXX083X3140,6109.0,2026-03-05 10:33:00.000 +0530
XXXX083X3146,4965.0,2026-03-05 10:33:00.000 +0530
XXXX083X3181,4129.0,2026-03-05 10:33:00.000 +0530
XXXX083X3193,3166.0,2026-03-05 10:33:00.000 +0530
XXXX083X3215,3437.0,2026-03-05 10:33:00.000 +0530
XXXX083X3250,3787.0,2026-03-05 10:33:00.000 +0530
XXXX083X3259,3837.0,2026-03-05 10:33:00.000 +0530
XXXX083X3287,3751.0,2026-03-05 10:33:00.000 +0530
XXXX083X3317,3246.0,2026-03-05 10:33:00.000 +0530
XXXX083X3339,2925.0,2026-03-05 10:33:00.000 +0530
XXXX083X3358,3282.0,2026-03-05 10:33:00.000 +0530
XXXX083X3370,4843.0,2026-03-05 10:33:00.000 +0530
XXXX083X3372,3767.0,2026-03-05 10:33:00.000 +0530
XXXX083X3377,5720.0,2026-03-05 10:33:00.000 +0530
XXXX083X3390,4647.0,2026-03-05 10:33:00.000 +0530
XXXX083X3403,3491.0,2026-03-05 10:33:00.000 +0530
XXXX083X3412,3273.0,2026-03-05 10:33:00.000 +0530
XXXX083X3416,3782.0,2026-03-05 10:33:00.000 +0530
XXXX083X3428,5017.0,2026-03-05 10:33:00.000 +0530
XXXX083X3454,2437.0,2026-03-05 10:33:00.000 +0530
XXXX083X3459,4008.0,2026-03-05 10:33:00.000 +0530
XXXX083X3473,4280.0,2026-03-05 10:33:00.000 +0530
XXXX083X3485,3179.0,2026-03-05 10:33:00.000 +0530
XXXX083X3493,3939.0,2026-03-05 10:33:00.000 +0530
XXXX083X3526,3195.0,2026-03-05 10:33:00.000 +0530
XXXX083X3536,3229.0,2026-03-05 10:33:00.000 +0530
XXXX083X3556,3437.0,2026-03-05 10:33:00.000 +0530
XXXX083X3599,3569.0,2026-03-05 10:33:00.000 +0530
XXXX083X3627,3047.0,2026-03-05 10:33:00.000 +0530
XXXX083X3636,6198.0,2026-03-05 10:33:00.000 +0530
XXXX083X3642,3503.0,2026-03-05 10:33:00.000 +0530
XXXX083X3643,3246.0,2026-03-05 10:33:00.000 +0530
XXXX083X3682,3323.0,2026-03-05 10:33:00.000 +0530
XXXX083X3683,3322.0,2026-03-05 10:33:00.000 +0530
XXXX083X3699,6493.0,2026-03-05 10:33:00.000 +0530
XXXX083X3740,2979.0,2026-03-05 10:33:00.000 +0530
XXXX083X3774,3953.0,2026-03-05 10:33:00.000 +0530
XXXX083X3788,3670.0,2026-03-05 10:33:00.000 +0530
XXXX083X3794,3930.0,2026-03-05 10:33:00.000 +0530
XXXX083X3797,2578.0,2026-03-05 10:33:00.000 +0530
XXXX083X3887,3345.0,2026-03-05 10:33:00.000 +0530
XXXX083X3894,4598.0,2026-03-05 10:33:00.000 +0530
XXXX083X3931,3036.0,2026-03-05 10:33:00.000 +0530
XXXX083X3946,3827.0,2026-03-05 10:33:00.000 +0530
XXXX083X3948,5589.0,2026-03-05 10:33:00.000 +0530
XXXX083X3967,3392.0,2026-03-05 10:33:00.000 +0530
XXXX083X3971,4305.0,2026-03-05 10:33:00.000 +0530
XXXX083X3973,5525.0,2026-03-05 10:33:00.000 +0530
XXXX083X3976,3093.0,2026-03-05 10:33:00.000 +0530
XXXX083X3983,2860.0,2026-03-05 10:33:00.000 +0530
XXXX083X3996,3734.0,2026-03-05 10:33:00.000 +0530
XXXX083X4032,3506.0,2026-03-05 10:33:00.000 +0530
XXXX083X4034,2422.0,2026-03-05 10:33:00.000 +0530
XXXX083X4049,3963.0,2026-03-05 10:33:00.000 +0530
XXXX083X4070,6838.0,2026-03-05 10:33:00.000 +0530
XXXX083X4085,4687.0,2026-03-05 10:33:00.000 +0530
XXXX083X4089,4410.0,2026-03-05 10:33:00.000 +0530
XXXX083X4114,3709.0,2026-03-05 10:33:00.000 +0530
XXXX083X4144,2902.0,2026-03-05 10:33:00.000 +0530
XXXX083X4174,3565.0,2026-03-05 10:33:00.000 +0530
XXXX083X4177,3506.0,2026-03-05 10:33:00.000 +0530
XXXX083X4246,5943.0,2026-03-05 10:33:00.000 +0530
XXXX083X4277,4075.0,2026-03-05 10:33:00.000 +0530
XXXX083X4278,3281.0,2026-03-05 10:33:00.000 +0530
XXXX083X4288,3491.0,2026-03-05 10:33:00.000 +0530
XXXX083X4291,2670.0,2026-03-05 10:33:00.000 +0530
XXXX083X4303,3713.0,2026-03-05 10:33:00.000 +0530
XXXX083X4317,5470.0,2026-03-05 10:33:00.000 +0530
XXXX083X4335,3880.0,2026-03-05 10:33:00.000 +0530
XXXX083X4343,3590.0,2026-03-05 10:33:00.000 +0530
XXXX083X4349,3478.0,2026-03-05 10:33:00.000 +0530
XXXX083X4386,3208.0,2026-03-05 10:33:00.000 +0530
XXXX083X4401,2829.0,2026-03-05 10:33:00.000 +0530
XXXX083X4409,3896.0,2026-03-05 10:33:00.000 +0530
XXXX083X4410,3229.0,2026-03-05 10:33:00.000 +0530
XXXX083X4414,6640.0,2026-03-05 10:33:00.000 +0530
XXXX083X4433,5292.0,2026-03-05 10:33:00.000 +0530
XXXX083X4444,4892.0,2026-03-05 10:33:00.000 +0530
XXXX083X4455,3254.0,2026-03-05 10:33:00.000 +0530
XXXX083X4458,3712.0,2026-03-05 10:33:00.000 +0530
XXXX083X4493,5212.0,2026-03-05 10:33:00.000 +0530
XXXX083X4499,3346.0,2026-03-05 10:33:00.000 +0530
XXXX083X4513,2490.0,2026-03-05 10:33:00.000 +0530
XXXX083X4516,4228.0,2026-03-05 10:33:00.000 +0530
XXXX083X4533,4115.0,2026-03-05 10:33:00.000 +0530
XXXX083X4534,3384.0,2026-03-05 10:33:00.000 +0530
XXXX083X4535,5608.0,2026-03-05 10:33:00.000 +0530
XXXX083X4542,3478.0,2026-03-05 10:33:00.000 +0530
XXXX083X4580,3281.0,2026-03-05 10:33:00.000 +0530
XXXX083X4591,3342.0,2026-03-05 10:33:00.000 +0530
XXXX083X4601,5425.0,2026-03-05 10:33:00.000 +0530
XXXX083X4603,4479.0,2026-03-05 10:33:00.000 +0530
XXXX083X4606,4521.0,2026-03-05 10:33:00.000 +0530
XXXX083X4628,3410.0,2026-03-05 10:33:00.000 +0530
XXXX083X4654,9084.0,2026-03-05 10:33:00.000 +0530
XXXX083X4666,3233.0,2026-03-05 10:33:00.000 +0530
XXXX083X4670,3564.0,2026-03-05 10:33:00.000 +0530
XXXX083X4678,2960.0,2026-03-05 10:33:00.000 +0530
XXXX083X4681,3761.0,2026-03-05 10:33:00.000 +0530
XXXX083X4693,3227.0,2026-03-05 10:33:00.000 +0530
XXXX083X4710,2852.0,2026-03-05 10:33:00.000 +0530
XXXX083X4748,3044.0,2026-03-05 10:33:00.000 +0530
XXXX083X4749,3189.0,2026-03-05 10:33:00.000 +0530
XXXX083X4799,3528.0,2026-03-05 10:33:00.000 +0530
XXXX083X4809,3270.0,2026-03-05 10:33:00.000 +0530
XXXX083X4821,3192.0,2026-03-05 10:33:00.000 +0530
XXXX083X4823,4010.0,2026-03-05 10:33:00.000 +0530
XXXX083X4876,3487.0,2026-03-05 10:33:00.000 +0530
XXXX083X4890,4831.0,2026-03-05 10:33:00.000 +0530
XXXX083X4891,4157.0,2026-03-05 10:33:00.000 +0530
XXXX083X4942,5580.0,2026-03-05 10:33:00.000 +0530
XXXX083X4947,3397.0,2026-03-05 10:33:00.000 +0530
XXXX083X4977,3581.0,2026-03-05 10:33:00.000 +0530
XXXX083X4979,3811.0,2026-03-05 10:33:00.000 +0530
XXXX083X5000,5039.0,2026-03-05 10:33:00.000 +0530
XXXX083X5001,3325.0,2026-03-05 10:33:00.000 +0530
XXXX083X5009,3124.0,2026-03-05 10:33:00.000 +0530
XXXX083X5067,3678.0,2026-03-05 10:33:00.000 +0530
XXXX083X5090,3850.0,2026-03-05 10:33:00.000 +0530
XXXX083X5135,3549.0,2026-03-05 10:33:00.000 +0530
XXXX083X5150,3207.0,2026-03-05 10:33:00.000 +0530
XXXX083X5154,3292.0,2026-03-05 10:33:00.000 +0530
XXXX083X5173,3578.0,2026-03-05 10:33:00.000 +0530
XXXX083X5182,3337.0,2026-03-05 10:33:00.000 +0530
XXXX083X5210,3197.0,2026-03-05 10:33:00.000 +0530
XXXX083X5234,3813.0,2026-03-05 10:33:00.000 +0530
XXXX083X5238,3992.0,2026-03-05 10:33:00.000 +0530
XXXX083X5239,3370.0,2026-03-05 10:33:00.000 +0530
XXXX083X5246,4088.0,2026-03-05 10:33:00.000 +0530
XXXX083X5249,4868.0,2026-03-05 10:33:00.000 +0530
XXXX083X5273,2449.0,2026-03-05 10:33:00.000 +0530
XXXX083X5308,4901.0,2026-03-05 10:33:00.000 +0530
XXXX083X5331,2943.0,2026-03-05 10:33:00.000 +0530
XXXX083X5340,4033.0,2026-03-05 10:33:00.000 +0530
XXXX083X5355,3327.0,2026-03-05 10:33:00.000 +0530
XXXX083X5380,2980.0,2026-03-05 10:33:00.000 +0530
XXXX083X5383,5072.0,2026-03-05 10:33:00.000 +0530
XXXX083X5393,4420.0,2026-03-05 10:33:00.000 +0530
XXXX083X5395,3002.0,2026-03-05 10:33:00.000 +0530
XXXX083X5401,3752.0,2026-03-05 10:33:00.000 +0530
XXXX083X5418,3197.0,2026-03-05 10:33:00.000 +0530
XXXX083X5442,4430.0,2026-03-05 10:33:00.000 +0530
XXXX083X5524,2131.0,2026-03-05 10:33:00.000 +0530
XXXX083X5531,2433.0,2026-03-05 10:33:00.000 +0530
XXXX083X5555,4208.0,2026-03-05 10:33:00.000 +0530
XXXX083X5562,2673.0,2026-03-05 10:33:00.000 +0530
XXXX083X5570,3116.0,2026-03-05 10:33:00.000 +0530
XXXX083X5579,3949.0,2026-03-05 10:33:00.000 +0530
XXXX083X5582,4005.0,2026-03-05 10:33:00.000 +0530
XXXX083X5584,3132.0,2026-03-05 10:33:00.000 +0530
XXXX083X5591,4011.0,2026-03-05 10:33:00.000 +0530
XXXX083X5616,3642.0,2026-03-05 10:33:00.000 +0530
XXXX083X5669,3834.0,2026-03-05 10:33:00.000 +0530
XXXX083X5672,3995.0,2026-03-05 10:33:00.000 +0530
XXXX083X5677,2532.0,2026-03-05 10:33:00.000 +0530
XXXX083X5684,2857.0,2026-03-05 10:33:00.000 +0530
XXXX083X5692,3632.0,2026-03-05 10:33:00.000 +0530
XXXX083X5702,5006.0,2026-03-05 10:33:00.000 +0530
XXXX083X5707,3197.0,2026-03-05 10:33:00.000 +0530
XXXX083X5714,3177.0,2026-03-05 10:33:00.000 +0530
XXXX083X5715,3059.0,2026-03-05 10:33:00.000 +0530
XXXX083X5720,5670.0,2026-03-05 10:33:00.000 +0530
XXXX083X5723,4529.0,2026-03-05 10:33:00.000 +0530
XXXX083X5742,3688.0,2026-03-05 10:33:00.000 +0530
XXXX083X5750,3613.0,2026-03-05 10:33:00.000 +0530
XXXX083X5778,3202.0,2026-03-05 10:33:00.000 +0530
XXXX083X5791,3363.0,2026-03-05 10:33:00.000 +0530
XXXX083X5799,3571.0,2026-03-05 10:33:00.000 +0530
XXXX083X5852,2811.0,2026-03-05 10:33:00.000 +0530
XXXX083X5864,3470.0,2026-03-05 10:33:00.000 +0530
XXXX083X5883,4173.0,2026-03-05 10:33:00.000 +0530
XXXX083X5902,3418.0,2026-03-05 10:33:00.000 +0530
XXXX083X5929,4779.0,2026-03-05 10:33:00.000 +0530
XXXX083X5944,3696.0,2026-03-05 10:33:00.000 +0530
XXXX083X5951,4585.0,2026-03-05 10:33:00.000 +0530
XXXX083X5958,3580.0,2026-03-05 10:33:00.000 +0530
XXXX083X5965,3261.0,2026-03-05 10:33:00.000 +0530
XXXX083X5966,4145.0,2026-03-05 10:33:00.000 +0530
XXXX083X5976,2649.0,2026-03-05 10:33:00.000 +0530
XXXX083X6007,6666.0,2026-03-05 10:33:00.000 +0530
XXXX083X6017,2936.0,2026-03-05 10:33:00.000 +0530
XXXX083X6024,6657.0,2026-03-05 10:33:00.000 +0530
XXXX083X6031,3666.0,2026-03-05 10:33:00.000 +0530
XXXX083X6048,3212.0,2026-03-05 10:33:00.000 +0530
XXXX083X6050,6028.0,2026-03-05 10:33:00.000 +0530
XXXX083X6059,4858.0,2026-03-05 10:33:00.000 +0530
XXXX083X6128,3189.0,2026-03-05 10:33:00.000 +0530
XXXX083X6129,2807.0,2026-03-05 10:33:00.000 +0530
XXXX083X6133,2991.0,2026-03-05 10:33:00.000 +0530
XXXX083X6147,3713.0,2026-03-05 10:33:00.000 +0530
XXXX083X6174,3970.0,2026-03-05 10:33:00.000 +0530
XXXX083X6192,3757.0,2026-03-05 10:33:00.000 +0530
XXXX083X6205,2727.0,2026-03-05 10:33:00.000 +0530
XXXX083X6219,4368.0,2026-03-05 10:33:00.000 +0530
XXXX083X6234,4179.0,2026-03-05 10:33:00.000 +0530
XXXX083X6242,3242.0,2026-03-05 10:33:00.000 +0530
XXXX083X6249,3246.0,2026-03-05 10:33:00.000 +0530
XXXX083X6270,3138.0,2026-03-05 10:33:00.000 +0530
XXXX083X6288,4213.0,2026-03-05 10:33:00.000 +0530
XXXX083X6301,3395.0,2026-03-05 10:33:00.000 +0530
XXXX083X6312,3352.0,2026-03-05 10:33:00.000 +0530
XXXX083X6317,2960.0,2026-03-05 10:33:00.000 +0530
XXXX083X6330,3564.0,2026-03-05 10:33:00.000 +0530
XXXX083X6355,4758.0,2026-03-05 10:33:00.000 +0530
XXXX083X6370,4202.0,2026-03-05 10:33:00.000 +0530
XXXX083X6398,3303.0,2026-03-05 10:33:00.000 +0530
XXXX083X6408,3444.0,2026-03-05 10:33:00.000 +0530
XXXX083X6420,3828.0,2026-03-05 10:33:00.000 +0530
XXXX083X6439,2976.0,2026-03-05 10:33:00.000 +0530
XXXX083X6482,3954.0,2026-03-05 10:33:00.000 +0530
XXXX083X6498,2998.0,2026-03-05 10:33:00.000 +0530
XXXX083X6520,4373.0,2026-03-05 10:33:00.000 +0530
XXXX083X6521,4305.0,2026-03-05 10:33:00.000 +0530
XXXX083X6535,3868.0,2026-03-05 10:33:00.000 +0530
XXXX083X6544,3361.0,2026-03-05 10:33:00.000 +0530
XXXX083X6585,2524.0,2026-03-05 10:33:00.000 +0530
XXXX083X6614,3292.0,2026-03-05 10:33:00.000 +0530
XXXX083X6616,2857.0,2026-03-05 10:33:00.000 +0530
XXXX083X6629,2956.0,2026-03-05 10:33:00.000 +0530
XXXX083X6648,3292.0,2026-03-05 10:33:00.000 +0530
XXXX083X6675,3207.0,2026-03-05 10:33:00.000 +0530
XXXX083X6681,3014.0,2026-03-05 10:33:00.000 +0530
XXXX083X6710,4272.0,2026-03-05 10:33:00.000 +0530
XXXX083X6729,4234.0,2026-03-05 10:33:00.000 +0530
XXXX083X6736,2888.0,2026-03-05 10:33:00.000 +0530
XXXX083X6772,4178.0,2026-03-05 10:33:00.000 +0530
XXXX083X6787,3469.0,2026-03-05 10:33:00.000 +0530
XXXX083X6807,4965.0,2026-03-05 10:33:00.000 +0530
XXXX083X6831,3141.0,2026-03-05 10:33:00.000 +0530
XXXX083X6851,3082.0,2026-03-05 10:33:00.000 +0530
XXXX083X6855,3777.0,2026-03-05 10:33:00.000 +0530
XXXX083X6882,3437.0,2026-03-05 10:33:00.000 +0530
XXXX083X6912,2845.0,2026-03-05 10:33:00.000 +0530
XXXX083X6926,4965.0,2026-03-05 10:33:00.000 +0530
XXXX083X6933,3552.0,2026-03-05 10:33:00.000 +0530
XXXX083X6938,3416.0,2026-03-05 10:33:00.000 +0530
XXXX083X6968,3190.0,2026-03-05 10:33:00.000 +0530
XXXX083X6989,3865.0,2026-03-05 10:33:00.000 +0530
XXXX083X7015,3995.0,2026-03-05 10:33:00.000 +0530
XXXX083X7018,4342.0,2026-03-05 10:33:00.000 +0530
XXXX083X7022,3743.0,2026-03-05 10:33:00.000 +0530
XXXX083X7032,4739.0,2026-03-05 10:33:00.000 +0530
XXXX083X7033,3263.0,2026-03-05 10:33:00.000 +0530
XXXX083X7042,3934.0,2026-03-05 10:33:00.000 +0530
XXXX083X7060,4861.0,2026-03-05 10:33:00.000 +0530
XXXX083X7063,4254.0,2026-03-05 10:33:00.000 +0530
XXXX083X7075,3323.0,2026-03-05 10:33:00.000 +0530
XXXX083X7076,3192.0,2026-03-05 10:33:00.000 +0530
XXXX083X7081,2775.0,2026-03-05 10:33:00.000 +0530
XXXX083X7101,3437.0,2026-03-05 10:33:00.000 +0530
XXXX083X7105,4675.0,2026-03-05 10:33:00.000 +0530
XXXX083X7113,3437.0,2026-03-05 10:33:00.000 +0530
XXXX083X7152,4389.0,2026-03-05 10:33:00.000 +0530
XXXX083X7157,4697.0,2026-03-05 10:33:00.000 +0530
XXXX083X7166,3250.0,2026-03-05 10:33:00.000 +0530
XXXX083X7184,3399.0,2026-03-05 10:33:00.000 +0530
XXXX083X7190,3391.0,2026-03-05 10:33:00.000 +0530
XXXX083X7220,4787.0,2026-03-05 10:33:00.000 +0530
XXXX083X7230,4513.0,2026-03-05 10:33:00.000 +0530
XXXX083X7241,3308.0,2026-03-05 10:33:00.000 +0530
XXXX083X7263,3428.0,2026-03-05 10:33:00.000 +0530
XXXX083X7268,3156.0,2026-03-05 10:33:00.000 +0530
XXXX083X7306,3905.0,2026-03-05 10:33:00.000 +0530
XXXX083X7312,3170.0,2026-03-05 10:33:00.000 +0530
XXXX083X7317,3871.0,2026-03-05 10:33:00.000 +0530
XXXX083X7331,3513.0,2026-03-05 10:33:00.000 +0530
XXXX083X7346,3935.0,2026-03-05 10:33:00.000 +0530
XXXX083X7348,3070.0,2026-03-05 10:33:00.000 +0530
XXXX083X7400,5327.0,2026-03-05 10:33:00.000 +0530
XXXX083X7405,3954.0,2026-03-05 10:33:00.000 +0530
XXXX083X7429,3817.0,2026-03-05 10:33:00.000 +0530
XXXX083X7436,3915.0,2026-03-05 10:33:00.000 +0530
XXXX083X7503,1795.0,2026-03-05 10:33:00.000 +0530
XXXX083X7507,5136.0,2026-03-05 10:33:00.000 +0530
XXXX083X7512,3246.0,2026-03-05 10:33:00.000 +0530
XXXX083X7528,3969.0,2026-03-05 10:33:00.000 +0530
XXXX083X7529,3735.0,2026-03-05 10:33:00.000 +0530
XXXX083X7543,4343.0,2026-03-05 10:33:00.000 +0530
XXXX083X7563,4756.0,2026-03-05 10:33:00.000 +0530
XXXX083X7565,3486.0,2026-03-05 10:33:00.000 +0530
XXXX083X7581,4140.0,2026-03-05 10:33:00.000 +0530
XXXX083X7582,3320.0,2026-03-05 10:33:00.000 +0530
XXXX083X7642,3497.0,2026-03-05 10:33:00.000 +0530
XXXX083X7680,4172.0,2026-03-05 10:33:00.000 +0530
XXXX083X7684,5001.0,2026-03-05 10:33:00.000 +0530
XXXX083X7726,4682.0,2026-03-05 10:33:00.000 +0530
XXXX083X7757,3419.0,2026-03-05 10:33:00.000 +0530
XXXX083X7777,3093.0,2026-03-05 10:33:00.000 +0530
XXXX083X7817,3135.0,2026-03-05 10:33:00.000 +0530
XXXX083X7826,3888.0,2026-03-05 10:33:00.000 +0530
XXXX083X7827,4587.0,2026-03-05 10:33:00.000 +0530
XXXX083X7829,3235.0,2026-03-05 10:33:00.000 +0530
XXXX083X7830,4034.0,2026-03-05 10:33:00.000 +0530
XXXX083X7832,3944.0,2026-03-05 10:33:00.000 +0530
XXXX083X7834,3363.0,2026-03-05 10:33:00.000 +0530
XXXX083X7848,3281.0,2026-03-05 10:33:00.000 +0530
XXXX083X7896,3235.0,2026-03-05 10:33:00.000 +0530
XXXX083X7899,3001.0,2026-03-05 10:33:00.000 +0530
XXXX083X7913,3184.0,2026-03-05 10:33:00.000 +0530
XXXX083X7922,3369.0,2026-03-05 10:33:00.000 +0530
XXXX083X7924,3242.0,2026-03-05 10:33:00.000 +0530
XXXX083X7925,3758.0,2026-03-05 10:33:00.000 +0530
XXXX083X7929,4289.0,2026-03-05 10:33:00.000 +0530
XXXX083X7956,3986.0,2026-03-05 10:33:00.000 +0530
XXXX083X7974,5281.0,2026-03-05 10:33:00.000 +0530
XXXX083X8000,2984.0,2026-03-05 10:33:00.000 +0530
XXXX083X8023,5624.0,2026-03-05 10:33:00.000 +0530
XXXX083X8039,3185.0,2026-03-05 10:33:00.000 +0530
XXXX083X8057,3073.0,2026-03-05 10:33:00.000 +0530
XXXX083X8087,4201.0,2026-03-05 10:33:00.000 +0530
XXXX083X8093,5477.0,2026-03-05 10:33:00.000 +0530
XXXX083X8113,5347.0,2026-03-05 10:33:00.000 +0530
XXXX083X8136,3870.0,2026-03-05 10:33:00.000 +0530
XXXX083X8145,2827.0,2026-03-05 10:33:00.000 +0530
XXXX083X8168,3174.0,2026-03-05 10:33:00.000 +0530
XXXX083X8174,3514.0,2026-03-05 10:33:00.000 +0530
XXXX083X8183,4410.0,2026-03-05 10:33:00.000 +0530
XXXX083X8185,3934.0,2026-03-05 10:33:00.000 +0530
XXXX083X8198,3300.0,2026-03-05 10:33:00.000 +0530
XXXX083X8200,5473.0,2026-03-05 10:33:00.000 +0530
XXXX083X8212,3360.0,2026-03-05 10:33:00.000 +0530
XXXX083X8215,3636.0,2026-03-05 10:33:00.000 +0530
XXXX083X8221,3233.0,2026-03-05 10:33:00.000 +0530
XXXX083X8224,3617.0,2026-03-05 10:33:00.000 +0530
XXXX083X8231,3197.0,2026-03-05 10:33:00.000 +0530
XXXX083X8358,4047.0,2026-03-05 10:33:00.000 +0530
XXXX083X8370,4682.0,2026-03-05 10:33:00.000 +0530
XXXX083X8374,3994.0,2026-03-05 10:33:00.000 +0530
XXXX083X8381,3383.0,2026-03-05 10:33:00.000 +0530
XXXX083X8397,4316.0,2026-03-05 10:33:00.000 +0530
XXXX083X8403,3289.0,2026-03-05 10:33:00.000 +0530
XXXX083X8423,2899.0,2026-03-05 10:33:00.000 +0530
XXXX083X8439,4965.0,2026-03-05 10:33:00.000 +0530
XXXX083X8474,6003.0,2026-03-05 10:33:00.000 +0530
XXXX083X8513,3170.0,2026-03-05 10:33:00.000 +0530
XXXX083X8522,3382.0,2026-03-05 10:33:00.000 +0530
XXXX083X8526,4435.0,2026-03-05 10:33:00.000 +0530
XXXX083X8529,5955.0,2026-03-05 10:33:00.000 +0530
XXXX083X8564,4116.0,2026-03-05 10:33:00.000 +0530
XXXX083X8570,3932.0,2026-03-05 10:33:00.000 +0530
XXXX083X8576,3601.0,2026-03-05 10:33:00.000 +0530
XXXX083X8579,3281.0,2026-03-05 10:33:00.000 +0530
XXXX083X8591,3843.0,2026-03-05 10:33:00.000 +0530
XXXX083X8615,3831.0,2026-03-05 10:33:00.000 +0530
XXXX083X8631,4518.0,2026-03-05 10:33:00.000 +0530
XXXX083X8637,4486.0,2026-03-05 10:33:00.000 +0530
XXXX083X8656,3048.0,2026-03-05 10:33:00.000 +0530
XXXX083X8669,3858.0,2026-03-05 10:33:00.000 +0530
XXXX083X8671,3327.0,2026-03-05 10:33:00.000 +0530
XXXX083X8692,3342.0,2026-03-05 10:33:00.000 +0530
XXXX083X8725,2635.0,2026-03-05 10:33:00.000 +0530
XXXX083X8749,2562.0,2026-03-05 10:33:00.000 +0530
XXXX083X8784,3097.0,2026-03-05 10:33:00.000 +0530
XXXX083X8823,2578.0,2026-03-05 10:33:00.000 +0530
XXXX083X8836,4311.0,2026-03-05 10:33:00.000 +0530
XXXX083X8846,5370.0,2026-03-05 10:33:00.000 +0530
XXXX083X8850,2969.0,2026-03-05 10:33:00.000 +0530
XXXX083X8855,4057.0,2026-03-05 10:33:00.000 +0530
XXXX083X8865,4565.0,2026-03-05 10:33:00.000 +0530
XXXX083X8869,2120.0,2026-03-05 10:33:00.000 +0530
XXXX083X8871,3613.0,2026-03-05 10:33:00.000 +0530
XXXX083X8872,2395.0,2026-03-05 10:33:00.000 +0530
XXXX083X8907,4332.0,2026-03-05 10:33:00.000 +0530
XXXX083X8914,4010.0,2026-03-05 10:33:00.000 +0530
XXXX083X8919,4923.0,2026-03-05 10:33:00.000 +0530
XXXX083X8923,3529.0,2026-03-05 10:33:00.000 +0530
XXXX083X8949,6002.0,2026-03-05 10:33:00.000 +0530
XXXX083X8975,4044.0,2026-03-05 10:33:00.000 +0530
XXXX083X8982,4192.0,2026-03-05 10:33:00.000 +0530
XXXX083X8984,4235.0,2026-03-05 10:33:00.000 +0530
XXXX083X8986,5288.0,2026-03-05 10:33:00.000 +0530
XXXX083X8987,3915.0,2026-03-05 10:33:00.000 +0530
XXXX083X8997,3534.0,2026-03-05 10:33:00.000 +0530
XXXX083X9006,3496.0,2026-03-05 10:33:00.000 +0530
XXXX083X9011,3261.0,2026-03-05 10:33:00.000 +0530
XXXX083X9032,3170.0,2026-03-05 10:33:00.000 +0530
XXXX083X9058,4144.0,2026-03-05 10:33:00.000 +0530
XXXX083X9061,3917.0,2026-03-05 10:33:00.000 +0530
XXXX083X9067,4965.0,2026-03-05 10:33:00.000 +0530
XXXX083X9097,3932.0,2026-03-05 10:33:00.000 +0530
XXXX083X9102,3289.0,2026-03-05 10:33:00.000 +0530
XXXX083X9104,3510.0,2026-03-05 10:33:00.000 +0530
XXXX083X9108,3387.0,2026-03-05 10:33:00.000 +0530
XXXX083X9110,4506.0,2026-03-05 10:33:00.000 +0530
XXXX083X9149,5105.0,2026-03-05 10:33:00.000 +0530
XXXX083X9157,3208.0,2026-03-05 10:33:00.000 +0530
XXXX083X9160,3478.0,2026-03-05 10:33:00.000 +0530
XXXX083X9166,4121.0,2026-03-05 10:33:00.000 +0530
XXXX083X9173,2906.0,2026-03-05 10:33:00.000 +0530
XXXX083X9232,4422.0,2026-03-05 10:33:00.000 +0530
XXXX083X9234,4290.0,2026-03-05 10:33:00.000 +0530
XXXX083X9254,3716.0,2026-03-05 10:33:00.000 +0530
XXXX083X9301,5442.0,2026-03-05 10:33:00.000 +0530
XXXX083X9319,3690.0,2026-03-05 10:33:00.000 +0530
XXXX083X9324,3819.0,2026-03-05 10:33:00.000 +0530
XXXX083X9339,2887.0,2026-03-05 10:33:00.000 +0530
XXXX083X9395,3937.0,2026-03-05 10:33:00.000 +0530
XXXX083X9477,4012.0,2026-03-05 10:33:00.000 +0530
XXXX083X9485,4524.0,2026-03-05 10:33:00.000 +0530
XXXX083X9492,3774.0,2026-03-05 10:33:00.000 +0530
XXXX083X9509,4047.0,2026-03-05 10:33:00.000 +0530
XXXX083X9534,4513.0,2026-03-05 10:33:00.000 +0530
XXXX083X9538,4513.0,2026-03-05 10:33:00.000 +0530
XXXX083X9546,4327.0,2026-03-05 10:33:00.000 +0530
XXXX083X9572,2677.0,2026-03-05 10:33:00.000 +0530
XXXX083X9582,4485.0,2026-03-05 10:33:00.000 +0530
XXXX083X9590,3854.0,2026-03-05 10:33:00.000 +0530
XXXX083X9595,4461.0,2026-03-05 10:33:00.000 +0530
XXXX083X9596,5490.0,2026-03-05 10:33:00.000 +0530
XXXX083X9637,3048.0,2026-03-05 10:33:00.000 +0530
XXXX083X9642,3464.0,2026-03-05 10:33:00.000 +0530
XXXX083X9674,2811.0,2026-03-05 10:33:00.000 +0530
XXXX083X9729,3107.0,2026-03-05 10:33:00.000 +0530
XXXX083X9794,2330.0,2026-03-05 10:33:00.000 +0530
XXXX083X9811,3982.0,2026-03-05 10:33:00.000 +0530
XXXX083X9819,3008.0,2026-03-05 10:33:00.000 +0530
XXXX083X9826,2912.0,2026-03-05 10:33:00.000 +0530
XXXX083X9892,3762.0,2026-03-05 10:33:00.000 +0530
XXXX083X9893,3113.0,2026-03-05 10:33:00.000 +0530
XXXX083X9907,3452.0,2026-03-05 10:33:00.000 +0530
XXXX083X9910,3577.0,2026-03-05 10:33:00.000 +0530
XXXX083X9974,3534.0,2026-03-05 10:33:00.000 +0530
XXXX083X9989,2597.0,2026-03-05 10:33:00.000 +0530
XXXX084X0017,4355.0,2026-03-05 10:33:00.000 +0530
XXXX084X0021,3121.0,2026-03-05 10:33:00.000 +0530
XXXX084X0048,3739.0,2026-03-05 10:33:00.000 +0530
XXXX084X0055,3819.0,2026-03-05 10:33:00.000 +0530
XXXX084X0081,2712.0,2026-03-05 10:33:00.000 +0530
XXXX084X0125,3045.0,2026-03-05 10:33:00.000 +0530
XXXX084X0151,3006.0,2026-03-05 10:33:00.000 +0530
XXXX084X0163,4204.0,2026-03-05 10:33:00.000 +0530
XXXX084X0181,5853.0,2026-03-05 10:33:00.000 +0530
XXXX084X0203,3326.0,2026-03-05 10:33:00.000 +0530
XXXX084X0219,5784.0,2026-03-05 10:33:00.000 +0530
XXXX084X0242,3036.0,2026-03-05 10:33:00.000 +0530
XXXX084X0259,3101.0,2026-03-05 10:33:00.000 +0530
XXXX084X0269,4018.0,2026-03-05 10:33:00.000 +0530
XXXX084X0271,3718.0,2026-03-05 10:33:00.000 +0530
XXXX084X0349,4853.0,2026-03-05 10:33:00.000 +0530
XXXX084X0410,3159.0,2026-03-05 10:33:00.000 +0530
XXXX084X0413,3262.0,2026-03-05 10:33:00.000 +0530
XXXX084X0426,3126.0,2026-03-05 10:33:00.000 +0530
XXXX084X0456,8106.0,2026-03-05 10:33:00.000 +0530
XXXX084X0493,4446.0,2026-03-05 10:33:00.000 +0530
XXXX084X0528,4669.0,2026-03-05 10:33:00.000 +0530
XXXX084X0581,4928.0,2026-03-05 10:33:00.000 +0530
XXXX084X0627,4408.0,2026-03-05 10:33:00.000 +0530
XXXX084X0642,3807.0,2026-03-05 10:33:00.000 +0530
XXXX084X0707,3984.0,2026-03-05 10:33:00.000 +0530
XXXX084X0763,4259.0,2026-03-05 10:33:00.000 +0530
XXXX084X0784,2864.0,2026-03-05 10:33:00.000 +0530
XXXX084X0787,3628.0,2026-03-05 10:33:00.000 +0530
XXXX084X0813,4019.0,2026-03-05 10:33:00.000 +0530
XXXX084X0831,3514.0,2026-03-05 10:33:00.000 +0530
XXXX084X0845,4483.0,2026-03-05 10:33:00.000 +0530
XXXX084X0863,2788.0,2026-03-05 10:33:00.000 +0530
XXXX084X0918,4636.0,2026-03-05 10:33:00.000 +0530
XXXX084X0923,3384.0,2026-03-05 10:33:00.000 +0530
XXXX084X0934,4194.0,2026-03-05 10:33:00.000 +0530
XXXX084X0949,4934.0,2026-03-05 10:33:00.000 +0530
XXXX084X0979,3579.0,2026-03-05 10:33:00.000 +0530
XXXX084X0992,3937.0,2026-03-05 10:33:00.000 +0530
XXXX084X1032,3372.0,2026-03-05 10:33:00.000 +0530
XXXX084X1050,5909.0,2026-03-05 10:33:00.000 +0530
XXXX084X1096,4150.0,2026-03-05 10:33:00.000 +0530
XXXX084X1114,3368.0,2026-03-05 10:33:00.000 +0530
XXXX084X1125,4254.0,2026-03-05 10:33:00.000 +0530
XXXX084X1153,4352.0,2026-03-05 10:33:00.000 +0530
XXXX084X1194,4749.0,2026-03-05 10:33:00.000 +0530
XXXX084X1199,3892.0,2026-03-05 10:33:00.000 +0530
XXXX084X1211,3159.0,2026-03-05 10:33:00.000 +0530
XXXX084X1235,3308.0,2026-03-05 10:33:00.000 +0530
XXXX084X1236,3211.0,2026-03-05 10:33:00.000 +0530
XXXX084X1268,3590.0,2026-03-05 10:33:00.000 +0530
XXXX084X1294,4441.0,2026-03-05 10:33:00.000 +0530
XXXX084X1373,4347.0,2026-03-05 10:33:00.000 +0530
XXXX084X1383,4583.0,2026-03-05 10:33:00.000 +0530
XXXX084X1412,3949.0,2026-03-05 10:33:00.000 +0530
XXXX084X1476,5338.0,2026-03-05 10:33:00.000 +0530
XXXX084X1543,3966.0,2026-03-05 10:33:00.000 +0530
XXXX084X1557,4201.0,2026-03-05 10:33:00.000 +0530
XXXX084X1584,7572.0,2026-03-05 10:33:00.000 +0530
XXXX084X1610,3486.0,2026-03-05 10:33:00.000 +0530
XXXX084X1674,3227.0,2026-03-05 10:33:00.000 +0530
XXXX084X1750,3773.0,2026-03-05 10:33:00.000 +0530
XXXX084X1851,5660.0,2026-03-05 10:33:00.000 +0530
XXXX084X1908,3725.0,2026-03-05 10:33:00.000 +0530
XXXX084X1910,4501.0,2026-03-05 10:33:00.000 +0530
XXXX084X1919,3654.0,2026-03-05 10:33:00.000 +0530
XXXX084X1938,3563.0,2026-03-05 10:33:00.000 +0530
XXXX084X1947,2845.0,2026-03-05 10:33:00.000 +0530
XXXX084X1966,4125.0,2026-03-05 10:33:00.000 +0530
XXXX084X1997,3345.0,2026-03-05 10:33:00.000 +0530
XXXX084X2029,3575.0,2026-03-05 10:33:00.000 +0530
XXXX084X2058,4669.0,2026-03-05 10:33:00.000 +0530
XXXX084X2073,3643.0,2026-03-05 10:33:00.000 +0530
XXXX084X2079,3856.0,2026-03-05 10:33:00.000 +0530
XXXX084X2098,2941.0,2026-03-05 10:33:00.000 +0530
XXXX084X2127,3778.0,2026-03-05 10:33:00.000 +0530
XXXX084X2183,4185.0,2026-03-05 10:33:00.000 +0530
XXXX084X2237,3116.0,2026-03-05 10:33:00.000 +0530
XXXX084X2244,3338.0,2026-03-05 10:33:00.000 +0530
XXXX084X2268,4133.0,2026-03-05 10:33:00.000 +0530
XXXX084X2274,5777.0,2026-03-05 10:33:00.000 +0530
XXXX084X2281,4593.0,2026-03-05 10:33:00.000 +0530
XXXX084X2327,2437.0,2026-03-05 10:33:00.000 +0530
XXXX084X2342,3033.0,2026-03-05 10:33:00.000 +0530
XXXX084X2353,3399.0,2026-03-05 10:33:00.000 +0530
XXXX084X2374,5613.0,2026-03-05 10:33:00.000 +0530
XXXX084X2381,3155.0,2026-03-05 10:33:00.000 +0530
XXXX084X2383,4839.0,2026-03-05 10:33:00.000 +0530
XXXX084X2412,3445.0,2026-03-05 10:33:00.000 +0530
XXXX084X2420,2977.0,2026-03-05 10:33:00.000 +0530
XXXX084X2425,3919.0,2026-03-05 10:33:00.000 +0530
XXXX084X2431,2846.0,2026-03-05 10:33:00.000 +0530
XXXX084X2438,3246.0,2026-03-05 10:33:00.000 +0530
XXXX084X2498,3916.0,2026-03-05 10:33:00.000 +0530
XXXX084X2509,4980.0,2026-03-05 10:33:00.000 +0530
XXXX084X2603,3202.0,2026-03-05 10:33:00.000 +0530
XXXX084X2628,2937.0,2026-03-05 10:33:00.000 +0530
XXXX084X2670,3006.0,2026-03-05 10:33:00.000 +0530
XXXX084X2689,4783.0,2026-03-05 10:33:00.000 +0530
XXXX084X2725,3482.0,2026-03-05 10:33:00.000 +0530
XXXX084X2809,4277.0,2026-03-05 10:33:00.000 +0530
XXXX084X2987,4397.0,2026-03-05 10:33:00.000 +0530
XXXX084X3012,3407.0,2026-03-05 10:33:00.000 +0530
XXXX084X3045,3986.0,2026-03-05 10:33:00.000 +0530
XXXX084X3051,4533.0,2026-03-05 10:33:00.000 +0530
XXXX084X3084,4098.0,2026-03-05 10:33:00.000 +0530
XXXX084X3088,3803.0,2026-03-05 10:33:00.000 +0530
XXXX084X3098,3252.0,2026-03-05 10:33:00.000 +0530
XXXX084X3113,4747.0,2026-03-05 10:33:00.000 +0530
XXXX084X3208,2605.0,2026-03-05 10:33:00.000 +0530
XXXX084X3280,3165.0,2026-03-05 10:33:00.000 +0530
XXXX084X3308,4034.0,2026-03-05 10:33:00.000 +0530
XXXX084X3334,3434.0,2026-03-05 10:33:00.000 +0530
XXXX084X3367,3085.0,2026-03-05 10:33:00.000 +0530
XXXX084X3421,4083.0,2026-03-05 10:33:00.000 +0530
XXXX084X3444,4059.0,2026-03-05 10:33:00.000 +0530
XXXX084X3471,3190.0,2026-03-05 10:33:00.000 +0530
XXXX084X3476,3796.0,2026-03-05 10:33:00.000 +0530
XXXX084X3482,3661.0,2026-03-05 10:33:00.000 +0530
XXXX084X3487,3475.0,2026-03-05 10:33:00.000 +0530
XXXX084X3510,3061.0,2026-03-05 10:33:00.000 +0530
XXXX084X3532,3862.0,2026-03-05 10:33:00.000 +0530
XXXX084X3548,3210.0,2026-03-05 10:33:00.000 +0530
XXXX084X3549,2620.0,2026-03-05 10:33:00.000 +0530
XXXX084X3654,2657.0,2026-03-05 10:33:00.000 +0530
XXXX084X3659,3760.0,2026-03-05 10:33:00.000 +0530
XXXX084X3686,3430.0,2026-03-05 10:33:00.000 +0530
XXXX084X3773,5162.0,2026-03-05 10:33:00.000 +0530
XXXX084X3789,4240.0,2026-03-05 10:33:00.000 +0530
XXXX084X3810,4517.0,2026-03-05 10:33:00.000 +0530
XXXX084X3943,3345.0,2026-03-05 10:33:00.000 +0530
XXXX084X3966,2880.0,2026-03-05 10:33:00.000 +0530
XXXX084X3972,3839.0,2026-03-05 10:33:00.000 +0530
XXXX084X3985,3600.0,2026-03-05 10:33:00.000 +0530
XXXX084X3999,3647.0,2026-03-05 10:33:00.000 +0530
XXXX084X4007,3594.0,2026-03-05 10:33:00.000 +0530
XXXX084X4033,3163.0,2026-03-05 10:33:00.000 +0530
XXXX084X4036,3543.0,2026-03-05 10:33:00.000 +0530
XXXX084X4047,9868.0,2026-03-05 10:33:00.000 +0530
XXXX084X4072,3600.0,2026-03-05 10:33:00.000 +0530
XXXX084X4077,4773.0,2026-03-05 10:33:00.000 +0530
XXXX084X4078,5298.0,2026-03-05 10:33:00.000 +0530
XXXX084X4084,4020.0,2026-03-05 10:33:00.000 +0530
XXXX084X4088,4742.0,2026-03-05 10:33:00.000 +0530
XXXX084X4110,5317.0,2026-03-05 10:33:00.000 +0530
XXXX084X4116,4387.0,2026-03-05 10:33:00.000 +0530
XXXX084X4166,3360.0,2026-03-05 10:33:00.000 +0530
XXXX084X4196,3460.0,2026-03-05 10:33:00.000 +0530
XXXX084X4209,4275.0,2026-03-05 10:33:00.000 +0530
XXXX084X4251,3259.0,2026-03-05 10:33:00.000 +0530
XXXX084X4294,3918.0,2026-03-05 10:33:00.000 +0530
XXXX084X4309,3132.0,2026-03-05 10:33:00.000 +0530
XXXX084X4336,4019.0,2026-03-05 10:33:00.000 +0530
XXXX084X4353,3506.0,2026-03-05 10:33:00.000 +0530
XXXX084X4356,4167.0,2026-03-05 10:33:00.000 +0530
XXXX084X4423,3666.0,2026-03-05 10:33:00.000 +0530
XXXX084X4425,3125.0,2026-03-05 10:33:00.000 +0530
XXXX084X4450,3726.0,2026-03-05 10:33:00.000 +0530
XXXX084X4494,3191.0,2026-03-05 10:33:00.000 +0530
XXXX084X4524,3282.0,2026-03-05 10:33:00.000 +0530
XXXX084X4540,5613.0,2026-03-05 10:33:00.000 +0530
XXXX084X4548,3208.0,2026-03-05 10:33:00.000 +0530
XXXX084X4568,4293.0,2026-03-05 10:33:00.000 +0530
XXXX084X4578,5916.0,2026-03-05 10:33:00.000 +0530
XXXX084X4606,3540.0,2026-03-05 10:33:00.000 +0530
XXXX084X4607,3110.0,2026-03-05 10:33:00.000 +0530
XXXX084X4647,4462.0,2026-03-05 10:33:00.000 +0530
XXXX084X4663,3307.0,2026-03-05 10:33:00.000 +0530
XXXX084X4750,4121.0,2026-03-05 10:33:00.000 +0530
XXXX084X4769,4148.0,2026-03-05 10:33:00.000 +0530
XXXX084X4782,4075.0,2026-03-05 10:33:00.000 +0530
XXXX084X4835,3956.0,2026-03-05 10:33:00.000 +0530
XXXX084X4838,4171.0,2026-03-05 10:33:00.000 +0530
XXXX084X4871,3105.0,2026-03-05 10:33:00.000 +0530
XXXX084X4878,4721.0,2026-03-05 10:33:00.000 +0530
XXXX084X4893,5976.0,2026-03-05 10:33:00.000 +0530
XXXX084X4896,2826.0,2026-03-05 10:33:00.000 +0530
XXXX084X4919,2514.0,2026-03-05 10:33:00.000 +0530
XXXX084X4924,3474.0,2026-03-05 10:33:00.000 +0530
XXXX084X4947,3246.0,2026-03-05 10:33:00.000 +0530
XXXX084X4974,3376.0,2026-03-05 10:33:00.000 +0530
XXXX084X5068,4197.0,2026-03-05 10:33:00.000 +0530
XXXX084X5069,3428.0,2026-03-05 10:33:00.000 +0530
XXXX084X5083,2907.0,2026-03-05 10:33:00.000 +0530
XXXX084X5132,2979.0,2026-03-05 10:33:00.000 +0530
XXXX084X5138,3899.0,2026-03-05 10:33:00.000 +0530
XXXX084X5179,3934.0,2026-03-05 10:33:00.000 +0530
XXXX084X5216,4354.0,2026-03-05 10:33:00.000 +0530
XXXX084X5245,3656.0,2026-03-05 10:33:00.000 +0530
XXXX084X5254,4342.0,2026-03-05 10:33:00.000 +0530
XXXX084X5273,3643.0,2026-03-05 10:33:00.000 +0530
XXXX084X5290,3044.0,2026-03-05 10:33:00.000 +0530
XXXX084X5291,3884.0,2026-03-05 10:33:00.000 +0530
XXXX084X5310,2864.0,2026-03-05 10:33:00.000 +0530
XXXX084X5337,4342.0,2026-03-05 10:33:00.000 +0530
XXXX084X5343,3320.0,2026-03-05 10:33:00.000 +0530
XXXX084X5346,3093.0,2026-03-05 10:33:00.000 +0530
XXXX084X5353,3429.0,2026-03-05 10:33:00.000 +0530
XXXX084X5402,4219.0,2026-03-05 10:33:00.000 +0530
XXXX084X5414,3159.0,2026-03-05 10:33:00.000 +0530
XXXX084X5421,3180.0,2026-03-05 10:33:00.000 +0530
XXXX084X5438,5742.0,2026-03-05 10:33:00.000 +0530
XXXX084X5457,2876.0,2026-03-05 10:33:00.000 +0530
XXXX084X5510,3293.0,2026-03-05 10:33:00.000 +0530
XXXX084X5528,5070.0,2026-03-05 10:33:00.000 +0530
XXXX084X5537,4705.0,2026-03-05 10:33:00.000 +0530
XXXX084X5667,3664.0,2026-03-05 10:33:00.000 +0530
XXXX084X5705,2630.0,2026-03-05 10:33:00.000 +0530
XXXX084X5739,7502.0,2026-03-05 10:33:00.000 +0530
XXXX084X5792,4731.0,2026-03-05 10:33:00.000 +0530
XXXX084X5821,4866.0,2026-03-05 10:33:00.000 +0530
XXXX084X5827,4682.0,2026-03-05 10:33:00.000 +0530
XXXX084X5866,4399.0,2026-03-05 10:33:00.000 +0530
XXXX084X5890,4908.0,2026-03-05 10:33:00.000 +0530
XXXX084X6013,3676.0,2026-03-05 10:33:00.000 +0530
XXXX084X6038,8138.0,2026-03-05 10:33:00.000 +0530
XXXX084X6070,5384.0,2026-03-05 10:33:00.000 +0530
XXXX084X6107,4265.0,2026-03-05 10:33:00.000 +0530
XXXX084X6144,4193.0,2026-03-05 10:33:00.000 +0530
XXXX084X6182,3895.0,2026-03-05 10:33:00.000 +0530
XXXX084X6184,5357.0,2026-03-05 10:33:00.000 +0530
XXXX084X6205,3413.0,2026-03-05 10:33:00.000 +0530
XXXX084X6224,4240.0,2026-03-05 10:33:00.000 +0530
XXXX084X6230,3204.0,2026-03-05 10:33:00.000 +0530
XXXX084X6281,3666.0,2026-03-05 10:33:00.000 +0530
XXXX084X6294,3539.0,2026-03-05 10:33:00.000 +0530
XXXX084X6362,3918.0,2026-03-05 10:33:00.000 +0530
XXXX084X6510,2826.0,2026-03-05 10:33:00.000 +0530
XXXX084X6512,5572.0,2026-03-05 10:33:00.000 +0530
XXXX084X6514,3679.0,2026-03-05 10:33:00.000 +0530
XXXX084X6522,4320.0,2026-03-05 10:33:00.000 +0530
XXXX084X6545,4988.0,2026-03-05 10:33:00.000 +0530
XXXX084X6571,3493.0,2026-03-05 10:33:00.000 +0530
XXXX084X6595,3701.0,2026-03-05 10:33:00.000 +0530
XXXX084X6612,2158.0,2026-03-05 10:33:00.000 +0530
XXXX084X6636,3193.0,2026-03-05 10:33:00.000 +0530
XXXX084X6656,4379.0,2026-03-05 10:33:00.000 +0530
XXXX084X6665,3269.0,2026-03-05 10:33:00.000 +0530
XXXX084X6669,4669.0,2026-03-05 10:33:00.000 +0530
XXXX084X6688,4358.0,2026-03-05 10:33:00.000 +0530
XXXX084X6746,3613.0,2026-03-05 10:33:00.000 +0530
XXXX084X6780,2573.0,2026-03-05 10:33:00.000 +0530
XXXX084X6828,3749.0,2026-03-05 10:33:00.000 +0530
XXXX084X6848,2792.0,2026-03-05 10:33:00.000 +0530
XXXX084X6858,5799.0,2026-03-05 10:33:00.000 +0530
XXXX084X6890,4061.0,2026-03-05 10:33:00.000 +0530
XXXX084X6927,3648.0,2026-03-05 10:33:00.000 +0530
XXXX084X6934,4098.0,2026-03-05 10:33:00.000 +0530
XXXX084X6961,3372.0,2026-03-05 10:33:00.000 +0530
XXXX084X6983,3345.0,2026-03-05 10:33:00.000 +0530
XXXX084X7002,2951.0,2026-03-05 10:33:00.000 +0530
XXXX084X7048,5180.0,2026-03-05 10:33:00.000 +0530
XXXX084X7086,4687.0,2026-03-05 10:33:00.000 +0530
XXXX084X7109,3344.0,2026-03-05 10:33:00.000 +0530
XXXX084X7129,3059.0,2026-03-05 10:33:00.000 +0530
XXXX084X7188,5130.0,2026-03-05 10:33:00.000 +0530
XXXX084X7334,3735.0,2026-03-05 10:33:00.000 +0530
XXXX084X7386,4713.0,2026-03-05 10:33:00.000 +0530
XXXX084X7527,5263.0,2026-03-05 10:33:00.000 +0530
XXXX084X7550,3025.0,2026-03-05 10:33:00.000 +0530
XXXX084X7563,4990.0,2026-03-05 10:33:00.000 +0530
XXXX084X7608,3410.0,2026-03-05 10:33:00.000 +0530
XXXX084X7720,2654.0,2026-03-05 10:33:00.000 +0530
XXXX084X7741,4790.0,2026-03-05 10:33:00.000 +0530
XXXX084X7747,5804.0,2026-03-05 10:33:00.000 +0530
XXXX084X7777,2637.0,2026-03-05 10:33:00.000 +0530
XXXX084X7784,5149.0,2026-03-05 10:33:00.000 +0530
XXXX084X7818,5839.0,2026-03-05 10:33:00.000 +0530
XXXX084X7819,3469.0,2026-03-05 10:33:00.000 +0530
XXXX084X7833,3674.0,2026-03-05 10:33:00.000 +0530
XXXX084X7891,3509.0,2026-03-05 10:33:00.000 +0530
XXXX084X8000,3293.0,2026-03-05 10:33:00.000 +0530
XXXX084X8062,2807.0,2026-03-05 10:33:00.000 +0530
XXXX084X8071,3604.0,2026-03-05 10:33:00.000 +0530
XXXX084X8117,3025.0,2026-03-05 10:33:00.000 +0530
XXXX084X8160,3248.0,2026-03-05 10:33:00.000 +0530
XXXX084X8204,4201.0,2026-03-05 10:33:00.000 +0530
XXXX084X8214,3704.0,2026-03-05 10:33:00.000 +0530
XXXX084X8228,4205.0,2026-03-05 10:33:00.000 +0530
XXXX084X8239,3512.0,2026-03-05 10:33:00.000 +0530
XXXX084X8281,6509.0,2026-03-05 10:33:00.000 +0530
XXXX084X8284,3948.0,2026-03-05 10:33:00.000 +0530
XXXX084X8290,7004.0,2026-03-05 10:33:00.000 +0530
XXXX084X8295,3250.0,2026-03-05 10:33:00.000 +0530
XXXX084X8326,3808.0,2026-03-05 10:33:00.000 +0530
XXXX084X8342,4095.0,2026-03-05 10:33:00.000 +0530
XXXX084X8362,3730.0,2026-03-05 10:33:00.000 +0530
XXXX084X8485,3245.0,2026-03-05 10:33:00.000 +0530
XXXX084X8499,4928.0,2026-03-05 10:33:00.000 +0530
XXXX084X8517,3305.0,2026-03-05 10:33:00.000 +0530
XXXX084X8529,4788.0,2026-03-05 10:33:00.000 +0530
XXXX084X8545,3146.0,2026-03-05 10:33:00.000 +0530
XXXX084X8587,4581.0,2026-03-05 10:33:00.000 +0530
XXXX084X8598,3569.0,2026-03-05 10:33:00.000 +0530
XXXX084X8617,5602.0,2026-03-05 10:33:00.000 +0530
XXXX084X8621,3795.0,2026-03-05 10:33:00.000 +0530
XXXX084X8630,3490.0,2026-03-05 10:33:00.000 +0530
XXXX084X8636,6292.0,2026-03-05 10:33:00.000 +0530
XXXX084X8649,4186.0,2026-03-05 10:33:00.000 +0530
XXXX084X8676,4893.0,2026-03-05 10:33:00.000 +0530
XXXX084X8681,3402.0,2026-03-05 10:33:00.000 +0530
XXXX084X8710,3662.0,2026-03-05 10:33:00.000 +0530
XXXX084X8711,3696.0,2026-03-05 10:33:00.000 +0530
XXXX084X8754,3447.0,2026-03-05 10:33:00.000 +0530
XXXX084X8823,3819.0,2026-03-05 10:33:00.000 +0530
XXXX084X8904,4213.0,2026-03-05 10:33:00.000 +0530
XXXX084X9013,3486.0,2026-03-05 10:33:00.000 +0530
XXXX084X9015,3384.0,2026-03-05 10:33:00.000 +0530
XXXX084X9094,2792.0,2026-03-05 10:33:00.000 +0530
XXXX084X9103,2712.0,2026-03-05 10:33:00.000 +0530
XXXX084X9175,5022.0,2026-03-05 10:33:00.000 +0530
XXXX084X9188,4430.0,2026-03-05 10:33:00.000 +0530
XXXX084X9251,3120.0,2026-03-05 10:33:00.000 +0530
XXXX084X9358,4037.0,2026-03-05 10:33:00.000 +0530
XXXX084X9489,2750.0,2026-03-05 10:33:00.000 +0530
XXXX084X9554,2728.0,2026-03-05 10:33:00.000 +0530
XXXX084X9560,3569.0,2026-03-05 10:33:00.000 +0530
XXXX084X9564,4368.0,2026-03-05 10:33:00.000 +0530
XXXX084X9588,6163.0,2026-03-05 10:33:00.000 +0530
XXXX084X9590,3815.0,2026-03-05 10:33:00.000 +0530
XXXX084X9614,2545.0,2026-03-05 10:33:00.000 +0530
XXXX084X9645,3093.0,2026-03-05 10:33:00.000 +0530
XXXX084X9667,3153.0,2026-03-05 10:33:00.000 +0530
XXXX084X9673,4254.0,2026-03-05 10:33:00.000 +0530
XXXX084X9674,2902.0,2026-03-05 10:33:00.000 +0530
XXXX084X9697,4342.0,2026-03-05 10:33:00.000 +0530
XXXX084X9720,3055.0,2026-03-05 10:33:00.000 +0530
XXXX084X9773,3124.0,2026-03-05 10:33:00.000 +0530
XXXX084X9790,4682.0,2026-03-05 10:33:00.000 +0530
XXXX084X9818,6744.0,2026-03-05 10:33:00.000 +0530
XXXX084X9834,4533.0,2026-03-05 10:33:00.000 +0530
XXXX084X9849,5206.0,2026-03-05 10:33:00.000 +0530
XXXX084X9881,5022.0,2026-03-05 10:33:00.000 +0530
XXXX084X9970,5634.0,2026-03-05 10:33:00.000 +0530
XXXX084X9974,4174.0,2026-03-05 10:33:00.000 +0530
XXXX084X9979,3025.0,2026-03-05 10:33:00.000 +0530
XXXX084X9985,4739.0,2026-03-05 10:33:00.000 +0530
XXXX085X0013,3197.0,2026-03-05 10:33:00.000 +0530
XXXX085X0028,3600.0,2026-03-05 10:33:00.000 +0530
XXXX085X0031,6856.0,2026-03-05 10:33:00.000 +0530
XXXX085X0038,3186.0,2026-03-05 10:33:00.000 +0530
XXXX085X0044,3902.0,2026-03-05 10:33:00.000 +0530
XXXX085X0058,3055.0,2026-03-05 10:33:00.000 +0530
XXXX085X0109,3918.0,2026-03-05 10:33:00.000 +0530
XXXX085X0145,4503.0,2026-03-05 10:33:00.000 +0530
XXXX085X0193,4237.0,2026-03-05 10:33:00.000 +0530
XXXX085X0278,4254.0,2026-03-05 10:33:00.000 +0530
XXXX085X0308,4572.0,2026-03-05 10:33:00.000 +0530
XXXX085X0343,5905.0,2026-03-05 10:33:00.000 +0530
XXXX085X0347,3941.0,2026-03-05 10:33:00.000 +0530
XXXX085X0378,4307.0,2026-03-05 10:33:00.000 +0530
XXXX085X0399,3465.0,2026-03-05 10:33:00.000 +0530
XXXX085X0404,5281.0,2026-03-05 10:33:00.000 +0530
XXXX085X0441,3744.0,2026-03-05 10:33:00.000 +0530
XXXX085X0492,2964.0,2026-03-05 10:33:00.000 +0530
XXXX085X0514,2409.0,2026-03-05 10:33:00.000 +0530
XXXX085X0553,5237.0,2026-03-05 10:33:00.000 +0530
XXXX085X0573,3361.0,2026-03-05 10:33:00.000 +0530
XXXX085X0601,2521.0,2026-03-05 10:33:00.000 +0530
XXXX085X0612,3493.0,2026-03-05 10:33:00.000 +0530
XXXX085X0615,4178.0,2026-03-05 10:33:00.000 +0530
XXXX085X0621,3867.0,2026-03-05 10:33:00.000 +0530
XXXX085X0624,4088.0,2026-03-05 10:33:00.000 +0530
XXXX085X0626,7054.0,2026-03-05 10:33:00.000 +0530
XXXX085X0638,3735.0,2026-03-05 10:33:00.000 +0530
XXXX085X0653,4760.0,2026-03-05 10:33:00.000 +0530
XXXX085X0678,5395.0,2026-03-05 10:33:00.000 +0530
XXXX085X0691,3408.0,2026-03-05 10:33:00.000 +0530
XXXX085X0699,3331.0,2026-03-05 10:33:00.000 +0530
XXXX085X0735,3972.0,2026-03-05 10:33:00.000 +0530
XXXX085X0737,2269.0,2026-03-05 10:33:00.000 +0530
XXXX085X0750,3979.0,2026-03-05 10:33:00.000 +0530
XXXX085X0767,3819.0,2026-03-05 10:33:00.000 +0530
XXXX085X0769,4669.0,2026-03-05 10:33:00.000 +0530
XXXX085X0772,5520.0,2026-03-05 10:33:00.000 +0530
XXXX085X0782,4150.0,2026-03-05 10:33:00.000 +0530
XXXX085X0783,3093.0,2026-03-05 10:33:00.000 +0530
XXXX085X0787,4280.0,2026-03-05 10:33:00.000 +0530
XXXX085X0800,3499.0,2026-03-05 10:33:00.000 +0530
XXXX085X0805,4445.0,2026-03-05 10:33:00.000 +0530
XXXX085X0837,3902.0,2026-03-05 10:33:00.000 +0530
XXXX085X0862,6279.0,2026-03-05 10:33:00.000 +0530
XXXX085X0863,5009.0,2026-03-05 10:33:00.000 +0530
XXXX085X0869,3811.0,2026-03-05 10:33:00.000 +0530
XXXX085X0894,3853.0,2026-03-05 10:33:00.000 +0530
XXXX085X0902,5139.0,2026-03-05 10:33:00.000 +0530
XXXX085X0916,3666.0,2026-03-05 10:33:00.000 +0530
XXXX085X0943,4300.0,2026-03-05 10:33:00.000 +0530
XXXX085X0945,2864.0,2026-03-05 10:33:00.000 +0530
XXXX085X0993,3391.0,2026-03-05 10:33:00.000 +0530
XXXX085X1025,4408.0,2026-03-05 10:33:00.000 +0530
XXXX085X1030,5651.0,2026-03-05 10:33:00.000 +0530
XXXX085X1044,4624.0,2026-03-05 10:33:00.000 +0530
XXXX085X1077,3819.0,2026-03-05 10:33:00.000 +0530
XXXX085X1100,4228.0,2026-03-05 10:33:00.000 +0530
XXXX085X1115,6392.0,2026-03-05 10:33:00.000 +0530
XXXX085X1119,5545.0,2026-03-05 10:33:00.000 +0530
XXXX085X1163,3246.0,2026-03-05 10:33:00.000 +0530
XXXX085X1166,4194.0,2026-03-05 10:33:00.000 +0530
XXXX085X1176,4270.0,2026-03-05 10:33:00.000 +0530
XXXX085X1183,4513.0,2026-03-05 10:33:00.000 +0530
XXXX085X1189,3982.0,2026-03-05 10:33:00.000 +0530
XXXX085X1197,4959.0,2026-03-05 10:33:00.000 +0530
XXXX085X1237,4285.0,2026-03-05 10:33:00.000 +0530
XXXX085X1240,3667.0,2026-03-05 10:33:00.000 +0530
XXXX085X1241,3621.0,2026-03-05 10:33:00.000 +0530
XXXX085X1250,3419.0,2026-03-05 10:33:00.000 +0530
XXXX085X1251,4033.0,2026-03-05 10:33:00.000 +0530
XXXX085X1280,4462.0,2026-03-05 10:33:00.000 +0530
XXXX085X1286,4553.0,2026-03-05 10:33:00.000 +0530
XXXX085X1307,4311.0,2026-03-05 10:33:00.000 +0530
XXXX085X1308,5396.0,2026-03-05 10:33:00.000 +0530
XXXX085X1337,4368.0,2026-03-05 10:33:00.000 +0530
XXXX085X1343,4327.0,2026-03-05 10:33:00.000 +0530
XXXX085X1397,3312.0,2026-03-05 10:33:00.000 +0530
XXXX085X1402,4627.0,2026-03-05 10:33:00.000 +0530
XXXX085X1430,5140.0,2026-03-05 10:33:00.000 +0530
XXXX085X1431,3248.0,2026-03-05 10:33:00.000 +0530
XXXX085X1459,5245.0,2026-03-05 10:33:00.000 +0530
XXXX085X1500,3514.0,2026-03-05 10:33:00.000 +0530
XXXX085X1556,4202.0,2026-03-05 10:33:00.000 +0530
XXXX085X1563,4498.0,2026-03-05 10:33:00.000 +0530
XXXX085X1572,3254.0,2026-03-05 10:33:00.000 +0530
XXXX085X1575,3575.0,2026-03-05 10:33:00.000 +0530
XXXX085X1578,3552.0,2026-03-05 10:33:00.000 +0530
XXXX085X1587,3595.0,2026-03-05 10:33:00.000 +0530
XXXX085X1612,5298.0,2026-03-05 10:33:00.000 +0530
XXXX085X1633,4347.0,2026-03-05 10:33:00.000 +0530
XXXX085X1646,4842.0,2026-03-05 10:33:00.000 +0530
XXXX085X1650,4135.0,2026-03-05 10:33:00.000 +0530
XXXX085X1664,3132.0,2026-03-05 10:33:00.000 +0530
XXXX085X1671,3730.0,2026-03-05 10:33:00.000 +0530
XXXX085X1679,3850.0,2026-03-05 10:33:00.000 +0530
XXXX085X1715,3242.0,2026-03-05 10:33:00.000 +0530
XXXX085X1727,2807.0,2026-03-05 10:33:00.000 +0530
XXXX085X1740,3090.0,2026-03-05 10:33:00.000 +0530
XXXX085X1753,4825.0,2026-03-05 10:33:00.000 +0530
XXXX085X1763,4974.0,2026-03-05 10:33:00.000 +0530
XXXX085X1773,5343.0,2026-03-05 10:33:00.000 +0530
XXXX085X1776,4150.0,2026-03-05 10:33:00.000 +0530
XXXX085X1834,3357.0,2026-03-05 10:33:00.000 +0530
XXXX085X1841,3525.0,2026-03-05 10:33:00.000 +0530
XXXX085X1852,4316.0,2026-03-05 10:33:00.000 +0530
XXXX085X1925,5521.0,2026-03-05 10:33:00.000 +0530
XXXX085X1927,4479.0,2026-03-05 10:33:00.000 +0530
XXXX085X1970,2925.0,2026-03-05 10:33:00.000 +0530
XXXX085X2014,4196.0,2026-03-05 10:33:00.000 +0530
XXXX085X2039,2801.0,2026-03-05 10:33:00.000 +0530
XXXX085X2096,3846.0,2026-03-05 10:33:00.000 +0530
XXXX085X2135,3800.0,2026-03-05 10:33:00.000 +0530
XXXX085X2140,4462.0,2026-03-05 10:33:00.000 +0530
XXXX085X2166,3464.0,2026-03-05 10:33:00.000 +0530
XXXX085X2173,6765.0,2026-03-05 10:33:00.000 +0530
XXXX085X2176,4070.0,2026-03-05 10:33:00.000 +0530
XXXX085X2193,9924.0,2026-03-05 10:33:00.000 +0530
XXXX085X2209,4525.0,2026-03-05 10:33:00.000 +0530
XXXX085X2218,4284.0,2026-03-05 10:33:00.000 +0530
XXXX085X2241,5032.0,2026-03-05 10:33:00.000 +0530
XXXX085X2254,4363.0,2026-03-05 10:33:00.000 +0530
XXXX085X2292,3680.0,2026-03-05 10:33:00.000 +0530
XXXX085X2346,3262.0,2026-03-05 10:33:00.000 +0530
XXXX085X2445,4560.0,2026-03-05 10:33:00.000 +0530
XXXX085X2529,3754.0,2026-03-05 10:33:00.000 +0530
XXXX085X2590,3779.0,2026-03-05 10:33:00.000 +0530
XXXX085X2644,5603.0,2026-03-05 10:33:00.000 +0530
XXXX085X2683,3735.0,2026-03-05 10:33:00.000 +0530
XXXX085X2709,2905.0,2026-03-05 10:33:00.000 +0530
XXXX085X2728,3346.0,2026-03-05 10:33:00.000 +0530
XXXX085X2744,5758.0,2026-03-05 10:33:00.000 +0530
XXXX085X2749,5937.0,2026-03-05 10:33:00.000 +0530
XXXX085X2757,5990.0,2026-03-05 10:33:00.000 +0530
XXXX085X2855,3437.0,2026-03-05 10:33:00.000 +0530
XXXX085X2865,3414.0,2026-03-05 10:33:00.000 +0530
XXXX085X2899,2857.0,2026-03-05 10:33:00.000 +0530
XXXX085X2901,3786.0,2026-03-05 10:33:00.000 +0530
XXXX085X2906,4254.0,2026-03-05 10:33:00.000 +0530
XXXX085X2917,4088.0,2026-03-05 10:33:00.000 +0530
XXXX085X2925,3528.0,2026-03-05 10:33:00.000 +0530
XXXX085X2954,4321.0,2026-03-05 10:33:00.000 +0530
XXXX085X2991,4358.0,2026-03-05 10:33:00.000 +0530
XXXX085X3064,3896.0,2026-03-05 10:33:00.000 +0530
XXXX085X3067,4682.0,2026-03-05 10:33:00.000 +0530
XXXX085X3100,2994.0,2026-03-05 10:33:00.000 +0530
XXXX085X3107,3819.0,2026-03-05 10:33:00.000 +0530
XXXX085X3135,4378.0,2026-03-05 10:33:00.000 +0530
XXXX085X3145,4969.0,2026-03-05 10:33:00.000 +0530
XXXX085X3157,3208.0,2026-03-05 10:33:00.000 +0530
XXXX085X3161,4769.0,2026-03-05 10:33:00.000 +0530
XXXX085X3230,6560.0,2026-03-05 10:33:00.000 +0530
XXXX085X3232,3921.0,2026-03-05 10:33:00.000 +0530
XXXX085X3303,3950.0,2026-03-05 10:33:00.000 +0530
XXXX085X3322,4812.0,2026-03-05 10:33:00.000 +0530
XXXX085X3342,3594.0,2026-03-05 10:33:00.000 +0530
XXXX085X3356,5473.0,2026-03-05 10:33:00.000 +0530
XXXX085X3402,3514.0,2026-03-05 10:33:00.000 +0530
XXXX085X3403,2672.0,2026-03-05 10:33:00.000 +0530
XXXX085X3404,5223.0,2026-03-05 10:33:00.000 +0530
XXXX085X3452,3273.0,2026-03-05 10:33:00.000 +0530
XXXX085X3459,3433.0,2026-03-05 10:33:00.000 +0530
XXXX085X3476,2284.0,2026-03-05 10:33:00.000 +0530
XXXX085X3492,2812.0,2026-03-05 10:33:00.000 +0530
XXXX085X3547,4636.0,2026-03-05 10:33:00.000 +0530
XXXX085X3580,3342.0,2026-03-05 10:33:00.000 +0530
XXXX085X3585,3216.0,2026-03-05 10:33:00.000 +0530
XXXX085X3602,3251.0,2026-03-05 10:33:00.000 +0530
XXXX085X3653,3636.0,2026-03-05 10:33:00.000 +0530
XXXX085X3666,4159.0,2026-03-05 10:33:00.000 +0530
XXXX085X3669,6609.0,2026-03-05 10:33:00.000 +0530
XXXX085X3677,4254.0,2026-03-05 10:33:00.000 +0530
XXXX085X3694,4140.0,2026-03-05 10:33:00.000 +0530
XXXX085X3757,3754.0,2026-03-05 10:33:00.000 +0530
XXXX085X3767,4471.0,2026-03-05 10:33:00.000 +0530
XXXX085X3788,3552.0,2026-03-05 10:33:00.000 +0530
XXXX085X3793,3957.0,2026-03-05 10:33:00.000 +0530
XXXX085X3825,4002.0,2026-03-05 10:33:00.000 +0530
XXXX085X3882,3035.0,2026-03-05 10:33:00.000 +0530
XXXX085X3905,2426.0,2026-03-05 10:33:00.000 +0530
XXXX085X3919,4069.0,2026-03-05 10:33:00.000 +0530
XXXX085X3962,3437.0,2026-03-05 10:33:00.000 +0530
XXXX085X4001,4657.0,2026-03-05 10:33:00.000 +0530
XXXX085X4008,5106.0,2026-03-05 10:33:00.000 +0530
XXXX085X4015,4468.0,2026-03-05 10:33:00.000 +0530
XXXX085X4035,4137.0,2026-03-05 10:33:00.000 +0530
XXXX085X4115,4001.0,2026-03-05 10:33:00.000 +0530
XXXX085X4144,5054.0,2026-03-05 10:33:00.000 +0530
XXXX085X4180,5395.0,2026-03-05 10:33:00.000 +0530
XXXX085X4182,4980.0,2026-03-05 10:33:00.000 +0530
XXXX085X4216,3752.0,2026-03-05 10:33:00.000 +0530
XXXX085X4241,5843.0,2026-03-05 10:33:00.000 +0530
XXXX085X4245,2890.0,2026-03-05 10:33:00.000 +0530
XXXX085X4334,5029.0,2026-03-05 10:33:00.000 +0530
XXXX085X4340,3542.0,2026-03-05 10:33:00.000 +0530
XXXX085X4352,4525.0,2026-03-05 10:33:00.000 +0530
XXXX085X4353,3132.0,2026-03-05 10:33:00.000 +0530
XXXX085X4443,6802.0,2026-03-05 10:33:00.000 +0530
XXXX085X4483,3853.0,2026-03-05 10:33:00.000 +0530
XXXX085X4502,4125.0,2026-03-05 10:33:00.000 +0530
XXXX085X4505,3246.0,2026-03-05 10:33:00.000 +0530
XXXX085X4529,2682.0,2026-03-05 10:33:00.000 +0530
XXXX085X4571,4965.0,2026-03-05 10:33:00.000 +0530
XXXX085X4607,2923.0,2026-03-05 10:33:00.000 +0530
XXXX085X4610,5425.0,2026-03-05 10:33:00.000 +0530
XXXX085X4628,4691.0,2026-03-05 10:33:00.000 +0530
XXXX085X4669,4726.0,2026-03-05 10:33:00.000 +0530
XXXX085X4697,4350.0,2026-03-05 10:33:00.000 +0530
XXXX085X4714,5344.0,2026-03-05 10:33:00.000 +0530
XXXX085X4718,2406.0,2026-03-05 10:33:00.000 +0530
XXXX085X4739,4843.0,2026-03-05 10:33:00.000 +0530
XXXX085X4780,3678.0,2026-03-05 10:33:00.000 +0530
XXXX085X4796,4820.0,2026-03-05 10:33:00.000 +0530
XXXX085X4803,3862.0,2026-03-05 10:33:00.000 +0530
XXXX085X4848,3265.0,2026-03-05 10:33:00.000 +0530
XXXX085X4853,5913.0,2026-03-05 10:33:00.000 +0530
XXXX085X4903,6068.0,2026-03-05 10:33:00.000 +0530
XXXX085X4941,3730.0,2026-03-05 10:33:00.000 +0530
XXXX085X4945,4671.0,2026-03-05 10:33:00.000 +0530
XXXX085X4963,6151.0,2026-03-05 10:33:00.000 +0530
XXXX085X4964,4825.0,2026-03-05 10:33:00.000 +0530
XXXX085X5014,3995.0,2026-03-05 10:33:00.000 +0530
XXXX085X5039,3133.0,2026-03-05 10:33:00.000 +0530
XXXX085X5050,2920.0,2026-03-05 10:33:00.000 +0530
XXXX085X5057,4964.0,2026-03-05 10:33:00.000 +0530
XXXX085X5068,6553.0,2026-03-05 10:33:00.000 +0530
XXXX085X5099,3711.0,2026-03-05 10:33:00.000 +0530
XXXX085X5122,5592.0,2026-03-05 10:33:00.000 +0530
XXXX085X5124,4163.0,2026-03-05 10:33:00.000 +0530
XXXX085X5125,4308.0,2026-03-05 10:33:00.000 +0530
XXXX085X5133,3505.0,2026-03-05 10:33:00.000 +0530
XXXX085X5139,4142.0,2026-03-05 10:33:00.000 +0530
XXXX085X5143,3969.0,2026-03-05 10:33:00.000 +0530
XXXX085X5170,5188.0,2026-03-05 10:33:00.000 +0530
XXXX085X5175,3258.0,2026-03-05 10:33:00.000 +0530
XXXX085X5179,3237.0,2026-03-05 10:33:00.000 +0530
XXXX085X5183,3055.0,2026-03-05 10:33:00.000 +0530
XXXX085X5188,2864.0,2026-03-05 10:33:00.000 +0530
XXXX085X5198,3293.0,2026-03-05 10:33:00.000 +0530
XXXX085X5199,2826.0,2026-03-05 10:33:00.000 +0530
XXXX085X5205,4769.0,2026-03-05 10:33:00.000 +0530
XXXX085X5211,3902.0,2026-03-05 10:33:00.000 +0530
XXXX085X5261,3551.0,2026-03-05 10:33:00.000 +0530
XXXX085X5281,3052.0,2026-03-05 10:33:00.000 +0530
XXXX085X5303,5297.0,2026-03-05 10:33:00.000 +0530
XXXX085X5310,3469.0,2026-03-05 10:33:00.000 +0530
XXXX085X5361,3752.0,2026-03-05 10:33:00.000 +0530
XXXX085X5380,3460.0,2026-03-05 10:33:00.000 +0530
XXXX085X5436,3514.0,2026-03-05 10:33:00.000 +0530
XXXX085X5444,2990.0,2026-03-05 10:33:00.000 +0530
XXXX085X5470,3300.0,2026-03-05 10:33:00.000 +0530
XXXX085X5475,4727.0,2026-03-05 10:33:00.000 +0530
XXXX085X5481,2758.0,2026-03-05 10:33:00.000 +0530
XXXX085X5493,4419.0,2026-03-05 10:33:00.000 +0530
XXXX085X5521,5561.0,2026-03-05 10:33:00.000 +0530
XXXX085X5582,3009.0,2026-03-05 10:33:00.000 +0530
XXXX085X5627,6113.0,2026-03-05 10:33:00.000 +0530
XXXX085X5648,7694.0,2026-03-05 10:33:00.000 +0530
XXXX085X5675,6018.0,2026-03-05 10:33:00.000 +0530
XXXX085X5701,3383.0,2026-03-05 10:33:00.000 +0530
XXXX085X5708,3229.0,2026-03-05 10:33:00.000 +0530
XXXX085X5794,4539.0,2026-03-05 10:33:00.000 +0530
XXXX085X5801,3442.0,2026-03-05 10:33:00.000 +0530
XXXX085X5803,3372.0,2026-03-05 10:33:00.000 +0530
XXXX085X5838,4150.0,2026-03-05 10:33:00.000 +0530
XXXX085X5843,7103.0,2026-03-05 10:33:00.000 +0530
XXXX085X5872,3494.0,2026-03-05 10:33:00.000 +0530
XXXX085X5878,4205.0,2026-03-05 10:33:00.000 +0530
XXXX085X5887,4533.0,2026-03-05 10:33:00.000 +0530
XXXX085X5920,5139.0,2026-03-05 10:33:00.000 +0530
XXXX085X5922,4605.0,2026-03-05 10:33:00.000 +0530
XXXX085X6003,3235.0,2026-03-05 10:33:00.000 +0530
XXXX085X6015,4404.0,2026-03-05 10:33:00.000 +0530
XXXX085X6035,3917.0,2026-03-05 10:33:00.000 +0530
XXXX085X6047,4101.0,2026-03-05 10:33:00.000 +0530
XXXX085X6067,5013.0,2026-03-05 10:33:00.000 +0530
XXXX085X6068,3694.0,2026-03-05 10:33:00.000 +0530
XXXX085X6089,3408.0,2026-03-05 10:33:00.000 +0530
XXXX085X6115,3101.0,2026-03-05 10:33:00.000 +0530
XXXX085X6119,3349.0,2026-03-05 10:33:00.000 +0530
XXXX085X6154,3334.0,2026-03-05 10:33:00.000 +0530
XXXX085X6155,3970.0,2026-03-05 10:33:00.000 +0530
XXXX085X6158,6307.0,2026-03-05 10:33:00.000 +0530
XXXX085X6166,5084.0,2026-03-05 10:33:00.000 +0530
XXXX085X6176,4535.0,2026-03-05 10:33:00.000 +0530
XXXX085X6181,4949.0,2026-03-05 10:33:00.000 +0530
XXXX085X6190,4163.0,2026-03-05 10:33:00.000 +0530
XXXX085X6200,3368.0,2026-03-05 10:33:00.000 +0530
XXXX085X6266,3246.0,2026-03-05 10:33:00.000 +0530
XXXX085X6284,5084.0,2026-03-05 10:33:00.000 +0530
XXXX085X6285,2517.0,2026-03-05 10:33:00.000 +0530
XXXX085X6322,3288.0,2026-03-05 10:33:00.000 +0530
XXXX085X6325,3784.0,2026-03-05 10:33:00.000 +0530
XXXX085X6352,4521.0,2026-03-05 10:33:00.000 +0530
XXXX085X6354,2857.0,2026-03-05 10:33:00.000 +0530
XXXX085X6358,3456.0,2026-03-05 10:33:00.000 +0530
XXXX085X6433,4851.0,2026-03-05 10:33:00.000 +0530
XXXX085X6456,3159.0,2026-03-05 10:33:00.000 +0530
XXXX085X6477,3603.0,2026-03-05 10:33:00.000 +0530
XXXX085X6484,6021.0,2026-03-05 10:33:00.000 +0530
XXXX085X6486,3622.0,2026-03-05 10:33:00.000 +0530
XXXX085X6487,2967.0,2026-03-05 10:33:00.000 +0530
XXXX085X6546,3856.0,2026-03-05 10:33:00.000 +0530
XXXX085X6556,4186.0,2026-03-05 10:33:00.000 +0530
XXXX085X6568,3320.0,2026-03-05 10:33:00.000 +0530
XXXX085X6570,3850.0,2026-03-05 10:33:00.000 +0530
XXXX085X6600,5806.0,2026-03-05 10:33:00.000 +0530
XXXX085X6631,4650.0,2026-03-05 10:33:00.000 +0530
XXXX085X6637,3603.0,2026-03-05 10:33:00.000 +0530
XXXX085X6670,4124.0,2026-03-05 10:33:00.000 +0530
XXXX085X6678,2518.0,2026-03-05 10:33:00.000 +0530
XXXX085X6679,3733.0,2026-03-05 10:33:00.000 +0530
XXXX085X6807,3839.0,2026-03-05 10:33:00.000 +0530
XXXX085X6813,3374.0,2026-03-05 10:33:00.000 +0530
XXXX085X6815,4280.0,2026-03-05 10:33:00.000 +0530
XXXX085X6839,4008.0,2026-03-05 10:33:00.000 +0530
XXXX085X6841,3132.0,2026-03-05 10:33:00.000 +0530
XXXX085X6859,4098.0,2026-03-05 10:33:00.000 +0530
XXXX085X6862,5288.0,2026-03-05 10:33:00.000 +0530
XXXX085X6865,2223.0,2026-03-05 10:33:00.000 +0530
XXXX085X6883,4150.0,2026-03-05 10:33:00.000 +0530
XXXX085X6915,3575.0,2026-03-05 10:33:00.000 +0530
XXXX085X6946,4893.0,2026-03-05 10:33:00.000 +0530
XXXX085X6967,3666.0,2026-03-05 10:33:00.000 +0530
XXXX085X6974,4090.0,2026-03-05 10:33:00.000 +0530
XXXX085X6995,5822.0,2026-03-05 10:33:00.000 +0530
XXXX085X6998,3823.0,2026-03-05 10:33:00.000 +0530
XXXX085X7006,3372.0,2026-03-05 10:33:00.000 +0530
XXXX085X7012,3236.0,2026-03-05 10:33:00.000 +0530
XXXX085X7039,3261.0,2026-03-05 10:33:00.000 +0530
XXXX085X7047,2758.0,2026-03-05 10:33:00.000 +0530
XXXX085X7055,3033.0,2026-03-05 10:33:00.000 +0530
XXXX085X7061,3940.0,2026-03-05 10:33:00.000 +0530
XXXX085X7106,3910.0,2026-03-05 10:33:00.000 +0530
XXXX085X7117,4201.0,2026-03-05 10:33:00.000 +0530
XXXX085X7170,5367.0,2026-03-05 10:33:00.000 +0530
XXXX085X7210,3387.0,2026-03-05 10:33:00.000 +0530
XXXX085X7244,4991.0,2026-03-05 10:33:00.000 +0530
XXXX085X7248,3731.0,2026-03-05 10:33:00.000 +0530
XXXX085X7258,2940.0,2026-03-05 10:33:00.000 +0530
XXXX085X7268,4484.0,2026-03-05 10:33:00.000 +0530
XXXX085X7294,5784.0,2026-03-05 10:33:00.000 +0530
XXXX085X7297,4716.0,2026-03-05 10:33:00.000 +0530
XXXX085X7304,5672.0,2026-03-05 10:33:00.000 +0530
XXXX085X7309,3701.0,2026-03-05 10:33:00.000 +0530
XXXX085X7334,5032.0,2026-03-05 10:33:00.000 +0530
XXXX085X7355,4564.0,2026-03-05 10:33:00.000 +0530
XXXX085X7383,3107.0,2026-03-05 10:33:00.000 +0530
XXXX085X7384,4114.0,2026-03-05 10:33:00.000 +0530
XXXX085X7385,3185.0,2026-03-05 10:33:00.000 +0530
XXXX085X7410,4570.0,2026-03-05 10:33:00.000 +0530
XXXX085X7427,2983.0,2026-03-05 10:33:00.000 +0530
XXXX085X7436,3622.0,2026-03-05 10:33:00.000 +0530
XXXX085X7446,4491.0,2026-03-05 10:33:00.000 +0530
XXXX085X7460,2502.0,2026-03-05 10:33:00.000 +0530
XXXX085X7479,3166.0,2026-03-05 10:33:00.000 +0530
XXXX085X7486,3405.0,2026-03-05 10:33:00.000 +0530
XXXX085X7514,5208.0,2026-03-05 10:33:00.000 +0530
XXXX085X7517,3553.0,2026-03-05 10:33:00.000 +0530
XXXX085X7589,3340.0,2026-03-05 10:33:00.000 +0530
XXXX085X7611,3261.0,2026-03-05 10:33:00.000 +0530
XXXX085X7639,4326.0,2026-03-05 10:33:00.000 +0530
XXXX085X7642,3246.0,2026-03-05 10:33:00.000 +0530
XXXX085X7657,5099.0,2026-03-05 10:33:00.000 +0530
XXXX085X7710,4402.0,2026-03-05 10:33:00.000 +0530
XXXX085X7721,4974.0,2026-03-05 10:33:00.000 +0530
XXXX085X7743,3495.0,2026-03-05 10:33:00.000 +0530
XXXX085X7766,4193.0,2026-03-05 10:33:00.000 +0530
XXXX085X7771,3510.0,2026-03-05 10:33:00.000 +0530
XXXX085X7796,3378.0,2026-03-05 10:33:00.000 +0530
XXXX085X7819,4399.0,2026-03-05 10:33:00.000 +0530
XXXX085X7823,3576.0,2026-03-05 10:33:00.000 +0530
XXXX085X7877,4102.0,2026-03-05 10:33:00.000 +0530
XXXX085X7885,3315.0,2026-03-05 10:33:00.000 +0530
XXXX085X7887,4714.0,2026-03-05 10:33:00.000 +0530
XXXX085X7899,3865.0,2026-03-05 10:33:00.000 +0530
XXXX085X7901,4512.0,2026-03-05 10:33:00.000 +0530
XXXX085X7905,5582.0,2026-03-05 10:33:00.000 +0530
XXXX085X7908,3873.0,2026-03-05 10:33:00.000 +0530
XXXX085X7918,4871.0,2026-03-05 10:33:00.000 +0530
XXXX085X7928,3151.0,2026-03-05 10:33:00.000 +0530
XXXX085X7938,4464.0,2026-03-05 10:33:00.000 +0530
XXXX085X7955,4109.0,2026-03-05 10:33:00.000 +0530
XXXX085X7970,5727.0,2026-03-05 10:33:00.000 +0530
XXXX085X8037,4054.0,2026-03-05 10:33:00.000 +0530
XXXX085X8042,4371.0,2026-03-05 10:33:00.000 +0530
XXXX085X8045,4161.0,2026-03-05 10:33:00.000 +0530
XXXX085X8050,2988.0,2026-03-05 10:33:00.000 +0530
XXXX085X8087,3437.0,2026-03-05 10:33:00.000 +0530
XXXX085X8115,2288.0,2026-03-05 10:33:00.000 +0530
XXXX085X8131,4093.0,2026-03-05 10:33:00.000 +0530
XXXX085X8193,3475.0,2026-03-05 10:33:00.000 +0530
XXXX085X8202,3773.0,2026-03-05 10:33:00.000 +0530
XXXX085X8216,3165.0,2026-03-05 10:33:00.000 +0530
XXXX085X8256,4144.0,2026-03-05 10:33:00.000 +0530
XXXX085X8288,3242.0,2026-03-05 10:33:00.000 +0530
XXXX085X8301,3564.0,2026-03-05 10:33:00.000 +0530
XXXX085X8315,4071.0,2026-03-05 10:33:00.000 +0530
XXXX085X8349,6257.0,2026-03-05 10:33:00.000 +0530
XXXX085X8360,3678.0,2026-03-05 10:33:00.000 +0530
XXXX085X8366,5611.0,2026-03-05 10:33:00.000 +0530
XXXX085X8376,4163.0,2026-03-05 10:33:00.000 +0530
XXXX085X8414,3227.0,2026-03-05 10:33:00.000 +0530
XXXX085X8421,3716.0,2026-03-05 10:33:00.000 +0530
XXXX085X8424,3582.0,2026-03-05 10:33:00.000 +0530
XXXX085X8426,4360.0,2026-03-05 10:33:00.000 +0530
XXXX085X8461,3327.0,2026-03-05 10:33:00.000 +0530
XXXX085X8474,3259.0,2026-03-05 10:33:00.000 +0530
XXXX085X8482,4071.0,2026-03-05 10:33:00.000 +0530
XXXX085X8531,5347.0,2026-03-05 10:33:00.000 +0530
XXXX085X8555,4470.0,2026-03-05 10:33:00.000 +0530
XXXX085X8570,5729.0,2026-03-05 10:33:00.000 +0530
XXXX085X8575,4338.0,2026-03-05 10:33:00.000 +0530
XXXX085X8578,3170.0,2026-03-05 10:33:00.000 +0530
XXXX085X8581,3715.0,2026-03-05 10:33:00.000 +0530
XXXX085X8582,3457.0,2026-03-05 10:33:00.000 +0530
XXXX085X8603,3101.0,2026-03-05 10:33:00.000 +0530
XXXX085X8604,3775.0,2026-03-05 10:33:00.000 +0530
XXXX085X8660,4873.0,2026-03-05 10:33:00.000 +0530
XXXX085X8662,3709.0,2026-03-05 10:33:00.000 +0530
XXXX085X8724,3127.0,2026-03-05 10:33:00.000 +0530
XXXX085X8758,3907.0,2026-03-05 10:33:00.000 +0530
XXXX085X8767,4316.0,2026-03-05 10:33:00.000 +0530
XXXX085X8803,3216.0,2026-03-05 10:33:00.000 +0530
XXXX085X8852,3391.0,2026-03-05 10:33:00.000 +0530
XXXX085X8864,3856.0,2026-03-05 10:33:00.000 +0530
XXXX085X8874,5395.0,2026-03-05 10:33:00.000 +0530
XXXX085X8885,2923.0,2026-03-05 10:33:00.000 +0530
XXXX085X8959,6179.0,2026-03-05 10:33:00.000 +0530
XXXX085X8963,3967.0,2026-03-05 10:33:00.000 +0530
XXXX085X8989,3648.0,2026-03-05 10:33:00.000 +0530
XXXX085X9027,4347.0,2026-03-05 10:33:00.000 +0530
XXXX085X9052,2542.0,2026-03-05 10:33:00.000 +0530
XXXX085X9077,5166.0,2026-03-05 10:33:00.000 +0530
XXXX085X9079,3093.0,2026-03-05 10:33:00.000 +0530
XXXX085X9102,3678.0,2026-03-05 10:33:00.000 +0530
XXXX085X9113,4438.0,2026-03-05 10:33:00.000 +0530
XXXX085X9151,4746.0,2026-03-05 10:33:00.000 +0530
XXXX085X9198,5202.0,2026-03-05 10:33:00.000 +0530
XXXX085X9239,4276.0,2026-03-05 10:33:00.000 +0530
XXXX085X9246,3662.0,2026-03-05 10:33:00.000 +0530
XXXX085X9297,2559.0,2026-03-05 10:33:00.000 +0530
XXXX085X9315,3896.0,2026-03-05 10:33:00.000 +0530
XXXX085X9321,4828.0,2026-03-05 10:33:00.000 +0530
XXXX085X9355,4186.0,2026-03-05 10:33:00.000 +0530
XXXX085X9396,4135.0,2026-03-05 10:33:00.000 +0530
XXXX085X9401,4189.0,2026-03-05 10:33:00.000 +0530
XXXX085X9454,3487.0,2026-03-05 10:33:00.000 +0530
XXXX085X9473,3630.0,2026-03-05 10:33:00.000 +0530
XXXX085X9484,3906.0,2026-03-05 10:33:00.000 +0530
XXXX085X9503,2878.0,2026-03-05 10:33:00.000 +0530
XXXX085X9525,4850.0,2026-03-05 10:33:00.000 +0530
XXXX085X9538,3758.0,2026-03-05 10:33:00.000 +0530
XXXX085X9555,4075.0,2026-03-05 10:33:00.000 +0530
XXXX085X9595,3363.0,2026-03-05 10:33:00.000 +0530
XXXX085X9605,3881.0,2026-03-05 10:33:00.000 +0530
XXXX085X9620,3372.0,2026-03-05 10:33:00.000 +0530
XXXX085X9642,3948.0,2026-03-05 10:33:00.000 +0530
XXXX085X9654,3781.0,2026-03-05 10:33:00.000 +0530
XXXX085X9661,4753.0,2026-03-05 10:33:00.000 +0530
XXXX085X9704,4743.0,2026-03-05 10:33:00.000 +0530
XXXX085X9712,4548.0,2026-03-05 10:33:00.000 +0530
XXXX085X9749,5816.0,2026-03-05 10:33:00.000 +0530
XXXX085X9792,2785.0,2026-03-05 10:33:00.000 +0530
XXXX085X9795,4636.0,2026-03-05 10:33:00.000 +0530
XXXX085X9798,3293.0,2026-03-05 10:33:00.000 +0530
XXXX085X9874,3095.0,2026-03-05 10:33:00.000 +0530
XXXX085X9907,3479.0,2026-03-05 10:33:00.000 +0530
XXXX085X9909,3781.0,2026-03-05 10:33:00.000 +0530
XXXX085X9914,3857.0,2026-03-05 10:33:00.000 +0530
XXXX085X9921,3558.0,2026-03-05 10:33:00.000 +0530
XXXX085X9925,4560.0,2026-03-05 10:33:00.000 +0530
XXXX085X9985,3578.0,2026-03-05 10:33:00.000 +0530
XXXX085X9989,4877.0,2026-03-05 10:33:00.000 +0530
XXXX086X0071,3536.0,2026-03-05 10:33:00.000 +0530
XXXX086X0119,2717.0,2026-03-05 10:33:00.000 +0530
XXXX086X0131,3552.0,2026-03-05 10:33:00.000 +0530
XXXX086X0261,3700.0,2026-03-05 10:33:00.000 +0530
XXXX086X0283,4669.0,2026-03-05 10:33:00.000 +0530
XXXX086X0290,3346.0,2026-03-05 10:33:00.000 +0530
XXXX086X0295,3547.0,2026-03-05 10:33:00.000 +0530
XXXX086X0329,4081.0,2026-03-05 10:33:00.000 +0530
XXXX086X0379,3628.0,2026-03-05 10:33:00.000 +0530
XXXX086X0400,5991.0,2026-03-05 10:33:00.000 +0530
XXXX086X0508,3349.0,2026-03-05 10:33:00.000 +0530
XXXX086X0551,5193.0,2026-03-05 10:33:00.000 +0530
XXXX086X0577,4434.0,2026-03-05 10:33:00.000 +0530
XXXX086X0593,4021.0,2026-03-05 10:33:00.000 +0530
XXXX086X0612,3226.0,2026-03-05 10:33:00.000 +0530
XXXX086X0637,5514.0,2026-03-05 10:33:00.000 +0530
XXXX086X0736,4562.0,2026-03-05 10:33:00.000 +0530
XXXX086X0795,5672.0,2026-03-05 10:33:00.000 +0530
XXXX086X0799,4744.0,2026-03-05 10:33:00.000 +0530
XXXX086X0850,4239.0,2026-03-05 10:33:00.000 +0530
XXXX086X0880,4878.0,2026-03-05 10:33:00.000 +0530
XXXX086X0897,3323.0,2026-03-05 10:33:00.000 +0530
XXXX086X0927,3382.0,2026-03-05 10:33:00.000 +0530
XXXX086X0961,3364.0,2026-03-05 10:33:00.000 +0530
XXXX086X0967,4708.0,2026-03-05 10:33:00.000 +0530
XXXX086X0978,4288.0,2026-03-05 10:33:00.000 +0530
XXXX086X1016,2268.0,2026-03-05 10:33:00.000 +0530
XXXX086X1017,4410.0,2026-03-05 10:33:00.000 +0530
XXXX086X1047,3009.0,2026-03-05 10:33:00.000 +0530
XXXX086X1049,6374.0,2026-03-05 10:33:00.000 +0530
XXXX086X1061,3459.0,2026-03-05 10:33:00.000 +0530
XXXX086X1064,4279.0,2026-03-05 10:33:00.000 +0530
XXXX086X1125,3453.0,2026-03-05 10:33:00.000 +0530
XXXX086X1153,3014.0,2026-03-05 10:33:00.000 +0530
XXXX086X1159,4959.0,2026-03-05 10:33:00.000 +0530
XXXX086X1221,3025.0,2026-03-05 10:33:00.000 +0530
XXXX086X1277,4072.0,2026-03-05 10:33:00.000 +0530
XXXX086X1320,3059.0,2026-03-05 10:33:00.000 +0530
XXXX086X1497,3325.0,2026-03-05 10:33:00.000 +0530
XXXX086X1498,6132.0,2026-03-05 10:33:00.000 +0530
XXXX086X1543,4485.0,2026-03-05 10:33:00.000 +0530
XXXX086X1650,3448.0,2026-03-05 10:33:00.000 +0530
XXXX086X1682,3249.0,2026-03-05 10:33:00.000 +0530
XXXX086X1718,3909.0,2026-03-05 10:33:00.000 +0530
XXXX086X1727,3421.0,2026-03-05 10:33:00.000 +0530
XXXX086X1837,3284.0,2026-03-05 10:33:00.000 +0530
XXXX086X1884,3109.0,2026-03-05 10:33:00.000 +0530
XXXX086X1956,4289.0,2026-03-05 10:33:00.000 +0530
XXXX086X2038,4307.0,2026-03-05 10:33:00.000 +0530
XXXX086X2047,3079.0,2026-03-05 10:33:00.000 +0530
XXXX086X2080,3659.0,2026-03-05 10:33:00.000 +0530
XXXX086X2088,5012.0,2026-03-05 10:33:00.000 +0530
XXXX086X2092,3200.0,2026-03-05 10:33:00.000 +0530
XXXX086X2103,5705.0,2026-03-05 10:33:00.000 +0530
XXXX086X2127,3418.0,2026-03-05 10:33:00.000 +0530
XXXX086X2165,4902.0,2026-03-05 10:33:00.000 +0530
XXXX086X2217,5591.0,2026-03-05 10:33:00.000 +0530
XXXX086X2229,5157.0,2026-03-05 10:33:00.000 +0530
XXXX086X2237,4824.0,2026-03-05 10:33:00.000 +0530
XXXX086X2264,5162.0,2026-03-05 10:33:00.000 +0530
XXXX086X2303,3109.0,2026-03-05 10:33:00.000 +0530
XXXX086X2326,2941.0,2026-03-05 10:33:00.000 +0530
XXXX086X2380,6680.0,2026-03-05 10:33:00.000 +0530
XXXX086X2381,4559.0,2026-03-05 10:33:00.000 +0530
XXXX086X2397,3368.0,2026-03-05 10:33:00.000 +0530
XXXX086X2399,5856.0,2026-03-05 10:33:00.000 +0530
XXXX086X2418,4207.0,2026-03-05 10:33:00.000 +0530
XXXX086X2419,4021.0,2026-03-05 10:33:00.000 +0530
XXXX086X2427,3407.0,2026-03-05 10:33:00.000 +0530
XXXX086X2433,5912.0,2026-03-05 10:33:00.000 +0530
XXXX086X2464,4228.0,2026-03-05 10:33:00.000 +0530
XXXX086X2516,3730.0,2026-03-05 10:33:00.000 +0530
XXXX086X2532,3628.0,2026-03-05 10:33:00.000 +0530
XXXX086X2540,3202.0,2026-03-05 10:33:00.000 +0530
XXXX086X2561,4586.0,2026-03-05 10:33:00.000 +0530
XXXX086X2573,3794.0,2026-03-05 10:33:00.000 +0530
XXXX086X2623,3591.0,2026-03-05 10:33:00.000 +0530
XXXX086X2631,3506.0,2026-03-05 10:33:00.000 +0530
XXXX086X2754,5177.0,2026-03-05 10:33:00.000 +0530
XXXX086X2769,3982.0,2026-03-05 10:33:00.000 +0530
XXXX086X2777,4088.0,2026-03-05 10:33:00.000 +0530
XXXX086X2778,5069.0,2026-03-05 10:33:00.000 +0530
XXXX086X2791,4425.0,2026-03-05 10:33:00.000 +0530
XXXX086X2810,3172.0,2026-03-05 10:33:00.000 +0530
XXXX086X2818,4419.0,2026-03-05 10:33:00.000 +0530
XXXX086X2945,3086.0,2026-03-05 10:33:00.000 +0530
XXXX086X3100,3994.0,2026-03-05 10:33:00.000 +0530
XXXX086X3186,4430.0,2026-03-05 10:33:00.000 +0530
XXXX086X3228,4925.0,2026-03-05 10:33:00.000 +0530
XXXX086X3310,3711.0,2026-03-05 10:33:00.000 +0530
XXXX086X3413,4800.0,2026-03-05 10:33:00.000 +0530
XXXX086X3431,4323.0,2026-03-05 10:33:00.000 +0530
XXXX086X3452,4167.0,2026-03-05 10:33:00.000 +0530
XXXX086X3471,4711.0,2026-03-05 10:33:00.000 +0530
XXXX086X3481,3866.0,2026-03-05 10:33:00.000 +0530
XXXX086X3495,4005.0,2026-03-05 10:33:00.000 +0530
XXXX086X3515,4453.0,2026-03-05 10:33:00.000 +0530
XXXX086X3542,3490.0,2026-03-05 10:33:00.000 +0530
XXXX086X3561,3700.0,2026-03-05 10:33:00.000 +0530
XXXX086X3599,2980.0,2026-03-05 10:33:00.000 +0530
XXXX086X3600,3403.0,2026-03-05 10:33:00.000 +0530
XXXX086X3657,2569.0,2026-03-05 10:33:00.000 +0530
XXXX086X3658,3729.0,2026-03-05 10:33:00.000 +0530
XXXX086X3713,4233.0,2026-03-05 10:33:00.000 +0530
XXXX086X3737,5672.0,2026-03-05 10:33:00.000 +0530
XXXX086X3741,4572.0,2026-03-05 10:33:00.000 +0530
XXXX086X3760,3364.0,2026-03-05 10:33:00.000 +0530
XXXX086X3768,6145.0,2026-03-05 10:33:00.000 +0530
XXXX086X3799,3494.0,2026-03-05 10:33:00.000 +0530
XXXX086X3897,4140.0,2026-03-05 10:33:00.000 +0530
XXXX086X4003,4064.0,2026-03-05 10:33:00.000 +0530
XXXX086X4082,2773.0,2026-03-05 10:33:00.000 +0530
XXXX086X4188,2975.0,2026-03-05 10:33:00.000 +0530
XXXX086X4206,3407.0,2026-03-05 10:33:00.000 +0530
XXXX086X4272,3712.0,2026-03-05 10:33:00.000 +0530
XXXX086X4273,4014.0,2026-03-05 10:33:00.000 +0530
XXXX086X4290,3112.0,2026-03-05 10:33:00.000 +0530
XXXX086X4305,4595.0,2026-03-05 10:33:00.000 +0530
XXXX086X4403,3248.0,2026-03-05 10:33:00.000 +0530
XXXX086X4464,4590.0,2026-03-05 10:33:00.000 +0530
XXXX086X4467,5672.0,2026-03-05 10:33:00.000 +0530
XXXX086X4533,3320.0,2026-03-05 10:33:00.000 +0530
XXXX086X4540,3598.0,2026-03-05 10:33:00.000 +0530
XXXX086X4823,3093.0,2026-03-05 10:33:00.000 +0530
XXXX086X4843,3788.0,2026-03-05 10:33:00.000 +0530
XXXX086X4857,2637.0,2026-03-05 10:33:00.000 +0530
XXXX086X5023,3777.0,2026-03-05 10:33:00.000 +0530
XXXX086X5210,6744.0,2026-03-05 10:33:00.000 +0530
XXXX086X5311,6244.0,2026-03-05 10:33:00.000 +0530
XXXX086X5313,4342.0,2026-03-05 10:33:00.000 +0530
XXXX086X5331,6774.0,2026-03-05 10:33:00.000 +0530
XXXX086X5393,4099.0,2026-03-05 10:33:00.000 +0530
XXXX086X5401,3768.0,2026-03-05 10:33:00.000 +0530
XXXX086X5504,3650.0,2026-03-05 10:33:00.000 +0530
XXXX086X5563,4048.0,2026-03-05 10:33:00.000 +0530
XXXX086X5587,4076.0,2026-03-05 10:33:00.000 +0530
XXXX086X5588,2712.0,2026-03-05 10:33:00.000 +0530
XXXX086X5630,4232.0,2026-03-05 10:33:00.000 +0530
XXXX086X5632,4384.0,2026-03-05 10:33:00.000 +0530
XXXX086X5644,3088.0,2026-03-05 10:33:00.000 +0530
XXXX086X5653,6259.0,2026-03-05 10:33:00.000 +0530
XXXX086X5721,3082.0,2026-03-05 10:33:00.000 +0530
XXXX086X5737,4725.0,2026-03-05 10:33:00.000 +0530
XXXX086X5755,3357.0,2026-03-05 10:33:00.000 +0530
XXXX086X5832,5755.0,2026-03-05 10:33:00.000 +0530
XXXX086X5856,6254.0,2026-03-05 10:33:00.000 +0530
XXXX086X5928,3550.0,2026-03-05 10:33:00.000 +0530
XXXX086X6037,4935.0,2026-03-05 10:33:00.000 +0530
XXXX086X6049,4087.0,2026-03-05 10:33:00.000 +0530
XXXX086X6054,3856.0,2026-03-05 10:33:00.000 +0530
XXXX086X6096,3631.0,2026-03-05 10:33:00.000 +0530
XXXX086X6141,3528.0,2026-03-05 10:33:00.000 +0530
XXXX086X6171,6665.0,2026-03-05 10:33:00.000 +0530
XXXX086X6240,3437.0,2026-03-05 10:33:00.000 +0530
XXXX086X6321,3460.0,2026-03-05 10:33:00.000 +0530
XXXX086X6349,3682.0,2026-03-05 10:33:00.000 +0530
XXXX086X6363,2414.0,2026-03-05 10:33:00.000 +0530
XXXX086X6409,3519.0,2026-03-05 10:33:00.000 +0530
XXXX086X6423,3807.0,2026-03-05 10:33:00.000 +0530
XXXX086X6451,5927.0,2026-03-05 10:33:00.000 +0530
XXXX086X6482,5073.0,2026-03-05 10:33:00.000 +0530
XXXX086X6536,3325.0,2026-03-05 10:33:00.000 +0530
XXXX086X6566,2927.0,2026-03-05 10:33:00.000 +0530
XXXX086X6584,4119.0,2026-03-05 10:33:00.000 +0530
XXXX086X6703,4991.0,2026-03-05 10:33:00.000 +0530
XXXX086X6738,3391.0,2026-03-05 10:33:00.000 +0530
XXXX086X6774,3891.0,2026-03-05 10:33:00.000 +0530
XXXX086X6812,4109.0,2026-03-05 10:33:00.000 +0530
XXXX086X6885,3700.0,2026-03-05 10:33:00.000 +0530
XXXX086X6942,5370.0,2026-03-05 10:33:00.000 +0530
XXXX086X6976,3964.0,2026-03-05 10:33:00.000 +0530
XXXX086X7102,4156.0,2026-03-05 10:33:00.000 +0530
XXXX086X7114,3342.0,2026-03-05 10:33:00.000 +0530
XXXX086X7116,8046.0,2026-03-05 10:33:00.000 +0530
XXXX086X7130,3323.0,2026-03-05 10:33:00.000 +0530
XXXX086X7136,3064.0,2026-03-05 10:33:00.000 +0530
XXXX086X7140,3843.0,2026-03-05 10:33:00.000 +0530
XXXX086X7206,4870.0,2026-03-05 10:33:00.000 +0530
XXXX086X7220,3748.0,2026-03-05 10:33:00.000 +0530
XXXX086X7264,6606.0,2026-03-05 10:33:00.000 +0530
XXXX086X7308,3563.0,2026-03-05 10:33:00.000 +0530
XXXX086X7350,3883.0,2026-03-05 10:33:00.000 +0530
XXXX086X7428,2960.0,2026-03-05 10:33:00.000 +0530
XXXX086X7443,3420.0,2026-03-05 10:33:00.000 +0530
XXXX086X7450,3782.0,2026-03-05 10:33:00.000 +0530
XXXX086X7479,3166.0,2026-03-05 10:33:00.000 +0530
XXXX086X7497,3888.0,2026-03-05 10:33:00.000 +0530
XXXX086X7498,6310.0,2026-03-05 10:33:00.000 +0530
XXXX086X7499,5454.0,2026-03-05 10:33:00.000 +0530
XXXX086X7527,4082.0,2026-03-05 10:33:00.000 +0530
XXXX086X7534,3108.0,2026-03-05 10:33:00.000 +0530
XXXX086X7535,3531.0,2026-03-05 10:33:00.000 +0530
XXXX086X7556,4214.0,2026-03-05 10:33:00.000 +0530
XXXX086X7578,4400.0,2026-03-05 10:33:00.000 +0530
XXXX086X7607,5356.0,2026-03-05 10:33:00.000 +0530
XXXX086X7611,3487.0,2026-03-05 10:33:00.000 +0530
XXXX086X7619,5317.0,2026-03-05 10:33:00.000 +0530
XXXX086X7739,2871.0,2026-03-05 10:33:00.000 +0530
XXXX086X7759,3090.0,2026-03-05 10:33:00.000 +0530
XXXX086X7820,6121.0,2026-03-05 10:33:00.000 +0530
XXXX086X7847,3163.0,2026-03-05 10:33:00.000 +0530
XXXX086X7915,4783.0,2026-03-05 10:33:00.000 +0530
XXXX086X7955,3406.0,2026-03-05 10:33:00.000 +0530
XXXX086X7956,2788.0,2026-03-05 10:33:00.000 +0530
XXXX086X7971,3843.0,2026-03-05 10:33:00.000 +0530
XXXX086X7979,4041.0,2026-03-05 10:33:00.000 +0530
XXXX086X8028,4300.0,2026-03-05 10:33:00.000 +0530
XXXX086X8147,3379.0,2026-03-05 10:33:00.000 +0530
XXXX086X8152,3572.0,2026-03-05 10:33:00.000 +0530
XXXX086X8239,4933.0,2026-03-05 10:33:00.000 +0530
XXXX086X8299,4291.0,2026-03-05 10:33:00.000 +0530
XXXX086X8325,5126.0,2026-03-05 10:33:00.000 +0530
XXXX086X8359,3907.0,2026-03-05 10:33:00.000 +0530
XXXX086X8390,4028.0,2026-03-05 10:33:00.000 +0530
XXXX086X8410,3590.0,2026-03-05 10:33:00.000 +0530
XXXX086X8526,5930.0,2026-03-05 10:33:00.000 +0530
XXXX086X8598,3418.0,2026-03-05 10:33:00.000 +0530
XXXX086X8654,3761.0,2026-03-05 10:33:00.000 +0530
XXXX086X8704,7260.0,2026-03-05 10:33:00.000 +0530
XXXX086X8710,4853.0,2026-03-05 10:33:00.000 +0530
XXXX086X8748,4581.0,2026-03-05 10:33:00.000 +0530
XXXX086X8770,4224.0,2026-03-05 10:33:00.000 +0530
XXXX086X8794,3278.0,2026-03-05 10:33:00.000 +0530
XXXX086X8809,5395.0,2026-03-05 10:33:00.000 +0530
XXXX086X8844,3994.0,2026-03-05 10:33:00.000 +0530
XXXX086X8907,3988.0,2026-03-05 10:33:00.000 +0530
XXXX086X8921,3581.0,2026-03-05 10:33:00.000 +0530
XXXX086X9005,3055.0,2026-03-05 10:33:00.000 +0530
XXXX086X9035,4186.0,2026-03-05 10:33:00.000 +0530
XXXX086X9042,3469.0,2026-03-05 10:33:00.000 +0530
XXXX086X9073,3384.0,2026-03-05 10:33:00.000 +0530
XXXX086X9097,3958.0,2026-03-05 10:33:00.000 +0530
XXXX086X9106,3543.0,2026-03-05 10:33:00.000 +0530
XXXX086X9127,3246.0,2026-03-05 10:33:00.000 +0530
XXXX086X9210,4316.0,2026-03-05 10:33:00.000 +0530
XXXX086X9232,4277.0,2026-03-05 10:33:00.000 +0530
XXXX086X9234,4410.0,2026-03-05 10:33:00.000 +0530
XXXX086X9274,2888.0,2026-03-05 10:33:00.000 +0530
XXXX086X9319,5003.0,2026-03-05 10:33:00.000 +0530
XXXX086X9368,3895.0,2026-03-05 10:33:00.000 +0530
XXXX086X9377,3315.0,2026-03-05 10:33:00.000 +0530
XXXX086X9392,3997.0,2026-03-05 10:33:00.000 +0530
XXXX086X9393,4833.0,2026-03-05 10:33:00.000 +0530
XXXX086X9446,5370.0,2026-03-05 10:33:00.000 +0530
XXXX086X9525,3490.0,2026-03-05 10:33:00.000 +0530
XXXX086X9533,4071.0,2026-03-05 10:33:00.000 +0530
XXXX086X9556,6024.0,2026-03-05 10:33:00.000 +0530
XXXX086X9563,4713.0,2026-03-05 10:33:00.000 +0530
XXXX086X9592,4010.0,2026-03-05 10:33:00.000 +0530
XXXX086X9762,3342.0,2026-03-05 10:33:00.000 +0530
XXXX086X9800,3827.0,2026-03-05 10:33:00.000 +0530
XXXX086X9805,3345.0,2026-03-05 10:33:00.000 +0530
XXXX086X9816,5570.0,2026-03-05 10:33:00.000 +0530
XXXX086X9847,3283.0,2026-03-05 10:33:00.000 +0530
XXXX086X9867,2971.0,2026-03-05 10:33:00.000 +0530
XXXX086X9881,3957.0,2026-03-05 10:33:00.000 +0530
XXXX086X9885,4021.0,2026-03-05 10:33:00.000 +0530
XXXX086X9911,4555.0,2026-03-05 10:33:00.000 +0530
XXXX086X9915,4139.0,2026-03-05 10:33:00.000 +0530
XXXX086X9937,4370.0,2026-03-05 10:33:00.000 +0530
XXXX086X9944,3491.0,2026-03-05 10:33:00.000 +0530
XXXX086X9975,3818.0,2026-03-05 10:33:00.000 +0530
XXXX087X0063,4645.0,2026-03-05 10:33:00.000 +0530
XXXX087X0075,4046.0,2026-03-05 10:33:00.000 +0530
XXXX087X0103,4159.0,2026-03-05 10:33:00.000 +0530
XXXX087X0108,5415.0,2026-03-05 10:33:00.000 +0530
XXXX087X0159,4419.0,2026-03-05 10:33:00.000 +0530
XXXX087X0160,5853.0,2026-03-05 10:33:00.000 +0530
XXXX087X0165,5136.0,2026-03-05 10:33:00.000 +0530
XXXX087X0376,2739.0,2026-03-05 10:33:00.000 +0530
XXXX087X0402,3700.0,2026-03-05 10:33:00.000 +0530
XXXX087X0487,5022.0,2026-03-05 10:33:00.000 +0530
XXXX087X0517,3279.0,2026-03-05 10:33:00.000 +0530
XXXX087X0519,4797.0,2026-03-05 10:33:00.000 +0530
XXXX087X0531,4013.0,2026-03-05 10:33:00.000 +0530
XXXX087X0541,2706.0,2026-03-05 10:33:00.000 +0530
XXXX087X0542,3491.0,2026-03-05 10:33:00.000 +0530
XXXX087X0546,4295.0,2026-03-05 10:33:00.000 +0530
XXXX087X0547,4502.0,2026-03-05 10:33:00.000 +0530
XXXX087X0558,3051.0,2026-03-05 10:33:00.000 +0530
XXXX087X0579,4075.0,2026-03-05 10:33:00.000 +0530
XXXX087X0612,5133.0,2026-03-05 10:33:00.000 +0530
XXXX087X0620,3588.0,2026-03-05 10:33:00.000 +0530
XXXX087X0626,4311.0,2026-03-05 10:33:00.000 +0530
XXXX087X0643,3248.0,2026-03-05 10:33:00.000 +0530
XXXX087X0646,4447.0,2026-03-05 10:33:00.000 +0530
XXXX087X0682,5416.0,2026-03-05 10:33:00.000 +0530
XXXX087X0789,3362.0,2026-03-05 10:33:00.000 +0530
XXXX087X0849,2891.0,2026-03-05 10:33:00.000 +0530
XXXX087X0863,3618.0,2026-03-05 10:33:00.000 +0530
XXXX087X0890,2689.0,2026-03-05 10:33:00.000 +0530
XXXX087X0899,3889.0,2026-03-05 10:33:00.000 +0530
XXXX087X0943,3649.0,2026-03-05 10:33:00.000 +0530
XXXX087X0995,3640.0,2026-03-05 10:33:00.000 +0530
XXXX087X0997,3248.0,2026-03-05 10:33:00.000 +0530
XXXX087X1134,3220.0,2026-03-05 10:33:00.000 +0530
XXXX087X1178,3768.0,2026-03-05 10:33:00.000 +0530
XXXX087X1229,10390.0,2026-03-05 10:33:00.000 +0530
XXXX087X1230,4201.0,2026-03-05 10:33:00.000 +0530
XXXX087X1354,5681.0,2026-03-05 10:33:00.000 +0530
XXXX087X1358,3600.0,2026-03-05 10:33:00.000 +0530
XXXX087X1473,4091.0,2026-03-05 10:33:00.000 +0530
XXXX087X1486,3420.0,2026-03-05 10:33:00.000 +0530
XXXX087X1550,6088.0,2026-03-05 10:33:00.000 +0530
XXXX087X1570,4176.0,2026-03-05 10:33:00.000 +0530
XXXX087X1589,6124.0,2026-03-05 10:33:00.000 +0530
XXXX087X1590,2652.0,2026-03-05 10:33:00.000 +0530
XXXX087X1666,3722.0,2026-03-05 10:33:00.000 +0530
XXXX087X1688,3364.0,2026-03-05 10:33:00.000 +0530
XXXX087X1690,2710.0,2026-03-05 10:33:00.000 +0530
XXXX087X1880,3334.0,2026-03-05 10:33:00.000 +0530
XXXX087X1886,3323.0,2026-03-05 10:33:00.000 +0530
XXXX087X2025,2498.0,2026-03-05 10:33:00.000 +0530
XXXX087X2075,5292.0,2026-03-05 10:33:00.000 +0530
XXXX087X2124,3400.0,2026-03-05 10:33:00.000 +0530
XXXX087X2139,3132.0,2026-03-05 10:33:00.000 +0530
XXXX087X2230,4736.0,2026-03-05 10:33:00.000 +0530
XXXX087X2345,3408.0,2026-03-05 10:33:00.000 +0530
XXXX087X2346,4336.0,2026-03-05 10:33:00.000 +0530
XXXX087X2394,3232.0,2026-03-05 10:33:00.000 +0530
XXXX087X2401,8911.0,2026-03-05 10:33:00.000 +0530
XXXX087X2454,4211.0,2026-03-05 10:33:00.000 +0530
XXXX087X2482,2947.0,2026-03-05 10:33:00.000 +0530
XXXX087X2487,4602.0,2026-03-05 10:33:00.000 +0530
XXXX087X2505,4105.0,2026-03-05 10:33:00.000 +0530
XXXX087X2537,3029.0,2026-03-05 10:33:00.000 +0530
XXXX087X2595,4821.0,2026-03-05 10:33:00.000 +0530
XXXX087X2612,3194.0,2026-03-05 10:33:00.000 +0530
XXXX087X2634,4931.0,2026-03-05 10:33:00.000 +0530
XXXX087X2674,5641.0,2026-03-05 10:33:00.000 +0530
XXXX087X2676,3922.0,2026-03-05 10:33:00.000 +0530
XXXX087X2731,3326.0,2026-03-05 10:33:00.000 +0530
XXXX087X2755,3865.0,2026-03-05 10:33:00.000 +0530
XXXX087X2806,3602.0,2026-03-05 10:33:00.000 +0530
XXXX087X2814,3792.0,2026-03-05 10:33:00.000 +0530
XXXX087X2862,5425.0,2026-03-05 10:33:00.000 +0530
XXXX087X2895,3446.0,2026-03-05 10:33:00.000 +0530
XXXX087X2936,4314.0,2026-03-05 10:33:00.000 +0530
XXXX087X2938,5079.0,2026-03-05 10:33:00.000 +0530
XXXX087X2963,2501.0,2026-03-05 10:33:00.000 +0530
XXXX087X3001,3136.0,2026-03-05 10:33:00.000 +0530
XXXX087X3039,5568.0,2026-03-05 10:33:00.000 +0530
XXXX087X3064,3666.0,2026-03-05 10:33:00.000 +0530
XXXX087X3079,3182.0,2026-03-05 10:33:00.000 +0530
XXXX087X3101,3275.0,2026-03-05 10:33:00.000 +0530
XXXX087X3113,3687.0,2026-03-05 10:33:00.000 +0530
XXXX087X3114,4503.0,2026-03-05 10:33:00.000 +0530
XXXX087X3132,5053.0,2026-03-05 10:33:00.000 +0530
XXXX087X3181,4150.0,2026-03-05 10:33:00.000 +0530
XXXX087X3202,4437.0,2026-03-05 10:33:00.000 +0530
XXXX087X3298,3422.0,2026-03-05 10:33:00.000 +0530
XXXX087X3312,5812.0,2026-03-05 10:33:00.000 +0530
XXXX087X3316,3740.0,2026-03-05 10:33:00.000 +0530
XXXX087X3328,3245.0,2026-03-05 10:33:00.000 +0530
XXXX087X3339,3395.0,2026-03-05 10:33:00.000 +0530
XXXX087X3372,5493.0,2026-03-05 10:33:00.000 +0530
XXXX087X3425,4062.0,2026-03-05 10:33:00.000 +0530
XXXX087X3427,3557.0,2026-03-05 10:33:00.000 +0530
XXXX087X3457,3179.0,2026-03-05 10:33:00.000 +0530
XXXX087X3506,2439.0,2026-03-05 10:33:00.000 +0530
XXXX087X3520,2670.0,2026-03-05 10:33:00.000 +0530
XXXX087X3524,3673.0,2026-03-05 10:33:00.000 +0530
XXXX087X3541,3866.0,2026-03-05 10:33:00.000 +0530
XXXX087X3618,4152.0,2026-03-05 10:33:00.000 +0530
XXXX087X3650,2956.0,2026-03-05 10:33:00.000 +0530
XXXX087X3661,3296.0,2026-03-05 10:33:00.000 +0530
XXXX087X3683,4306.0,2026-03-05 10:33:00.000 +0530
XXXX087X3709,3493.0,2026-03-05 10:33:00.000 +0530
XXXX087X3757,3429.0,2026-03-05 10:33:00.000 +0530
XXXX087X3760,3943.0,2026-03-05 10:33:00.000 +0530
XXXX087X3767,3472.0,2026-03-05 10:33:00.000 +0530
XXXX087X3878,3954.0,2026-03-05 10:33:00.000 +0530
XXXX087X3883,3361.0,2026-03-05 10:33:00.000 +0530
XXXX087X3884,3242.0,2026-03-05 10:33:00.000 +0530
XXXX087X3889,2504.0,2026-03-05 10:33:00.000 +0530
XXXX087X4051,4651.0,2026-03-05 10:33:00.000 +0530
XXXX087X4078,2639.0,2026-03-05 10:33:00.000 +0530
XXXX087X4164,3949.0,2026-03-05 10:33:00.000 +0530
XXXX087X4179,3445.0,2026-03-05 10:33:00.000 +0530
XXXX087X4185,3657.0,2026-03-05 10:33:00.000 +0530
XXXX087X4186,3380.0,2026-03-05 10:33:00.000 +0530
XXXX087X4190,3511.0,2026-03-05 10:33:00.000 +0530
XXXX087X4348,4897.0,2026-03-05 10:33:00.000 +0530
XXXX087X4405,4336.0,2026-03-05 10:33:00.000 +0530
XXXX087X4409,4436.0,2026-03-05 10:33:00.000 +0530
XXXX087X4419,4007.0,2026-03-05 10:33:00.000 +0530
XXXX087X4481,3170.0,2026-03-05 10:33:00.000 +0530
XXXX087X4513,5567.0,2026-03-05 10:33:00.000 +0530
XXXX087X4591,6330.0,2026-03-05 10:33:00.000 +0530
XXXX087X4599,7371.0,2026-03-05 10:33:00.000 +0530
XXXX087X4602,4081.0,2026-03-05 10:33:00.000 +0530
XXXX087X4629,3364.0,2026-03-05 10:33:00.000 +0530
XXXX087X4839,3082.0,2026-03-05 10:33:00.000 +0530
XXXX087X4898,3550.0,2026-03-05 10:33:00.000 +0530
XXXX087X4939,5743.0,2026-03-05 10:33:00.000 +0530
XXXX087X4945,4446.0,2026-03-05 10:33:00.000 +0530
XXXX087X4954,4232.0,2026-03-05 10:33:00.000 +0530
XXXX087X4971,7638.0,2026-03-05 10:33:00.000 +0530
XXXX087X4996,4213.0,2026-03-05 10:33:00.000 +0530
XXXX087X5013,4671.0,2026-03-05 10:33:00.000 +0530
XXXX087X5041,4685.0,2026-03-05 10:33:00.000 +0530
XXXX087X5092,2970.0,2026-03-05 10:33:00.000 +0530
XXXX087X5191,3602.0,2026-03-05 10:33:00.000 +0530
XXXX087X5245,5437.0,2026-03-05 10:33:00.000 +0530
XXXX087X5274,3076.0,2026-03-05 10:33:00.000 +0530
XXXX087X5286,6314.0,2026-03-05 10:33:00.000 +0530
XXXX087X5289,8116.0,2026-03-05 10:33:00.000 +0530
XXXX087X5311,2788.0,2026-03-05 10:33:00.000 +0530
XXXX087X5329,3571.0,2026-03-05 10:33:00.000 +0530
XXXX087X5335,3474.0,2026-03-05 10:33:00.000 +0530
XXXX087X5336,3649.0,2026-03-05 10:33:00.000 +0530
XXXX087X5364,3575.0,2026-03-05 10:33:00.000 +0530
XXXX087X5365,4665.0,2026-03-05 10:33:00.000 +0530
XXXX087X5510,5744.0,2026-03-05 10:33:00.000 +0530
XXXX087X5564,3973.0,2026-03-05 10:33:00.000 +0530
XXXX087X5610,3850.0,2026-03-05 10:33:00.000 +0530
XXXX087X5621,3578.0,2026-03-05 10:33:00.000 +0530
XXXX087X5638,7020.0,2026-03-05 10:33:00.000 +0530
XXXX087X5640,3218.0,2026-03-05 10:33:00.000 +0530
XXXX087X5700,3730.0,2026-03-05 10:33:00.000 +0530
XXXX087X5701,3264.0,2026-03-05 10:33:00.000 +0530
XXXX087X5725,3074.0,2026-03-05 10:33:00.000 +0530
XXXX087X5730,3116.0,2026-03-05 10:33:00.000 +0530
XXXX087X5748,4046.0,2026-03-05 10:33:00.000 +0530
XXXX087X5779,3252.0,2026-03-05 10:33:00.000 +0530
XXXX087X5836,4192.0,2026-03-05 10:33:00.000 +0530
XXXX087X5891,2998.0,2026-03-05 10:33:00.000 +0530
XXXX087X5911,2701.0,2026-03-05 10:33:00.000 +0530
XXXX087X6000,4506.0,2026-03-05 10:33:00.000 +0530
XXXX087X6009,4084.0,2026-03-05 10:33:00.000 +0530
XXXX087X6039,4348.0,2026-03-05 10:33:00.000 +0530
XXXX087X6048,3887.0,2026-03-05 10:33:00.000 +0530
XXXX087X6054,4513.0,2026-03-05 10:33:00.000 +0530
XXXX087X6089,4096.0,2026-03-05 10:33:00.000 +0530
XXXX087X6115,3156.0,2026-03-05 10:33:00.000 +0530
XXXX087X6130,3202.0,2026-03-05 10:33:00.000 +0530
XXXX087X6160,2732.0,2026-03-05 10:33:00.000 +0530
XXXX087X6177,5054.0,2026-03-05 10:33:00.000 +0530
XXXX087X6185,5833.0,2026-03-05 10:33:00.000 +0530
XXXX087X6198,5742.0,2026-03-05 10:33:00.000 +0530
XXXX087X6202,4155.0,2026-03-05 10:33:00.000 +0530
XXXX087X6226,4425.0,2026-03-05 10:33:00.000 +0530
XXXX087X6394,2583.0,2026-03-05 10:33:00.000 +0530
XXXX087X6426,8889.0,2026-03-05 10:33:00.000 +0530
XXXX087X6448,4150.0,2026-03-05 10:33:00.000 +0530
XXXX087X6478,3165.0,2026-03-05 10:33:00.000 +0530
XXXX087X6479,4010.0,2026-03-05 10:33:00.000 +0530
XXXX087X6482,3593.0,2026-03-05 10:33:00.000 +0530
XXXX087X6502,3945.0,2026-03-05 10:33:00.000 +0530
XXXX087X6585,4072.0,2026-03-05 10:33:00.000 +0530
XXXX087X6644,3453.0,2026-03-05 10:33:00.000 +0530
XXXX087X6678,3219.0,2026-03-05 10:33:00.000 +0530
XXXX087X6685,4189.0,2026-03-05 10:33:00.000 +0530
XXXX087X6689,3387.0,2026-03-05 10:33:00.000 +0530
XXXX087X6733,3489.0,2026-03-05 10:33:00.000 +0530
XXXX087X6738,4178.0,2026-03-05 10:33:00.000 +0530
XXXX087X6816,4311.0,2026-03-05 10:33:00.000 +0530
XXXX087X6851,3159.0,2026-03-05 10:33:00.000 +0530
XXXX087X6935,3999.0,2026-03-05 10:33:00.000 +0530
XXXX087X7304,2581.0,2026-03-05 10:33:00.000 +0530
XXXX087X7324,4658.0,2026-03-05 10:33:00.000 +0530
XXXX087X7346,4496.0,2026-03-05 10:33:00.000 +0530
XXXX087X7370,3685.0,2026-03-05 10:33:00.000 +0530
XXXX087X7383,3556.0,2026-03-05 10:33:00.000 +0530
XXXX087X7477,3838.0,2026-03-05 10:33:00.000 +0530
XXXX087X7690,4638.0,2026-03-05 10:33:00.000 +0530
XXXX087X7696,2799.0,2026-03-05 10:33:00.000 +0530
XXXX087X7697,3415.0,2026-03-05 10:33:00.000 +0530
XXXX087X7718,3220.0,2026-03-05 10:33:00.000 +0530
XXXX087X7755,5800.0,2026-03-05 10:33:00.000 +0530
XXXX087X7817,4237.0,2026-03-05 10:33:00.000 +0530
XXXX087X7881,3372.0,2026-03-05 10:33:00.000 +0530
XXXX087X7955,3636.0,2026-03-05 10:33:00.000 +0530
XXXX087X7965,3502.0,2026-03-05 10:33:00.000 +0530
XXXX087X7972,4737.0,2026-03-05 10:33:00.000 +0530
XXXX087X7989,3251.0,2026-03-05 10:33:00.000 +0530
XXXX087X8028,6810.0,2026-03-05 10:33:00.000 +0530
XXXX087X8036,2482.0,2026-03-05 10:33:00.000 +0530
XXXX087X8049,5235.0,2026-03-05 10:33:00.000 +0530
XXXX087X8056,4202.0,2026-03-05 10:33:00.000 +0530
XXXX087X8073,4064.0,2026-03-05 10:33:00.000 +0530
XXXX087X8138,3219.0,2026-03-05 10:33:00.000 +0530
XXXX087X8368,4159.0,2026-03-05 10:33:00.000 +0530
XXXX087X8507,3917.0,2026-03-05 10:33:00.000 +0530
XXXX087X8517,3175.0,2026-03-05 10:33:00.000 +0530
XXXX087X8646,5188.0,2026-03-05 10:33:00.000 +0530
XXXX087X8649,4090.0,2026-03-05 10:33:00.000 +0530
XXXX087X8771,3720.0,2026-03-05 10:33:00.000 +0530
XXXX087X8861,3391.0,2026-03-05 10:33:00.000 +0530
XXXX087X8865,3596.0,2026-03-05 10:33:00.000 +0530
XXXX087X8925,4656.0,2026-03-05 10:33:00.000 +0530
XXXX087X8941,8550.0,2026-03-05 10:33:00.000 +0530
XXXX087X8949,3666.0,2026-03-05 10:33:00.000 +0530
XXXX087X8962,2614.0,2026-03-05 10:33:00.000 +0530
XXXX087X8975,3643.0,2026-03-05 10:33:00.000 +0530
XXXX087X9008,5536.0,2026-03-05 10:33:00.000 +0530
XXXX087X9029,3652.0,2026-03-05 10:33:00.000 +0530
XXXX087X9097,3248.0,2026-03-05 10:33:00.000 +0530
XXXX087X9123,3677.0,2026-03-05 10:33:00.000 +0530
XXXX087X9143,3361.0,2026-03-05 10:33:00.000 +0530
XXXX087X9145,3249.0,2026-03-05 10:33:00.000 +0530
XXXX087X9163,5477.0,2026-03-05 10:33:00.000 +0530
XXXX087X9192,4619.0,2026-03-05 10:33:00.000 +0530
XXXX087X9203,3762.0,2026-03-05 10:33:00.000 +0530
XXXX087X9208,4727.0,2026-03-05 10:33:00.000 +0530
XXXX087X9287,1943.0,2026-03-05 10:33:00.000 +0530
XXXX087X9345,3717.0,2026-03-05 10:33:00.000 +0530
XXXX087X9364,3800.0,2026-03-05 10:33:00.000 +0530
XXXX087X9484,3789.0,2026-03-05 10:33:00.000 +0530
XXXX087X9739,3261.0,2026-03-05 10:33:00.000 +0530
XXXX087X9757,3801.0,2026-03-05 10:33:00.000 +0530
XXXX087X9797,5218.0,2026-03-05 10:33:00.000 +0530
XXXX087X9836,4778.0,2026-03-05 10:33:00.000 +0530
XXXX087X9899,3254.0,2026-03-05 10:33:00.000 +0530
XXXX087X9900,4559.0,2026-03-05 10:33:00.000 +0530
XXXX087X9906,3560.0,2026-03-05 10:33:00.000 +0530
XXXX087X9940,3357.0,2026-03-05 10:33:00.000 +0530
XXXX087X9984,3113.0,2026-03-05 10:33:00.000 +0530
XXXX088X0092,4088.0,2026-03-05 10:33:00.000 +0530
XXXX088X0106,2574.0,2026-03-05 10:33:00.000 +0530
XXXX088X0192,3929.0,2026-03-05 10:33:00.000 +0530
XXXX088X0217,3614.0,2026-03-05 10:33:00.000 +0530
XXXX088X0220,3528.0,2026-03-05 10:33:00.000 +0530
XXXX088X0229,4581.0,2026-03-05 10:33:00.000 +0530
XXXX088X0233,5618.0,2026-03-05 10:33:00.000 +0530
XXXX088X0253,2563.0,2026-03-05 10:33:00.000 +0530
XXXX088X0313,3895.0,2026-03-05 10:33:00.000 +0530
XXXX088X0333,3174.0,2026-03-05 10:33:00.000 +0530
XXXX088X0387,4125.0,2026-03-05 10:33:00.000 +0530
XXXX088X0391,4086.0,2026-03-05 10:33:00.000 +0530
XXXX088X0399,4522.0,2026-03-05 10:33:00.000 +0530
XXXX088X0511,3768.0,2026-03-05 10:33:00.000 +0530
XXXX088X0534,4287.0,2026-03-05 10:33:00.000 +0530
XXXX088X0565,6547.0,2026-03-05 10:33:00.000 +0530
XXXX088X0592,4467.0,2026-03-05 10:33:00.000 +0530
XXXX088X0615,3198.0,2026-03-05 10:33:00.000 +0530
XXXX088X0619,7440.0,2026-03-05 10:33:00.000 +0530
XXXX088X0648,2622.0,2026-03-05 10:33:00.000 +0530
XXXX088X0674,3556.0,2026-03-05 10:33:00.000 +0530
XXXX088X0677,4502.0,2026-03-05 10:33:00.000 +0530
XXXX088X0813,2704.0,2026-03-05 10:33:00.000 +0530
XXXX088X0814,4311.0,2026-03-05 10:33:00.000 +0530
XXXX088X0832,3280.0,2026-03-05 10:33:00.000 +0530
XXXX088X0834,4043.0,2026-03-05 10:33:00.000 +0530
XXXX088X0852,6283.0,2026-03-05 10:33:00.000 +0530
XXXX088X0974,3453.0,2026-03-05 10:33:00.000 +0530
XXXX088X0984,3449.0,2026-03-05 10:33:00.000 +0530
XXXX088X1018,2451.0,2026-03-05 10:33:00.000 +0530
XXXX088X1100,4907.0,2026-03-05 10:33:00.000 +0530
XXXX088X1131,4525.0,2026-03-05 10:33:00.000 +0530
XXXX088X1139,4930.0,2026-03-05 10:33:00.000 +0530
XXXX088X1147,3068.0,2026-03-05 10:33:00.000 +0530
XXXX088X1153,5124.0,2026-03-05 10:33:00.000 +0530
XXXX088X1156,6485.0,2026-03-05 10:33:00.000 +0530
XXXX088X1182,3605.0,2026-03-05 10:33:00.000 +0530
XXXX088X1199,2612.0,2026-03-05 10:33:00.000 +0530
XXXX088X1354,3697.0,2026-03-05 10:33:00.000 +0530
XXXX088X1380,3384.0,2026-03-05 10:33:00.000 +0530
XXXX088X1411,3829.0,2026-03-05 10:33:00.000 +0530
XXXX088X1626,3228.0,2026-03-05 10:33:00.000 +0530
XXXX088X1638,5577.0,2026-03-05 10:33:00.000 +0530
XXXX088X1641,5316.0,2026-03-05 10:33:00.000 +0530
XXXX088X1704,3668.0,2026-03-05 10:33:00.000 +0530
XXXX088X1810,4976.0,2026-03-05 10:33:00.000 +0530
XXXX088X1822,2635.0,2026-03-05 10:33:00.000 +0530
XXXX088X1942,4057.0,2026-03-05 10:33:00.000 +0530
XXXX088X1968,3742.0,2026-03-05 10:33:00.000 +0530
XXXX088X1997,3712.0,2026-03-05 10:33:00.000 +0530
XXXX088X2012,3246.0,2026-03-05 10:33:00.000 +0530
XXXX088X2088,3372.0,2026-03-05 10:33:00.000 +0530
XXXX088X2137,3320.0,2026-03-05 10:33:00.000 +0530
XXXX088X2173,4180.0,2026-03-05 10:33:00.000 +0530
XXXX088X2197,3633.0,2026-03-05 10:33:00.000 +0530
XXXX088X2220,3812.0,2026-03-05 10:33:00.000 +0530
XXXX088X2225,4530.0,2026-03-05 10:33:00.000 +0530
XXXX088X2243,3147.0,2026-03-05 10:33:00.000 +0530
XXXX088X2265,3849.0,2026-03-05 10:33:00.000 +0530
XXXX088X2267,3980.0,2026-03-05 10:33:00.000 +0530
XXXX088X2298,3106.0,2026-03-05 10:33:00.000 +0530
XXXX088X2319,5481.0,2026-03-05 10:33:00.000 +0530
XXXX088X2336,3471.0,2026-03-05 10:33:00.000 +0530
XXXX088X2401,4306.0,2026-03-05 10:33:00.000 +0530
XXXX088X2406,4068.0,2026-03-05 10:33:00.000 +0530
XXXX088X2451,3881.0,2026-03-05 10:33:00.000 +0530
XXXX088X2528,5572.0,2026-03-05 10:33:00.000 +0530
XXXX088X2562,3803.0,2026-03-05 10:33:00.000 +0530
XXXX088X2569,3482.0,2026-03-05 10:33:00.000 +0530
XXXX088X2619,4913.0,2026-03-05 10:33:00.000 +0530
XXXX088X2628,7258.0,2026-03-05 10:33:00.000 +0530
XXXX088X2672,3010.0,2026-03-05 10:33:00.000 +0530
XXXX088X2684,4495.0,2026-03-05 10:33:00.000 +0530
XXXX088X2685,2136.0,2026-03-05 10:33:00.000 +0530
XXXX088X2706,4430.0,2026-03-05 10:33:00.000 +0530
XXXX088X2849,2597.0,2026-03-05 10:33:00.000 +0530
XXXX088X2871,4006.0,2026-03-05 10:33:00.000 +0530
XXXX088X2895,3132.0,2026-03-05 10:33:00.000 +0530
XXXX088X2906,5369.0,2026-03-05 10:33:00.000 +0530
XXXX088X2981,4072.0,2026-03-05 10:33:00.000 +0530
XXXX088X3026,3848.0,2026-03-05 10:33:00.000 +0530
XXXX088X3028,6785.0,2026-03-05 10:33:00.000 +0530
XXXX088X3090,3778.0,2026-03-05 10:33:00.000 +0530
XXXX088X3217,4005.0,2026-03-05 10:33:00.000 +0530
XXXX088X3224,3829.0,2026-03-05 10:33:00.000 +0530
XXXX088X3238,4421.0,2026-03-05 10:33:00.000 +0530
XXXX088X3277,5027.0,2026-03-05 10:33:00.000 +0530
XXXX088X3332,3300.0,2026-03-05 10:33:00.000 +0530
XXXX088X3389,3298.0,2026-03-05 10:33:00.000 +0530
XXXX088X3430,4197.0,2026-03-05 10:33:00.000 +0530
XXXX088X3455,4659.0,2026-03-05 10:33:00.000 +0530
XXXX088X3523,3019.0,2026-03-05 10:33:00.000 +0530
XXXX088X3526,4021.0,2026-03-05 10:33:00.000 +0530
XXXX088X3552,3195.0,2026-03-05 10:33:00.000 +0530
XXXX088X3576,3166.0,2026-03-05 10:33:00.000 +0530
XXXX088X3579,3402.0,2026-03-05 10:33:00.000 +0530
XXXX088X3660,6699.0,2026-03-05 10:33:00.000 +0530
XXXX088X3668,6596.0,2026-03-05 10:33:00.000 +0530
XXXX088X3721,3078.0,2026-03-05 10:33:00.000 +0530
XXXX088X3739,3997.0,2026-03-05 10:33:00.000 +0530
XXXX088X3755,8555.0,2026-03-05 10:33:00.000 +0530
XXXX088X3757,3541.0,2026-03-05 10:33:00.000 +0530
XXXX088X3899,4286.0,2026-03-05 10:33:00.000 +0530
XXXX088X3911,4285.0,2026-03-05 10:33:00.000 +0530
XXXX088X3993,2471.0,2026-03-05 10:33:00.000 +0530
XXXX088X4030,3628.0,2026-03-05 10:33:00.000 +0530
XXXX088X4069,3198.0,2026-03-05 10:33:00.000 +0530
XXXX088X4070,7631.0,2026-03-05 10:33:00.000 +0530
XXXX088X4113,3132.0,2026-03-05 10:33:00.000 +0530
XXXX088X4134,4000.0,2026-03-05 10:33:00.000 +0530
XXXX088X4158,3457.0,2026-03-05 10:33:00.000 +0530
XXXX088X4186,3457.0,2026-03-05 10:33:00.000 +0530
XXXX088X4288,3051.0,2026-03-05 10:33:00.000 +0530
XXXX088X4321,4767.0,2026-03-05 10:33:00.000 +0530
XXXX088X4354,3502.0,2026-03-05 10:33:00.000 +0530
XXXX088X4399,3446.0,2026-03-05 10:33:00.000 +0530
XXXX088X4462,3824.0,2026-03-05 10:33:00.000 +0530
XXXX088X4466,4042.0,2026-03-05 10:33:00.000 +0530
XXXX088X4505,4943.0,2026-03-05 10:33:00.000 +0530
XXXX088X4521,3040.0,2026-03-05 10:33:00.000 +0530
XXXX088X4578,8900.0,2026-03-05 10:33:00.000 +0530
XXXX088X4598,2819.0,2026-03-05 10:33:00.000 +0530
XXXX088X4638,4173.0,2026-03-05 10:33:00.000 +0530
XXXX088X4651,4113.0,2026-03-05 10:33:00.000 +0530
XXXX088X4669,3265.0,2026-03-05 10:33:00.000 +0530
XXXX088X4719,3931.0,2026-03-05 10:33:00.000 +0530
XXXX088X4779,3326.0,2026-03-05 10:33:00.000 +0530
XXXX088X4805,3288.0,2026-03-05 10:33:00.000 +0530
XXXX088X4878,3524.0,2026-03-05 10:33:00.000 +0530
XXXX088X4922,3938.0,2026-03-05 10:33:00.000 +0530
XXXX088X4971,3089.0,2026-03-05 10:33:00.000 +0530
XXXX088X5017,4449.0,2026-03-05 10:33:00.000 +0530
XXXX088X5022,3479.0,2026-03-05 10:33:00.000 +0530
XXXX088X5077,3129.0,2026-03-05 10:33:00.000 +0530
XXXX088X5317,5269.0,2026-03-05 10:33:00.000 +0530
XXXX088X5375,3557.0,2026-03-05 10:33:00.000 +0530
XXXX088X5394,9684.0,2026-03-05 10:33:00.000 +0530
XXXX088X5464,5554.0,2026-03-05 10:33:00.000 +0530
XXXX088X5551,3228.0,2026-03-05 10:33:00.000 +0530
XXXX088X5585,3939.0,2026-03-05 10:33:00.000 +0530
XXXX088X5654,6448.0,2026-03-05 10:33:00.000 +0530
XXXX088X5660,5997.0,2026-03-05 10:33:00.000 +0530
XXXX088X5664,3402.0,2026-03-05 10:33:00.000 +0530
XXXX088X5714,4552.0,2026-03-05 10:33:00.000 +0530
XXXX088X5720,5129.0,2026-03-05 10:33:00.000 +0530
XXXX088X5732,3863.0,2026-03-05 10:33:00.000 +0530
XXXX088X5830,3785.0,2026-03-05 10:33:00.000 +0530
XXXX088X5839,3975.0,2026-03-05 10:33:00.000 +0530
XXXX088X5912,3844.0,2026-03-05 10:33:00.000 +0530
XXXX088X5980,3239.0,2026-03-05 10:33:00.000 +0530
XXXX088X5988,3617.0,2026-03-05 10:33:00.000 +0530
XXXX088X5992,3357.0,2026-03-05 10:33:00.000 +0530
XXXX088X6003,4378.0,2026-03-05 10:33:00.000 +0530
XXXX088X6027,4094.0,2026-03-05 10:33:00.000 +0530
XXXX088X6067,3953.0,2026-03-05 10:33:00.000 +0530
XXXX088X6095,2880.0,2026-03-05 10:33:00.000 +0530
XXXX088X6348,3774.0,2026-03-05 10:33:00.000 +0530
XXXX088X6350,4088.0,2026-03-05 10:33:00.000 +0530
XXXX088X6429,2761.0,2026-03-05 10:33:00.000 +0530
XXXX088X6449,3340.0,2026-03-05 10:33:00.000 +0530
XXXX088X6451,4605.0,2026-03-05 10:33:00.000 +0530
XXXX088X6499,2772.0,2026-03-05 10:33:00.000 +0530
XXXX088X6512,4228.0,2026-03-05 10:33:00.000 +0530
XXXX088X6543,3854.0,2026-03-05 10:33:00.000 +0530
XXXX088X6561,4332.0,2026-03-05 10:33:00.000 +0530
XXXX088X6675,4159.0,2026-03-05 10:33:00.000 +0530
XXXX088X6692,4399.0,2026-03-05 10:33:00.000 +0530
XXXX088X6711,3895.0,2026-03-05 10:33:00.000 +0530
XXXX088X6715,3766.0,2026-03-05 10:33:00.000 +0530
XXXX088X6751,3501.0,2026-03-05 10:33:00.000 +0530
XXXX088X6752,4255.0,2026-03-05 10:33:00.000 +0530
XXXX088X6761,5162.0,2026-03-05 10:33:00.000 +0530
XXXX088X6769,5547.0,2026-03-05 10:33:00.000 +0530
XXXX088X6817,2420.0,2026-03-05 10:33:00.000 +0530
XXXX088X6825,4436.0,2026-03-05 10:33:00.000 +0530
XXXX088X6826,5850.0,2026-03-05 10:33:00.000 +0530
XXXX088X6870,3712.0,2026-03-05 10:33:00.000 +0530
XXXX088X6919,3843.0,2026-03-05 10:33:00.000 +0530
XXXX088X6997,6098.0,2026-03-05 10:33:00.000 +0530
XXXX088X6998,3093.0,2026-03-05 10:33:00.000 +0530
XXXX088X7002,4260.0,2026-03-05 10:33:00.000 +0530
XXXX088X7014,3880.0,2026-03-05 10:33:00.000 +0530
XXXX088X7045,3242.0,2026-03-05 10:33:00.000 +0530
XXXX088X7089,5395.0,2026-03-05 10:33:00.000 +0530
XXXX088X7164,3440.0,2026-03-05 10:33:00.000 +0530
XXXX088X7167,3167.0,2026-03-05 10:33:00.000 +0530
XXXX088X7174,6290.0,2026-03-05 10:33:00.000 +0530
XXXX088X7225,3476.0,2026-03-05 10:33:00.000 +0530
XXXX088X7260,3638.0,2026-03-05 10:33:00.000 +0530
XXXX088X7274,4872.0,2026-03-05 10:33:00.000 +0530
XXXX088X7293,3901.0,2026-03-05 10:33:00.000 +0530
XXXX088X7393,5077.0,2026-03-05 10:33:00.000 +0530
XXXX088X7429,3627.0,2026-03-05 10:33:00.000 +0530
XXXX088X7432,3219.0,2026-03-05 10:33:00.000 +0530
XXXX088X7550,3777.0,2026-03-05 10:33:00.000 +0530
XXXX088X7577,4536.0,2026-03-05 10:33:00.000 +0530
XXXX088X7586,5488.0,2026-03-05 10:33:00.000 +0530
XXXX088X7667,5805.0,2026-03-05 10:33:00.000 +0530
XXXX088X7670,2727.0,2026-03-05 10:33:00.000 +0530
XXXX088X7680,4392.0,2026-03-05 10:33:00.000 +0530
XXXX088X7754,6225.0,2026-03-05 10:33:00.000 +0530
XXXX088X7761,3055.0,2026-03-05 10:33:00.000 +0530
XXXX088X7812,3699.0,2026-03-05 10:33:00.000 +0530
XXXX088X7889,4329.0,2026-03-05 10:33:00.000 +0530
XXXX088X8016,3779.0,2026-03-05 10:33:00.000 +0530
XXXX088X8029,4032.0,2026-03-05 10:33:00.000 +0530
XXXX088X8047,5038.0,2026-03-05 10:33:00.000 +0530
XXXX088X8077,3895.0,2026-03-05 10:33:00.000 +0530
XXXX088X8139,3147.0,2026-03-05 10:33:00.000 +0530
XXXX088X8171,3200.0,2026-03-05 10:33:00.000 +0530
XXXX088X8179,4194.0,2026-03-05 10:33:00.000 +0530
XXXX088X8250,2960.0,2026-03-05 10:33:00.000 +0530
XXXX088X8292,3658.0,2026-03-05 10:33:00.000 +0530
XXXX088X8344,3593.0,2026-03-05 10:33:00.000 +0530
XXXX088X8374,4031.0,2026-03-05 10:33:00.000 +0530
XXXX088X8376,3716.0,2026-03-05 10:33:00.000 +0530
XXXX088X8384,3368.0,2026-03-05 10:33:00.000 +0530
XXXX088X8420,3606.0,2026-03-05 10:33:00.000 +0530
XXXX088X8483,4088.0,2026-03-05 10:33:00.000 +0530
XXXX088X8510,4953.0,2026-03-05 10:33:00.000 +0530
XXXX088X8523,3387.0,2026-03-05 10:33:00.000 +0530
XXXX088X8559,3924.0,2026-03-05 10:33:00.000 +0530
XXXX088X8572,3108.0,2026-03-05 10:33:00.000 +0530
XXXX088X8583,5027.0,2026-03-05 10:33:00.000 +0530
XXXX088X8597,4876.0,2026-03-05 10:33:00.000 +0530
XXXX088X8658,4198.0,2026-03-05 10:33:00.000 +0530
XXXX088X8665,3599.0,2026-03-05 10:33:00.000 +0530
XXXX088X8674,5850.0,2026-03-05 10:33:00.000 +0530
XXXX088X8701,3034.0,2026-03-05 10:33:00.000 +0530
XXXX088X8766,5137.0,2026-03-05 10:33:00.000 +0530
XXXX088X8795,4219.0,2026-03-05 10:33:00.000 +0530
XXXX088X8826,3838.0,2026-03-05 10:33:00.000 +0530
XXXX088X8848,3484.0,2026-03-05 10:33:00.000 +0530
XXXX088X8863,3334.0,2026-03-05 10:33:00.000 +0530
XXXX088X8900,3803.0,2026-03-05 10:33:00.000 +0530
XXXX088X9023,2750.0,2026-03-05 10:33:00.000 +0530
XXXX088X9123,4265.0,2026-03-05 10:33:00.000 +0530
XXXX088X9138,3750.0,2026-03-05 10:33:00.000 +0530
XXXX088X9146,4182.0,2026-03-05 10:33:00.000 +0530
XXXX088X9159,3120.0,2026-03-05 10:33:00.000 +0530
XXXX088X9196,3233.0,2026-03-05 10:33:00.000 +0530
XXXX088X9235,3945.0,2026-03-05 10:33:00.000 +0530
XXXX088X9242,4444.0,2026-03-05 10:33:00.000 +0530
XXXX088X9345,3170.0,2026-03-05 10:33:00.000 +0530
XXXX088X9353,4300.0,2026-03-05 10:33:00.000 +0530
XXXX088X9354,3881.0,2026-03-05 10:33:00.000 +0530
XXXX088X9388,2261.0,2026-03-05 10:33:00.000 +0530
XXXX088X9405,3533.0,2026-03-05 10:33:00.000 +0530
XXXX088X9531,3047.0,2026-03-05 10:33:00.000 +0530
XXXX088X9656,2560.0,2026-03-05 10:33:00.000 +0530
XXXX088X9668,3094.0,2026-03-05 10:33:00.000 +0530
XXXX088X9675,5036.0,2026-03-05 10:33:00.000 +0530
XXXX088X9686,2574.0,2026-03-05 10:33:00.000 +0530
XXXX088X9704,3656.0,2026-03-05 10:33:00.000 +0530
XXXX088X9767,4332.0,2026-03-05 10:33:00.000 +0530
XXXX088X9784,3334.0,2026-03-05 10:33:00.000 +0530
XXXX088X9786,4622.0,2026-03-05 10:33:00.000 +0530
XXXX088X9820,3878.0,2026-03-05 10:33:00.000 +0530
XXXX088X9825,4467.0,2026-03-05 10:33:00.000 +0530
XXXX088X9828,3372.0,2026-03-05 10:33:00.000 +0530
XXXX088X9852,2757.0,2026-03-05 10:33:00.000 +0530
XXXX088X9855,4778.0,2026-03-05 10:33:00.000 +0530
XXXX088X9873,6362.0,2026-03-05 10:33:00.000 +0530
XXXX088X9896,5632.0,2026-03-05 10:33:00.000 +0530
XXXX088X9962,4348.0,2026-03-05 10:33:00.000 +0530
XXXX088X9965,7987.0,2026-03-05 10:33:00.000 +0530
XXXX088X9975,3323.0,2026-03-05 10:33:00.000 +0530
XXXX088X9987,3668.0,2026-03-05 10:33:00.000 +0530
XXXX088X9991,3737.0,2026-03-05 10:33:00.000 +0530
XXXX089X0106,3568.0,2026-03-05 10:33:00.000 +0530
XXXX089X0114,4560.0,2026-03-05 10:33:00.000 +0530
XXXX089X0115,4532.0,2026-03-05 10:33:00.000 +0530
XXXX089X0117,3836.0,2026-03-05 10:33:00.000 +0530
XXXX089X0151,3745.0,2026-03-05 10:33:00.000 +0530
XXXX089X0175,3691.0,2026-03-05 10:33:00.000 +0530
XXXX089X0177,3781.0,2026-03-05 10:33:00.000 +0530
XXXX089X0185,3353.0,2026-03-05 10:33:00.000 +0530
XXXX089X0206,4054.0,2026-03-05 10:33:00.000 +0530
XXXX089X0214,4675.0,2026-03-05 10:33:00.000 +0530
XXXX089X0225,4239.0,2026-03-05 10:33:00.000 +0530
XXXX089X0259,3847.0,2026-03-05 10:33:00.000 +0530
XXXX089X0298,4720.0,2026-03-05 10:33:00.000 +0530
XXXX089X0360,4561.0,2026-03-05 10:33:00.000 +0530
XXXX089X0389,3304.0,2026-03-05 10:33:00.000 +0530
XXXX089X0394,4020.0,2026-03-05 10:33:00.000 +0530
XXXX089X0459,4201.0,2026-03-05 10:33:00.000 +0530
XXXX089X0476,4619.0,2026-03-05 10:33:00.000 +0530
XXXX089X0486,4363.0,2026-03-05 10:33:00.000 +0530
XXXX089X0566,2455.0,2026-03-05 10:33:00.000 +0530
XXXX089X0586,4675.0,2026-03-05 10:33:00.000 +0530
XXXX089X0728,3509.0,2026-03-05 10:33:00.000 +0530
XXXX089X0739,3879.0,2026-03-05 10:33:00.000 +0530
XXXX089X0751,3690.0,2026-03-05 10:33:00.000 +0530
XXXX089X0830,2919.0,2026-03-05 10:33:00.000 +0530
XXXX089X0842,2563.0,2026-03-05 10:33:00.000 +0530
XXXX089X0914,3901.0,2026-03-05 10:33:00.000 +0530
XXXX089X0932,5525.0,2026-03-05 10:33:00.000 +0530
XXXX089X0952,3158.0,2026-03-05 10:33:00.000 +0530
XXXX089X0983,2654.0,2026-03-05 10:33:00.000 +0530
XXXX089X1004,3211.0,2026-03-05 10:33:00.000 +0530
XXXX089X1056,3177.0,2026-03-05 10:33:00.000 +0530
XXXX089X1078,3089.0,2026-03-05 10:33:00.000 +0530
XXXX089X1119,5853.0,2026-03-05 10:33:00.000 +0530
XXXX089X1161,3409.0,2026-03-05 10:33:00.000 +0530
XXXX089X1196,3486.0,2026-03-05 10:33:00.000 +0530
XXXX089X1214,3743.0,2026-03-05 10:33:00.000 +0530
XXXX089X1290,3563.0,2026-03-05 10:33:00.000 +0530
XXXX089X1349,4368.0,2026-03-05 10:33:00.000 +0530
XXXX089X1411,4965.0,2026-03-05 10:33:00.000 +0530
XXXX089X1416,3013.0,2026-03-05 10:33:00.000 +0530
XXXX089X1454,5140.0,2026-03-05 10:33:00.000 +0530
XXXX089X1493,3515.0,2026-03-05 10:33:00.000 +0530
XXXX089X1507,3441.0,2026-03-05 10:33:00.000 +0530
XXXX089X1514,3506.0,2026-03-05 10:33:00.000 +0530
XXXX089X1570,3678.0,2026-03-05 10:33:00.000 +0530
XXXX089X1576,3767.0,2026-03-05 10:33:00.000 +0530
XXXX089X1583,5175.0,2026-03-05 10:33:00.000 +0530
XXXX089X1669,3291.0,2026-03-05 10:33:00.000 +0530
XXXX089X1720,5779.0,2026-03-05 10:33:00.000 +0530
XXXX089X1759,5043.0,2026-03-05 10:33:00.000 +0530
XXXX089X1776,3652.0,2026-03-05 10:33:00.000 +0530
XXXX089X1809,5344.0,2026-03-05 10:33:00.000 +0530
XXXX089X1872,3391.0,2026-03-05 10:33:00.000 +0530
XXXX089X1934,3135.0,2026-03-05 10:33:00.000 +0530
XXXX089X1946,4376.0,2026-03-05 10:33:00.000 +0530
XXXX089X2005,4150.0,2026-03-05 10:33:00.000 +0530
XXXX089X2010,3325.0,2026-03-05 10:33:00.000 +0530
XXXX089X2134,6945.0,2026-03-05 10:33:00.000 +0530
XXXX089X2195,2929.0,2026-03-05 10:33:00.000 +0530
XXXX089X2273,3693.0,2026-03-05 10:33:00.000 +0530
XXXX089X2292,3441.0,2026-03-05 10:33:00.000 +0530
XXXX089X2360,3057.0,2026-03-05 10:33:00.000 +0530
XXXX089X2386,3335.0,2026-03-05 10:33:00.000 +0530
XXXX089X2423,5760.0,2026-03-05 10:33:00.000 +0530
XXXX089X2428,3750.0,2026-03-05 10:33:00.000 +0530
XXXX089X2477,4321.0,2026-03-05 10:33:00.000 +0530
XXXX089X2494,3236.0,2026-03-05 10:33:00.000 +0530
XXXX089X2607,6801.0,2026-03-05 10:33:00.000 +0530
XXXX089X2722,3917.0,2026-03-05 10:33:00.000 +0530
XXXX089X2737,3202.0,2026-03-05 10:33:00.000 +0530
XXXX089X2742,5935.0,2026-03-05 10:33:00.000 +0530
XXXX089X2908,3987.0,2026-03-05 10:33:00.000 +0530
XXXX089X3018,4061.0,2026-03-05 10:33:00.000 +0530
XXXX089X3080,4560.0,2026-03-05 10:33:00.000 +0530
XXXX089X3130,3941.0,2026-03-05 10:33:00.000 +0530
XXXX089X3157,3387.0,2026-03-05 10:33:00.000 +0530
XXXX089X3166,3025.0,2026-03-05 10:33:00.000 +0530
XXXX089X3175,3568.0,2026-03-05 10:33:00.000 +0530
XXXX089X3300,3396.0,2026-03-05 10:33:00.000 +0530
XXXX089X3326,5504.0,2026-03-05 10:33:00.000 +0530
XXXX089X3327,2754.0,2026-03-05 10:33:00.000 +0530
XXXX089X3329,3311.0,2026-03-05 10:33:00.000 +0530
XXXX089X3335,3198.0,2026-03-05 10:33:00.000 +0530
XXXX089X3374,3347.0,2026-03-05 10:33:00.000 +0530
XXXX089X3442,2890.0,2026-03-05 10:33:00.000 +0530
XXXX089X3476,5369.0,2026-03-05 10:33:00.000 +0530
XXXX089X3522,3307.0,2026-03-05 10:33:00.000 +0530
XXXX089X3597,3347.0,2026-03-05 10:33:00.000 +0530
XXXX089X3729,3029.0,2026-03-05 10:33:00.000 +0530
XXXX089X3739,4097.0,2026-03-05 10:33:00.000 +0530
XXXX089X3793,6777.0,2026-03-05 10:33:00.000 +0530
XXXX089X3859,4394.0,2026-03-05 10:33:00.000 +0530
XXXX089X3889,4379.0,2026-03-05 10:33:00.000 +0530
XXXX089X3941,3561.0,2026-03-05 10:33:00.000 +0530
XXXX089X3956,4393.0,2026-03-05 10:33:00.000 +0530
XXXX089X3970,3911.0,2026-03-05 10:33:00.000 +0530
XXXX089X4075,4653.0,2026-03-05 10:33:00.000 +0530
XXXX089X4123,3202.0,2026-03-05 10:33:00.000 +0530
XXXX089X4140,2985.0,2026-03-05 10:33:00.000 +0530
XXXX089X4172,3929.0,2026-03-05 10:33:00.000 +0530
XXXX089X4199,3750.0,2026-03-05 10:33:00.000 +0530
XXXX089X4233,4189.0,2026-03-05 10:33:00.000 +0530
XXXX089X4270,3132.0,2026-03-05 10:33:00.000 +0530
XXXX089X4338,3688.0,2026-03-05 10:33:00.000 +0530
XXXX089X4361,4540.0,2026-03-05 10:33:00.000 +0530
XXXX089X4369,4648.0,2026-03-05 10:33:00.000 +0530
XXXX089X4397,3292.0,2026-03-05 10:33:00.000 +0530
XXXX089X4422,4088.0,2026-03-05 10:33:00.000 +0530
XXXX089X4565,2479.0,2026-03-05 10:33:00.000 +0530
XXXX089X4584,3808.0,2026-03-05 10:33:00.000 +0530
XXXX089X4629,9217.0,2026-03-05 10:33:00.000 +0530
XXXX089X4738,4363.0,2026-03-05 10:33:00.000 +0530
XXXX089X4813,3557.0,2026-03-05 10:33:00.000 +0530
XXXX089X4941,5716.0,2026-03-05 10:33:00.000 +0530
XXXX089X4955,2908.0,2026-03-05 10:33:00.000 +0530
XXXX089X4959,4025.0,2026-03-05 10:33:00.000 +0530
XXXX089X4988,2745.0,2026-03-05 10:33:00.000 +0530
XXXX089X5036,3794.0,2026-03-05 10:33:00.000 +0530
XXXX089X5078,3819.0,2026-03-05 10:33:00.000 +0530
XXXX089X5084,3113.0,2026-03-05 10:33:00.000 +0530
XXXX089X5186,3781.0,2026-03-05 10:33:00.000 +0530
XXXX089X5237,4964.0,2026-03-05 10:33:00.000 +0530
XXXX089X5331,3761.0,2026-03-05 10:33:00.000 +0530
XXXX089X5352,2979.0,2026-03-05 10:33:00.000 +0530
XXXX089X5378,2929.0,2026-03-05 10:33:00.000 +0530
XXXX089X5438,8846.0,2026-03-05 10:33:00.000 +0530
XXXX089X5442,3776.0,2026-03-05 10:33:00.000 +0530
XXXX089X5475,3365.0,2026-03-05 10:33:00.000 +0530
XXXX089X5482,3863.0,2026-03-05 10:33:00.000 +0530
XXXX089X5540,3419.0,2026-03-05 10:33:00.000 +0530
XXXX089X5559,4581.0,2026-03-05 10:33:00.000 +0530
XXXX089X5586,3015.0,2026-03-05 10:33:00.000 +0530
XXXX089X5612,4083.0,2026-03-05 10:33:00.000 +0530
XXXX089X5623,4144.0,2026-03-05 10:33:00.000 +0530
XXXX089X5636,3632.0,2026-03-05 10:33:00.000 +0530
XXXX089X5674,3194.0,2026-03-05 10:33:00.000 +0530
XXXX089X5687,3220.0,2026-03-05 10:33:00.000 +0530
XXXX089X5695,2892.0,2026-03-05 10:33:00.000 +0530
XXXX089X5716,5136.0,2026-03-05 10:33:00.000 +0530
XXXX089X5717,3600.0,2026-03-05 10:33:00.000 +0530
XXXX089X5790,3474.0,2026-03-05 10:33:00.000 +0530
XXXX089X5804,3572.0,2026-03-05 10:33:00.000 +0530
XXXX089X5819,5554.0,2026-03-05 10:33:00.000 +0530
XXXX089X5838,3714.0,2026-03-05 10:33:00.000 +0530
XXXX089X5851,3863.0,2026-03-05 10:33:00.000 +0530
XXXX089X5863,3503.0,2026-03-05 10:33:00.000 +0530
XXXX089X5890,4596.0,2026-03-05 10:33:00.000 +0530
XXXX089X5989,5471.0,2026-03-05 10:33:00.000 +0530
XXXX089X6046,4813.0,2026-03-05 10:33:00.000 +0530
XXXX089X6072,2895.0,2026-03-05 10:33:00.000 +0530
XXXX089X6084,3658.0,2026-03-05 10:33:00.000 +0530
XXXX089X6085,3648.0,2026-03-05 10:33:00.000 +0530
XXXX089X6104,4482.0,2026-03-05 10:33:00.000 +0530
XXXX089X6108,4529.0,2026-03-05 10:33:00.000 +0530
XXXX089X6245,9004.0,2026-03-05 10:33:00.000 +0530
XXXX089X6268,2657.0,2026-03-05 10:33:00.000 +0530
XXXX089X6304,4348.0,2026-03-05 10:33:00.000 +0530
XXXX089X6317,5163.0,2026-03-05 10:33:00.000 +0530
XXXX089X6434,4396.0,2026-03-05 10:33:00.000 +0530
XXXX089X6493,3201.0,2026-03-05 10:33:00.000 +0530
XXXX089X6528,4311.0,2026-03-05 10:33:00.000 +0530
XXXX089X6547,3956.0,2026-03-05 10:33:00.000 +0530
XXXX089X6563,4358.0,2026-03-05 10:33:00.000 +0530
XXXX089X6569,3606.0,2026-03-05 10:33:00.000 +0530
XXXX089X6718,4740.0,2026-03-05 10:33:00.000 +0530
XXXX089X6767,3754.0,2026-03-05 10:33:00.000 +0530
XXXX089X6768,5177.0,2026-03-05 10:33:00.000 +0530
XXXX089X6798,4017.0,2026-03-05 10:33:00.000 +0530
XXXX089X6799,5130.0,2026-03-05 10:33:00.000 +0530
XXXX089X6876,4137.0,2026-03-05 10:33:00.000 +0530
XXXX089X6885,4292.0,2026-03-05 10:33:00.000 +0530
XXXX089X6965,4851.0,2026-03-05 10:33:00.000 +0530
XXXX089X6973,4368.0,2026-03-05 10:33:00.000 +0530
XXXX089X6982,3788.0,2026-03-05 10:33:00.000 +0530
XXXX089X6984,3009.0,2026-03-05 10:33:00.000 +0530
XXXX089X6986,3755.0,2026-03-05 10:33:00.000 +0530
XXXX089X7010,3818.0,2026-03-05 10:33:00.000 +0530
XXXX089X7023,5537.0,2026-03-05 10:33:00.000 +0530
XXXX089X7039,3555.0,2026-03-05 10:33:00.000 +0530
XXXX089X7139,5807.0,2026-03-05 10:33:00.000 +0530
XXXX089X7160,3433.0,2026-03-05 10:33:00.000 +0530
XXXX089X7189,10305.0,2026-03-05 10:33:00.000 +0530
XXXX089X7193,4441.0,2026-03-05 10:33:00.000 +0530
XXXX089X7406,3315.0,2026-03-05 10:33:00.000 +0530
XXXX089X7417,3525.0,2026-03-05 10:33:00.000 +0530
XXXX089X7455,3225.0,2026-03-05 10:33:00.000 +0530
XXXX089X7469,4985.0,2026-03-05 10:33:00.000 +0530
XXXX089X7522,4727.0,2026-03-05 10:33:00.000 +0530
XXXX089X7531,2841.0,2026-03-05 10:33:00.000 +0530
XXXX089X7573,3100.0,2026-03-05 10:33:00.000 +0530
XXXX089X7576,5072.0,2026-03-05 10:33:00.000 +0530
XXXX089X7592,3368.0,2026-03-05 10:33:00.000 +0530
XXXX089X7600,3892.0,2026-03-05 10:33:00.000 +0530
XXXX089X7610,4290.0,2026-03-05 10:33:00.000 +0530
XXXX089X7621,3839.0,2026-03-05 10:33:00.000 +0530
XXXX089X7627,3338.0,2026-03-05 10:33:00.000 +0530
XXXX089X7684,2727.0,2026-03-05 10:33:00.000 +0530
XXXX089X7703,3372.0,2026-03-05 10:33:00.000 +0530
XXXX089X7715,3752.0,2026-03-05 10:33:00.000 +0530
XXXX089X7781,3972.0,2026-03-05 10:33:00.000 +0530
XXXX089X7892,3743.0,2026-03-05 10:33:00.000 +0530
XXXX089X7951,4098.0,2026-03-05 10:33:00.000 +0530
XXXX089X7981,4965.0,2026-03-05 10:33:00.000 +0530
XXXX089X7986,3480.0,2026-03-05 10:33:00.000 +0530
XXXX089X8117,4197.0,2026-03-05 10:33:00.000 +0530
XXXX089X8165,6596.0,2026-03-05 10:33:00.000 +0530
XXXX089X8173,3808.0,2026-03-05 10:33:00.000 +0530
XXXX089X8220,3202.0,2026-03-05 10:33:00.000 +0530
XXXX089X8231,3645.0,2026-03-05 10:33:00.000 +0530
XXXX089X8237,5242.0,2026-03-05 10:33:00.000 +0530
XXXX089X8251,3793.0,2026-03-05 10:33:00.000 +0530
XXXX089X8292,3816.0,2026-03-05 10:33:00.000 +0530
XXXX089X8304,3461.0,2026-03-05 10:33:00.000 +0530
XXXX089X8316,3574.0,2026-03-05 10:33:00.000 +0530
XXXX089X8331,2854.0,2026-03-05 10:33:00.000 +0530
XXXX089X8351,3976.0,2026-03-05 10:33:00.000 +0530
XXXX089X8357,4309.0,2026-03-05 10:33:00.000 +0530
XXXX089X8366,3960.0,2026-03-05 10:33:00.000 +0530
XXXX089X8417,3637.0,2026-03-05 10:33:00.000 +0530
XXXX089X8443,4373.0,2026-03-05 10:33:00.000 +0530
XXXX089X8480,3644.0,2026-03-05 10:33:00.000 +0530
XXXX089X8485,3329.0,2026-03-05 10:33:00.000 +0530
XXXX089X8522,5177.0,2026-03-05 10:33:00.000 +0530
XXXX089X8523,4014.0,2026-03-05 10:33:00.000 +0530
XXXX089X8532,3642.0,2026-03-05 10:33:00.000 +0530
XXXX089X8545,5665.0,2026-03-05 10:33:00.000 +0530
XXXX089X8573,3374.0,2026-03-05 10:33:00.000 +0530
XXXX089X8588,3219.0,2026-03-05 10:33:00.000 +0530
XXXX089X8598,4379.0,2026-03-05 10:33:00.000 +0530
XXXX089X8625,4163.0,2026-03-05 10:33:00.000 +0530
XXXX089X8631,4503.0,2026-03-05 10:33:00.000 +0530
XXXX089X8763,3807.0,2026-03-05 10:33:00.000 +0530
XXXX089X8830,3514.0,2026-03-05 10:33:00.000 +0530
XXXX089X8860,4440.0,2026-03-05 10:33:00.000 +0530
XXXX089X8866,4048.0,2026-03-05 10:33:00.000 +0530
XXXX089X8880,3433.0,2026-03-05 10:33:00.000 +0530
XXXX089X8892,4853.0,2026-03-05 10:33:00.000 +0530
XXXX089X8953,6455.0,2026-03-05 10:33:00.000 +0530
XXXX089X9042,3805.0,2026-03-05 10:33:00.000 +0530
XXXX089X9100,3773.0,2026-03-05 10:33:00.000 +0530
XXXX089X9108,3514.0,2026-03-05 10:33:00.000 +0530
XXXX089X9146,3891.0,2026-03-05 10:33:00.000 +0530
XXXX089X9185,3901.0,2026-03-05 10:33:00.000 +0530
XXXX089X9201,3480.0,2026-03-05 10:33:00.000 +0530
XXXX089X9220,3515.0,2026-03-05 10:33:00.000 +0530
XXXX089X9244,4690.0,2026-03-05 10:33:00.000 +0530
XXXX089X9246,2923.0,2026-03-05 10:33:00.000 +0530
XXXX089X9337,4612.0,2026-03-05 10:33:00.000 +0530
XXXX089X9344,3523.0,2026-03-05 10:33:00.000 +0530
XXXX089X9369,6744.0,2026-03-05 10:33:00.000 +0530
XXXX089X9381,3515.0,2026-03-05 10:33:00.000 +0530
XXXX089X9430,4470.0,2026-03-05 10:33:00.000 +0530
XXXX089X9438,3850.0,2026-03-05 10:33:00.000 +0530
XXXX089X9468,2527.0,2026-03-05 10:33:00.000 +0530
XXXX089X9506,3006.0,2026-03-05 10:33:00.000 +0530
XXXX089X9545,3968.0,2026-03-05 10:33:00.000 +0530
XXXX089X9554,3538.0,2026-03-05 10:33:00.000 +0530
XXXX089X9608,2765.0,2026-03-05 10:33:00.000 +0530
XXXX089X9636,5148.0,2026-03-05 10:33:00.000 +0530
XXXX089X9640,4301.0,2026-03-05 10:33:00.000 +0530
XXXX089X9681,4898.0,2026-03-05 10:33:00.000 +0530
XXXX089X9746,3683.0,2026-03-05 10:33:00.000 +0530
XXXX089X9787,5264.0,2026-03-05 10:33:00.000 +0530
XXXX089X9852,5821.0,2026-03-05 10:33:00.000 +0530
XXXX089X9922,4189.0,2026-03-05 10:33:00.000 +0530
XXXX089X9977,4979.0,2026-03-05 10:33:00.000 +0530
XXXX089X9989,4036.0,2026-03-05 10:33:00.000 +0530
XXXX090X0006,5331.0,2026-03-05 10:33:00.000 +0530
XXXX090X0034,3259.0,2026-03-05 10:33:00.000 +0530
XXXX090X0089,7772.0,2026-03-05 10:33:00.000 +0530
XXXX090X0091,4586.0,2026-03-05 10:33:00.000 +0530
XXXX090X0221,3892.0,2026-03-05 10:33:00.000 +0530
XXXX090X0352,3298.0,2026-03-05 10:33:00.000 +0530
XXXX090X0361,3194.0,2026-03-05 10:33:00.000 +0530
XXXX090X0394,3060.0,2026-03-05 10:33:00.000 +0530
XXXX090X0502,2370.0,2026-03-05 10:33:00.000 +0530
XXXX090X0550,3353.0,2026-03-05 10:33:00.000 +0530
XXXX090X0564,5959.0,2026-03-05 10:33:00.000 +0530
XXXX090X0626,3785.0,2026-03-05 10:33:00.000 +0530
XXXX090X0716,2528.0,2026-03-05 10:33:00.000 +0530
XXXX090X0781,3278.0,2026-03-05 10:33:00.000 +0530
XXXX090X0796,2911.0,2026-03-05 10:33:00.000 +0530
XXXX090X0868,3646.0,2026-03-05 10:33:00.000 +0530
XXXX090X0881,4747.0,2026-03-05 10:33:00.000 +0530
XXXX090X0912,3265.0,2026-03-05 10:33:00.000 +0530
XXXX090X0914,3986.0,2026-03-05 10:33:00.000 +0530
XXXX090X0962,3591.0,2026-03-05 10:33:00.000 +0530
XXXX090X0971,4270.0,2026-03-05 10:33:00.000 +0530
XXXX090X1034,3982.0,2026-03-05 10:33:00.000 +0530
XXXX090X1056,3723.0,2026-03-05 10:33:00.000 +0530
XXXX090X1120,4476.0,2026-03-05 10:33:00.000 +0530
XXXX090X1186,2897.0,2026-03-05 10:33:00.000 +0530
XXXX090X1270,2725.0,2026-03-05 10:33:00.000 +0530
XXXX090X1379,6480.0,2026-03-05 10:33:00.000 +0530
XXXX090X1382,4052.0,2026-03-05 10:33:00.000 +0530
XXXX090X1427,3578.0,2026-03-05 10:33:00.000 +0530
XXXX090X1429,4220.0,2026-03-05 10:33:00.000 +0530
XXXX090X1556,3308.0,2026-03-05 10:33:00.000 +0530
XXXX090X1564,4965.0,2026-03-05 10:33:00.000 +0530
XXXX090X1565,3199.0,2026-03-05 10:33:00.000 +0530
XXXX090X1577,4542.0,2026-03-05 10:33:00.000 +0530
XXXX090X1863,3677.0,2026-03-05 10:33:00.000 +0530
XXXX090X1872,4237.0,2026-03-05 10:33:00.000 +0530
XXXX090X1877,4276.0,2026-03-05 10:33:00.000 +0530
XXXX090X1911,5229.0,2026-03-05 10:33:00.000 +0530
XXXX090X1921,3463.0,2026-03-05 10:33:00.000 +0530
XXXX090X1962,3366.0,2026-03-05 10:33:00.000 +0530
XXXX090X1963,3290.0,2026-03-05 10:33:00.000 +0530
XXXX090X2002,6179.0,2026-03-05 10:33:00.000 +0530
XXXX090X2110,3837.0,2026-03-05 10:33:00.000 +0530
XXXX090X2215,5720.0,2026-03-05 10:33:00.000 +0530
XXXX090X2263,3478.0,2026-03-05 10:33:00.000 +0530
XXXX090X2354,3926.0,2026-03-05 10:33:00.000 +0530
XXXX090X2359,2908.0,2026-03-05 10:33:00.000 +0530
XXXX090X2376,3545.0,2026-03-05 10:33:00.000 +0530
XXXX090X2402,5018.0,2026-03-05 10:33:00.000 +0530
XXXX090X2444,3467.0,2026-03-05 10:33:00.000 +0530
XXXX090X2475,4342.0,2026-03-05 10:33:00.000 +0530
XXXX090X2538,3286.0,2026-03-05 10:33:00.000 +0530
XXXX090X2623,4196.0,2026-03-05 10:33:00.000 +0530
XXXX090X2678,3692.0,2026-03-05 10:33:00.000 +0530
XXXX090X2680,3014.0,2026-03-05 10:33:00.000 +0530
XXXX090X2720,4332.0,2026-03-05 10:33:00.000 +0530
XXXX090X2731,4766.0,2026-03-05 10:33:00.000 +0530
XXXX090X2753,2993.0,2026-03-05 10:33:00.000 +0530
XXXX090X2781,4996.0,2026-03-05 10:33:00.000 +0530
XXXX090X2802,3594.0,2026-03-05 10:33:00.000 +0530
XXXX090X2857,3270.0,2026-03-05 10:33:00.000 +0530
XXXX090X2888,3381.0,2026-03-05 10:33:00.000 +0530
XXXX090X2892,3598.0,2026-03-05 10:33:00.000 +0530
XXXX090X2952,3595.0,2026-03-05 10:33:00.000 +0530
XXXX090X2954,3202.0,2026-03-05 10:33:00.000 +0530
XXXX090X3120,4010.0,2026-03-05 10:33:00.000 +0530
XXXX090X3122,3692.0,2026-03-05 10:33:00.000 +0530
XXXX090X3130,3176.0,2026-03-05 10:33:00.000 +0530
XXXX090X3209,2543.0,2026-03-05 10:33:00.000 +0530
XXXX090X3263,3717.0,2026-03-05 10:33:00.000 +0530
XXXX090X3265,6728.0,2026-03-05 10:33:00.000 +0530
XXXX090X3456,3623.0,2026-03-05 10:33:00.000 +0530
XXXX090X3458,3556.0,2026-03-05 10:33:00.000 +0530
XXXX090X3487,3876.0,2026-03-05 10:33:00.000 +0530
XXXX090X3507,3486.0,2026-03-05 10:33:00.000 +0530
XXXX090X3611,3731.0,2026-03-05 10:33:00.000 +0530
XXXX090X3645,4370.0,2026-03-05 10:33:00.000 +0530
XXXX090X3675,3443.0,2026-03-05 10:33:00.000 +0530
XXXX090X3710,3422.0,2026-03-05 10:33:00.000 +0530
XXXX090X3918,3768.0,2026-03-05 10:33:00.000 +0530
XXXX090X4046,5111.0,2026-03-05 10:33:00.000 +0530
XXXX090X4065,3477.0,2026-03-05 10:33:00.000 +0530
XXXX090X4087,3610.0,2026-03-05 10:33:00.000 +0530
XXXX090X4147,4101.0,2026-03-05 10:33:00.000 +0530
XXXX090X4219,3499.0,2026-03-05 10:33:00.000 +0530
XXXX090X4269,3956.0,2026-03-05 10:33:00.000 +0530
XXXX090X4277,5846.0,2026-03-05 10:33:00.000 +0530
XXXX090X4347,3854.0,2026-03-05 10:33:00.000 +0530
XXXX090X4391,2521.0,2026-03-05 10:33:00.000 +0530
XXXX090X4423,5448.0,2026-03-05 10:33:00.000 +0530
XXXX090X4439,3765.0,2026-03-05 10:33:00.000 +0530
XXXX090X4504,3682.0,2026-03-05 10:33:00.000 +0530
XXXX090X4677,3121.0,2026-03-05 10:33:00.000 +0530
XXXX090X4679,4773.0,2026-03-05 10:33:00.000 +0530
XXXX090X4718,3041.0,2026-03-05 10:33:00.000 +0530
XXXX090X4919,3492.0,2026-03-05 10:33:00.000 +0530
XXXX090X4924,2234.0,2026-03-05 10:33:00.000 +0530
XXXX090X4930,5337.0,2026-03-05 10:33:00.000 +0530
XXXX090X4967,4689.0,2026-03-05 10:33:00.000 +0530
XXXX090X5005,3964.0,2026-03-05 10:33:00.000 +0530
XXXX090X5034,3730.0,2026-03-05 10:33:00.000 +0530
XXXX090X5036,4178.0,2026-03-05 10:33:00.000 +0530
XXXX090X5082,5164.0,2026-03-05 10:33:00.000 +0530
XXXX090X5091,3233.0,2026-03-05 10:33:00.000 +0530
XXXX090X5096,3579.0,2026-03-05 10:33:00.000 +0530
XXXX090X5173,4106.0,2026-03-05 10:33:00.000 +0530
XXXX090X5242,4550.0,2026-03-05 10:33:00.000 +0530
XXXX090X5249,3863.0,2026-03-05 10:33:00.000 +0530
XXXX090X5317,3644.0,2026-03-05 10:33:00.000 +0530
XXXX090X5386,4333.0,2026-03-05 10:33:00.000 +0530
XXXX090X5399,4270.0,2026-03-05 10:33:00.000 +0530
XXXX090X5414,4031.0,2026-03-05 10:33:00.000 +0530
XXXX090X5426,3300.0,2026-03-05 10:33:00.000 +0530
XXXX090X5432,2155.0,2026-03-05 10:33:00.000 +0530
XXXX090X5437,3789.0,2026-03-05 10:33:00.000 +0530
XXXX090X5478,3166.0,2026-03-05 10:33:00.000 +0530
XXXX090X5526,4470.0,2026-03-05 10:33:00.000 +0530
XXXX090X5591,3386.0,2026-03-05 10:33:00.000 +0530
XXXX090X5768,4049.0,2026-03-05 10:33:00.000 +0530
XXXX090X5854,4347.0,2026-03-05 10:33:00.000 +0530
XXXX090X5997,3624.0,2026-03-05 10:33:00.000 +0530
XXXX090X6090,6045.0,2026-03-05 10:33:00.000 +0530
XXXX090X6116,2743.0,2026-03-05 10:33:00.000 +0530
XXXX090X6178,3296.0,2026-03-05 10:33:00.000 +0530
XXXX090X6284,4052.0,2026-03-05 10:33:00.000 +0530
XXXX090X6303,3662.0,2026-03-05 10:33:00.000 +0530
XXXX090X6422,3055.0,2026-03-05 10:33:00.000 +0530
XXXX090X6441,4451.0,2026-03-05 10:33:00.000 +0530
XXXX090X6480,3197.0,2026-03-05 10:33:00.000 +0530
XXXX090X6514,3498.0,2026-03-05 10:33:00.000 +0530
XXXX090X6515,3957.0,2026-03-05 10:33:00.000 +0530
XXXX090X6678,3614.0,2026-03-05 10:33:00.000 +0530
XXXX090X6777,4838.0,2026-03-05 10:33:00.000 +0530
XXXX090X6782,3353.0,2026-03-05 10:33:00.000 +0530
XXXX090X6808,3831.0,2026-03-05 10:33:00.000 +0530
XXXX090X6877,5395.0,2026-03-05 10:33:00.000 +0530
XXXX090X6885,3760.0,2026-03-05 10:33:00.000 +0530
XXXX090X6920,5909.0,2026-03-05 10:33:00.000 +0530
XXXX090X6947,3208.0,2026-03-05 10:33:00.000 +0530
XXXX090X6980,2566.0,2026-03-05 10:33:00.000 +0530
XXXX090X6982,5796.0,2026-03-05 10:33:00.000 +0530
XXXX090X6989,3456.0,2026-03-05 10:33:00.000 +0530
XXXX090X7002,3636.0,2026-03-05 10:33:00.000 +0530
XXXX090X7054,4850.0,2026-03-05 10:33:00.000 +0530
XXXX090X7156,3819.0,2026-03-05 10:33:00.000 +0530
XXXX090X7191,4138.0,2026-03-05 10:33:00.000 +0530
XXXX090X7192,3606.0,2026-03-05 10:33:00.000 +0530
XXXX090X7265,4264.0,2026-03-05 10:33:00.000 +0530
XXXX090X7296,4854.0,2026-03-05 10:33:00.000 +0530
XXXX090X7416,3968.0,2026-03-05 10:33:00.000 +0530
XXXX090X7421,8209.0,2026-03-05 10:33:00.000 +0530
XXXX090X7607,3315.0,2026-03-05 10:33:00.000 +0530
XXXX090X7663,3494.0,2026-03-05 10:33:00.000 +0530
XXXX090X7686,5678.0,2026-03-05 10:33:00.000 +0530
XXXX090X7729,4372.0,2026-03-05 10:33:00.000 +0530
XXXX090X7774,5052.0,2026-03-05 10:33:00.000 +0530
XXXX090X7874,5552.0,2026-03-05 10:33:00.000 +0530
XXXX090X7919,4568.0,2026-03-05 10:33:00.000 +0530
XXXX090X7956,4848.0,2026-03-05 10:33:00.000 +0530
XXXX090X7977,2931.0,2026-03-05 10:33:00.000 +0530
XXXX090X7997,2747.0,2026-03-05 10:33:00.000 +0530
XXXX090X8000,6518.0,2026-03-05 10:33:00.000 +0530
XXXX090X8055,5840.0,2026-03-05 10:33:00.000 +0530
XXXX090X8097,4342.0,2026-03-05 10:33:00.000 +0530
XXXX090X8098,5034.0,2026-03-05 10:33:00.000 +0530
XXXX090X8116,5125.0,2026-03-05 10:33:00.000 +0530
XXXX090X8117,4285.0,2026-03-05 10:33:00.000 +0530
XXXX090X8123,3519.0,2026-03-05 10:33:00.000 +0530
XXXX090X8130,4932.0,2026-03-05 10:33:00.000 +0530
XXXX090X8176,4989.0,2026-03-05 10:33:00.000 +0530
XXXX090X8185,2679.0,2026-03-05 10:33:00.000 +0530
XXXX090X8215,4992.0,2026-03-05 10:33:00.000 +0530
XXXX090X8228,4747.0,2026-03-05 10:33:00.000 +0530
XXXX090X8229,4255.0,2026-03-05 10:33:00.000 +0530
XXXX090X8243,3108.0,2026-03-05 10:33:00.000 +0530
XXXX090X8269,3644.0,2026-03-05 10:33:00.000 +0530
XXXX090X8289,3782.0,2026-03-05 10:33:00.000 +0530
XXXX090X8304,4876.0,2026-03-05 10:33:00.000 +0530
XXXX090X8324,2915.0,2026-03-05 10:33:00.000 +0530
XXXX090X8332,3651.0,2026-03-05 10:33:00.000 +0530
XXXX090X8344,2747.0,2026-03-05 10:33:00.000 +0530
XXXX090X8349,4006.0,2026-03-05 10:33:00.000 +0530
XXXX090X8364,8551.0,2026-03-05 10:33:00.000 +0530
XXXX090X8365,2926.0,2026-03-05 10:33:00.000 +0530
XXXX090X8376,6686.0,2026-03-05 10:33:00.000 +0530
XXXX090X8386,3948.0,2026-03-05 10:33:00.000 +0530
XXXX090X8425,3248.0,2026-03-05 10:33:00.000 +0530
XXXX090X8456,6639.0,2026-03-05 10:33:00.000 +0530
XXXX090X8553,4188.0,2026-03-05 10:33:00.000 +0530
XXXX090X8560,3017.0,2026-03-05 10:33:00.000 +0530
XXXX090X8584,2593.0,2026-03-05 10:33:00.000 +0530
XXXX090X8652,4727.0,2026-03-05 10:33:00.000 +0530
XXXX090X8656,3233.0,2026-03-05 10:33:00.000 +0530
XXXX090X8701,2168.0,2026-03-05 10:33:00.000 +0530
XXXX090X8707,5728.0,2026-03-05 10:33:00.000 +0530
XXXX090X8745,4498.0,2026-03-05 10:33:00.000 +0530
XXXX090X8764,4526.0,2026-03-05 10:33:00.000 +0530
XXXX090X8806,3504.0,2026-03-05 10:33:00.000 +0530
XXXX090X8845,4888.0,2026-03-05 10:33:00.000 +0530
XXXX090X8894,5064.0,2026-03-05 10:33:00.000 +0530
XXXX090X8928,5620.0,2026-03-05 10:33:00.000 +0530
XXXX090X8932,4260.0,2026-03-05 10:33:00.000 +0530
XXXX090X9032,3375.0,2026-03-05 10:33:00.000 +0530
XXXX090X9046,3648.0,2026-03-05 10:33:00.000 +0530
XXXX090X9049,3796.0,2026-03-05 10:33:00.000 +0530
XXXX090X9065,4581.0,2026-03-05 10:33:00.000 +0530
XXXX090X9076,2921.0,2026-03-05 10:33:00.000 +0530
XXXX090X9130,3378.0,2026-03-05 10:33:00.000 +0530
XXXX090X9161,3955.0,2026-03-05 10:33:00.000 +0530
XXXX090X9172,5089.0,2026-03-05 10:33:00.000 +0530
XXXX090X9194,4301.0,2026-03-05 10:33:00.000 +0530
XXXX090X9210,3580.0,2026-03-05 10:33:00.000 +0530
XXXX090X9215,2897.0,2026-03-05 10:33:00.000 +0530
XXXX090X9224,4352.0,2026-03-05 10:33:00.000 +0530
XXXX090X9299,4746.0,2026-03-05 10:33:00.000 +0530
XXXX090X9367,4619.0,2026-03-05 10:33:00.000 +0530
XXXX090X9419,6704.0,2026-03-05 10:33:00.000 +0530
XXXX090X9422,3828.0,2026-03-05 10:33:00.000 +0530
XXXX090X9440,2920.0,2026-03-05 10:33:00.000 +0530
XXXX090X9628,6744.0,2026-03-05 10:33:00.000 +0530
XXXX090X9642,4666.0,2026-03-05 10:33:00.000 +0530
XXXX090X9701,3939.0,2026-03-05 10:33:00.000 +0530
XXXX090X9750,7319.0,2026-03-05 10:33:00.000 +0530
XXXX090X9760,5499.0,2026-03-05 10:33:00.000 +0530
XXXX090X9815,3282.0,2026-03-05 10:33:00.000 +0530
XXXX090X9823,3223.0,2026-03-05 10:33:00.000 +0530
XXXX090X9840,5461.0,2026-03-05 10:33:00.000 +0530
XXXX090X9848,2956.0,2026-03-05 10:33:00.000 +0530
XXXX090X9912,4446.0,2026-03-05 10:33:00.000 +0530
XXXX090X9944,5914.0,2026-03-05 10:33:00.000 +0530
XXXX090X9959,3338.0,2026-03-05 10:33:00.000 +0530
XXXX090X9967,4018.0,2026-03-05 10:33:00.000 +0530
XXXX090X9996,3704.0,2026-03-05 10:33:00.000 +0530
XXXX091X0059,3051.0,2026-03-05 10:33:00.000 +0530
XXXX091X0184,4839.0,2026-03-05 10:33:00.000 +0530
XXXX091X0243,3644.0,2026-03-05 10:33:00.000 +0530
XXXX091X0434,2482.0,2026-03-05 10:33:00.000 +0530
XXXX091X0468,4970.0,2026-03-05 10:33:00.000 +0530
XXXX091X0561,3988.0,2026-03-05 10:33:00.000 +0530
XXXX091X0624,3931.0,2026-03-05 10:33:00.000 +0530
XXXX091X0635,4653.0,2026-03-05 10:33:00.000 +0530
XXXX091X0702,5480.0,2026-03-05 10:33:00.000 +0530
XXXX091X0703,3375.0,2026-03-05 10:33:00.000 +0530
XXXX091X0789,5697.0,2026-03-05 10:33:00.000 +0530
XXXX091X0836,3700.0,2026-03-05 10:33:00.000 +0530
XXXX091X0844,5181.0,2026-03-05 10:33:00.000 +0530
XXXX091X0896,5721.0,2026-03-05 10:33:00.000 +0530
XXXX091X0915,3699.0,2026-03-05 10:33:00.000 +0530
XXXX091X0926,4254.0,2026-03-05 10:33:00.000 +0530
XXXX091X0931,4349.0,2026-03-05 10:33:00.000 +0530
XXXX091X0970,3376.0,2026-03-05 10:33:00.000 +0530
XXXX091X1001,3680.0,2026-03-05 10:33:00.000 +0530
XXXX091X1020,4142.0,2026-03-05 10:33:00.000 +0530
XXXX091X1021,12145.0,2026-03-05 10:33:00.000 +0530
XXXX091X1060,3366.0,2026-03-05 10:33:00.000 +0530
XXXX091X1082,4876.0,2026-03-05 10:33:00.000 +0530
XXXX091X1093,4246.0,2026-03-05 10:33:00.000 +0530
XXXX091X1131,4752.0,2026-03-05 10:33:00.000 +0530
XXXX091X1146,5724.0,2026-03-05 10:33:00.000 +0530
XXXX091X1196,3762.0,2026-03-05 10:33:00.000 +0530
XXXX091X1204,3145.0,2026-03-05 10:33:00.000 +0530
XXXX091X1288,3220.0,2026-03-05 10:33:00.000 +0530
XXXX091X1297,4001.0,2026-03-05 10:33:00.000 +0530
XXXX091X1299,2871.0,2026-03-05 10:33:00.000 +0530
XXXX091X1305,4181.0,2026-03-05 10:33:00.000 +0530
XXXX091X1345,5586.0,2026-03-05 10:33:00.000 +0530
XXXX091X1370,3969.0,2026-03-05 10:33:00.000 +0530
XXXX091X1409,4502.0,2026-03-05 10:33:00.000 +0530
XXXX091X1475,5242.0,2026-03-05 10:33:00.000 +0530
XXXX091X1541,5825.0,2026-03-05 10:33:00.000 +0530
XXXX091X1549,4094.0,2026-03-05 10:33:00.000 +0530
XXXX091X1561,5574.0,2026-03-05 10:33:00.000 +0530
XXXX091X1577,3021.0,2026-03-05 10:33:00.000 +0530
XXXX091X1608,2815.0,2026-03-05 10:33:00.000 +0530
XXXX091X1742,2308.0,2026-03-05 10:33:00.000 +0530
XXXX091X1783,4016.0,2026-03-05 10:33:00.000 +0530
XXXX091X1839,3624.0,2026-03-05 10:33:00.000 +0530
XXXX091X1847,4036.0,2026-03-05 10:33:00.000 +0530
XXXX091X1856,3424.0,2026-03-05 10:33:00.000 +0530
XXXX091X1947,3139.0,2026-03-05 10:33:00.000 +0530
XXXX091X1967,3058.0,2026-03-05 10:33:00.000 +0530
XXXX091X2059,3461.0,2026-03-05 10:33:00.000 +0530
XXXX091X2093,3945.0,2026-03-05 10:33:00.000 +0530
XXXX091X2147,3697.0,2026-03-05 10:33:00.000 +0530
XXXX091X2188,3624.0,2026-03-05 10:33:00.000 +0530
XXXX091X2303,2981.0,2026-03-05 10:33:00.000 +0530
XXXX091X2308,4343.0,2026-03-05 10:33:00.000 +0530
XXXX091X2466,3735.0,2026-03-05 10:33:00.000 +0530
XXXX091X2486,3561.0,2026-03-05 10:33:00.000 +0530
XXXX091X2506,3374.0,2026-03-05 10:33:00.000 +0530
XXXX091X2546,3690.0,2026-03-05 10:33:00.000 +0530
XXXX091X2591,3427.0,2026-03-05 10:33:00.000 +0530
XXXX091X2599,3128.0,2026-03-05 10:33:00.000 +0530
XXXX091X2674,3808.0,2026-03-05 10:33:00.000 +0530
XXXX091X2789,3688.0,2026-03-05 10:33:00.000 +0530
XXXX091X2799,9633.0,2026-03-05 10:33:00.000 +0530
XXXX091X2831,7217.0,2026-03-05 10:33:00.000 +0530
XXXX091X2850,3898.0,2026-03-05 10:33:00.000 +0530
XXXX091X2867,3565.0,2026-03-05 10:33:00.000 +0530
XXXX091X2910,3179.0,2026-03-05 10:33:00.000 +0530
XXXX091X2990,3677.0,2026-03-05 10:33:00.000 +0530
XXXX091X3003,3308.0,2026-03-05 10:33:00.000 +0530
XXXX091X3025,4016.0,2026-03-05 10:33:00.000 +0530
XXXX091X3140,7454.0,2026-03-05 10:33:00.000 +0530
XXXX091X3192,4074.0,2026-03-05 10:33:00.000 +0530
XXXX091X3223,4540.0,2026-03-05 10:33:00.000 +0530
XXXX091X3260,4068.0,2026-03-05 10:33:00.000 +0530
XXXX091X3340,3196.0,2026-03-05 10:33:00.000 +0530
XXXX091X3389,3445.0,2026-03-05 10:33:00.000 +0530
XXXX091X3413,4730.0,2026-03-05 10:33:00.000 +0530
XXXX091X3462,5504.0,2026-03-05 10:33:00.000 +0530
XXXX091X3477,3662.0,2026-03-05 10:33:00.000 +0530
XXXX091X3499,5828.0,2026-03-05 10:33:00.000 +0530
XXXX091X3628,3306.0,2026-03-05 10:33:00.000 +0530
XXXX091X3671,4970.0,2026-03-05 10:33:00.000 +0530
XXXX091X3709,3902.0,2026-03-05 10:33:00.000 +0530
XXXX091X3759,4654.0,2026-03-05 10:33:00.000 +0530
XXXX091X3787,4231.0,2026-03-05 10:33:00.000 +0530
XXXX091X3793,6225.0,2026-03-05 10:33:00.000 +0530
XXXX091X3857,2466.0,2026-03-05 10:33:00.000 +0530
XXXX091X3867,6627.0,2026-03-05 10:33:00.000 +0530
XXXX091X3921,2993.0,2026-03-05 10:33:00.000 +0530
XXXX091X3947,5064.0,2026-03-05 10:33:00.000 +0530
XXXX091X3968,4188.0,2026-03-05 10:33:00.000 +0530
XXXX091X4106,2498.0,2026-03-05 10:33:00.000 +0530
XXXX091X4126,5696.0,2026-03-05 10:33:00.000 +0530
XXXX091X4132,4069.0,2026-03-05 10:33:00.000 +0530
XXXX091X4217,3215.0,2026-03-05 10:33:00.000 +0530
XXXX091X4267,7133.0,2026-03-05 10:33:00.000 +0530
XXXX091X4299,3197.0,2026-03-05 10:33:00.000 +0530
XXXX091X4338,3636.0,2026-03-05 10:33:00.000 +0530
XXXX091X4361,2714.0,2026-03-05 10:33:00.000 +0530
XXXX091X4362,3815.0,2026-03-05 10:33:00.000 +0530
XXXX091X4374,3120.0,2026-03-05 10:33:00.000 +0530
XXXX091X4384,4524.0,2026-03-05 10:33:00.000 +0530
XXXX091X4387,3642.0,2026-03-05 10:33:00.000 +0530
XXXX091X4410,6053.0,2026-03-05 10:33:00.000 +0530
XXXX091X4451,3673.0,2026-03-05 10:33:00.000 +0530
XXXX091X4462,3705.0,2026-03-05 10:33:00.000 +0530
XXXX091X4515,3578.0,2026-03-05 10:33:00.000 +0530
XXXX091X4541,4454.0,2026-03-05 10:33:00.000 +0530
XXXX091X4568,3881.0,2026-03-05 10:33:00.000 +0530
XXXX091X4584,3172.0,2026-03-05 10:33:00.000 +0530
XXXX091X4602,3624.0,2026-03-05 10:33:00.000 +0530
XXXX091X4632,2651.0,2026-03-05 10:33:00.000 +0530
XXXX091X4633,7715.0,2026-03-05 10:33:00.000 +0530
XXXX091X4637,4024.0,2026-03-05 10:33:00.000 +0530
XXXX091X4683,2507.0,2026-03-05 10:33:00.000 +0530
XXXX091X4688,3120.0,2026-03-05 10:33:00.000 +0530
XXXX091X4698,3794.0,2026-03-05 10:33:00.000 +0530
XXXX091X4718,4743.0,2026-03-05 10:33:00.000 +0530
XXXX091X4728,3899.0,2026-03-05 10:33:00.000 +0530
XXXX091X4731,4238.0,2026-03-05 10:33:00.000 +0530
XXXX091X4794,3692.0,2026-03-05 10:33:00.000 +0530
XXXX091X4927,3971.0,2026-03-05 10:33:00.000 +0530
XXXX091X4950,2861.0,2026-03-05 10:33:00.000 +0530
XXXX091X4987,3010.0,2026-03-05 10:33:00.000 +0530
XXXX091X5005,3871.0,2026-03-05 10:33:00.000 +0530
XXXX091X5029,3971.0,2026-03-05 10:33:00.000 +0530
XXXX091X5044,6562.0,2026-03-05 10:33:00.000 +0530
XXXX091X5052,5755.0,2026-03-05 10:33:00.000 +0530
XXXX091X5067,6230.0,2026-03-05 10:33:00.000 +0530
XXXX091X5068,4379.0,2026-03-05 10:33:00.000 +0530
XXXX091X5088,3461.0,2026-03-05 10:33:00.000 +0530
XXXX091X5135,3258.0,2026-03-05 10:33:00.000 +0530
XXXX091X5160,3991.0,2026-03-05 10:33:00.000 +0530
XXXX091X5247,5202.0,2026-03-05 10:33:00.000 +0530
XXXX091X5312,4175.0,2026-03-05 10:33:00.000 +0530
XXXX091X5323,5678.0,2026-03-05 10:33:00.000 +0530
XXXX091X5412,3877.0,2026-03-05 10:33:00.000 +0530
XXXX091X5438,3701.0,2026-03-05 10:33:00.000 +0530
XXXX091X5466,5382.0,2026-03-05 10:33:00.000 +0530
XXXX091X5488,3109.0,2026-03-05 10:33:00.000 +0530
XXXX091X5739,3744.0,2026-03-05 10:33:00.000 +0530
XXXX091X5741,7469.0,2026-03-05 10:33:00.000 +0530
XXXX091X5777,4700.0,2026-03-05 10:33:00.000 +0530
XXXX091X5786,3529.0,2026-03-05 10:33:00.000 +0530
XXXX091X5859,5709.0,2026-03-05 10:33:00.000 +0530
XXXX091X5907,4819.0,2026-03-05 10:33:00.000 +0530
XXXX091X5984,4901.0,2026-03-05 10:33:00.000 +0530
XXXX091X6058,4687.0,2026-03-05 10:33:00.000 +0530
XXXX091X6074,3284.0,2026-03-05 10:33:00.000 +0530
XXXX091X6103,3667.0,2026-03-05 10:33:00.000 +0530
XXXX091X6174,2915.0,2026-03-05 10:33:00.000 +0530
XXXX091X6201,3386.0,2026-03-05 10:33:00.000 +0530
XXXX091X6240,3894.0,2026-03-05 10:33:00.000 +0530
XXXX091X6245,3891.0,2026-03-05 10:33:00.000 +0530
XXXX091X6258,4316.0,2026-03-05 10:33:00.000 +0530
XXXX091X6289,2822.0,2026-03-05 10:33:00.000 +0530
XXXX091X6300,3386.0,2026-03-05 10:33:00.000 +0530
XXXX091X6303,4599.0,2026-03-05 10:33:00.000 +0530
XXXX091X6358,4676.0,2026-03-05 10:33:00.000 +0530
XXXX091X6379,5064.0,2026-03-05 10:33:00.000 +0530
XXXX091X6394,3541.0,2026-03-05 10:33:00.000 +0530
XXXX091X6399,4140.0,2026-03-05 10:33:00.000 +0530
XXXX091X6467,3560.0,2026-03-05 10:33:00.000 +0530
XXXX091X6501,3405.0,2026-03-05 10:33:00.000 +0530
XXXX091X6531,4184.0,2026-03-05 10:33:00.000 +0530
XXXX091X6542,3652.0,2026-03-05 10:33:00.000 +0530
XXXX091X6686,3295.0,2026-03-05 10:33:00.000 +0530
XXXX091X6689,4653.0,2026-03-05 10:33:00.000 +0530
XXXX091X6725,3493.0,2026-03-05 10:33:00.000 +0530
XXXX091X6811,9234.0,2026-03-05 10:33:00.000 +0530
XXXX091X6842,2823.0,2026-03-05 10:33:00.000 +0530
XXXX091X6876,3712.0,2026-03-05 10:33:00.000 +0530
XXXX091X6946,5157.0,2026-03-05 10:33:00.000 +0530
XXXX091X7026,3864.0,2026-03-05 10:33:00.000 +0530
XXXX091X7097,4171.0,2026-03-05 10:33:00.000 +0530
XXXX091X7099,3425.0,2026-03-05 10:33:00.000 +0530
XXXX091X7148,4933.0,2026-03-05 10:33:00.000 +0530
XXXX091X7315,3242.0,2026-03-05 10:33:00.000 +0530
XXXX091X7365,4238.0,2026-03-05 10:33:00.000 +0530
XXXX091X7433,4231.0,2026-03-05 10:33:00.000 +0530
XXXX091X7439,6887.0,2026-03-05 10:33:00.000 +0530
XXXX091X7457,4917.0,2026-03-05 10:33:00.000 +0530
XXXX091X7460,3400.0,2026-03-05 10:33:00.000 +0530
XXXX091X7563,5111.0,2026-03-05 10:33:00.000 +0530
XXXX091X7646,3813.0,2026-03-05 10:33:00.000 +0530
XXXX091X7692,4633.0,2026-03-05 10:33:00.000 +0530
XXXX091X7710,3856.0,2026-03-05 10:33:00.000 +0530
XXXX091X7750,6139.0,2026-03-05 10:33:00.000 +0530
XXXX091X7859,3810.0,2026-03-05 10:33:00.000 +0530
XXXX091X7863,3581.0,2026-03-05 10:33:00.000 +0530
XXXX091X7874,3278.0,2026-03-05 10:33:00.000 +0530
XXXX091X7948,3161.0,2026-03-05 10:33:00.000 +0530
XXXX091X7957,4842.0,2026-03-05 10:33:00.000 +0530
XXXX091X8006,3769.0,2026-03-05 10:33:00.000 +0530
XXXX091X8027,3266.0,2026-03-05 10:33:00.000 +0530
XXXX091X8033,3752.0,2026-03-05 10:33:00.000 +0530
XXXX091X8047,6436.0,2026-03-05 10:33:00.000 +0530
XXXX091X8085,3984.0,2026-03-05 10:33:00.000 +0530
XXXX091X8184,3599.0,2026-03-05 10:33:00.000 +0530
XXXX091X8207,4415.0,2026-03-05 10:33:00.000 +0530
XXXX091X8224,3979.0,2026-03-05 10:33:00.000 +0530
XXXX091X8330,4337.0,2026-03-05 10:33:00.000 +0530
XXXX091X8348,3306.0,2026-03-05 10:33:00.000 +0530
XXXX091X8419,3337.0,2026-03-05 10:33:00.000 +0530
XXXX091X8478,3535.0,2026-03-05 10:33:00.000 +0530
XXXX091X8484,3123.0,2026-03-05 10:33:00.000 +0530
XXXX091X8572,4031.0,2026-03-05 10:33:00.000 +0530
XXXX091X8802,4632.0,2026-03-05 10:33:00.000 +0530
XXXX091X8856,3617.0,2026-03-05 10:33:00.000 +0530
XXXX091X8918,3235.0,2026-03-05 10:33:00.000 +0530
XXXX091X8946,3643.0,2026-03-05 10:33:00.000 +0530
XXXX091X9201,5658.0,2026-03-05 10:33:00.000 +0530
XXXX091X9325,5912.0,2026-03-05 10:33:00.000 +0530
XXXX091X9379,4515.0,2026-03-05 10:33:00.000 +0530
XXXX091X9430,11032.0,2026-03-05 10:33:00.000 +0530
XXXX091X9431,4419.0,2026-03-05 10:33:00.000 +0530
XXXX091X9455,5762.0,2026-03-05 10:33:00.000 +0530
XXXX091X9560,5033.0,2026-03-05 10:33:00.000 +0530
XXXX091X9592,4959.0,2026-03-05 10:33:00.000 +0530
XXXX091X9673,2668.0,2026-03-05 10:33:00.000 +0530
XXXX091X9775,6277.0,2026-03-05 10:33:00.000 +0530
XXXX091X9840,3598.0,2026-03-05 10:33:00.000 +0530
XXXX092X4759,5080.0,2026-03-05 10:33:00.000 +0530
XXXX092X7029,6550.0,2026-03-05 10:33:00.000 +0530
XXXX092X8169,2818.0,2026-03-05 10:33:00.000 +0530
XXXX092X8183,5514.0,2026-03-05 10:33:00.000 +0530
XXXX092X9077,2841.0,2026-03-05 10:33:00.000 +0530
XXXX092X9092,3379.0,2026-03-05 10:33:00.000 +0530
XXXX093X1301,4778.0,2026-03-05 10:33:00.000 +0530
XXXX093X2027,10706.0,2026-03-05 10:33:00.000 +0530
XXXX096X6234,3186.0,2026-03-05 10:33:00.000 +0530
XXXX096X6289,3200.0,2026-03-05 10:33:00.000 +0530
XXXX096X6708,4791.0,2026-03-05 10:33:00.000 +0530
XXXX096X7774,3179.0,2026-03-05 10:33:00.000 +0530
XXXX096X8696,4182.0,2026-03-05 10:33:00.000 +0530
XXXX096X9037,2985.0,2026-03-05 10:33:00.000 +0530
XXXX096X9144,5835.0,2026-03-05 10:33:00.000 +0530
XXXX096X9243,6395.0,2026-03-05 10:33:00.000 +0530
XXXX096X9274,3539.0,2026-03-05 10:33:00.000 +0530
XXXX096X9365,3713.0,2026-03-05 10:33:00.000 +0530
XXXX096X9419,5177.0,2026-03-05 10:33:00.000 +0530
XXXX096X9761,5204.0,2026-03-05 10:33:00.000 +0530
XXXX097X0105,3693.0,2026-03-05 10:33:00.000 +0530
XXXX097X0210,3536.0,2026-03-05 10:33:00.000 +0530
XXXX097X0219,6741.0,2026-03-05 10:33:00.000 +0530
XXXX097X0265,2750.0,2026-03-05 10:33:00.000 +0530
XXXX097X0349,3986.0,2026-03-05 10:33:00.000 +0530
XXXX097X0356,4938.0,2026-03-05 10:33:00.000 +0530
XXXX097X0488,3433.0,2026-03-05 10:33:00.000 +0530
XXXX097X0552,3013.0,2026-03-05 10:33:00.000 +0530
XXXX097X0560,3382.0,2026-03-05 10:33:00.000 +0530
XXXX097X0590,5955.0,2026-03-05 10:33:00.000 +0530
XXXX097X0622,3364.0,2026-03-05 10:33:00.000 +0530
XXXX097X0720,2285.0,2026-03-05 10:33:00.000 +0530
XXXX097X0747,4636.0,2026-03-05 10:33:00.000 +0530
XXXX097X0808,4539.0,2026-03-05 10:33:00.000 +0530
XXXX097X0852,5136.0,2026-03-05 10:33:00.000 +0530
XXXX097X0950,3913.0,2026-03-05 10:33:00.000 +0530
XXXX097X1170,7323.0,2026-03-05 10:33:00.000 +0530
XXXX097X1186,3553.0,2026-03-05 10:33:00.000 +0530
XXXX097X1484,5389.0,2026-03-05 10:33:00.000 +0530
XXXX097X1675,2411.0,2026-03-05 10:33:00.000 +0530
XXXX097X1704,4871.0,2026-03-05 10:33:00.000 +0530
XXXX097X1750,2670.0,2026-03-05 10:33:00.000 +0530
XXXX097X1767,4266.0,2026-03-05 10:33:00.000 +0530
XXXX097X1964,4402.0,2026-03-05 10:33:00.000 +0530
XXXX097X2016,4311.0,2026-03-05 10:33:00.000 +0530
XXXX097X2077,3573.0,2026-03-05 10:33:00.000 +0530
XXXX097X2206,4223.0,2026-03-05 10:33:00.000 +0530
XXXX097X2221,3585.0,2026-03-05 10:33:00.000 +0530
XXXX097X2240,5026.0,2026-03-05 10:33:00.000 +0530
XXXX097X2349,4615.0,2026-03-05 10:33:00.000 +0530
XXXX097X2527,4540.0,2026-03-05 10:33:00.000 +0530
XXXX097X2632,4192.0,2026-03-05 10:33:00.000 +0530
XXXX097X2672,2933.0,2026-03-05 10:33:00.000 +0530
XXXX097X2734,5188.0,2026-03-05 10:33:00.000 +0530
XXXX097X2755,4607.0,2026-03-05 10:33:00.000 +0530
XXXX097X3074,3446.0,2026-03-05 10:33:00.000 +0530
XXXX097X3162,5151.0,2026-03-05 10:33:00.000 +0530
XXXX097X3175,5539.0,2026-03-05 10:33:00.000 +0530
XXXX097X3259,3948.0,2026-03-05 10:33:00.000 +0530
XXXX097X3267,3749.0,2026-03-05 10:33:00.000 +0530
XXXX097X3273,2867.0,2026-03-05 10:33:00.000 +0530
XXXX097X3298,4383.0,2026-03-05 10:33:00.000 +0530
XXXX097X3458,4054.0,2026-03-05 10:33:00.000 +0530
XXXX097X3593,4016.0,2026-03-05 10:33:00.000 +0530
XXXX097X3663,4905.0,2026-03-05 10:33:00.000 +0530
XXXX097X3806,4171.0,2026-03-05 10:33:00.000 +0530
XXXX097X3868,4393.0,2026-03-05 10:33:00.000 +0530
XXXX097X3957,4126.0,2026-03-05 10:33:00.000 +0530
XXXX097X3975,3109.0,2026-03-05 10:33:00.000 +0530
XXXX097X4057,3633.0,2026-03-05 10:33:00.000 +0530
XXXX097X4073,3732.0,2026-03-05 10:33:00.000 +0530
XXXX097X4353,7737.0,2026-03-05 10:33:00.000 +0530
XXXX097X4361,4585.0,2026-03-05 10:33:00.000 +0530
XXXX097X4439,3330.0,2026-03-05 10:33:00.000 +0530
XXXX097X4534,3758.0,2026-03-05 10:33:00.000 +0530
XXXX097X4565,2900.0,2026-03-05 10:33:00.000 +0530
XXXX097X4633,3060.0,2026-03-05 10:33:00.000 +0530
XXXX097X4644,4441.0,2026-03-05 10:33:00.000 +0530
XXXX097X4667,4331.0,2026-03-05 10:33:00.000 +0530
XXXX097X4737,3560.0,2026-03-05 10:33:00.000 +0530
XXXX097X4742,3811.0,2026-03-05 10:33:00.000 +0530
XXXX097X4910,4040.0,2026-03-05 10:33:00.000 +0530
XXXX097X4989,4803.0,2026-03-05 10:33:00.000 +0530
XXXX097X5086,5643.0,2026-03-05 10:33:00.000 +0530
XXXX097X5107,3884.0,2026-03-05 10:33:00.000 +0530
XXXX097X5124,3682.0,2026-03-05 10:33:00.000 +0530
XXXX097X5146,3781.0,2026-03-05 10:33:00.000 +0530
XXXX097X5155,4578.0,2026-03-05 10:33:00.000 +0530
XXXX097X5437,4702.0,2026-03-05 10:33:00.000 +0530
XXXX097X5665,3856.0,2026-03-05 10:33:00.000 +0530
XXXX097X5702,4829.0,2026-03-05 10:33:00.000 +0530
XXXX097X5848,4235.0,2026-03-05 10:33:00.000 +0530
XXXX097X5856,3480.0,2026-03-05 10:33:00.000 +0530
XXXX097X5956,3902.0,2026-03-05 10:33:00.000 +0530
XXXX097X6176,4237.0,2026-03-05 10:33:00.000 +0530
XXXX097X6229,4678.0,2026-03-05 10:33:00.000 +0530
XXXX097X6435,4227.0,2026-03-05 10:33:00.000 +0530
XXXX097X6511,5079.0,2026-03-05 10:33:00.000 +0530
XXXX097X6570,3386.0,2026-03-05 10:33:00.000 +0530
XXXX097X6733,4078.0,2026-03-05 10:33:00.000 +0530
XXXX097X6778,4131.0,2026-03-05 10:33:00.000 +0530
XXXX097X6792,4261.0,2026-03-05 10:33:00.000 +0530
XXXX097X6818,2769.0,2026-03-05 10:33:00.000 +0530
XXXX097X6830,3886.0,2026-03-05 10:33:00.000 +0530
XXXX097X6876,4253.0,2026-03-05 10:33:00.000 +0530
XXXX097X6978,5813.0,2026-03-05 10:33:00.000 +0530
XXXX097X7029,3143.0,2026-03-05 10:33:00.000 +0530
XXXX097X7234,4950.0,2026-03-05 10:33:00.000 +0530
XXXX097X7364,2653.0,2026-03-05 10:33:00.000 +0530
XXXX097X7370,5182.0,2026-03-05 10:33:00.000 +0530
XXXX097X7378,5122.0,2026-03-05 10:33:00.000 +0530
XXXX097X7496,8188.0,2026-03-05 10:33:00.000 +0530
XXXX097X7514,3386.0,2026-03-05 10:33:00.000 +0530
XXXX097X7576,3298.0,2026-03-05 10:33:00.000 +0530
XXXX097X7608,4978.0,2026-03-05 10:33:00.000 +0530
XXXX097X7806,3486.0,2026-03-05 10:33:00.000 +0530
XXXX097X8003,4023.0,2026-03-05 10:33:00.000 +0530
XXXX097X8055,2544.0,2026-03-05 10:33:00.000 +0530
XXXX097X8309,3636.0,2026-03-05 10:33:00.000 +0530
XXXX097X8407,3435.0,2026-03-05 10:33:00.000 +0530
XXXX097X8421,3031.0,2026-03-05 10:33:00.000 +0530
XXXX097X8482,5301.0,2026-03-05 10:33:00.000 +0530
XXXX097X8529,6769.0,2026-03-05 10:33:00.000 +0530
XXXX097X8550,3623.0,2026-03-05 10:33:00.000 +0530
XXXX097X8551,3368.0,2026-03-05 10:33:00.000 +0530
XXXX097X8582,3341.0,2026-03-05 10:33:00.000 +0530
XXXX097X8742,3784.0,2026-03-05 10:33:00.000 +0530
XXXX097X8827,3919.0,2026-03-05 10:33:00.000 +0530
XXXX097X8833,3395.0,2026-03-05 10:33:00.000 +0530
XXXX097X8834,4394.0,2026-03-05 10:33:00.000 +0530
XXXX097X8935,8932.0,2026-03-05 10:33:00.000 +0530
XXXX097X8948,3646.0,2026-03-05 10:33:00.000 +0530
XXXX097X8971,4039.0,2026-03-05 10:33:00.000 +0530
XXXX097X8995,3554.0,2026-03-05 10:33:00.000 +0530
XXXX097X9037,4052.0,2026-03-05 10:33:00.000 +0530
XXXX097X9077,4685.0,2026-03-05 10:33:00.000 +0530
XXXX097X9092,5264.0,2026-03-05 10:33:00.000 +0530
XXXX097X9139,3897.0,2026-03-05 10:33:00.000 +0530
XXXX097X9352,4291.0,2026-03-05 10:33:00.000 +0530
XXXX097X9389,3016.0,2026-03-05 10:33:00.000 +0530
XXXX097X9403,4105.0,2026-03-05 10:33:00.000 +0530
XXXX097X9450,2938.0,2026-03-05 10:33:00.000 +0530
XXXX097X9510,3573.0,2026-03-05 10:33:00.000 +0530
XXXX097X9543,5957.0,2026-03-05 10:33:00.000 +0530
XXXX097X9550,4813.0,2026-03-05 10:33:00.000 +0530
XXXX097X9662,3885.0,2026-03-05 10:33:00.000 +0530
XXXX097X9886,3776.0,2026-03-05 10:33:00.000 +0530
XXXX097X9908,5794.0,2026-03-05 10:33:00.000 +0530
XXXX097X9931,3433.0,2026-03-05 10:33:00.000 +0530
XXXX097X9994,5764.0,2026-03-05 10:33:00.000 +0530
XXXX098X0335,4721.0,2026-03-05 10:33:00.000 +0530
XXXX098X5250,4441.0,2026-03-05 10:33:00.000 +0530
XXXX098X5588,3993.0,2026-03-05 10:33:00.000 +0530
XXXX098X5916,3765.0,2026-03-05 10:33:00.000 +0530
XXXX098X6486,3461.0,2026-03-05 10:33:00.000 +0530
XXXX098X6592,5008.0,2026-03-05 10:33:00.000 +0530
XXXX098X6745,3357.0,2026-03-05 10:33:00.000 +0530
XXXX098X6837,3380.0,2026-03-05 10:33:00.000 +0530
XXXX098X8152,3547.0,2026-03-05 10:33:00.000 +0530
XXXX098X8974,4871.0,2026-03-05 10:33:00.000 +0530
XXXX098X9322,3016.0,2026-03-05 10:33:00.000 +0530
XXXX098X9643,7876.0,2026-03-05 10:33:00.000 +0530
XXXX100X0762,4702.0,2026-03-05 10:33:00.000 +0530
XXXX100X1202,3728.0,2026-03-05 10:33:00.000 +0530
XXXX100X1497,4519.0,2026-03-05 10:33:00.000 +0530
XXXX100X2708,3737.0,2026-03-05 10:33:00.000 +0530
XXXX100X2950,3060.0,2026-03-05 10:33:00.000 +0530
XXXX100X3521,3699.0,2026-03-05 10:33:00.000 +0530
XXXX100X3667,4033.0,2026-03-05 10:33:00.000 +0530
XXXX100X3737,2511.0,2026-03-05 10:33:00.000 +0530
XXXX100X4007,5466.0,2026-03-05 10:33:00.000 +0530
XXXX100X4025,4898.0,2026-03-05 10:33:00.000 +0530
XXXX100X4198,3370.0,2026-03-05 10:33:00.000 +0530
XXXX100X4362,4311.0,2026-03-05 10:33:00.000 +0530
XXXX100X4392,6098.0,2026-03-05 10:33:00.000 +0530
XXXX100X4417,3410.0,2026-03-05 10:33:00.000 +0530
XXXX100X4596,3982.0,2026-03-05 10:33:00.000 +0530
XXXX100X4803,4555.0,2026-03-05 10:33:00.000 +0530
XXXX100X4985,2452.0,2026-03-05 10:33:00.000 +0530
XXXX100X5090,2814.0,2026-03-05 10:33:00.000 +0530
XXXX100X5149,4813.0,2026-03-05 10:33:00.000 +0530
XXXX100X5237,4688.0,2026-03-05 10:33:00.000 +0530
XXXX100X5459,3634.0,2026-03-05 10:33:00.000 +0530
XXXX100X5577,4218.0,2026-03-05 10:33:00.000 +0530
XXXX100X5680,4530.0,2026-03-05 10:33:00.000 +0530
XXXX100X5714,6023.0,2026-03-05 10:33:00.000 +0530
XXXX100X5717,9886.0,2026-03-05 10:33:00.000 +0530
XXXX100X5741,5458.0,2026-03-05 10:33:00.000 +0530
XXXX100X5963,3057.0,2026-03-05 10:33:00.000 +0530
XXXX100X5966,3964.0,2026-03-05 10:33:00.000 +0530
XXXX100X6758,5995.0,2026-03-05 10:33:00.000 +0530
XXXX100X6929,4615.0,2026-03-05 10:33:00.000 +0530
XXXX100X6992,3940.0,2026-03-05 10:33:00.000 +0530
XXXX100X7098,4051.0,2026-03-05 10:33:00.000 +0530
XXXX100X7186,4244.0,2026-03-05 10:33:00.000 +0530
XXXX100X7469,5418.0,2026-03-05 10:33:00.000 +0530
XXXX100X7484,3292.0,2026-03-05 10:33:00.000 +0530
XXXX100X7721,3974.0,2026-03-05 10:33:00.000 +0530
XXXX100X7776,3448.0,2026-03-05 10:33:00.000 +0530
XXXX100X7785,4223.0,2026-03-05 10:33:00.000 +0530
XXXX100X7821,3559.0,2026-03-05 10:33:00.000 +0530
XXXX100X7849,3768.0,2026-03-05 10:33:00.000 +0530
XXXX100X7867,3480.0,2026-03-05 10:33:00.000 +0530
XXXX100X7873,4100.0,2026-03-05 10:33:00.000 +0530
XXXX100X8060,6528.0,2026-03-05 10:33:00.000 +0530
XXXX100X8067,4176.0,2026-03-05 10:33:00.000 +0530
XXXX100X8200,4640.0,2026-03-05 10:33:00.000 +0530
XXXX100X8933,3368.0,2026-03-05 10:33:00.000 +0530
XXXX100X9190,5242.0,2026-03-05 10:33:00.000 +0530
XXXX100X9400,4310.0,2026-03-05 10:33:00.000 +0530
XXXX101X0016,4367.0,2026-03-05 10:33:00.000 +0530
XXXX101X0126,3803.0,2026-03-05 10:33:00.000 +0530
XXXX101X0135,3488.0,2026-03-05 10:33:00.000 +0530
XXXX101X0299,3627.0,2026-03-05 10:33:00.000 +0530
XXXX101X0481,3528.0,2026-03-05 10:33:00.000 +0530
XXXX101X0645,4241.0,2026-03-05 10:33:00.000 +0530
XXXX101X0697,4995.0,2026-03-05 10:33:00.000 +0530
XXXX101X0849,3286.0,2026-03-05 10:33:00.000 +0530
XXXX101X0943,3865.0,2026-03-05 10:33:00.000 +0530
XXXX101X1019,3136.0,2026-03-05 10:33:00.000 +0530
XXXX101X1094,3035.0,2026-03-05 10:33:00.000 +0530
XXXX101X1173,2908.0,2026-03-05 10:33:00.000 +0530
XXXX101X1255,3542.0,2026-03-05 10:33:00.000 +0530
XXXX101X1338,2911.0,2026-03-05 10:33:00.000 +0530
XXXX101X1392,3486.0,2026-03-05 10:33:00.000 +0530
XXXX101X1417,4715.0,2026-03-05 10:33:00.000 +0530
XXXX101X1505,5648.0,2026-03-05 10:33:00.000 +0530
XXXX101X1592,5031.0,2026-03-05 10:33:00.000 +0530
XXXX101X1599,4516.0,2026-03-05 10:33:00.000 +0530
XXXX101X1675,4501.0,2026-03-05 10:33:00.000 +0530
XXXX101X1881,2918.0,2026-03-05 10:33:00.000 +0530
XXXX101X2020,3224.0,2026-03-05 10:33:00.000 +0530
XXXX101X2120,4462.0,2026-03-05 10:33:00.000 +0530
XXXX101X2139,5071.0,2026-03-05 10:33:00.000 +0530
XXXX101X2148,3910.0,2026-03-05 10:33:00.000 +0530
XXXX101X2342,5113.0,2026-03-05 10:33:00.000 +0530
XXXX101X2403,5950.0,2026-03-05 10:33:00.000 +0530
XXXX101X2446,5248.0,2026-03-05 10:33:00.000 +0530
XXXX101X2786,3868.0,2026-03-05 10:33:00.000 +0530
XXXX101X3029,3652.0,2026-03-05 10:33:00.000 +0530
XXXX101X3187,3762.0,2026-03-05 10:33:00.000 +0530
XXXX101X3239,3386.0,2026-03-05 10:33:00.000 +0530
XXXX101X3345,3524.0,2026-03-05 10:33:00.000 +0530
XXXX101X3518,3332.0,2026-03-05 10:33:00.000 +0530
XXXX101X3590,2629.0,2026-03-05 10:33:00.000 +0530
XXXX101X3628,4405.0,2026-03-05 10:33:00.000 +0530
XXXX101X3664,4195.0,2026-03-05 10:33:00.000 +0530
XXXX101X4168,4778.0,2026-03-05 10:33:00.000 +0530
XXXX101X4201,4169.0,2026-03-05 10:33:00.000 +0530
XXXX101X4270,4923.0,2026-03-05 10:33:00.000 +0530
XXXX101X4326,2577.0,2026-03-05 10:33:00.000 +0530
XXXX101X4523,4345.0,2026-03-05 10:33:00.000 +0530
XXXX101X4557,5345.0,2026-03-05 10:33:00.000 +0530
XXXX101X4654,5195.0,2026-03-05 10:33:00.000 +0530
XXXX101X5063,3051.0,2026-03-05 10:33:00.000 +0530
XXXX101X5149,3377.0,2026-03-05 10:33:00.000 +0530
XXXX101X5300,6709.0,2026-03-05 10:33:00.000 +0530
XXXX101X5325,3751.0,2026-03-05 10:33:00.000 +0530
XXXX101X5413,5337.0,2026-03-05 10:33:00.000 +0530
XXXX101X5422,4333.0,2026-03-05 10:33:00.000 +0530
XXXX101X5446,6139.0,2026-03-05 10:33:00.000 +0530
XXXX101X5461,2540.0,2026-03-05 10:33:00.000 +0530
XXXX101X5498,8464.0,2026-03-05 10:33:00.000 +0530
XXXX101X5540,4991.0,2026-03-05 10:33:00.000 +0530
XXXX101X5586,4456.0,2026-03-05 10:33:00.000 +0530
XXXX101X5601,4272.0,2026-03-05 10:33:00.000 +0530
XXXX101X5671,5304.0,2026-03-05 10:33:00.000 +0530
XXXX101X5814,5739.0,2026-03-05 10:33:00.000 +0530
XXXX101X5878,3051.0,2026-03-05 10:33:00.000 +0530
XXXX101X5911,6980.0,2026-03-05 10:33:00.000 +0530
XXXX101X6023,4770.0,2026-03-05 10:33:00.000 +0530
XXXX101X6096,3996.0,2026-03-05 10:33:00.000 +0530
XXXX101X6315,4787.0,2026-03-05 10:33:00.000 +0530
XXXX101X6467,3670.0,2026-03-05 10:33:00.000 +0530
XXXX101X6530,5601.0,2026-03-05 10:33:00.000 +0530
XXXX101X6716,3375.0,2026-03-05 10:33:00.000 +0530
XXXX101X6786,3472.0,2026-03-05 10:33:00.000 +0530
XXXX101X6816,2464.0,2026-03-05 10:33:00.000 +0530
XXXX101X6831,6665.0,2026-03-05 10:33:00.000 +0530
XXXX101X7028,7053.0,2026-03-05 10:33:00.000 +0530
XXXX101X7140,3375.0,2026-03-05 10:33:00.000 +0530
XXXX101X7189,4891.0,2026-03-05 10:33:00.000 +0530
XXXX101X7204,4016.0,2026-03-05 10:33:00.000 +0530
XXXX101X7240,4944.0,2026-03-05 10:33:00.000 +0530
XXXX101X7277,3433.0,2026-03-05 10:33:00.000 +0530
XXXX101X7310,3533.0,2026-03-05 10:33:00.000 +0530
XXXX101X7457,4042.0,2026-03-05 10:33:00.000 +0530
XXXX101X7532,5081.0,2026-03-05 10:33:00.000 +0530
XXXX101X7584,3644.0,2026-03-05 10:33:00.000 +0530
XXXX101X7745,4735.0,2026-03-05 10:33:00.000 +0530
XXXX101X7822,3700.0,2026-03-05 10:33:00.000 +0530
XXXX101X8036,4425.0,2026-03-05 10:33:00.000 +0530
XXXX101X8522,4853.0,2026-03-05 10:33:00.000 +0530
XXXX101X8571,4388.0,2026-03-05 10:33:00.000 +0530
XXXX101X8705,5042.0,2026-03-05 10:33:00.000 +0530
XXXX101X8735,5505.0,2026-03-05 10:33:00.000 +0530
XXXX101X9053,4715.0,2026-03-05 10:33:00.000 +0530
XXXX101X9184,5671.0,2026-03-05 10:33:00.000 +0530
XXXX101X9266,3654.0,2026-03-05 10:33:00.000 +0530
XXXX101X9397,6479.0,2026-03-05 10:33:00.000 +0530
XXXX101X9558,4197.0,2026-03-05 10:33:00.000 +0530
XXXX101X9567,3767.0,2026-03-05 10:33:00.000 +0530
XXXX101X9813,3864.0,2026-03-05 10:33:00.000 +0530
XXXX101X9974,3762.0,2026-03-05 10:33:00.000 +0530
XXXX103X0100,3432.0,2026-03-05 10:33:00.000 +0530
XXXX103X0176,4264.0,2026-03-05 10:33:00.000 +0530
XXXX103X0200,4744.0,2026-03-05 10:33:00.000 +0530
XXXX103X0256,3109.0,2026-03-05 10:33:00.000 +0530
XXXX103X0267,5064.0,2026-03-05 10:33:00.000 +0530
XXXX103X0291,5554.0,2026-03-05 10:33:00.000 +0530
XXXX103X0365,4149.0,2026-03-05 10:33:00.000 +0530
XXXX103X0392,3919.0,2026-03-05 10:33:00.000 +0530
XXXX103X0425,4357.0,2026-03-05 10:33:00.000 +0530
XXXX103X0439,2892.0,2026-03-05 10:33:00.000 +0530
XXXX103X0471,4465.0,2026-03-05 10:33:00.000 +0530
XXXX103X0511,3891.0,2026-03-05 10:33:00.000 +0530
XXXX103X0513,3244.0,2026-03-05 10:33:00.000 +0530
XXXX103X0523,5467.0,2026-03-05 10:33:00.000 +0530
XXXX103X0681,5044.0,2026-03-05 10:33:00.000 +0530
XXXX103X0714,5177.0,2026-03-05 10:33:00.000 +0530
XXXX103X0753,3461.0,2026-03-05 10:33:00.000 +0530
XXXX103X0769,4989.0,2026-03-05 10:33:00.000 +0530
XXXX103X0833,3368.0,2026-03-05 10:33:00.000 +0530
XXXX103X0839,5410.0,2026-03-05 10:33:00.000 +0530
XXXX103X0869,4035.0,2026-03-05 10:33:00.000 +0530
XXXX103X0897,3416.0,2026-03-05 10:33:00.000 +0530
XXXX103X0909,3680.0,2026-03-05 10:33:00.000 +0530
XXXX103X0936,3913.0,2026-03-05 10:33:00.000 +0530
XXXX103X0955,3290.0,2026-03-05 10:33:00.000 +0530
XXXX103X1032,2380.0,2026-03-05 10:33:00.000 +0530
XXXX103X1048,3920.0,2026-03-05 10:33:00.000 +0530
XXXX103X1069,4978.0,2026-03-05 10:33:00.000 +0530
XXXX103X1093,4865.0,2026-03-05 10:33:00.000 +0530
XXXX103X1120,3832.0,2026-03-05 10:33:00.000 +0530
XXXX103X1160,5026.0,2026-03-05 10:33:00.000 +0530
XXXX103X1193,4911.0,2026-03-05 10:33:00.000 +0530
XXXX103X1228,5721.0,2026-03-05 10:33:00.000 +0530
XXXX103X1265,3426.0,2026-03-05 10:33:00.000 +0530
XXXX103X1308,3668.0,2026-03-05 10:33:00.000 +0530
XXXX103X1325,3144.0,2026-03-05 10:33:00.000 +0530
XXXX103X1406,3448.0,2026-03-05 10:33:00.000 +0530
XXXX103X1437,9858.0,2026-03-05 10:33:00.000 +0530
XXXX103X1543,5208.0,2026-03-05 10:33:00.000 +0530
XXXX103X1677,5641.0,2026-03-05 10:33:00.000 +0530
XXXX103X1691,4187.0,2026-03-05 10:33:00.000 +0530
XXXX103X1765,3256.0,2026-03-05 10:33:00.000 +0530
XXXX103X1786,4609.0,2026-03-05 10:33:00.000 +0530
XXXX103X1901,3917.0,2026-03-05 10:33:00.000 +0530
XXXX103X1926,3767.0,2026-03-05 10:33:00.000 +0530
XXXX103X1955,4577.0,2026-03-05 10:33:00.000 +0530
XXXX103X2005,3356.0,2026-03-05 10:33:00.000 +0530
XXXX103X2052,3518.0,2026-03-05 10:33:00.000 +0530
XXXX103X2104,4386.0,2026-03-05 10:33:00.000 +0530
XXXX103X2110,3259.0,2026-03-05 10:33:00.000 +0530
XXXX103X2130,3980.0,2026-03-05 10:33:00.000 +0530
XXXX103X2202,4301.0,2026-03-05 10:33:00.000 +0530
XXXX103X2273,3175.0,2026-03-05 10:33:00.000 +0530
XXXX103X2316,4239.0,2026-03-05 10:33:00.000 +0530
XXXX103X2415,4348.0,2026-03-05 10:33:00.000 +0530
XXXX103X2419,3602.0,2026-03-05 10:33:00.000 +0530
XXXX103X2425,4158.0,2026-03-05 10:33:00.000 +0530
XXXX103X2451,3750.0,2026-03-05 10:33:00.000 +0530
XXXX103X2454,4434.0,2026-03-05 10:33:00.000 +0530
XXXX103X2491,5866.0,2026-03-05 10:33:00.000 +0530
XXXX103X2510,3662.0,2026-03-05 10:33:00.000 +0530
XXXX103X2686,4138.0,2026-03-05 10:33:00.000 +0530
XXXX103X2700,4189.0,2026-03-05 10:33:00.000 +0530
XXXX103X2747,3974.0,2026-03-05 10:33:00.000 +0530
XXXX103X2762,3440.0,2026-03-05 10:33:00.000 +0530
XXXX103X2944,3878.0,2026-03-05 10:33:00.000 +0530
XXXX103X2947,5733.0,2026-03-05 10:33:00.000 +0530
XXXX103X3067,3865.0,2026-03-05 10:33:00.000 +0530
XXXX103X3135,3643.0,2026-03-05 10:33:00.000 +0530
XXXX103X3238,4544.0,2026-03-05 10:33:00.000 +0530
XXXX103X3265,2914.0,2026-03-05 10:33:00.000 +0530
XXXX103X3322,4641.0,2026-03-05 10:33:00.000 +0530
XXXX103X3344,3790.0,2026-03-05 10:33:00.000 +0530
XXXX103X3383,3896.0,2026-03-05 10:33:00.000 +0530
XXXX103X3401,4222.0,2026-03-05 10:33:00.000 +0530
XXXX103X3432,3109.0,2026-03-05 10:33:00.000 +0530
XXXX103X3454,4054.0,2026-03-05 10:33:00.000 +0530
XXXX103X3511,4656.0,2026-03-05 10:33:00.000 +0530
XXXX103X3555,4864.0,2026-03-05 10:33:00.000 +0530
XXXX103X3572,3399.0,2026-03-05 10:33:00.000 +0530
XXXX103X3739,3975.0,2026-03-05 10:33:00.000 +0530
XXXX103X3773,4292.0,2026-03-05 10:33:00.000 +0530
XXXX103X3901,4414.0,2026-03-05 10:33:00.000 +0530
XXXX103X3924,2976.0,2026-03-05 10:33:00.000 +0530
XXXX103X3963,4295.0,2026-03-05 10:33:00.000 +0530
XXXX103X4058,6275.0,2026-03-05 10:33:00.000 +0530
XXXX103X4106,3468.0,2026-03-05 10:33:00.000 +0530
XXXX103X4124,5976.0,2026-03-05 10:33:00.000 +0530
XXXX103X4138,4012.0,2026-03-05 10:33:00.000 +0530
XXXX103X4157,4539.0,2026-03-05 10:33:00.000 +0530
XXXX103X4207,3285.0,2026-03-05 10:33:00.000 +0530
XXXX103X4224,4980.0,2026-03-05 10:33:00.000 +0530
XXXX103X4254,3055.0,2026-03-05 10:33:00.000 +0530
XXXX103X4295,5856.0,2026-03-05 10:33:00.000 +0530
XXXX103X4361,2669.0,2026-03-05 10:33:00.000 +0530
XXXX103X4394,5111.0,2026-03-05 10:33:00.000 +0530
XXXX103X4745,4692.0,2026-03-05 10:33:00.000 +0530
XXXX103X4767,5135.0,2026-03-05 10:33:00.000 +0530
XXXX103X4788,4018.0,2026-03-05 10:33:00.000 +0530
XXXX103X4830,4156.0,2026-03-05 10:33:00.000 +0530
XXXX103X4850,3433.0,2026-03-05 10:33:00.000 +0530
XXXX103X4894,4001.0,2026-03-05 10:33:00.000 +0530
XXXX103X4935,4119.0,2026-03-05 10:33:00.000 +0530
XXXX103X4941,4648.0,2026-03-05 10:33:00.000 +0530
XXXX103X5071,3341.0,2026-03-05 10:33:00.000 +0530
XXXX103X5085,3573.0,2026-03-05 10:33:00.000 +0530
XXXX103X5094,5021.0,2026-03-05 10:33:00.000 +0530
XXXX103X5167,4884.0,2026-03-05 10:33:00.000 +0530
XXXX103X5236,3259.0,2026-03-05 10:33:00.000 +0530
XXXX103X5313,4653.0,2026-03-05 10:33:00.000 +0530
XXXX103X5336,4143.0,2026-03-05 10:33:00.000 +0530
XXXX103X5357,5130.0,2026-03-05 10:33:00.000 +0530
XXXX103X5415,4035.0,2026-03-05 10:33:00.000 +0530
XXXX103X5447,4368.0,2026-03-05 10:33:00.000 +0530
XXXX103X5561,3793.0,2026-03-05 10:33:00.000 +0530
XXXX103X5621,5250.0,2026-03-05 10:33:00.000 +0530
XXXX103X5669,5738.0,2026-03-05 10:33:00.000 +0530
XXXX103X5673,4342.0,2026-03-05 10:33:00.000 +0530
XXXX103X5720,3772.0,2026-03-05 10:33:00.000 +0530
XXXX103X5789,5596.0,2026-03-05 10:33:00.000 +0530
XXXX103X5795,3774.0,2026-03-05 10:33:00.000 +0530
XXXX103X5825,3148.0,2026-03-05 10:33:00.000 +0530
XXXX103X5933,4229.0,2026-03-05 10:33:00.000 +0530
XXXX103X5953,3697.0,2026-03-05 10:33:00.000 +0530
XXXX103X5966,3747.0,2026-03-05 10:33:00.000 +0530
XXXX103X5978,5308.0,2026-03-05 10:33:00.000 +0530
XXXX103X5987,3811.0,2026-03-05 10:33:00.000 +0530
XXXX103X6029,5337.0,2026-03-05 10:33:00.000 +0530
XXXX103X6065,3163.0,2026-03-05 10:33:00.000 +0530
XXXX103X6068,3960.0,2026-03-05 10:33:00.000 +0530
XXXX103X6071,5477.0,2026-03-05 10:33:00.000 +0530
XXXX103X6162,3004.0,2026-03-05 10:33:00.000 +0530
XXXX103X6178,4609.0,2026-03-05 10:33:00.000 +0530
XXXX103X6191,4405.0,2026-03-05 10:33:00.000 +0530
XXXX103X6235,3882.0,2026-03-05 10:33:00.000 +0530
XXXX103X6261,7464.0,2026-03-05 10:33:00.000 +0530
XXXX103X6347,6202.0,2026-03-05 10:33:00.000 +0530
XXXX103X6388,4997.0,2026-03-05 10:33:00.000 +0530
XXXX103X6438,5132.0,2026-03-05 10:33:00.000 +0530
XXXX103X6453,3438.0,2026-03-05 10:33:00.000 +0530
XXXX103X6457,4256.0,2026-03-05 10:33:00.000 +0530
XXXX103X6465,6671.0,2026-03-05 10:33:00.000 +0530
XXXX103X6500,3384.0,2026-03-05 10:33:00.000 +0530
XXXX103X6593,4912.0,2026-03-05 10:33:00.000 +0530
XXXX103X6609,4491.0,2026-03-05 10:33:00.000 +0530
XXXX103X6636,4381.0,2026-03-05 10:33:00.000 +0530
XXXX103X6639,4405.0,2026-03-05 10:33:00.000 +0530
XXXX103X6651,4744.0,2026-03-05 10:33:00.000 +0530
XXXX103X6691,4806.0,2026-03-05 10:33:00.000 +0530
XXXX103X6760,3187.0,2026-03-05 10:33:00.000 +0530
XXXX103X6788,5408.0,2026-03-05 10:33:00.000 +0530
XXXX103X6800,3406.0,2026-03-05 10:33:00.000 +0530
XXXX103X6808,4734.0,2026-03-05 10:33:00.000 +0530
XXXX103X6818,5846.0,2026-03-05 10:33:00.000 +0530
XXXX103X6837,4003.0,2026-03-05 10:33:00.000 +0530
XXXX103X6858,3051.0,2026-03-05 10:33:00.000 +0530
XXXX103X6960,2468.0,2026-03-05 10:33:00.000 +0530
XXXX103X6964,3896.0,2026-03-05 10:33:00.000 +0530
XXXX103X7002,4456.0,2026-03-05 10:33:00.000 +0530
XXXX103X7030,4272.0,2026-03-05 10:33:00.000 +0530
XXXX103X7144,2730.0,2026-03-05 10:33:00.000 +0530
XXXX103X7145,3604.0,2026-03-05 10:33:00.000 +0530
XXXX103X7174,2824.0,2026-03-05 10:33:00.000 +0530
XXXX103X7200,2819.0,2026-03-05 10:33:00.000 +0530
XXXX103X7225,3414.0,2026-03-05 10:33:00.000 +0530
XXXX103X7230,2865.0,2026-03-05 10:33:00.000 +0530
XXXX103X7270,2937.0,2026-03-05 10:33:00.000 +0530
XXXX103X7274,4619.0,2026-03-05 10:33:00.000 +0530
XXXX103X7340,3296.0,2026-03-05 10:33:00.000 +0530
XXXX103X7366,5545.0,2026-03-05 10:33:00.000 +0530
XXXX103X7413,2354.0,2026-03-05 10:33:00.000 +0530
XXXX103X7434,4398.0,2026-03-05 10:33:00.000 +0530
XXXX103X7455,3984.0,2026-03-05 10:33:00.000 +0530
XXXX103X7463,2919.0,2026-03-05 10:33:00.000 +0530
XXXX103X7508,3275.0,2026-03-05 10:33:00.000 +0530
XXXX103X7515,5545.0,2026-03-05 10:33:00.000 +0530
XXXX103X7604,4595.0,2026-03-05 10:33:00.000 +0530
XXXX103X7622,4423.0,2026-03-05 10:33:00.000 +0530
XXXX103X7626,4715.0,2026-03-05 10:33:00.000 +0530
XXXX103X7642,3391.0,2026-03-05 10:33:00.000 +0530
XXXX103X7720,3084.0,2026-03-05 10:33:00.000 +0530
XXXX103X7738,4664.0,2026-03-05 10:33:00.000 +0530
XXXX103X7794,4409.0,2026-03-05 10:33:00.000 +0530
XXXX103X7882,2735.0,2026-03-05 10:33:00.000 +0530
XXXX103X7899,5059.0,2026-03-05 10:33:00.000 +0530
XXXX103X7906,4835.0,2026-03-05 10:33:00.000 +0530
XXXX103X7930,5310.0,2026-03-05 10:33:00.000 +0530
XXXX103X7970,4581.0,2026-03-05 10:33:00.000 +0530
XXXX103X7989,4749.0,2026-03-05 10:33:00.000 +0530
XXXX103X8000,2784.0,2026-03-05 10:33:00.000 +0530
XXXX103X8032,4268.0,2026-03-05 10:33:00.000 +0530
XXXX103X8078,4930.0,2026-03-05 10:33:00.000 +0530
XXXX103X8080,6300.0,2026-03-05 10:33:00.000 +0530
XXXX103X8119,3303.0,2026-03-05 10:33:00.000 +0530
XXXX103X8246,6293.0,2026-03-05 10:33:00.000 +0530
XXXX103X8276,5283.0,2026-03-05 10:33:00.000 +0530
XXXX103X8297,2927.0,2026-03-05 10:33:00.000 +0530
XXXX103X8325,5558.0,2026-03-05 10:33:00.000 +0530
XXXX103X8368,10495.0,2026-03-05 10:33:00.000 +0530
XXXX103X8439,4907.0,2026-03-05 10:33:00.000 +0530
XXXX103X8456,4068.0,2026-03-05 10:33:00.000 +0530
XXXX103X8504,3789.0,2026-03-05 10:33:00.000 +0530
XXXX103X8526,3198.0,2026-03-05 10:33:00.000 +0530
XXXX103X8542,4467.0,2026-03-05 10:33:00.000 +0530
XXXX103X8558,4498.0,2026-03-05 10:33:00.000 +0530
XXXX103X8562,4554.0,2026-03-05 10:33:00.000 +0530
XXXX103X8596,3008.0,2026-03-05 10:33:00.000 +0530
XXXX103X8599,4920.0,2026-03-05 10:33:00.000 +0530
XXXX103X8731,3660.0,2026-03-05 10:33:00.000 +0530
XXXX103X8756,3750.0,2026-03-05 10:33:00.000 +0530
XXXX103X8761,3020.0,2026-03-05 10:33:00.000 +0530
XXXX103X8775,3406.0,2026-03-05 10:33:00.000 +0530
XXXX103X8835,5648.0,2026-03-05 10:33:00.000 +0530
XXXX103X8837,3563.0,2026-03-05 10:33:00.000 +0530
XXXX103X8853,3978.0,2026-03-05 10:33:00.000 +0530
XXXX103X8899,4959.0,2026-03-05 10:33:00.000 +0530
XXXX103X8913,4500.0,2026-03-05 10:33:00.000 +0530
XXXX103X8914,3618.0,2026-03-05 10:33:00.000 +0530
XXXX103X8983,13000.0,2026-03-05 10:33:00.000 +0530
XXXX103X9084,3924.0,2026-03-05 10:33:00.000 +0530
XXXX103X9113,7342.0,2026-03-05 10:33:00.000 +0530
XXXX103X9127,3685.0,2026-03-05 10:33:00.000 +0530
XXXX103X9128,2896.0,2026-03-05 10:33:00.000 +0530
XXXX103X9204,4410.0,2026-03-05 10:33:00.000 +0530
XXXX103X9234,4105.0,2026-03-05 10:33:00.000 +0530
XXXX103X9423,3207.0,2026-03-05 10:33:00.000 +0530
XXXX103X9447,5493.0,2026-03-05 10:33:00.000 +0530
XXXX103X9473,5165.0,2026-03-05 10:33:00.000 +0530
XXXX103X9487,4977.0,2026-03-05 10:33:00.000 +0530
XXXX103X9518,4421.0,2026-03-05 10:33:00.000 +0530
XXXX103X9527,3619.0,2026-03-05 10:33:00.000 +0530
XXXX103X9532,3578.0,2026-03-05 10:33:00.000 +0530
XXXX103X9534,3767.0,2026-03-05 10:33:00.000 +0530
XXXX103X9544,5480.0,2026-03-05 10:33:00.000 +0530
XXXX103X9545,3843.0,2026-03-05 10:33:00.000 +0530
XXXX103X9593,6151.0,2026-03-05 10:33:00.000 +0530
XXXX103X9632,3891.0,2026-03-05 10:33:00.000 +0530
XXXX103X9688,3855.0,2026-03-05 10:33:00.000 +0530
XXXX103X9706,2581.0,2026-03-05 10:33:00.000 +0530
XXXX103X9758,4640.0,2026-03-05 10:33:00.000 +0530
XXXX103X9799,5327.0,2026-03-05 10:33:00.000 +0530
XXXX103X9823,3735.0,2026-03-05 10:33:00.000 +0530
XXXX103X9835,4191.0,2026-03-05 10:33:00.000 +0530
XXXX103X9836,3955.0,2026-03-05 10:33:00.000 +0530
XXXX103X9985,4016.0,2026-03-05 10:33:00.000 +0530
XXXX104X0040,4301.0,2026-03-05 10:33:00.000 +0530
XXXX104X0047,4892.0,2026-03-05 10:33:00.000 +0530
XXXX104X0101,2818.0,2026-03-05 10:33:00.000 +0530
XXXX104X0174,2598.0,2026-03-05 10:33:00.000 +0530
XXXX104X0226,4756.0,2026-03-05 10:33:00.000 +0530
XXXX104X0490,3147.0,2026-03-05 10:33:00.000 +0530
XXXX104X0776,5482.0,2026-03-05 10:33:00.000 +0530
XXXX104X0925,3215.0,2026-03-05 10:33:00.000 +0530
XXXX104X1569,3406.0,2026-03-05 10:33:00.000 +0530
XXXX104X1648,6407.0,2026-03-05 10:33:00.000 +0530
XXXX104X2018,3345.0,2026-03-05 10:33:00.000 +0530
XXXX104X2039,3337.0,2026-03-05 10:33:00.000 +0530
XXXX104X2127,4336.0,2026-03-05 10:33:00.000 +0530
XXXX104X2276,2498.0,2026-03-05 10:33:00.000 +0530
XXXX104X2513,4954.0,2026-03-05 10:33:00.000 +0530
XXXX104X2780,3542.0,2026-03-05 10:33:00.000 +0530
XXXX104X2850,3490.0,2026-03-05 10:33:00.000 +0530
XXXX104X3287,3706.0,2026-03-05 10:33:00.000 +0530
XXXX104X3551,3535.0,2026-03-05 10:33:00.000 +0530
XXXX104X3560,3348.0,2026-03-05 10:33:00.000 +0530
XXXX104X3579,3646.0,2026-03-05 10:33:00.000 +0530
XXXX104X3752,5793.0,2026-03-05 10:33:00.000 +0530
XXXX104X3877,3517.0,2026-03-05 10:33:00.000 +0530
XXXX104X3965,4214.0,2026-03-05 10:33:00.000 +0530
XXXX104X4879,4032.0,2026-03-05 10:33:00.000 +0530
XXXX104X5461,4949.0,2026-03-05 10:33:00.000 +0530
XXXX104X5647,2925.0,2026-03-05 10:33:00.000 +0530
XXXX104X5799,4796.0,2026-03-05 10:33:00.000 +0530
XXXX104X5948,4327.0,2026-03-05 10:33:00.000 +0530
XXXX104X6038,4005.0,2026-03-05 10:33:00.000 +0530
XXXX104X6306,2457.0,2026-03-05 10:33:00.000 +0530
XXXX104X6524,2598.0,2026-03-05 10:33:00.000 +0530
XXXX104X6558,4789.0,2026-03-05 10:33:00.000 +0530
XXXX104X6944,4997.0,2026-03-05 10:33:00.000 +0530
XXXX104X6995,4638.0,2026-03-05 10:33:00.000 +0530
XXXX104X7059,5359.0,2026-03-05 10:33:00.000 +0530
XXXX104X7086,3480.0,2026-03-05 10:33:00.000 +0530
XXXX104X7283,3638.0,2026-03-05 10:33:00.000 +0530
XXXX104X7480,3698.0,2026-03-05 10:33:00.000 +0530
XXXX104X7523,3939.0,2026-03-05 10:33:00.000 +0530
XXXX104X7532,4988.0,2026-03-05 10:33:00.000 +0530
XXXX104X7690,2604.0,2026-03-05 10:33:00.000 +0530
XXXX104X7894,5231.0,2026-03-05 10:33:00.000 +0530
XXXX104X7937,5078.0,2026-03-05 10:33:00.000 +0530
XXXX104X7964,3814.0,2026-03-05 10:33:00.000 +0530
XXXX104X8334,4923.0,2026-03-05 10:33:00.000 +0530
XXXX104X8705,5645.0,2026-03-05 10:33:00.000 +0530
XXXX104X8909,4379.0,2026-03-05 10:33:00.000 +0530
XXXX104X9050,3141.0,2026-03-05 10:33:00.000 +0530
XXXX104X9707,3441.0,2026-03-05 10:33:00.000 +0530
XXXX104X9789,3700.0,2026-03-05 10:33:00.000 +0530
XXXX104X9801,4671.0,2026-03-05 10:33:00.000 +0530
XXXX104X9962,4181.0,2026-03-05 10:33:00.000 +0530
XXXX105X0083,3391.0,2026-03-05 10:33:00.000 +0530
XXXX105X0136,7146.0,2026-03-05 10:33:00.000 +0530
XXXX105X0238,4406.0,2026-03-05 10:33:00.000 +0530
XXXX105X0251,5050.0,2026-03-05 10:33:00.000 +0530
XXXX105X0269,3365.0,2026-03-05 10:33:00.000 +0530
XXXX105X0282,3135.0,2026-03-05 10:33:00.000 +0530
XXXX105X0328,2824.0,2026-03-05 10:33:00.000 +0530
XXXX105X0356,5203.0,2026-03-05 10:33:00.000 +0530
XXXX105X0372,3204.0,2026-03-05 10:33:00.000 +0530
XXXX105X0394,2834.0,2026-03-05 10:33:00.000 +0530
XXXX105X0405,3409.0,2026-03-05 10:33:00.000 +0530
XXXX105X0418,3258.0,2026-03-05 10:33:00.000 +0530
XXXX105X0478,4861.0,2026-03-05 10:33:00.000 +0530
XXXX105X0584,3650.0,2026-03-05 10:33:00.000 +0530
XXXX105X0671,3778.0,2026-03-05 10:33:00.000 +0530
XXXX105X0674,4907.0,2026-03-05 10:33:00.000 +0530
XXXX105X0690,3776.0,2026-03-05 10:33:00.000 +0530
XXXX105X0714,3544.0,2026-03-05 10:33:00.000 +0530
XXXX105X0719,2962.0,2026-03-05 10:33:00.000 +0530
XXXX105X0744,7554.0,2026-03-05 10:33:00.000 +0530
XXXX105X0783,8224.0,2026-03-05 10:33:00.000 +0530
XXXX105X0909,4063.0,2026-03-05 10:33:00.000 +0530
XXXX105X0921,5430.0,2026-03-05 10:33:00.000 +0530
XXXX105X0927,3699.0,2026-03-05 10:33:00.000 +0530
XXXX105X0976,6243.0,2026-03-05 10:33:00.000 +0530
XXXX105X1005,4236.0,2026-03-05 10:33:00.000 +0530
XXXX105X1096,6082.0,2026-03-05 10:33:00.000 +0530
XXXX105X1097,3944.0,2026-03-05 10:33:00.000 +0530
XXXX105X1098,3424.0,2026-03-05 10:33:00.000 +0530
XXXX105X1103,3296.0,2026-03-05 10:33:00.000 +0530
XXXX105X1114,2931.0,2026-03-05 10:33:00.000 +0530
XXXX105X1185,5710.0,2026-03-05 10:33:00.000 +0530
XXXX105X1212,3992.0,2026-03-05 10:33:00.000 +0530
XXXX105X1259,4108.0,2026-03-05 10:33:00.000 +0530
XXXX105X1265,3829.0,2026-03-05 10:33:00.000 +0530
XXXX105X1273,4473.0,2026-03-05 10:33:00.000 +0530
XXXX105X1276,5033.0,2026-03-05 10:33:00.000 +0530
XXXX105X1286,3300.0,2026-03-05 10:33:00.000 +0530
XXXX105X1315,4416.0,2026-03-05 10:33:00.000 +0530
XXXX105X1329,3241.0,2026-03-05 10:33:00.000 +0530
XXXX105X1362,5441.0,2026-03-05 10:33:00.000 +0530
XXXX105X1366,2331.0,2026-03-05 10:33:00.000 +0530
XXXX105X1395,4476.0,2026-03-05 10:33:00.000 +0530
XXXX105X1526,4363.0,2026-03-05 10:33:00.000 +0530
XXXX105X1546,3988.0,2026-03-05 10:33:00.000 +0530
XXXX105X1563,4049.0,2026-03-05 10:33:00.000 +0530
XXXX105X1606,3471.0,2026-03-05 10:33:00.000 +0530
XXXX105X1614,4461.0,2026-03-05 10:33:00.000 +0530
XXXX105X1662,2975.0,2026-03-05 10:33:00.000 +0530
XXXX105X1667,2758.0,2026-03-05 10:33:00.000 +0530
XXXX105X1672,3242.0,2026-03-05 10:33:00.000 +0530
XXXX105X1686,3193.0,2026-03-05 10:33:00.000 +0530
XXXX105X1691,4161.0,2026-03-05 10:33:00.000 +0530
XXXX105X1725,3406.0,2026-03-05 10:33:00.000 +0530
XXXX105X1799,4067.0,2026-03-05 10:33:00.000 +0530
XXXX105X1836,3403.0,2026-03-05 10:33:00.000 +0530
XXXX105X1841,4162.0,2026-03-05 10:33:00.000 +0530
XXXX105X1847,3424.0,2026-03-05 10:33:00.000 +0530
XXXX105X1850,3120.0,2026-03-05 10:33:00.000 +0530
XXXX105X1854,3721.0,2026-03-05 10:33:00.000 +0530
XXXX105X1907,3596.0,2026-03-05 10:33:00.000 +0530
XXXX105X1908,5236.0,2026-03-05 10:33:00.000 +0530
XXXX105X1948,2487.0,2026-03-05 10:33:00.000 +0530
XXXX105X1962,3433.0,2026-03-05 10:33:00.000 +0530
XXXX105X2022,3179.0,2026-03-05 10:33:00.000 +0530
XXXX105X2045,3744.0,2026-03-05 10:33:00.000 +0530
XXXX105X2053,4301.0,2026-03-05 10:33:00.000 +0530
XXXX105X2088,3248.0,2026-03-05 10:33:00.000 +0530
XXXX105X2097,4243.0,2026-03-05 10:33:00.000 +0530
XXXX105X2170,4553.0,2026-03-05 10:33:00.000 +0530
XXXX105X2245,3616.0,2026-03-05 10:33:00.000 +0530
XXXX105X2260,4676.0,2026-03-05 10:33:00.000 +0530
XXXX105X2261,4363.0,2026-03-05 10:33:00.000 +0530
XXXX105X2270,3952.0,2026-03-05 10:33:00.000 +0530
XXXX105X2289,4007.0,2026-03-05 10:33:00.000 +0530
XXXX105X2295,4943.0,2026-03-05 10:33:00.000 +0530
XXXX105X2324,5195.0,2026-03-05 10:33:00.000 +0530
XXXX105X2346,4551.0,2026-03-05 10:33:00.000 +0530
XXXX105X2364,3295.0,2026-03-05 10:33:00.000 +0530
XXXX105X2441,6799.0,2026-03-05 10:33:00.000 +0530
XXXX105X2456,2880.0,2026-03-05 10:33:00.000 +0530
XXXX105X2478,3835.0,2026-03-05 10:33:00.000 +0530
XXXX105X2496,3573.0,2026-03-05 10:33:00.000 +0530
XXXX105X2503,3002.0,2026-03-05 10:33:00.000 +0530
XXXX105X2512,3666.0,2026-03-05 10:33:00.000 +0530
XXXX105X2538,5000.0,2026-03-05 10:33:00.000 +0530
XXXX105X2541,3128.0,2026-03-05 10:33:00.000 +0530
XXXX105X2577,4600.0,2026-03-05 10:33:00.000 +0530
XXXX105X2598,4489.0,2026-03-05 10:33:00.000 +0530
XXXX105X2611,3376.0,2026-03-05 10:33:00.000 +0530
XXXX105X2613,3664.0,2026-03-05 10:33:00.000 +0530
XXXX105X2652,5436.0,2026-03-05 10:33:00.000 +0530
XXXX105X2659,7568.0,2026-03-05 10:33:00.000 +0530
XXXX105X2689,5011.0,2026-03-05 10:33:00.000 +0530
XXXX105X2724,3990.0,2026-03-05 10:33:00.000 +0530
XXXX105X2758,4710.0,2026-03-05 10:33:00.000 +0530
XXXX105X2805,4327.0,2026-03-05 10:33:00.000 +0530
XXXX105X2845,4869.0,2026-03-05 10:33:00.000 +0530
XXXX105X2851,4143.0,2026-03-05 10:33:00.000 +0530
XXXX105X2865,4937.0,2026-03-05 10:33:00.000 +0530
XXXX105X2910,4819.0,2026-03-05 10:33:00.000 +0530
XXXX105X2937,4383.0,2026-03-05 10:33:00.000 +0530
XXXX105X2945,2993.0,2026-03-05 10:33:00.000 +0530
XXXX105X2954,4764.0,2026-03-05 10:33:00.000 +0530
XXXX105X2998,4348.0,2026-03-05 10:33:00.000 +0530
XXXX105X3003,2977.0,2026-03-05 10:33:00.000 +0530
XXXX105X3021,2899.0,2026-03-05 10:33:00.000 +0530
XXXX105X3052,4141.0,2026-03-05 10:33:00.000 +0530
XXXX105X3074,3974.0,2026-03-05 10:33:00.000 +0530
XXXX105X3094,3712.0,2026-03-05 10:33:00.000 +0530
XXXX105X3098,3662.0,2026-03-05 10:33:00.000 +0530
XXXX105X3136,2956.0,2026-03-05 10:33:00.000 +0530
XXXX105X3140,3556.0,2026-03-05 10:33:00.000 +0530
XXXX105X3247,5284.0,2026-03-05 10:33:00.000 +0530
XXXX105X3296,4451.0,2026-03-05 10:33:00.000 +0530
XXXX105X3309,3494.0,2026-03-05 10:33:00.000 +0530
XXXX105X3366,4132.0,2026-03-05 10:33:00.000 +0530
XXXX105X3395,3288.0,2026-03-05 10:33:00.000 +0530
XXXX105X3423,3259.0,2026-03-05 10:33:00.000 +0530
XXXX105X3447,2172.0,2026-03-05 10:33:00.000 +0530
XXXX105X3469,4828.0,2026-03-05 10:33:00.000 +0530
XXXX105X3484,3201.0,2026-03-05 10:33:00.000 +0530
XXXX105X3506,6414.0,2026-03-05 10:33:00.000 +0530
XXXX105X3538,3247.0,2026-03-05 10:33:00.000 +0530
XXXX105X3562,3575.0,2026-03-05 10:33:00.000 +0530
XXXX105X3574,3155.0,2026-03-05 10:33:00.000 +0530
XXXX105X3583,5132.0,2026-03-05 10:33:00.000 +0530
XXXX105X3588,4024.0,2026-03-05 10:33:00.000 +0530
XXXX105X3619,4702.0,2026-03-05 10:33:00.000 +0530
XXXX105X3634,3897.0,2026-03-05 10:33:00.000 +0530
XXXX105X3644,4029.0,2026-03-05 10:33:00.000 +0530
XXXX105X3695,3511.0,2026-03-05 10:33:00.000 +0530
XXXX105X3705,5494.0,2026-03-05 10:33:00.000 +0530
XXXX105X3722,3731.0,2026-03-05 10:33:00.000 +0530
XXXX105X3767,3161.0,2026-03-05 10:33:00.000 +0530
XXXX105X3778,6996.0,2026-03-05 10:33:00.000 +0530
XXXX105X3796,3521.0,2026-03-05 10:33:00.000 +0530
XXXX105X3828,3593.0,2026-03-05 10:33:00.000 +0530
XXXX105X3891,3048.0,2026-03-05 10:33:00.000 +0530
XXXX105X3939,2583.0,2026-03-05 10:33:00.000 +0530
XXXX105X3956,5441.0,2026-03-05 10:33:00.000 +0530
XXXX105X3961,3809.0,2026-03-05 10:33:00.000 +0530
XXXX105X3972,6192.0,2026-03-05 10:33:00.000 +0530
XXXX105X4012,4224.0,2026-03-05 10:33:00.000 +0530
XXXX105X4042,3856.0,2026-03-05 10:33:00.000 +0530
XXXX105X4047,4891.0,2026-03-05 10:33:00.000 +0530
XXXX105X4053,8203.0,2026-03-05 10:33:00.000 +0530
XXXX105X4076,4440.0,2026-03-05 10:33:00.000 +0530
XXXX105X4079,3561.0,2026-03-05 10:33:00.000 +0530
XXXX105X4084,3730.0,2026-03-05 10:33:00.000 +0530
XXXX105X4107,2273.0,2026-03-05 10:33:00.000 +0530
XXXX105X4120,4017.0,2026-03-05 10:33:00.000 +0530
XXXX105X4170,4757.0,2026-03-05 10:33:00.000 +0530
XXXX105X4192,4156.0,2026-03-05 10:33:00.000 +0530
XXXX105X4228,4474.0,2026-03-05 10:33:00.000 +0530
XXXX105X4248,3948.0,2026-03-05 10:33:00.000 +0530
XXXX105X4263,3261.0,2026-03-05 10:33:00.000 +0530
XXXX105X4268,2912.0,2026-03-05 10:33:00.000 +0530
XXXX105X4277,3646.0,2026-03-05 10:33:00.000 +0530
XXXX105X4281,4290.0,2026-03-05 10:33:00.000 +0530
XXXX105X4298,3611.0,2026-03-05 10:33:00.000 +0530
XXXX105X4338,3066.0,2026-03-05 10:33:00.000 +0530
XXXX105X4351,4460.0,2026-03-05 10:33:00.000 +0530
XXXX105X4353,3549.0,2026-03-05 10:33:00.000 +0530
XXXX105X4362,3369.0,2026-03-05 10:33:00.000 +0530
XXXX105X4368,3401.0,2026-03-05 10:33:00.000 +0530
XXXX105X4374,7306.0,2026-03-05 10:33:00.000 +0530
XXXX105X4423,3217.0,2026-03-05 10:33:00.000 +0530
XXXX105X4449,5363.0,2026-03-05 10:33:00.000 +0530
XXXX105X4456,3277.0,2026-03-05 10:33:00.000 +0530
XXXX105X4565,3668.0,2026-03-05 10:33:00.000 +0530
XXXX105X4572,3966.0,2026-03-05 10:33:00.000 +0530
XXXX105X4624,3363.0,2026-03-05 10:33:00.000 +0530
XXXX105X4666,2619.0,2026-03-05 10:33:00.000 +0530
XXXX105X4686,3178.0,2026-03-05 10:33:00.000 +0530
XXXX105X4689,3985.0,2026-03-05 10:33:00.000 +0530
XXXX105X4693,3273.0,2026-03-05 10:33:00.000 +0530
XXXX105X4699,3051.0,2026-03-05 10:33:00.000 +0530
XXXX105X4734,3353.0,2026-03-05 10:33:00.000 +0530
XXXX105X4741,3840.0,2026-03-05 10:33:00.000 +0530
XXXX105X4743,3631.0,2026-03-05 10:33:00.000 +0530
XXXX105X4778,2975.0,2026-03-05 10:33:00.000 +0530
XXXX105X4781,3527.0,2026-03-05 10:33:00.000 +0530
XXXX105X4798,2651.0,2026-03-05 10:33:00.000 +0530
XXXX105X4816,3981.0,2026-03-05 10:33:00.000 +0530
XXXX105X4877,5248.0,2026-03-05 10:33:00.000 +0530
XXXX105X4979,3010.0,2026-03-05 10:33:00.000 +0530
XXXX105X4986,4094.0,2026-03-05 10:33:00.000 +0530
XXXX105X5001,4314.0,2026-03-05 10:33:00.000 +0530
XXXX105X5064,5625.0,2026-03-05 10:33:00.000 +0530
XXXX105X5078,3982.0,2026-03-05 10:33:00.000 +0530
XXXX105X5086,3405.0,2026-03-05 10:33:00.000 +0530
XXXX105X5092,5451.0,2026-03-05 10:33:00.000 +0530
XXXX105X5116,4573.0,2026-03-05 10:33:00.000 +0530
XXXX105X5133,4551.0,2026-03-05 10:33:00.000 +0530
XXXX105X5211,3209.0,2026-03-05 10:33:00.000 +0530
XXXX105X5331,3904.0,2026-03-05 10:33:00.000 +0530
XXXX105X5351,4196.0,2026-03-05 10:33:00.000 +0530
XXXX105X5363,3887.0,2026-03-05 10:33:00.000 +0530
XXXX105X5368,5286.0,2026-03-05 10:33:00.000 +0530
XXXX105X5375,5804.0,2026-03-05 10:33:00.000 +0530
XXXX105X5403,5231.0,2026-03-05 10:33:00.000 +0530
XXXX105X5424,3557.0,2026-03-05 10:33:00.000 +0530
XXXX105X5459,3236.0,2026-03-05 10:33:00.000 +0530
XXXX105X5464,2895.0,2026-03-05 10:33:00.000 +0530
XXXX105X5475,2617.0,2026-03-05 10:33:00.000 +0530
XXXX105X5494,2784.0,2026-03-05 10:33:00.000 +0530
XXXX105X5497,3433.0,2026-03-05 10:33:00.000 +0530
XXXX105X5505,3544.0,2026-03-05 10:33:00.000 +0530
XXXX105X5592,3275.0,2026-03-05 10:33:00.000 +0530
XXXX105X5653,6324.0,2026-03-05 10:33:00.000 +0530
XXXX105X5658,9072.0,2026-03-05 10:33:00.000 +0530
XXXX105X5705,3991.0,2026-03-05 10:33:00.000 +0530
XXXX105X5741,7192.0,2026-03-05 10:33:00.000 +0530
XXXX105X5790,4436.0,2026-03-05 10:33:00.000 +0530
XXXX105X5805,4457.0,2026-03-05 10:33:00.000 +0530
XXXX105X5818,4081.0,2026-03-05 10:33:00.000 +0530
XXXX105X5824,4472.0,2026-03-05 10:33:00.000 +0530
XXXX105X5852,5078.0,2026-03-05 10:33:00.000 +0530
XXXX105X5855,3082.0,2026-03-05 10:33:00.000 +0530
XXXX105X5890,2956.0,2026-03-05 10:33:00.000 +0530
XXXX105X5891,3062.0,2026-03-05 10:33:00.000 +0530
XXXX105X5907,5592.0,2026-03-05 10:33:00.000 +0530
XXXX105X5952,4813.0,2026-03-05 10:33:00.000 +0530
XXXX105X5971,2518.0,2026-03-05 10:33:00.000 +0530
XXXX105X6032,4063.0,2026-03-05 10:33:00.000 +0530
XXXX105X6034,4043.0,2026-03-05 10:33:00.000 +0530
XXXX105X6041,3454.0,2026-03-05 10:33:00.000 +0530
XXXX105X6077,3509.0,2026-03-05 10:33:00.000 +0530
XXXX105X6225,4758.0,2026-03-05 10:33:00.000 +0530
XXXX105X6283,4161.0,2026-03-05 10:33:00.000 +0530
XXXX105X6296,3471.0,2026-03-05 10:33:00.000 +0530
XXXX105X6338,3899.0,2026-03-05 10:33:00.000 +0530
XXXX105X6363,7947.0,2026-03-05 10:33:00.000 +0530
XXXX105X6374,5877.0,2026-03-05 10:33:00.000 +0530
XXXX105X6386,3420.0,2026-03-05 10:33:00.000 +0530
XXXX105X6401,3394.0,2026-03-05 10:33:00.000 +0530
XXXX105X6428,2711.0,2026-03-05 10:33:00.000 +0530
XXXX105X6442,3591.0,2026-03-05 10:33:00.000 +0530
XXXX105X6579,4405.0,2026-03-05 10:33:00.000 +0530
XXXX105X6593,5557.0,2026-03-05 10:33:00.000 +0530
XXXX105X6594,5117.0,2026-03-05 10:33:00.000 +0530
XXXX105X6599,3209.0,2026-03-05 10:33:00.000 +0530
XXXX105X6612,5757.0,2026-03-05 10:33:00.000 +0530
XXXX105X6622,7389.0,2026-03-05 10:33:00.000 +0530
XXXX105X6713,5337.0,2026-03-05 10:33:00.000 +0530
XXXX105X6782,3452.0,2026-03-05 10:33:00.000 +0530
XXXX105X6785,3949.0,2026-03-05 10:33:00.000 +0530
XXXX105X6835,3090.0,2026-03-05 10:33:00.000 +0530
XXXX105X6853,3746.0,2026-03-05 10:33:00.000 +0530
XXXX105X6890,3624.0,2026-03-05 10:33:00.000 +0530
XXXX105X6901,3839.0,2026-03-05 10:33:00.000 +0530
XXXX105X6917,5302.0,2026-03-05 10:33:00.000 +0530
XXXX105X6964,5389.0,2026-03-05 10:33:00.000 +0530
XXXX105X6981,3835.0,2026-03-05 10:33:00.000 +0530
XXXX105X6988,3493.0,2026-03-05 10:33:00.000 +0530
XXXX105X6990,3840.0,2026-03-05 10:33:00.000 +0530
XXXX105X6995,3725.0,2026-03-05 10:33:00.000 +0530
XXXX105X7004,3097.0,2026-03-05 10:33:00.000 +0530
XXXX105X7017,4824.0,2026-03-05 10:33:00.000 +0530
XXXX105X7065,2977.0,2026-03-05 10:33:00.000 +0530
XXXX105X7087,2861.0,2026-03-05 10:33:00.000 +0530
XXXX105X7095,2018.0,2026-03-05 10:33:00.000 +0530
XXXX105X7123,3855.0,2026-03-05 10:33:00.000 +0530
XXXX105X7133,3638.0,2026-03-05 10:33:00.000 +0530
XXXX105X7136,3356.0,2026-03-05 10:33:00.000 +0530
XXXX105X7137,3031.0,2026-03-05 10:33:00.000 +0530
XXXX105X7142,5711.0,2026-03-05 10:33:00.000 +0530
XXXX105X7156,3550.0,2026-03-05 10:33:00.000 +0530
XXXX105X7157,5184.0,2026-03-05 10:33:00.000 +0530
XXXX105X7166,7134.0,2026-03-05 10:33:00.000 +0530
XXXX105X7183,4844.0,2026-03-05 10:33:00.000 +0530
XXXX105X7199,5420.0,2026-03-05 10:33:00.000 +0530
XXXX105X7267,3051.0,2026-03-05 10:33:00.000 +0530
XXXX105X7347,3266.0,2026-03-05 10:33:00.000 +0530
XXXX105X7378,2689.0,2026-03-05 10:33:00.000 +0530
XXXX105X7400,3128.0,2026-03-05 10:33:00.000 +0530
XXXX105X7414,5795.0,2026-03-05 10:33:00.000 +0530
XXXX105X7420,4367.0,2026-03-05 10:33:00.000 +0530
XXXX105X7436,3345.0,2026-03-05 10:33:00.000 +0530
XXXX105X7467,3997.0,2026-03-05 10:33:00.000 +0530
XXXX105X7492,3366.0,2026-03-05 10:33:00.000 +0530
XXXX105X7592,3375.0,2026-03-05 10:33:00.000 +0530
XXXX105X7677,2598.0,2026-03-05 10:33:00.000 +0530
XXXX105X7729,3239.0,2026-03-05 10:33:00.000 +0530
XXXX105X7749,3240.0,2026-03-05 10:33:00.000 +0530
XXXX105X7791,3093.0,2026-03-05 10:33:00.000 +0530
XXXX105X7804,3490.0,2026-03-05 10:33:00.000 +0530
XXXX105X7806,5557.0,2026-03-05 10:33:00.000 +0530
XXXX105X7851,4477.0,2026-03-05 10:33:00.000 +0530
XXXX105X7932,3377.0,2026-03-05 10:33:00.000 +0530
XXXX105X7939,3315.0,2026-03-05 10:33:00.000 +0530
XXXX105X7940,6268.0,2026-03-05 10:33:00.000 +0530
XXXX105X7951,4599.0,2026-03-05 10:33:00.000 +0530
XXXX105X7960,3472.0,2026-03-05 10:33:00.000 +0530
XXXX105X7999,3982.0,2026-03-05 10:33:00.000 +0530
XXXX105X8000,3700.0,2026-03-05 10:33:00.000 +0530
XXXX105X8018,3225.0,2026-03-05 10:33:00.000 +0530
XXXX105X8053,3498.0,2026-03-05 10:33:00.000 +0530
XXXX105X8054,2615.0,2026-03-05 10:33:00.000 +0530
XXXX105X8111,4405.0,2026-03-05 10:33:00.000 +0530
XXXX105X8133,3082.0,2026-03-05 10:33:00.000 +0530
XXXX105X8150,3691.0,2026-03-05 10:33:00.000 +0530
XXXX105X8187,3395.0,2026-03-05 10:33:00.000 +0530
XXXX105X8203,3974.0,2026-03-05 10:33:00.000 +0530
XXXX105X8211,4456.0,2026-03-05 10:33:00.000 +0530
XXXX105X8222,3457.0,2026-03-05 10:33:00.000 +0530
XXXX105X8274,4031.0,2026-03-05 10:33:00.000 +0530
XXXX105X8288,3607.0,2026-03-05 10:33:00.000 +0530
XXXX105X8326,3835.0,2026-03-05 10:33:00.000 +0530
XXXX105X8334,4274.0,2026-03-05 10:33:00.000 +0530
XXXX105X8355,2587.0,2026-03-05 10:33:00.000 +0530
XXXX105X8363,3294.0,2026-03-05 10:33:00.000 +0530
XXXX105X8370,3758.0,2026-03-05 10:33:00.000 +0530
XXXX105X8386,3619.0,2026-03-05 10:33:00.000 +0530
XXXX105X8469,5959.0,2026-03-05 10:33:00.000 +0530
XXXX105X8474,4640.0,2026-03-05 10:33:00.000 +0530
XXXX105X8480,3480.0,2026-03-05 10:33:00.000 +0530
XXXX105X8510,3753.0,2026-03-05 10:33:00.000 +0530
XXXX105X8512,4493.0,2026-03-05 10:33:00.000 +0530
XXXX105X8527,4987.0,2026-03-05 10:33:00.000 +0530
XXXX105X8534,4067.0,2026-03-05 10:33:00.000 +0530
XXXX105X8537,5550.0,2026-03-05 10:33:00.000 +0530
XXXX105X8540,3788.0,2026-03-05 10:33:00.000 +0530
XXXX105X8544,4330.0,2026-03-05 10:33:00.000 +0530
XXXX105X8545,4456.0,2026-03-05 10:33:00.000 +0530
XXXX105X8549,3197.0,2026-03-05 10:33:00.000 +0530
XXXX105X8558,3383.0,2026-03-05 10:33:00.000 +0530
XXXX105X8560,3643.0,2026-03-05 10:33:00.000 +0530
XXXX105X8578,3577.0,2026-03-05 10:33:00.000 +0530
XXXX105X8594,3271.0,2026-03-05 10:33:00.000 +0530
XXXX105X8627,3311.0,2026-03-05 10:33:00.000 +0530
XXXX105X8640,7916.0,2026-03-05 10:33:00.000 +0530
XXXX105X8776,3320.0,2026-03-05 10:33:00.000 +0530
XXXX105X8825,3386.0,2026-03-05 10:33:00.000 +0530
XXXX105X8839,3366.0,2026-03-05 10:33:00.000 +0530
XXXX105X8846,3345.0,2026-03-05 10:33:00.000 +0530
XXXX105X8857,3228.0,2026-03-05 10:33:00.000 +0530
XXXX105X8862,4534.0,2026-03-05 10:33:00.000 +0530
XXXX105X8876,2884.0,2026-03-05 10:33:00.000 +0530
XXXX105X8893,3341.0,2026-03-05 10:33:00.000 +0530
XXXX105X8897,3875.0,2026-03-05 10:33:00.000 +0530
XXXX105X8962,5204.0,2026-03-05 10:33:00.000 +0530
XXXX105X8987,6764.0,2026-03-05 10:33:00.000 +0530
XXXX105X9056,5578.0,2026-03-05 10:33:00.000 +0530
XXXX105X9107,3002.0,2026-03-05 10:33:00.000 +0530
XXXX105X9170,3070.0,2026-03-05 10:33:00.000 +0530
XXXX105X9229,4126.0,2026-03-05 10:33:00.000 +0530
XXXX105X9234,4037.0,2026-03-05 10:33:00.000 +0530
XXXX105X9259,3254.0,2026-03-05 10:33:00.000 +0530
XXXX105X9290,5323.0,2026-03-05 10:33:00.000 +0530
XXXX105X9313,3511.0,2026-03-05 10:33:00.000 +0530
XXXX105X9328,4761.0,2026-03-05 10:33:00.000 +0530
XXXX105X9335,3738.0,2026-03-05 10:33:00.000 +0530
XXXX105X9510,2991.0,2026-03-05 10:33:00.000 +0530
XXXX105X9535,3416.0,2026-03-05 10:33:00.000 +0530
XXXX105X9618,2972.0,2026-03-05 10:33:00.000 +0530
XXXX105X9638,5809.0,2026-03-05 10:33:00.000 +0530
XXXX105X9655,3657.0,2026-03-05 10:33:00.000 +0530
XXXX105X9657,3198.0,2026-03-05 10:33:00.000 +0530
XXXX105X9753,3004.0,2026-03-05 10:33:00.000 +0530
XXXX105X9781,2728.0,2026-03-05 10:33:00.000 +0530
XXXX105X9790,3004.0,2026-03-05 10:33:00.000 +0530
XXXX105X9852,3507.0,2026-03-05 10:33:00.000 +0530
XXXX105X9902,3872.0,2026-03-05 10:33:00.000 +0530
XXXX106X0003,3280.0,2026-03-05 10:33:00.000 +0530
XXXX106X0019,2955.0,2026-03-05 10:33:00.000 +0530
XXXX106X0046,5581.0,2026-03-05 10:33:00.000 +0530
XXXX106X0060,3307.0,2026-03-05 10:33:00.000 +0530
XXXX106X0154,5699.0,2026-03-05 10:33:00.000 +0530
XXXX106X0160,4737.0,2026-03-05 10:33:00.000 +0530
XXXX106X0242,4414.0,2026-03-05 10:33:00.000 +0530
XXXX106X0289,3550.0,2026-03-05 10:33:00.000 +0530
XXXX106X0538,2878.0,2026-03-05 10:33:00.000 +0530
XXXX106X0540,3075.0,2026-03-05 10:33:00.000 +0530
XXXX106X0686,3382.0,2026-03-05 10:33:00.000 +0530
XXXX106X0754,3992.0,2026-03-05 10:33:00.000 +0530
XXXX106X0802,3010.0,2026-03-05 10:33:00.000 +0530
XXXX106X0845,3198.0,2026-03-05 10:33:00.000 +0530
XXXX106X0848,3349.0,2026-03-05 10:33:00.000 +0530
XXXX106X0869,3128.0,2026-03-05 10:33:00.000 +0530
XXXX106X0881,3755.0,2026-03-05 10:33:00.000 +0530
XXXX106X0909,3240.0,2026-03-05 10:33:00.000 +0530
XXXX106X0921,2919.0,2026-03-05 10:33:00.000 +0530
XXXX106X0932,3658.0,2026-03-05 10:33:00.000 +0530
XXXX106X0951,2877.0,2026-03-05 10:33:00.000 +0530
XXXX106X0957,3429.0,2026-03-05 10:33:00.000 +0530
XXXX106X0987,4260.0,2026-03-05 10:33:00.000 +0530
XXXX106X0988,3567.0,2026-03-05 10:33:00.000 +0530
XXXX106X1014,2838.0,2026-03-05 10:33:00.000 +0530
XXXX106X1066,3929.0,2026-03-05 10:33:00.000 +0530
XXXX106X1080,4773.0,2026-03-05 10:33:00.000 +0530
XXXX106X1132,4897.0,2026-03-05 10:33:00.000 +0530
XXXX106X1150,3491.0,2026-03-05 10:33:00.000 +0530
XXXX106X1327,3683.0,2026-03-05 10:33:00.000 +0530
XXXX106X1342,2525.0,2026-03-05 10:33:00.000 +0530
XXXX106X1363,3384.0,2026-03-05 10:33:00.000 +0530
XXXX106X1367,3550.0,2026-03-05 10:33:00.000 +0530
XXXX106X1393,3025.0,2026-03-05 10:33:00.000 +0530
XXXX106X1407,3112.0,2026-03-05 10:33:00.000 +0530
XXXX106X1488,3280.0,2026-03-05 10:33:00.000 +0530
XXXX106X1489,6752.0,2026-03-05 10:33:00.000 +0530
XXXX106X1503,5120.0,2026-03-05 10:33:00.000 +0530
XXXX106X1531,5048.0,2026-03-05 10:33:00.000 +0530
XXXX106X1567,3235.0,2026-03-05 10:33:00.000 +0530
XXXX106X1628,4101.0,2026-03-05 10:33:00.000 +0530
XXXX106X1634,3861.0,2026-03-05 10:33:00.000 +0530
XXXX106X1667,4109.0,2026-03-05 10:33:00.000 +0530
XXXX106X1676,3998.0,2026-03-05 10:33:00.000 +0530
XXXX106X1698,3579.0,2026-03-05 10:33:00.000 +0530
XXXX106X1770,3379.0,2026-03-05 10:33:00.000 +0530
XXXX106X1789,3762.0,2026-03-05 10:33:00.000 +0530
XXXX106X1850,3420.0,2026-03-05 10:33:00.000 +0530
XXXX106X2071,4578.0,2026-03-05 10:33:00.000 +0530
XXXX106X2101,3547.0,2026-03-05 10:33:00.000 +0530
XXXX106X2168,4700.0,2026-03-05 10:33:00.000 +0530
XXXX106X2178,3013.0,2026-03-05 10:33:00.000 +0530
XXXX106X2183,4895.0,2026-03-05 10:33:00.000 +0530
XXXX106X2238,4672.0,2026-03-05 10:33:00.000 +0530
XXXX106X2262,2881.0,2026-03-05 10:33:00.000 +0530
XXXX106X2280,7521.0,2026-03-05 10:33:00.000 +0530
XXXX106X2284,4034.0,2026-03-05 10:33:00.000 +0530
XXXX106X2292,4004.0,2026-03-05 10:33:00.000 +0530
XXXX106X2317,3430.0,2026-03-05 10:33:00.000 +0530
XXXX106X2363,2622.0,2026-03-05 10:33:00.000 +0530
XXXX106X2380,3660.0,2026-03-05 10:33:00.000 +0530
XXXX106X2390,4145.0,2026-03-05 10:33:00.000 +0530
XXXX106X2420,2966.0,2026-03-05 10:33:00.000 +0530
XXXX106X2427,4516.0,2026-03-05 10:33:00.000 +0530
XXXX106X2433,3228.0,2026-03-05 10:33:00.000 +0530
XXXX106X2453,3374.0,2026-03-05 10:33:00.000 +0530
XXXX106X2457,3472.0,2026-03-05 10:33:00.000 +0530
XXXX106X2466,3237.0,2026-03-05 10:33:00.000 +0530
XXXX106X2509,5026.0,2026-03-05 10:33:00.000 +0530
XXXX106X2511,4146.0,2026-03-05 10:33:00.000 +0530
XXXX106X2566,2521.0,2026-03-05 10:33:00.000 +0530
XXXX106X2581,4375.0,2026-03-05 10:33:00.000 +0530
XXXX106X2657,8769.0,2026-03-05 10:33:00.000 +0530
XXXX106X2703,4332.0,2026-03-05 10:33:00.000 +0530
XXXX106X2724,4063.0,2026-03-05 10:33:00.000 +0530
XXXX106X2752,4342.0,2026-03-05 10:33:00.000 +0530
XXXX106X2760,6957.0,2026-03-05 10:33:00.000 +0530
XXXX106X2779,3278.0,2026-03-05 10:33:00.000 +0530
XXXX106X2822,3574.0,2026-03-05 10:33:00.000 +0530
XXXX106X2858,4405.0,2026-03-05 10:33:00.000 +0530
XXXX106X2910,2816.0,2026-03-05 10:33:00.000 +0530
XXXX106X3060,4690.0,2026-03-05 10:33:00.000 +0530
XXXX106X3307,3255.0,2026-03-05 10:33:00.000 +0530
XXXX106X3425,3223.0,2026-03-05 10:33:00.000 +0530
XXXX106X3429,3903.0,2026-03-05 10:33:00.000 +0530
XXXX106X3453,4466.0,2026-03-05 10:33:00.000 +0530
XXXX106X3556,2951.0,2026-03-05 10:33:00.000 +0530
XXXX106X3599,3239.0,2026-03-05 10:33:00.000 +0530
XXXX106X3610,4834.0,2026-03-05 10:33:00.000 +0530
XXXX106X3641,6596.0,2026-03-05 10:33:00.000 +0530
XXXX106X3699,3575.0,2026-03-05 10:33:00.000 +0530
XXXX106X3708,3627.0,2026-03-05 10:33:00.000 +0530
XXXX106X3732,3357.0,2026-03-05 10:33:00.000 +0530
XXXX106X3751,4081.0,2026-03-05 10:33:00.000 +0530
XXXX106X3754,3296.0,2026-03-05 10:33:00.000 +0530
XXXX106X3830,3584.0,2026-03-05 10:33:00.000 +0530
XXXX106X3966,4792.0,2026-03-05 10:33:00.000 +0530
XXXX106X4132,3728.0,2026-03-05 10:33:00.000 +0530
XXXX106X4133,2951.0,2026-03-05 10:33:00.000 +0530
XXXX106X4194,5436.0,2026-03-05 10:33:00.000 +0530
XXXX106X4257,3537.0,2026-03-05 10:33:00.000 +0530
XXXX106X4291,4959.0,2026-03-05 10:33:00.000 +0530
XXXX106X4358,4000.0,2026-03-05 10:33:00.000 +0530
XXXX106X4406,4664.0,2026-03-05 10:33:00.000 +0530
XXXX106X4458,3498.0,2026-03-05 10:33:00.000 +0530
XXXX106X4488,3887.0,2026-03-05 10:33:00.000 +0530
XXXX106X4574,3231.0,2026-03-05 10:33:00.000 +0530
XXXX106X4607,4104.0,2026-03-05 10:33:00.000 +0530
XXXX106X4617,2743.0,2026-03-05 10:33:00.000 +0530
XXXX106X4619,3133.0,2026-03-05 10:33:00.000 +0530
XXXX106X4643,3446.0,2026-03-05 10:33:00.000 +0530
XXXX106X4682,4501.0,2026-03-05 10:33:00.000 +0530
XXXX106X4732,4924.0,2026-03-05 10:33:00.000 +0530
XXXX106X4777,3911.0,2026-03-05 10:33:00.000 +0530
XXXX106X4896,3082.0,2026-03-05 10:33:00.000 +0530
XXXX106X4908,4197.0,2026-03-05 10:33:00.000 +0530
XXXX106X4917,3530.0,2026-03-05 10:33:00.000 +0530
XXXX106X4938,5493.0,2026-03-05 10:33:00.000 +0530
XXXX106X4957,3774.0,2026-03-05 10:33:00.000 +0530
XXXX106X5129,4112.0,2026-03-05 10:33:00.000 +0530
XXXX106X5284,5421.0,2026-03-05 10:33:00.000 +0530
XXXX106X5324,3198.0,2026-03-05 10:33:00.000 +0530
XXXX106X5362,3170.0,2026-03-05 10:33:00.000 +0530
XXXX106X5518,7034.0,2026-03-05 10:33:00.000 +0530
XXXX106X5564,4778.0,2026-03-05 10:33:00.000 +0530
XXXX106X5594,3561.0,2026-03-05 10:33:00.000 +0530
XXXX106X5600,3446.0,2026-03-05 10:33:00.000 +0530
XXXX106X5670,3228.0,2026-03-05 10:33:00.000 +0530
XXXX106X5673,3993.0,2026-03-05 10:33:00.000 +0530
XXXX106X5681,3618.0,2026-03-05 10:33:00.000 +0530
XXXX106X5704,3240.0,2026-03-05 10:33:00.000 +0530
XXXX106X5737,3360.0,2026-03-05 10:33:00.000 +0530
XXXX106X5749,7389.0,2026-03-05 10:33:00.000 +0530
XXXX106X5751,4886.0,2026-03-05 10:33:00.000 +0530
XXXX106X5770,3173.0,2026-03-05 10:33:00.000 +0530
XXXX106X5873,3082.0,2026-03-05 10:33:00.000 +0530
XXXX106X5929,3008.0,2026-03-05 10:33:00.000 +0530
XXXX106X5935,3383.0,2026-03-05 10:33:00.000 +0530
XXXX106X5965,4248.0,2026-03-05 10:33:00.000 +0530
XXXX106X6003,4882.0,2026-03-05 10:33:00.000 +0530
XXXX106X6091,4967.0,2026-03-05 10:33:00.000 +0530
XXXX106X6098,4161.0,2026-03-05 10:33:00.000 +0530
XXXX106X6156,4882.0,2026-03-05 10:33:00.000 +0530
XXXX106X6194,3769.0,2026-03-05 10:33:00.000 +0530
XXXX106X6338,4197.0,2026-03-05 10:33:00.000 +0530
XXXX106X6399,3257.0,2026-03-05 10:33:00.000 +0530
XXXX106X6410,2982.0,2026-03-05 10:33:00.000 +0530
XXXX106X6545,3530.0,2026-03-05 10:33:00.000 +0530
XXXX106X6553,2536.0,2026-03-05 10:33:00.000 +0530
XXXX106X6587,3853.0,2026-03-05 10:33:00.000 +0530
XXXX106X6623,4820.0,2026-03-05 10:33:00.000 +0530
XXXX106X6660,2834.0,2026-03-05 10:33:00.000 +0530
XXXX106X6666,6988.0,2026-03-05 10:33:00.000 +0530
XXXX106X6693,3736.0,2026-03-05 10:33:00.000 +0530
XXXX106X6699,3007.0,2026-03-05 10:33:00.000 +0530
XXXX106X6769,3990.0,2026-03-05 10:33:00.000 +0530
XXXX106X6842,2987.0,2026-03-05 10:33:00.000 +0530
XXXX106X6912,4578.0,2026-03-05 10:33:00.000 +0530
XXXX106X6961,5518.0,2026-03-05 10:33:00.000 +0530
XXXX106X6998,4746.0,2026-03-05 10:33:00.000 +0530
XXXX106X7099,2844.0,2026-03-05 10:33:00.000 +0530
XXXX106X7118,2753.0,2026-03-05 10:33:00.000 +0530
XXXX106X7119,3757.0,2026-03-05 10:33:00.000 +0530
XXXX106X7173,3450.0,2026-03-05 10:33:00.000 +0530
XXXX106X7197,4767.0,2026-03-05 10:33:00.000 +0530
XXXX106X7203,4017.0,2026-03-05 10:33:00.000 +0530
XXXX106X7297,3978.0,2026-03-05 10:33:00.000 +0530
XXXX106X7298,2722.0,2026-03-05 10:33:00.000 +0530
XXXX106X7312,9039.0,2026-03-05 10:33:00.000 +0530
XXXX106X7388,3085.0,2026-03-05 10:33:00.000 +0530
XXXX106X7784,4583.0,2026-03-05 10:33:00.000 +0530
XXXX106X7793,5025.0,2026-03-05 10:33:00.000 +0530
XXXX106X7899,3349.0,2026-03-05 10:33:00.000 +0530
XXXX106X7905,5812.0,2026-03-05 10:33:00.000 +0530
XXXX106X7908,3055.0,2026-03-05 10:33:00.000 +0530
XXXX106X8183,3642.0,2026-03-05 10:33:00.000 +0530
XXXX106X8205,4405.0,2026-03-05 10:33:00.000 +0530
XXXX106X8266,3813.0,2026-03-05 10:33:00.000 +0530
XXXX106X8527,4882.0,2026-03-05 10:33:00.000 +0530
XXXX106X8545,3557.0,2026-03-05 10:33:00.000 +0530
XXXX106X8679,3716.0,2026-03-05 10:33:00.000 +0530
XXXX106X8691,3849.0,2026-03-05 10:33:00.000 +0530
XXXX106X8749,3960.0,2026-03-05 10:33:00.000 +0530
XXXX106X8962,5127.0,2026-03-05 10:33:00.000 +0530
XXXX106X9019,3887.0,2026-03-05 10:33:00.000 +0530
XXXX106X9070,3433.0,2026-03-05 10:33:00.000 +0530
XXXX106X9231,4612.0,2026-03-05 10:33:00.000 +0530
XXXX106X9240,3144.0,2026-03-05 10:33:00.000 +0530
XXXX106X9286,3477.0,2026-03-05 10:33:00.000 +0530
XXXX106X9353,6600.0,2026-03-05 10:33:00.000 +0530
XXXX106X9359,3421.0,2026-03-05 10:33:00.000 +0530
XXXX106X9369,4346.0,2026-03-05 10:33:00.000 +0530
XXXX106X9417,2830.0,2026-03-05 10:33:00.000 +0530
XXXX106X9602,3548.0,2026-03-05 10:33:00.000 +0530
XXXX106X9632,3060.0,2026-03-05 10:33:00.000 +0530
XXXX106X9687,3997.0,2026-03-05 10:33:00.000 +0530
XXXX106X9696,4474.0,2026-03-05 10:33:00.000 +0530
XXXX106X9772,5384.0,2026-03-05 10:33:00.000 +0530
XXXX106X9793,5223.0,2026-03-05 10:33:00.000 +0530
XXXX106X9833,4042.0,2026-03-05 10:33:00.000 +0530
XXXX106X9932,3577.0,2026-03-05 10:33:00.000 +0530
XXXX107X0064,3200.0,2026-03-05 10:33:00.000 +0530
XXXX107X0234,3747.0,2026-03-05 10:33:00.000 +0530
XXXX107X0347,4192.0,2026-03-05 10:33:00.000 +0530
XXXX107X0514,4536.0,2026-03-05 10:33:00.000 +0530
XXXX107X0754,3064.0,2026-03-05 10:33:00.000 +0530
XXXX107X1045,5959.0,2026-03-05 10:33:00.000 +0530
XXXX107X1142,3050.0,2026-03-05 10:33:00.000 +0530
XXXX107X1258,4234.0,2026-03-05 10:33:00.000 +0530
XXXX107X1294,4133.0,2026-03-05 10:33:00.000 +0530
XXXX107X1346,4098.0,2026-03-05 10:33:00.000 +0530
XXXX107X1559,6420.0,2026-03-05 10:33:00.000 +0530
XXXX107X1647,4363.0,2026-03-05 10:33:00.000 +0530
XXXX107X1665,3267.0,2026-03-05 10:33:00.000 +0530
XXXX107X2345,4031.0,2026-03-05 10:33:00.000 +0530
XXXX107X2372,2632.0,2026-03-05 10:33:00.000 +0530
XXXX107X2551,3526.0,2026-03-05 10:33:00.000 +0530
XXXX107X2558,4162.0,2026-03-05 10:33:00.000 +0530
XXXX107X2560,3198.0,2026-03-05 10:33:00.000 +0530
XXXX107X2628,3074.0,2026-03-05 10:33:00.000 +0530
XXXX107X2637,5770.0,2026-03-05 10:33:00.000 +0530
XXXX107X2664,5923.0,2026-03-05 10:33:00.000 +0530
XXXX107X2804,5502.0,2026-03-05 10:33:00.000 +0530
XXXX107X2992,4257.0,2026-03-05 10:33:00.000 +0530
XXXX107X3025,4923.0,2026-03-05 10:33:00.000 +0530
XXXX107X3034,3976.0,2026-03-05 10:33:00.000 +0530
XXXX107X3046,4101.0,2026-03-05 10:33:00.000 +0530
XXXX107X3073,3382.0,2026-03-05 10:33:00.000 +0530
XXXX107X3089,5882.0,2026-03-05 10:33:00.000 +0530
XXXX107X3143,6327.0,2026-03-05 10:33:00.000 +0530
XXXX107X3229,3725.0,2026-03-05 10:33:00.000 +0530
XXXX107X3301,4866.0,2026-03-05 10:33:00.000 +0530
XXXX107X3618,3650.0,2026-03-05 10:33:00.000 +0530
XXXX107X3849,2803.0,2026-03-05 10:33:00.000 +0530
XXXX107X3958,4619.0,2026-03-05 10:33:00.000 +0530
XXXX107X3973,3370.0,2026-03-05 10:33:00.000 +0530
XXXX107X4149,2880.0,2026-03-05 10:33:00.000 +0530
XXXX107X4194,4835.0,2026-03-05 10:33:00.000 +0530
XXXX107X4601,3758.0,2026-03-05 10:33:00.000 +0530
XXXX107X4617,4048.0,2026-03-05 10:33:00.000 +0530
XXXX107X4699,3025.0,2026-03-05 10:33:00.000 +0530
XXXX107X4750,3183.0,2026-03-05 10:33:00.000 +0530
XXXX107X4769,2708.0,2026-03-05 10:33:00.000 +0530
XXXX107X4778,3051.0,2026-03-05 10:33:00.000 +0530
XXXX107X5034,3429.0,2026-03-05 10:33:00.000 +0530
XXXX107X5050,3530.0,2026-03-05 10:33:00.000 +0530
XXXX107X5187,3858.0,2026-03-05 10:33:00.000 +0530
XXXX107X5218,4127.0,2026-03-05 10:33:00.000 +0530
XXXX107X5227,4974.0,2026-03-05 10:33:00.000 +0530
XXXX107X5306,4209.0,2026-03-05 10:33:00.000 +0530
XXXX107X5519,4612.0,2026-03-05 10:33:00.000 +0530
XXXX107X5567,2899.0,2026-03-05 10:33:00.000 +0530
XXXX107X5752,3138.0,2026-03-05 10:33:00.000 +0530
XXXX107X5786,4169.0,2026-03-05 10:33:00.000 +0530
XXXX107X5926,2823.0,2026-03-05 10:33:00.000 +0530
XXXX107X6004,6123.0,2026-03-05 10:33:00.000 +0530
XXXX107X6101,3897.0,2026-03-05 10:33:00.000 +0530
XXXX107X6341,4633.0,2026-03-05 10:33:00.000 +0530
XXXX107X6496,5026.0,2026-03-05 10:33:00.000 +0530
XXXX107X6548,5389.0,2026-03-05 10:33:00.000 +0530
XXXX107X6925,4327.0,2026-03-05 10:33:00.000 +0530
XXXX107X6964,3493.0,2026-03-05 10:33:00.000 +0530
XXXX107X7058,2706.0,2026-03-05 10:33:00.000 +0530
XXXX107X7149,3366.0,2026-03-05 10:33:00.000 +0530
XXXX107X7179,5527.0,2026-03-05 10:33:00.000 +0530
XXXX107X7304,2948.0,2026-03-05 10:33:00.000 +0530
XXXX107X7413,4275.0,2026-03-05 10:33:00.000 +0530
XXXX107X7665,3190.0,2026-03-05 10:33:00.000 +0530
XXXX107X7669,3721.0,2026-03-05 10:33:00.000 +0530
XXXX107X7866,4568.0,2026-03-05 10:33:00.000 +0530
XXXX107X8020,3798.0,2026-03-05 10:33:00.000 +0530
XXXX107X8115,4645.0,2026-03-05 10:33:00.000 +0530
XXXX107X8829,3393.0,2026-03-05 10:33:00.000 +0530
XXXX107X9150,4585.0,2026-03-05 10:33:00.000 +0530
XXXX107X9244,3947.0,2026-03-05 10:33:00.000 +0530
XXXX107X9270,2756.0,2026-03-05 10:33:00.000 +0530
XXXX107X9280,5132.0,2026-03-05 10:33:00.000 +0530
XXXX107X9350,4984.0,2026-03-05 10:33:00.000 +0530
XXXX107X9396,4156.0,2026-03-05 10:33:00.000 +0530
XXXX107X9509,3348.0,2026-03-05 10:33:00.000 +0530
XXXX107X9512,2590.0,2026-03-05 10:33:00.000 +0530
XXXX107X9618,3646.0,2026-03-05 10:33:00.000 +0530
XXXX107X9651,3013.0,2026-03-05 10:33:00.000 +0530
XXXX107X9679,3686.0,2026-03-05 10:33:00.000 +0530
XXXX107X9907,5107.0,2026-03-05 10:33:00.000 +0530
XXXX107X9973,3924.0,2026-03-05 10:33:00.000 +0530
XXXX108X0047,5312.0,2026-03-05 10:33:00.000 +0530
XXXX108X0141,5121.0,2026-03-05 10:33:00.000 +0530
XXXX108X0164,3051.0,2026-03-05 10:33:00.000 +0530
XXXX108X0202,4264.0,2026-03-05 10:33:00.000 +0530
XXXX108X0244,2764.0,2026-03-05 10:33:00.000 +0530
XXXX108X0253,3556.0,2026-03-05 10:33:00.000 +0530
XXXX108X0377,3610.0,2026-03-05 10:33:00.000 +0530
XXXX108X0403,3379.0,2026-03-05 10:33:00.000 +0530
XXXX108X0412,4441.0,2026-03-05 10:33:00.000 +0530
XXXX108X0447,4414.0,2026-03-05 10:33:00.000 +0530
XXXX108X0474,3815.0,2026-03-05 10:33:00.000 +0530
XXXX108X0475,4316.0,2026-03-05 10:33:00.000 +0530
XXXX108X0500,5874.0,2026-03-05 10:33:00.000 +0530
XXXX108X0524,5645.0,2026-03-05 10:33:00.000 +0530
XXXX108X0542,4622.0,2026-03-05 10:33:00.000 +0530
XXXX108X0551,3461.0,2026-03-05 10:33:00.000 +0530
XXXX108X0579,6998.0,2026-03-05 10:33:00.000 +0530
XXXX108X0590,5511.0,2026-03-05 10:33:00.000 +0530
XXXX108X0606,3049.0,2026-03-05 10:33:00.000 +0530
XXXX108X0612,3021.0,2026-03-05 10:33:00.000 +0530
XXXX108X0624,3471.0,2026-03-05 10:33:00.000 +0530
XXXX108X0634,10069.0,2026-03-05 10:33:00.000 +0530
XXXX108X0638,4323.0,2026-03-05 10:33:00.000 +0530
XXXX108X0641,3340.0,2026-03-05 10:33:00.000 +0530
XXXX108X0667,4618.0,2026-03-05 10:33:00.000 +0530
XXXX108X0680,4389.0,2026-03-05 10:33:00.000 +0530
XXXX108X0682,3248.0,2026-03-05 10:33:00.000 +0530
XXXX108X0764,2977.0,2026-03-05 10:33:00.000 +0530
XXXX108X0813,3767.0,2026-03-05 10:33:00.000 +0530
XXXX108X0845,3513.0,2026-03-05 10:33:00.000 +0530
XXXX108X0855,3293.0,2026-03-05 10:33:00.000 +0530
XXXX108X0898,4081.0,2026-03-05 10:33:00.000 +0530
XXXX108X0904,3540.0,2026-03-05 10:33:00.000 +0530
XXXX108X0995,4573.0,2026-03-05 10:33:00.000 +0530
XXXX108X1010,4772.0,2026-03-05 10:33:00.000 +0530
XXXX108X1022,2669.0,2026-03-05 10:33:00.000 +0530
XXXX108X1028,3596.0,2026-03-05 10:33:00.000 +0530
XXXX108X1048,4213.0,2026-03-05 10:33:00.000 +0530
XXXX108X1052,5625.0,2026-03-05 10:33:00.000 +0530
XXXX108X1058,3885.0,2026-03-05 10:33:00.000 +0530
XXXX108X1117,4332.0,2026-03-05 10:33:00.000 +0530
XXXX108X1122,5132.0,2026-03-05 10:33:00.000 +0530
XXXX108X1131,6769.0,2026-03-05 10:33:00.000 +0530
XXXX108X1154,3299.0,2026-03-05 10:33:00.000 +0530
XXXX108X1163,3418.0,2026-03-05 10:33:00.000 +0530
XXXX108X1173,3166.0,2026-03-05 10:33:00.000 +0530
XXXX108X1180,3265.0,2026-03-05 10:33:00.000 +0530
XXXX108X1198,4578.0,2026-03-05 10:33:00.000 +0530
XXXX108X1199,4378.0,2026-03-05 10:33:00.000 +0530
XXXX108X1288,3407.0,2026-03-05 10:33:00.000 +0530
XXXX108X1335,3819.0,2026-03-05 10:33:00.000 +0530
XXXX108X1441,3217.0,2026-03-05 10:33:00.000 +0530
XXXX108X1462,2585.0,2026-03-05 10:33:00.000 +0530
XXXX108X1471,4291.0,2026-03-05 10:33:00.000 +0530
XXXX108X1472,3296.0,2026-03-05 10:33:00.000 +0530
XXXX108X1511,2571.0,2026-03-05 10:33:00.000 +0530
XXXX108X1525,3429.0,2026-03-05 10:33:00.000 +0530
XXXX108X1533,3778.0,2026-03-05 10:33:00.000 +0530
XXXX108X1575,5351.0,2026-03-05 10:33:00.000 +0530
XXXX108X1582,4276.0,2026-03-05 10:33:00.000 +0530
XXXX108X1588,3733.0,2026-03-05 10:33:00.000 +0530
XXXX108X1622,4146.0,2026-03-05 10:33:00.000 +0530
XXXX108X1631,3547.0,2026-03-05 10:33:00.000 +0530
XXXX108X1701,3515.0,2026-03-05 10:33:00.000 +0530
XXXX108X1728,3843.0,2026-03-05 10:33:00.000 +0530
XXXX108X1737,3850.0,2026-03-05 10:33:00.000 +0530
XXXX108X1779,3183.0,2026-03-05 10:33:00.000 +0530
XXXX108X1792,3630.0,2026-03-05 10:33:00.000 +0530
XXXX108X1800,3320.0,2026-03-05 10:33:00.000 +0530
XXXX108X1807,4245.0,2026-03-05 10:33:00.000 +0530
XXXX108X1808,3371.0,2026-03-05 10:33:00.000 +0530
XXXX108X1812,4031.0,2026-03-05 10:33:00.000 +0530
XXXX108X1824,2895.0,2026-03-05 10:33:00.000 +0530
XXXX108X1827,4234.0,2026-03-05 10:33:00.000 +0530
XXXX108X1859,3805.0,2026-03-05 10:33:00.000 +0530
XXXX108X1873,4978.0,2026-03-05 10:33:00.000 +0530
XXXX108X1876,4547.0,2026-03-05 10:33:00.000 +0530
XXXX108X1889,3604.0,2026-03-05 10:33:00.000 +0530
XXXX108X1915,4347.0,2026-03-05 10:33:00.000 +0530
XXXX108X1952,4862.0,2026-03-05 10:33:00.000 +0530
XXXX108X1969,6139.0,2026-03-05 10:33:00.000 +0530
XXXX108X2027,4311.0,2026-03-05 10:33:00.000 +0530
XXXX108X2042,3558.0,2026-03-05 10:33:00.000 +0530
XXXX108X2054,2357.0,2026-03-05 10:33:00.000 +0530
XXXX108X2077,3387.0,2026-03-05 10:33:00.000 +0530
XXXX108X2103,3635.0,2026-03-05 10:33:00.000 +0530
XXXX108X2136,3310.0,2026-03-05 10:33:00.000 +0530
XXXX108X2189,3225.0,2026-03-05 10:33:00.000 +0530
XXXX108X2205,6270.0,2026-03-05 10:33:00.000 +0530
XXXX108X2279,4431.0,2026-03-05 10:33:00.000 +0530
XXXX108X2282,3537.0,2026-03-05 10:33:00.000 +0530
XXXX108X2332,5037.0,2026-03-05 10:33:00.000 +0530
XXXX108X2375,3383.0,2026-03-05 10:33:00.000 +0530
XXXX108X2400,3540.0,2026-03-05 10:33:00.000 +0530
XXXX108X2409,4545.0,2026-03-05 10:33:00.000 +0530
XXXX108X2444,2979.0,2026-03-05 10:33:00.000 +0530
XXXX108X2473,3962.0,2026-03-05 10:33:00.000 +0530
XXXX108X2510,3875.0,2026-03-05 10:33:00.000 +0530
XXXX108X2551,3731.0,2026-03-05 10:33:00.000 +0530
XXXX108X2588,4109.0,2026-03-05 10:33:00.000 +0530
XXXX108X2599,4848.0,2026-03-05 10:33:00.000 +0530
XXXX108X2604,4717.0,2026-03-05 10:33:00.000 +0530
XXXX108X2622,3280.0,2026-03-05 10:33:00.000 +0530
XXXX108X2630,3824.0,2026-03-05 10:33:00.000 +0530
XXXX108X2640,2611.0,2026-03-05 10:33:00.000 +0530
XXXX108X2678,3048.0,2026-03-05 10:33:00.000 +0530
XXXX108X2730,3379.0,2026-03-05 10:33:00.000 +0530
XXXX108X2736,4170.0,2026-03-05 10:33:00.000 +0530
XXXX108X2746,4741.0,2026-03-05 10:33:00.000 +0530
XXXX108X2747,5780.0,2026-03-05 10:33:00.000 +0530
XXXX108X2776,4391.0,2026-03-05 10:33:00.000 +0530
XXXX108X2808,2991.0,2026-03-05 10:33:00.000 +0530
XXXX108X2825,3214.0,2026-03-05 10:33:00.000 +0530
XXXX108X2843,3662.0,2026-03-05 10:33:00.000 +0530
XXXX108X2893,3031.0,2026-03-05 10:33:00.000 +0530
XXXX108X2899,2918.0,2026-03-05 10:33:00.000 +0530
XXXX108X2900,2842.0,2026-03-05 10:33:00.000 +0530
XXXX108X2907,3340.0,2026-03-05 10:33:00.000 +0530
XXXX108X2943,4245.0,2026-03-05 10:33:00.000 +0530
XXXX108X2981,4330.0,2026-03-05 10:33:00.000 +0530
XXXX108X3000,3293.0,2026-03-05 10:33:00.000 +0530
XXXX108X3002,3860.0,2026-03-05 10:33:00.000 +0530
XXXX108X3011,3261.0,2026-03-05 10:33:00.000 +0530
XXXX108X3020,4937.0,2026-03-05 10:33:00.000 +0530
XXXX108X3026,5512.0,2026-03-05 10:33:00.000 +0530
XXXX108X3030,3504.0,2026-03-05 10:33:00.000 +0530
XXXX108X3142,3410.0,2026-03-05 10:33:00.000 +0530
XXXX108X3293,3505.0,2026-03-05 10:33:00.000 +0530
XXXX108X3309,3367.0,2026-03-05 10:33:00.000 +0530
XXXX108X3329,3540.0,2026-03-05 10:33:00.000 +0530
XXXX108X3446,4581.0,2026-03-05 10:33:00.000 +0530
XXXX108X3449,3352.0,2026-03-05 10:33:00.000 +0530
XXXX108X3497,2491.0,2026-03-05 10:33:00.000 +0530
XXXX108X3508,2801.0,2026-03-05 10:33:00.000 +0530
XXXX108X3562,3310.0,2026-03-05 10:33:00.000 +0530
XXXX108X3578,3518.0,2026-03-05 10:33:00.000 +0530
XXXX108X3596,3154.0,2026-03-05 10:33:00.000 +0530
XXXX108X3622,4911.0,2026-03-05 10:33:00.000 +0530
XXXX108X3643,4042.0,2026-03-05 10:33:00.000 +0530
XXXX108X3766,4799.0,2026-03-05 10:33:00.000 +0530
XXXX108X3826,3262.0,2026-03-05 10:33:00.000 +0530
XXXX108X3874,3794.0,2026-03-05 10:33:00.000 +0530
XXXX108X3877,3721.0,2026-03-05 10:33:00.000 +0530
XXXX108X3930,4963.0,2026-03-05 10:33:00.000 +0530
XXXX108X3935,3265.0,2026-03-05 10:33:00.000 +0530
XXXX108X3965,5146.0,2026-03-05 10:33:00.000 +0530
XXXX108X3986,4223.0,2026-03-05 10:33:00.000 +0530
XXXX108X3995,10040.0,2026-03-05 10:33:00.000 +0530
XXXX108X4001,3742.0,2026-03-05 10:33:00.000 +0530
XXXX108X4017,3499.0,2026-03-05 10:33:00.000 +0530
XXXX108X4035,5077.0,2026-03-05 10:33:00.000 +0530
XXXX108X4073,3835.0,2026-03-05 10:33:00.000 +0530
XXXX108X4181,2475.0,2026-03-05 10:33:00.000 +0530
XXXX108X4296,4778.0,2026-03-05 10:33:00.000 +0530
XXXX108X4301,2966.0,2026-03-05 10:33:00.000 +0530
XXXX108X4498,5648.0,2026-03-05 10:33:00.000 +0530
XXXX108X4504,3198.0,2026-03-05 10:33:00.000 +0530
XXXX108X4506,4756.0,2026-03-05 10:33:00.000 +0530
XXXX108X4542,4799.0,2026-03-05 10:33:00.000 +0530
XXXX108X4545,7773.0,2026-03-05 10:33:00.000 +0530
XXXX108X4563,4162.0,2026-03-05 10:33:00.000 +0530
XXXX108X4618,4057.0,2026-03-05 10:33:00.000 +0530
XXXX108X4628,5459.0,2026-03-05 10:33:00.000 +0530
XXXX108X4633,4137.0,2026-03-05 10:33:00.000 +0530
XXXX108X4649,4081.0,2026-03-05 10:33:00.000 +0530
XXXX108X4663,6633.0,2026-03-05 10:33:00.000 +0530
XXXX108X4675,3179.0,2026-03-05 10:33:00.000 +0530
XXXX108X4684,2737.0,2026-03-05 10:33:00.000 +0530
XXXX108X4712,3929.0,2026-03-05 10:33:00.000 +0530
XXXX108X4749,2761.0,2026-03-05 10:33:00.000 +0530
XXXX108X4759,4296.0,2026-03-05 10:33:00.000 +0530
XXXX108X4773,4505.0,2026-03-05 10:33:00.000 +0530
XXXX108X4815,4176.0,2026-03-05 10:33:00.000 +0530
XXXX108X4837,4609.0,2026-03-05 10:33:00.000 +0530
XXXX108X4840,4440.0,2026-03-05 10:33:00.000 +0530
XXXX108X4850,2834.0,2026-03-05 10:33:00.000 +0530
XXXX108X4874,4008.0,2026-03-05 10:33:00.000 +0530
XXXX108X4894,4500.0,2026-03-05 10:33:00.000 +0530
XXXX108X4951,3631.0,2026-03-05 10:33:00.000 +0530
XXXX108X4966,4604.0,2026-03-05 10:33:00.000 +0530
XXXX108X4974,2902.0,2026-03-05 10:33:00.000 +0530
XXXX108X5010,3895.0,2026-03-05 10:33:00.000 +0530
XXXX108X5034,3424.0,2026-03-05 10:33:00.000 +0530
XXXX108X5036,4630.0,2026-03-05 10:33:00.000 +0530
XXXX108X5051,5865.0,2026-03-05 10:33:00.000 +0530
XXXX108X5065,4400.0,2026-03-05 10:33:00.000 +0530
XXXX108X5092,4019.0,2026-03-05 10:33:00.000 +0530
XXXX108X5119,5543.0,2026-03-05 10:33:00.000 +0530
XXXX108X5146,2745.0,2026-03-05 10:33:00.000 +0530
XXXX108X5164,4296.0,2026-03-05 10:33:00.000 +0530
XXXX108X5172,3349.0,2026-03-05 10:33:00.000 +0530
XXXX108X5213,3538.0,2026-03-05 10:33:00.000 +0530
XXXX108X5224,5552.0,2026-03-05 10:33:00.000 +0530
XXXX108X5226,3721.0,2026-03-05 10:33:00.000 +0530
XXXX108X5231,3976.0,2026-03-05 10:33:00.000 +0530
XXXX108X5249,3386.0,2026-03-05 10:33:00.000 +0530
XXXX108X5267,3319.0,2026-03-05 10:33:00.000 +0530
XXXX108X5271,4406.0,2026-03-05 10:33:00.000 +0530
XXXX108X5276,3832.0,2026-03-05 10:33:00.000 +0530
XXXX108X5287,2568.0,2026-03-05 10:33:00.000 +0530
XXXX108X5541,4158.0,2026-03-05 10:33:00.000 +0530
XXXX108X5560,3066.0,2026-03-05 10:33:00.000 +0530
XXXX108X5576,4061.0,2026-03-05 10:33:00.000 +0530
XXXX108X5585,4794.0,2026-03-05 10:33:00.000 +0530
XXXX108X5628,5527.0,2026-03-05 10:33:00.000 +0530
XXXX108X5656,4123.0,2026-03-05 10:33:00.000 +0530
XXXX108X5667,3776.0,2026-03-05 10:33:00.000 +0530
XXXX108X5676,3020.0,2026-03-05 10:33:00.000 +0530
XXXX108X5709,3198.0,2026-03-05 10:33:00.000 +0530
XXXX108X5719,3445.0,2026-03-05 10:33:00.000 +0530
XXXX108X5721,3634.0,2026-03-05 10:33:00.000 +0530
XXXX108X5752,4543.0,2026-03-05 10:33:00.000 +0530
XXXX108X5804,6502.0,2026-03-05 10:33:00.000 +0530
XXXX108X5808,3913.0,2026-03-05 10:33:00.000 +0530
XXXX108X5823,3187.0,2026-03-05 10:33:00.000 +0530
XXXX108X5841,5397.0,2026-03-05 10:33:00.000 +0530
XXXX108X5859,3257.0,2026-03-05 10:33:00.000 +0530
XXXX108X5875,4347.0,2026-03-05 10:33:00.000 +0530
XXXX108X5891,4410.0,2026-03-05 10:33:00.000 +0530
XXXX108X5895,3236.0,2026-03-05 10:33:00.000 +0530
XXXX108X5931,2359.0,2026-03-05 10:33:00.000 +0530
XXXX108X5967,4886.0,2026-03-05 10:33:00.000 +0530
XXXX108X5984,4238.0,2026-03-05 10:33:00.000 +0530
XXXX108X5989,3377.0,2026-03-05 10:33:00.000 +0530
XXXX108X6000,3265.0,2026-03-05 10:33:00.000 +0530
XXXX108X6051,4902.0,2026-03-05 10:33:00.000 +0530
XXXX108X6069,5511.0,2026-03-05 10:33:00.000 +0530
XXXX108X6109,3433.0,2026-03-05 10:33:00.000 +0530
XXXX108X6163,3876.0,2026-03-05 10:33:00.000 +0530
XXXX108X6186,3031.0,2026-03-05 10:33:00.000 +0530
XXXX108X6205,4606.0,2026-03-05 10:33:00.000 +0530
XXXX108X6281,3819.0,2026-03-05 10:33:00.000 +0530
XXXX108X6302,2540.0,2026-03-05 10:33:00.000 +0530
XXXX108X6306,3439.0,2026-03-05 10:33:00.000 +0530
XXXX108X6313,3409.0,2026-03-05 10:33:00.000 +0530
XXXX108X6358,4316.0,2026-03-05 10:33:00.000 +0530
XXXX108X6371,4353.0,2026-03-05 10:33:00.000 +0530
XXXX108X6391,4086.0,2026-03-05 10:33:00.000 +0530
XXXX108X6397,5304.0,2026-03-05 10:33:00.000 +0530
XXXX108X6409,3535.0,2026-03-05 10:33:00.000 +0530
XXXX108X6428,2634.0,2026-03-05 10:33:00.000 +0530
XXXX108X6443,4822.0,2026-03-05 10:33:00.000 +0530
XXXX108X6449,4253.0,2026-03-05 10:33:00.000 +0530
XXXX108X6460,2649.0,2026-03-05 10:33:00.000 +0530
XXXX108X6481,4229.0,2026-03-05 10:33:00.000 +0530
XXXX108X6501,2902.0,2026-03-05 10:33:00.000 +0530
XXXX108X6504,3232.0,2026-03-05 10:33:00.000 +0530
XXXX108X6511,3796.0,2026-03-05 10:33:00.000 +0530
XXXX108X6530,3364.0,2026-03-05 10:33:00.000 +0530
XXXX108X6619,2998.0,2026-03-05 10:33:00.000 +0530
XXXX108X6639,3414.0,2026-03-05 10:33:00.000 +0530
XXXX108X6646,6529.0,2026-03-05 10:33:00.000 +0530
XXXX108X6691,3360.0,2026-03-05 10:33:00.000 +0530
XXXX108X6699,3600.0,2026-03-05 10:33:00.000 +0530
XXXX108X6716,4845.0,2026-03-05 10:33:00.000 +0530
XXXX108X6727,3796.0,2026-03-05 10:33:00.000 +0530
XXXX108X6760,6420.0,2026-03-05 10:33:00.000 +0530
XXXX108X6761,2865.0,2026-03-05 10:33:00.000 +0530
XXXX108X6770,4828.0,2026-03-05 10:33:00.000 +0530
XXXX108X6789,3712.0,2026-03-05 10:33:00.000 +0530
XXXX108X6790,3249.0,2026-03-05 10:33:00.000 +0530
XXXX108X6847,3182.0,2026-03-05 10:33:00.000 +0530
XXXX108X6928,3617.0,2026-03-05 10:33:00.000 +0530
XXXX108X6956,3461.0,2026-03-05 10:33:00.000 +0530
XXXX108X6960,2556.0,2026-03-05 10:33:00.000 +0530
XXXX108X6965,3381.0,2026-03-05 10:33:00.000 +0530
XXXX108X7004,3275.0,2026-03-05 10:33:00.000 +0530
XXXX108X7011,6700.0,2026-03-05 10:33:00.000 +0530
XXXX108X7063,5769.0,2026-03-05 10:33:00.000 +0530
XXXX108X7068,3925.0,2026-03-05 10:33:00.000 +0530
XXXX108X7077,4254.0,2026-03-05 10:33:00.000 +0530
XXXX108X7080,2669.0,2026-03-05 10:33:00.000 +0530
XXXX108X7092,3362.0,2026-03-05 10:33:00.000 +0530
XXXX108X7097,3101.0,2026-03-05 10:33:00.000 +0530
XXXX108X7113,3446.0,2026-03-05 10:33:00.000 +0530
XXXX108X7176,2780.0,2026-03-05 10:33:00.000 +0530
XXXX108X7194,3965.0,2026-03-05 10:33:00.000 +0530
XXXX108X7226,3871.0,2026-03-05 10:33:00.000 +0530
XXXX108X7245,3856.0,2026-03-05 10:33:00.000 +0530
XXXX108X7253,4612.0,2026-03-05 10:33:00.000 +0530
XXXX108X7276,4173.0,2026-03-05 10:33:00.000 +0530
XXXX108X7397,3976.0,2026-03-05 10:33:00.000 +0530
XXXX108X7444,3290.0,2026-03-05 10:33:00.000 +0530
XXXX108X7446,2797.0,2026-03-05 10:33:00.000 +0530
XXXX108X7470,3772.0,2026-03-05 10:33:00.000 +0530
XXXX108X7479,9843.0,2026-03-05 10:33:00.000 +0530
XXXX108X7495,4892.0,2026-03-05 10:33:00.000 +0530
XXXX108X7504,3071.0,2026-03-05 10:33:00.000 +0530
XXXX108X7520,3687.0,2026-03-05 10:33:00.000 +0530
XXXX108X7601,3059.0,2026-03-05 10:33:00.000 +0530
XXXX108X7635,6869.0,2026-03-05 10:33:00.000 +0530
XXXX108X7673,3988.0,2026-03-05 10:33:00.000 +0530
XXXX108X7715,3852.0,2026-03-05 10:33:00.000 +0530
XXXX108X7727,3212.0,2026-03-05 10:33:00.000 +0530
XXXX108X7785,5241.0,2026-03-05 10:33:00.000 +0530
XXXX108X7796,4585.0,2026-03-05 10:33:00.000 +0530
XXXX108X7841,3939.0,2026-03-05 10:33:00.000 +0530
XXXX108X7865,3918.0,2026-03-05 10:33:00.000 +0530
XXXX108X7873,4042.0,2026-03-05 10:33:00.000 +0530
XXXX108X7885,2890.0,2026-03-05 10:33:00.000 +0530
XXXX108X7887,3777.0,2026-03-05 10:33:00.000 +0530
XXXX108X7891,4197.0,2026-03-05 10:33:00.000 +0530
XXXX108X7912,4456.0,2026-03-05 10:33:00.000 +0530
XXXX108X7921,4381.0,2026-03-05 10:33:00.000 +0530
XXXX108X7929,8179.0,2026-03-05 10:33:00.000 +0530
XXXX108X7962,5730.0,2026-03-05 10:33:00.000 +0530
XXXX108X7981,3286.0,2026-03-05 10:33:00.000 +0530
XXXX108X7987,4279.0,2026-03-05 10:33:00.000 +0530
XXXX108X8012,5412.0,2026-03-05 10:33:00.000 +0530
XXXX108X8094,2908.0,2026-03-05 10:33:00.000 +0530
XXXX108X8128,3070.0,2026-03-05 10:33:00.000 +0530
XXXX108X8142,6645.0,2026-03-05 10:33:00.000 +0530
XXXX108X8143,6104.0,2026-03-05 10:33:00.000 +0530
XXXX108X8173,4257.0,2026-03-05 10:33:00.000 +0530
XXXX108X8186,4017.0,2026-03-05 10:33:00.000 +0530
XXXX108X8201,4373.0,2026-03-05 10:33:00.000 +0530
XXXX108X8246,3566.0,2026-03-05 10:33:00.000 +0530
XXXX108X8258,4316.0,2026-03-05 10:33:00.000 +0530
XXXX108X8282,3646.0,2026-03-05 10:33:00.000 +0530
XXXX108X8302,5441.0,2026-03-05 10:33:00.000 +0530
XXXX108X8305,5090.0,2026-03-05 10:33:00.000 +0530
XXXX108X8318,3556.0,2026-03-05 10:33:00.000 +0530
XXXX108X8404,3096.0,2026-03-05 10:33:00.000 +0530
XXXX108X8420,6477.0,2026-03-05 10:33:00.000 +0530
XXXX108X8475,3205.0,2026-03-05 10:33:00.000 +0530
XXXX108X8495,3286.0,2026-03-05 10:33:00.000 +0530
XXXX108X8542,5543.0,2026-03-05 10:33:00.000 +0530
XXXX108X8556,5911.0,2026-03-05 10:33:00.000 +0530
XXXX108X8576,3450.0,2026-03-05 10:33:00.000 +0530
XXXX108X8641,3617.0,2026-03-05 10:33:00.000 +0530
XXXX108X8682,2676.0,2026-03-05 10:33:00.000 +0530
XXXX108X8690,2972.0,2026-03-05 10:33:00.000 +0530
XXXX108X8718,3467.0,2026-03-05 10:33:00.000 +0530
XXXX108X8721,2969.0,2026-03-05 10:33:00.000 +0530
XXXX108X8763,4455.0,2026-03-05 10:33:00.000 +0530
XXXX108X8854,3743.0,2026-03-05 10:33:00.000 +0530
XXXX108X8860,4151.0,2026-03-05 10:33:00.000 +0530
XXXX108X8893,2583.0,2026-03-05 10:33:00.000 +0530
XXXX108X8930,3725.0,2026-03-05 10:33:00.000 +0530
XXXX108X8956,5389.0,2026-03-05 10:33:00.000 +0530
XXXX108X8964,3192.0,2026-03-05 10:33:00.000 +0530
XXXX108X8994,2857.0,2026-03-05 10:33:00.000 +0530
XXXX108X9008,2825.0,2026-03-05 10:33:00.000 +0530
XXXX108X9018,5117.0,2026-03-05 10:33:00.000 +0530
XXXX108X9041,3622.0,2026-03-05 10:33:00.000 +0530
XXXX108X9044,5073.0,2026-03-05 10:33:00.000 +0530
XXXX108X9062,4572.0,2026-03-05 10:33:00.000 +0530
XXXX108X9079,2517.0,2026-03-05 10:33:00.000 +0530
XXXX108X9081,6237.0,2026-03-05 10:33:00.000 +0530
XXXX108X9102,3568.0,2026-03-05 10:33:00.000 +0530
XXXX108X9151,3639.0,2026-03-05 10:33:00.000 +0530
XXXX108X9201,3217.0,2026-03-05 10:33:00.000 +0530
XXXX108X9264,2969.0,2026-03-05 10:33:00.000 +0530
XXXX108X9284,3349.0,2026-03-05 10:33:00.000 +0530
XXXX108X9317,3238.0,2026-03-05 10:33:00.000 +0530
XXXX108X9330,5050.0,2026-03-05 10:33:00.000 +0530
XXXX108X9415,3129.0,2026-03-05 10:33:00.000 +0530
XXXX108X9429,3801.0,2026-03-05 10:33:00.000 +0530
XXXX108X9508,3515.0,2026-03-05 10:33:00.000 +0530
XXXX108X9534,3658.0,2026-03-05 10:33:00.000 +0530
XXXX108X9543,3824.0,2026-03-05 10:33:00.000 +0530
XXXX108X9569,6346.0,2026-03-05 10:33:00.000 +0530
XXXX108X9580,4394.0,2026-03-05 10:33:00.000 +0530
XXXX108X9583,4905.0,2026-03-05 10:33:00.000 +0530
XXXX108X9592,5294.0,2026-03-05 10:33:00.000 +0530
XXXX108X9598,4550.0,2026-03-05 10:33:00.000 +0530
XXXX108X9607,4182.0,2026-03-05 10:33:00.000 +0530
XXXX108X9608,2735.0,2026-03-05 10:33:00.000 +0530
XXXX108X9636,5096.0,2026-03-05 10:33:00.000 +0530
XXXX108X9662,2559.0,2026-03-05 10:33:00.000 +0530
XXXX108X9691,3460.0,2026-03-05 10:33:00.000 +0530
XXXX108X9705,3616.0,2026-03-05 10:33:00.000 +0530
XXXX108X9707,5958.0,2026-03-05 10:33:00.000 +0530
XXXX108X9723,3556.0,2026-03-05 10:33:00.000 +0530
XXXX108X9752,3157.0,2026-03-05 10:33:00.000 +0530
XXXX108X9765,4107.0,2026-03-05 10:33:00.000 +0530
XXXX108X9774,3047.0,2026-03-05 10:33:00.000 +0530
XXXX108X9810,4135.0,2026-03-05 10:33:00.000 +0530
XXXX108X9827,3584.0,2026-03-05 10:33:00.000 +0530
XXXX108X9831,3958.0,2026-03-05 10:33:00.000 +0530
XXXX108X9840,5130.0,2026-03-05 10:33:00.000 +0530
XXXX108X9856,3353.0,2026-03-05 10:33:00.000 +0530
XXXX108X9872,4107.0,2026-03-05 10:33:00.000 +0530
XXXX108X9885,2772.0,2026-03-05 10:33:00.000 +0530
XXXX108X9894,2436.0,2026-03-05 10:33:00.000 +0530
XXXX108X9900,2971.0,2026-03-05 10:33:00.000 +0530
XXXX108X9938,3666.0,2026-03-05 10:33:00.000 +0530
XXXX108X9947,3969.0,2026-03-05 10:33:00.000 +0530
XXXX108X9965,5435.0,2026-03-05 10:33:00.000 +0530
XXXX108X9971,4912.0,2026-03-05 10:33:00.000 +0530
XXXX108X9973,3607.0,2026-03-05 10:33:00.000 +0530
XXXX109X0023,3416.0,2026-03-05 10:33:00.000 +0530
XXXX109X0041,4101.0,2026-03-05 10:33:00.000 +0530
XXXX109X0049,3334.0,2026-03-05 10:33:00.000 +0530
XXXX109X0103,3013.0,2026-03-05 10:33:00.000 +0530
XXXX109X0139,2598.0,2026-03-05 10:33:00.000 +0530
XXXX109X0148,4236.0,2026-03-05 10:33:00.000 +0530
XXXX109X0165,4260.0,2026-03-05 10:33:00.000 +0530
XXXX109X0224,3731.0,2026-03-05 10:33:00.000 +0530
XXXX109X0240,3750.0,2026-03-05 10:33:00.000 +0530
XXXX109X0305,2861.0,2026-03-05 10:33:00.000 +0530
XXXX109X0307,5586.0,2026-03-05 10:33:00.000 +0530
XXXX109X0310,3078.0,2026-03-05 10:33:00.000 +0530
XXXX109X0338,4196.0,2026-03-05 10:33:00.000 +0530
XXXX109X0352,4003.0,2026-03-05 10:33:00.000 +0530
XXXX109X0377,4730.0,2026-03-05 10:33:00.000 +0530
XXXX109X0394,2834.0,2026-03-05 10:33:00.000 +0530
XXXX109X0404,2763.0,2026-03-05 10:33:00.000 +0530
XXXX109X0412,3158.0,2026-03-05 10:33:00.000 +0530
XXXX109X0423,3449.0,2026-03-05 10:33:00.000 +0530
XXXX109X0475,2328.0,2026-03-05 10:33:00.000 +0530
XXXX109X0486,3461.0,2026-03-05 10:33:00.000 +0530
XXXX109X0509,4534.0,2026-03-05 10:33:00.000 +0530
XXXX109X0510,3128.0,2026-03-05 10:33:00.000 +0530
XXXX109X0526,3337.0,2026-03-05 10:33:00.000 +0530
XXXX109X0544,8838.0,2026-03-05 10:33:00.000 +0530
XXXX109X0574,4197.0,2026-03-05 10:33:00.000 +0530
XXXX109X0580,4669.0,2026-03-05 10:33:00.000 +0530
XXXX109X0599,3059.0,2026-03-05 10:33:00.000 +0530
XXXX109X0614,4296.0,2026-03-05 10:33:00.000 +0530
XXXX109X0657,3441.0,2026-03-05 10:33:00.000 +0530
XXXX109X0669,3223.0,2026-03-05 10:33:00.000 +0530
XXXX109X0680,4042.0,2026-03-05 10:33:00.000 +0530
XXXX109X0690,2479.0,2026-03-05 10:33:00.000 +0530
XXXX109X0696,3891.0,2026-03-05 10:33:00.000 +0530
XXXX109X0700,3130.0,2026-03-05 10:33:00.000 +0530
XXXX109X0710,3332.0,2026-03-05 10:33:00.000 +0530
XXXX109X0740,4643.0,2026-03-05 10:33:00.000 +0530
XXXX109X0755,3402.0,2026-03-05 10:33:00.000 +0530
XXXX109X0760,4145.0,2026-03-05 10:33:00.000 +0530
XXXX109X0779,3783.0,2026-03-05 10:33:00.000 +0530
XXXX109X0782,3225.0,2026-03-05 10:33:00.000 +0530
XXXX109X0791,5609.0,2026-03-05 10:33:00.000 +0530
XXXX109X0828,2939.0,2026-03-05 10:33:00.000 +0530
XXXX109X0846,3368.0,2026-03-05 10:33:00.000 +0530
XXXX109X0894,3187.0,2026-03-05 10:33:00.000 +0530
XXXX109X0919,3770.0,2026-03-05 10:33:00.000 +0530
XXXX109X0947,4520.0,2026-03-05 10:33:00.000 +0530
XXXX109X0963,3318.0,2026-03-05 10:33:00.000 +0530
XXXX109X0981,3902.0,2026-03-05 10:33:00.000 +0530
XXXX109X0990,2616.0,2026-03-05 10:33:00.000 +0530
XXXX109X0998,4974.0,2026-03-05 10:33:00.000 +0530
XXXX109X1014,3460.0,2026-03-05 10:33:00.000 +0530
XXXX109X1041,3366.0,2026-03-05 10:33:00.000 +0530
XXXX109X1107,4549.0,2026-03-05 10:33:00.000 +0530
XXXX109X1181,3120.0,2026-03-05 10:33:00.000 +0530
XXXX109X1215,3587.0,2026-03-05 10:33:00.000 +0530
XXXX109X1233,4792.0,2026-03-05 10:33:00.000 +0530
XXXX109X1295,3944.0,2026-03-05 10:33:00.000 +0530
XXXX109X1316,3435.0,2026-03-05 10:33:00.000 +0530
XXXX109X1326,4384.0,2026-03-05 10:33:00.000 +0530
XXXX109X1440,3814.0,2026-03-05 10:33:00.000 +0530
XXXX109X1457,3490.0,2026-03-05 10:33:00.000 +0530
XXXX109X1556,2811.0,2026-03-05 10:33:00.000 +0530
XXXX109X1574,2971.0,2026-03-05 10:33:00.000 +0530
XXXX109X1577,4690.0,2026-03-05 10:33:00.000 +0530
XXXX109X1615,3244.0,2026-03-05 10:33:00.000 +0530
XXXX109X1685,2771.0,2026-03-05 10:33:00.000 +0530
XXXX109X1697,2809.0,2026-03-05 10:33:00.000 +0530
XXXX109X1747,3480.0,2026-03-05 10:33:00.000 +0530
XXXX109X1777,2556.0,2026-03-05 10:33:00.000 +0530
XXXX109X1784,4588.0,2026-03-05 10:33:00.000 +0530
XXXX109X1797,3123.0,2026-03-05 10:33:00.000 +0530
XXXX109X1809,3353.0,2026-03-05 10:33:00.000 +0530
XXXX109X1820,3530.0,2026-03-05 10:33:00.000 +0530
XXXX109X1966,3897.0,2026-03-05 10:33:00.000 +0530
XXXX109X1977,3990.0,2026-03-05 10:33:00.000 +0530
XXXX109X1989,3623.0,2026-03-05 10:33:00.000 +0530
XXXX109X1997,3919.0,2026-03-05 10:33:00.000 +0530
XXXX109X2029,4567.0,2026-03-05 10:33:00.000 +0530
XXXX109X2055,4779.0,2026-03-05 10:33:00.000 +0530
XXXX109X2065,5200.0,2026-03-05 10:33:00.000 +0530
XXXX109X2078,3116.0,2026-03-05 10:33:00.000 +0530
XXXX109X2086,3891.0,2026-03-05 10:33:00.000 +0530
XXXX109X2087,5583.0,2026-03-05 10:33:00.000 +0530
XXXX109X2096,2591.0,2026-03-05 10:33:00.000 +0530
XXXX109X2097,2548.0,2026-03-05 10:33:00.000 +0530
XXXX109X2111,6770.0,2026-03-05 10:33:00.000 +0530
XXXX109X2135,3386.0,2026-03-05 10:33:00.000 +0530
XXXX109X2149,2475.0,2026-03-05 10:33:00.000 +0530
XXXX109X2211,4646.0,2026-03-05 10:33:00.000 +0530
XXXX109X2221,3668.0,2026-03-05 10:33:00.000 +0530
XXXX109X2237,5648.0,2026-03-05 10:33:00.000 +0530
XXXX109X2255,2903.0,2026-03-05 10:33:00.000 +0530
XXXX109X2270,3843.0,2026-03-05 10:33:00.000 +0530
XXXX109X2288,5379.0,2026-03-05 10:33:00.000 +0530
XXXX109X2309,2632.0,2026-03-05 10:33:00.000 +0530
XXXX109X2316,4721.0,2026-03-05 10:33:00.000 +0530
XXXX109X2334,6369.0,2026-03-05 10:33:00.000 +0530
XXXX109X2367,3209.0,2026-03-05 10:33:00.000 +0530
XXXX109X2385,3485.0,2026-03-05 10:33:00.000 +0530
XXXX109X2394,3509.0,2026-03-05 10:33:00.000 +0530
XXXX109X2400,4119.0,2026-03-05 10:33:00.000 +0530
XXXX109X2439,2939.0,2026-03-05 10:33:00.000 +0530
XXXX109X2462,3711.0,2026-03-05 10:33:00.000 +0530
XXXX109X2474,6724.0,2026-03-05 10:33:00.000 +0530
XXXX109X2488,3490.0,2026-03-05 10:33:00.000 +0530
XXXX109X2567,6253.0,2026-03-05 10:33:00.000 +0530
XXXX109X2590,3048.0,2026-03-05 10:33:00.000 +0530
XXXX109X2606,3336.0,2026-03-05 10:33:00.000 +0530
XXXX109X2620,3433.0,2026-03-05 10:33:00.000 +0530
XXXX109X2728,5244.0,2026-03-05 10:33:00.000 +0530
XXXX109X2744,3513.0,2026-03-05 10:33:00.000 +0530
XXXX109X2757,5130.0,2026-03-05 10:33:00.000 +0530
XXXX109X2775,5653.0,2026-03-05 10:33:00.000 +0530
XXXX109X2780,3731.0,2026-03-05 10:33:00.000 +0530
XXXX109X2846,3490.0,2026-03-05 10:33:00.000 +0530
XXXX109X2898,4245.0,2026-03-05 10:33:00.000 +0530
XXXX109X2918,5616.0,2026-03-05 10:33:00.000 +0530
XXXX109X2926,3614.0,2026-03-05 10:33:00.000 +0530
XXXX109X2931,3524.0,2026-03-05 10:33:00.000 +0530
XXXX109X2934,5540.0,2026-03-05 10:33:00.000 +0530
XXXX109X2985,4758.0,2026-03-05 10:33:00.000 +0530
XXXX109X3028,3112.0,2026-03-05 10:33:00.000 +0530
XXXX109X3039,3515.0,2026-03-05 10:33:00.000 +0530
XXXX109X3043,4594.0,2026-03-05 10:33:00.000 +0530
XXXX109X3066,4766.0,2026-03-05 10:33:00.000 +0530
XXXX109X3085,5458.0,2026-03-05 10:33:00.000 +0530
XXXX109X3133,4024.0,2026-03-05 10:33:00.000 +0530
XXXX109X3175,2660.0,2026-03-05 10:33:00.000 +0530
XXXX109X3197,3480.0,2026-03-05 10:33:00.000 +0530
XXXX109X3201,5799.0,2026-03-05 10:33:00.000 +0530
XXXX109X3281,6192.0,2026-03-05 10:33:00.000 +0530
XXXX109X3312,4327.0,2026-03-05 10:33:00.000 +0530
XXXX109X3319,2836.0,2026-03-05 10:33:00.000 +0530
XXXX109X3329,5081.0,2026-03-05 10:33:00.000 +0530
XXXX109X3335,4028.0,2026-03-05 10:33:00.000 +0530
XXXX109X3350,3963.0,2026-03-05 10:33:00.000 +0530
XXXX109X3410,3359.0,2026-03-05 10:33:00.000 +0530
XXXX109X3428,3221.0,2026-03-05 10:33:00.000 +0530
XXXX109X3447,1881.0,2026-03-05 10:33:00.000 +0530
XXXX109X3464,3695.0,2026-03-05 10:33:00.000 +0530
XXXX109X3479,3988.0,2026-03-05 10:33:00.000 +0530
XXXX109X3533,4040.0,2026-03-05 10:33:00.000 +0530
XXXX109X3579,3531.0,2026-03-05 10:33:00.000 +0530
XXXX109X3582,4783.0,2026-03-05 10:33:00.000 +0530
XXXX109X3607,3379.0,2026-03-05 10:33:00.000 +0530
XXXX109X3632,3008.0,2026-03-05 10:33:00.000 +0530
XXXX109X3634,2969.0,2026-03-05 10:33:00.000 +0530
XXXX109X3678,4451.0,2026-03-05 10:33:00.000 +0530
XXXX109X3720,3683.0,2026-03-05 10:33:00.000 +0530
XXXX109X3739,4211.0,2026-03-05 10:33:00.000 +0530
XXXX109X3809,3559.0,2026-03-05 10:33:00.000 +0530
XXXX109X3815,3368.0,2026-03-05 10:33:00.000 +0530
XXXX109X3863,3209.0,2026-03-05 10:33:00.000 +0530
XXXX109X3873,3607.0,2026-03-05 10:33:00.000 +0530
XXXX109X3876,6588.0,2026-03-05 10:33:00.000 +0530
XXXX109X3967,7462.0,2026-03-05 10:33:00.000 +0530
XXXX109X3974,3903.0,2026-03-05 10:33:00.000 +0530
XXXX109X3988,3225.0,2026-03-05 10:33:00.000 +0530
XXXX109X4009,3508.0,2026-03-05 10:33:00.000 +0530
XXXX109X4036,3236.0,2026-03-05 10:33:00.000 +0530
XXXX109X4058,3776.0,2026-03-05 10:33:00.000 +0530
XXXX109X4081,3424.0,2026-03-05 10:33:00.000 +0530
XXXX109X4135,3646.0,2026-03-05 10:33:00.000 +0530
XXXX109X4142,3198.0,2026-03-05 10:33:00.000 +0530
XXXX109X4186,3353.0,2026-03-05 10:33:00.000 +0530
XXXX109X4216,3176.0,2026-03-05 10:33:00.000 +0530
XXXX109X4242,4916.0,2026-03-05 10:33:00.000 +0530
XXXX109X4282,3924.0,2026-03-05 10:33:00.000 +0530
XXXX109X4283,3697.0,2026-03-05 10:33:00.000 +0530
XXXX109X4301,2849.0,2026-03-05 10:33:00.000 +0530
XXXX109X4328,3527.0,2026-03-05 10:33:00.000 +0530
XXXX109X4331,3406.0,2026-03-05 10:33:00.000 +0530
XXXX109X4347,4118.0,2026-03-05 10:33:00.000 +0530
XXXX109X4357,4504.0,2026-03-05 10:33:00.000 +0530
XXXX109X4377,3556.0,2026-03-05 10:33:00.000 +0530
XXXX109X4391,4249.0,2026-03-05 10:33:00.000 +0530
XXXX109X4408,6579.0,2026-03-05 10:33:00.000 +0530
XXXX109X4426,4513.0,2026-03-05 10:33:00.000 +0530
XXXX109X4470,3903.0,2026-03-05 10:33:00.000 +0530
XXXX109X4517,3891.0,2026-03-05 10:33:00.000 +0530
XXXX109X4529,3777.0,2026-03-05 10:33:00.000 +0530
XXXX109X4584,2022.0,2026-03-05 10:33:00.000 +0530
XXXX109X4611,5026.0,2026-03-05 10:33:00.000 +0530
XXXX109X4631,5290.0,2026-03-05 10:33:00.000 +0530
XXXX109X4635,3000.0,2026-03-05 10:33:00.000 +0530
XXXX109X4714,3821.0,2026-03-05 10:33:00.000 +0530
XXXX109X4783,6957.0,2026-03-05 10:33:00.000 +0530
XXXX109X4796,3493.0,2026-03-05 10:33:00.000 +0530
XXXX109X4808,6513.0,2026-03-05 10:33:00.000 +0530
XXXX109X4809,4363.0,2026-03-05 10:33:00.000 +0530
XXXX109X4817,3247.0,2026-03-05 10:33:00.000 +0530
XXXX109X4839,4600.0,2026-03-05 10:33:00.000 +0530
XXXX109X4853,3191.0,2026-03-05 10:33:00.000 +0530
XXXX109X4885,3287.0,2026-03-05 10:33:00.000 +0530
XXXX109X4899,3513.0,2026-03-05 10:33:00.000 +0530
XXXX109X4900,3387.0,2026-03-05 10:33:00.000 +0530
XXXX109X4919,3908.0,2026-03-05 10:33:00.000 +0530
XXXX109X4920,6579.0,2026-03-05 10:33:00.000 +0530
XXXX109X4922,2621.0,2026-03-05 10:33:00.000 +0530
XXXX109X5121,6844.0,2026-03-05 10:33:00.000 +0530
XXXX109X5126,2676.0,2026-03-05 10:33:00.000 +0530
XXXX109X5145,2853.0,2026-03-05 10:33:00.000 +0530
XXXX109X5154,3340.0,2026-03-05 10:33:00.000 +0530
XXXX109X5190,2471.0,2026-03-05 10:33:00.000 +0530
XXXX109X5447,3191.0,2026-03-05 10:33:00.000 +0530
XXXX109X5449,3108.0,2026-03-05 10:33:00.000 +0530
XXXX109X5461,3364.0,2026-03-05 10:33:00.000 +0530
XXXX109X5463,4341.0,2026-03-05 10:33:00.000 +0530
XXXX109X5476,3254.0,2026-03-05 10:33:00.000 +0530
XXXX109X5503,3539.0,2026-03-05 10:33:00.000 +0530
XXXX109X5512,4473.0,2026-03-05 10:33:00.000 +0530
XXXX109X5523,3627.0,2026-03-05 10:33:00.000 +0530
XXXX109X5524,5616.0,2026-03-05 10:33:00.000 +0530
XXXX109X5525,2601.0,2026-03-05 10:33:00.000 +0530
XXXX109X5560,4971.0,2026-03-05 10:33:00.000 +0530
XXXX109X5561,4513.0,2026-03-05 10:33:00.000 +0530
XXXX109X5570,3286.0,2026-03-05 10:33:00.000 +0530
XXXX109X5589,3215.0,2026-03-05 10:33:00.000 +0530
XXXX109X5597,4223.0,2026-03-05 10:33:00.000 +0530
XXXX109X5621,3559.0,2026-03-05 10:33:00.000 +0530
XXXX109X5622,2919.0,2026-03-05 10:33:00.000 +0530
XXXX109X5659,3952.0,2026-03-05 10:33:00.000 +0530
XXXX109X5777,2978.0,2026-03-05 10:33:00.000 +0530
XXXX109X5801,1831.0,2026-03-05 10:33:00.000 +0530
XXXX109X5826,4678.0,2026-03-05 10:33:00.000 +0530
XXXX109X5843,3242.0,2026-03-05 10:33:00.000 +0530
XXXX109X5870,4081.0,2026-03-05 10:33:00.000 +0530
XXXX109X5871,7794.0,2026-03-05 10:33:00.000 +0530
XXXX109X5895,2630.0,2026-03-05 10:33:00.000 +0530
XXXX109X5901,4654.0,2026-03-05 10:33:00.000 +0530
XXXX109X5903,3634.0,2026-03-05 10:33:00.000 +0530
XXXX109X5915,4513.0,2026-03-05 10:33:00.000 +0530
XXXX109X5923,3829.0,2026-03-05 10:33:00.000 +0530
XXXX109X5959,2269.0,2026-03-05 10:33:00.000 +0530
XXXX109X5983,4961.0,2026-03-05 10:33:00.000 +0530
XXXX109X6038,4079.0,2026-03-05 10:33:00.000 +0530
XXXX109X6039,3401.0,2026-03-05 10:33:00.000 +0530
XXXX109X6047,3198.0,2026-03-05 10:33:00.000 +0530
XXXX109X6093,2575.0,2026-03-05 10:33:00.000 +0530
XXXX109X6135,4052.0,2026-03-05 10:33:00.000 +0530
XXXX109X6144,3324.0,2026-03-05 10:33:00.000 +0530
XXXX109X6171,3229.0,2026-03-05 10:33:00.000 +0530
XXXX109X6193,3414.0,2026-03-05 10:33:00.000 +0530
XXXX109X6199,2887.0,2026-03-05 10:33:00.000 +0530
XXXX109X6236,3097.0,2026-03-05 10:33:00.000 +0530
XXXX109X6254,3891.0,2026-03-05 10:33:00.000 +0530
XXXX109X6269,3101.0,2026-03-05 10:33:00.000 +0530
XXXX109X6279,3182.0,2026-03-05 10:33:00.000 +0530
XXXX109X6364,4706.0,2026-03-05 10:33:00.000 +0530
XXXX109X6372,4028.0,2026-03-05 10:33:00.000 +0530
XXXX109X6423,3270.0,2026-03-05 10:33:00.000 +0530
XXXX109X6489,3540.0,2026-03-05 10:33:00.000 +0530
XXXX109X6511,3433.0,2026-03-05 10:33:00.000 +0530
XXXX109X6534,4373.0,2026-03-05 10:33:00.000 +0530
XXXX109X6537,2861.0,2026-03-05 10:33:00.000 +0530
XXXX109X6542,3715.0,2026-03-05 10:33:00.000 +0530
XXXX109X6555,3140.0,2026-03-05 10:33:00.000 +0530
XXXX109X6561,6316.0,2026-03-05 10:33:00.000 +0530
XXXX109X6611,3887.0,2026-03-05 10:33:00.000 +0530
XXXX109X6789,3280.0,2026-03-05 10:33:00.000 +0530
XXXX109X6793,3033.0,2026-03-05 10:33:00.000 +0530
XXXX109X6834,3122.0,2026-03-05 10:33:00.000 +0530
XXXX109X6842,6600.0,2026-03-05 10:33:00.000 +0530
XXXX109X6877,3267.0,2026-03-05 10:33:00.000 +0530
XXXX109X6897,3463.0,2026-03-05 10:33:00.000 +0530
XXXX109X6905,6579.0,2026-03-05 10:33:00.000 +0530
XXXX109X6917,4037.0,2026-03-05 10:33:00.000 +0530
XXXX109X7070,3843.0,2026-03-05 10:33:00.000 +0530
XXXX109X7116,4257.0,2026-03-05 10:33:00.000 +0530
XXXX109X7128,4341.0,2026-03-05 10:33:00.000 +0530
XXXX109X7154,3036.0,2026-03-05 10:33:00.000 +0530
XXXX109X7184,2784.0,2026-03-05 10:33:00.000 +0530
XXXX109X7188,3380.0,2026-03-05 10:33:00.000 +0530
XXXX109X7199,2853.0,2026-03-05 10:33:00.000 +0530
XXXX109X7221,5218.0,2026-03-05 10:33:00.000 +0530
XXXX109X7274,3611.0,2026-03-05 10:33:00.000 +0530
XXXX109X7285,5019.0,2026-03-05 10:33:00.000 +0530
XXXX109X7287,3509.0,2026-03-05 10:33:00.000 +0530
XXXX109X7314,2842.0,2026-03-05 10:33:00.000 +0530
XXXX109X7318,3319.0,2026-03-05 10:33:00.000 +0530
XXXX109X7322,3584.0,2026-03-05 10:33:00.000 +0530
XXXX109X7326,4576.0,2026-03-05 10:33:00.000 +0530
XXXX109X7437,4196.0,2026-03-05 10:33:00.000 +0530
XXXX109X7452,3128.0,2026-03-05 10:33:00.000 +0530
XXXX109X7470,4126.0,2026-03-05 10:33:00.000 +0530
XXXX109X7577,4225.0,2026-03-05 10:33:00.000 +0530
XXXX109X7646,3143.0,2026-03-05 10:33:00.000 +0530
XXXX109X7647,4311.0,2026-03-05 10:33:00.000 +0530
XXXX109X7753,3097.0,2026-03-05 10:33:00.000 +0530
XXXX109X7766,3125.0,2026-03-05 10:33:00.000 +0530
XXXX109X7818,4664.0,2026-03-05 10:33:00.000 +0530
XXXX109X7820,3624.0,2026-03-05 10:33:00.000 +0530
XXXX109X7822,3261.0,2026-03-05 10:33:00.000 +0530
XXXX109X7834,3480.0,2026-03-05 10:33:00.000 +0530
XXXX109X7902,3433.0,2026-03-05 10:33:00.000 +0530
XXXX109X7929,4796.0,2026-03-05 10:33:00.000 +0530
XXXX109X7939,3856.0,2026-03-05 10:33:00.000 +0530
XXXX109X8028,3971.0,2026-03-05 10:33:00.000 +0530
XXXX109X8045,2521.0,2026-03-05 10:33:00.000 +0530
XXXX109X8096,4311.0,2026-03-05 10:33:00.000 +0530
XXXX109X8118,3166.0,2026-03-05 10:33:00.000 +0530
XXXX109X8137,4938.0,2026-03-05 10:33:00.000 +0530
XXXX109X8173,5724.0,2026-03-05 10:33:00.000 +0530
XXXX109X8175,3836.0,2026-03-05 10:33:00.000 +0530
XXXX109X8199,3735.0,2026-03-05 10:33:00.000 +0530
XXXX109X8207,3065.0,2026-03-05 10:33:00.000 +0530
XXXX109X8210,5937.0,2026-03-05 10:33:00.000 +0530
XXXX109X8229,4793.0,2026-03-05 10:33:00.000 +0530
XXXX109X8233,2907.0,2026-03-05 10:33:00.000 +0530
XXXX109X8277,4380.0,2026-03-05 10:33:00.000 +0530
XXXX109X8317,2565.0,2026-03-05 10:33:00.000 +0530
XXXX109X8395,3759.0,2026-03-05 10:33:00.000 +0530
XXXX109X8418,3490.0,2026-03-05 10:33:00.000 +0530
XXXX109X8423,4158.0,2026-03-05 10:33:00.000 +0530
XXXX109X8426,4593.0,2026-03-05 10:33:00.000 +0530
XXXX109X8429,3939.0,2026-03-05 10:33:00.000 +0530
XXXX109X8433,2823.0,2026-03-05 10:33:00.000 +0530
XXXX109X8445,4130.0,2026-03-05 10:33:00.000 +0530
XXXX109X8449,2169.0,2026-03-05 10:33:00.000 +0530
XXXX109X8458,4731.0,2026-03-05 10:33:00.000 +0530
XXXX109X8480,2841.0,2026-03-05 10:33:00.000 +0530
XXXX109X8554,3485.0,2026-03-05 10:33:00.000 +0530
XXXX109X8557,5356.0,2026-03-05 10:33:00.000 +0530
XXXX109X8625,3136.0,2026-03-05 10:33:00.000 +0530
XXXX109X8627,6294.0,2026-03-05 10:33:00.000 +0530
XXXX109X8629,2617.0,2026-03-05 10:33:00.000 +0530
XXXX109X8636,3575.0,2026-03-05 10:33:00.000 +0530
XXXX109X8637,3854.0,2026-03-05 10:33:00.000 +0530
XXXX109X8643,3433.0,2026-03-05 10:33:00.000 +0530
XXXX109X8647,3542.0,2026-03-05 10:33:00.000 +0530
XXXX109X8651,5130.0,2026-03-05 10:33:00.000 +0530
XXXX109X8658,3109.0,2026-03-05 10:33:00.000 +0530
XXXX109X8670,2433.0,2026-03-05 10:33:00.000 +0530
XXXX109X8708,3406.0,2026-03-05 10:33:00.000 +0530
XXXX109X8711,5700.0,2026-03-05 10:33:00.000 +0530
XXXX109X8719,5362.0,2026-03-05 10:33:00.000 +0530
XXXX109X8722,3712.0,2026-03-05 10:33:00.000 +0530
XXXX109X8753,2629.0,2026-03-05 10:33:00.000 +0530
XXXX109X8758,5964.0,2026-03-05 10:33:00.000 +0530
XXXX109X8759,3706.0,2026-03-05 10:33:00.000 +0530
XXXX109X8792,3345.0,2026-03-05 10:33:00.000 +0530
XXXX109X8810,3533.0,2026-03-05 10:33:00.000 +0530
XXXX109X8816,5434.0,2026-03-05 10:33:00.000 +0530
XXXX109X8828,4295.0,2026-03-05 10:33:00.000 +0530
XXXX109X8829,2722.0,2026-03-05 10:33:00.000 +0530
XXXX109X8856,3771.0,2026-03-05 10:33:00.000 +0530
XXXX109X8871,3461.0,2026-03-05 10:33:00.000 +0530
XXXX109X8877,3845.0,2026-03-05 10:33:00.000 +0530
XXXX109X8878,3179.0,2026-03-05 10:33:00.000 +0530
XXXX109X8882,3557.0,2026-03-05 10:33:00.000 +0530
XXXX109X8883,3603.0,2026-03-05 10:33:00.000 +0530
XXXX109X8906,3646.0,2026-03-05 10:33:00.000 +0530
XXXX109X8941,4130.0,2026-03-05 10:33:00.000 +0530
XXXX109X8948,4799.0,2026-03-05 10:33:00.000 +0530
XXXX109X8950,3298.0,2026-03-05 10:33:00.000 +0530
XXXX109X8960,2668.0,2026-03-05 10:33:00.000 +0530
XXXX109X8964,4081.0,2026-03-05 10:33:00.000 +0530
XXXX109X8978,5171.0,2026-03-05 10:33:00.000 +0530
XXXX109X8983,3422.0,2026-03-05 10:33:00.000 +0530
XXXX109X9001,3886.0,2026-03-05 10:33:00.000 +0530
XXXX109X9003,3753.0,2026-03-05 10:33:00.000 +0530
XXXX109X9034,3509.0,2026-03-05 10:33:00.000 +0530
XXXX109X9056,2552.0,2026-03-05 10:33:00.000 +0530
XXXX109X9074,5329.0,2026-03-05 10:33:00.000 +0530
XXXX109X9080,3561.0,2026-03-05 10:33:00.000 +0530
XXXX109X9199,3994.0,2026-03-05 10:33:00.000 +0530
XXXX109X9232,3519.0,2026-03-05 10:33:00.000 +0530
XXXX109X9286,2827.0,2026-03-05 10:33:00.000 +0530
XXXX109X9338,3604.0,2026-03-05 10:33:00.000 +0530
XXXX109X9341,3634.0,2026-03-05 10:33:00.000 +0530
XXXX109X9347,3992.0,2026-03-05 10:33:00.000 +0530
XXXX109X9406,3186.0,2026-03-05 10:33:00.000 +0530
XXXX109X9433,4158.0,2026-03-05 10:33:00.000 +0530
XXXX109X9523,4421.0,2026-03-05 10:33:00.000 +0530
XXXX109X9557,4363.0,2026-03-05 10:33:00.000 +0530
XXXX109X9563,3603.0,2026-03-05 10:33:00.000 +0530
XXXX109X9619,3362.0,2026-03-05 10:33:00.000 +0530
XXXX109X9676,4405.0,2026-03-05 10:33:00.000 +0530
XXXX109X9686,3292.0,2026-03-05 10:33:00.000 +0530
XXXX109X9712,3923.0,2026-03-05 10:33:00.000 +0530
XXXX109X9715,2566.0,2026-03-05 10:33:00.000 +0530
XXXX109X9778,4146.0,2026-03-05 10:33:00.000 +0530
XXXX109X9815,3338.0,2026-03-05 10:33:00.000 +0530
XXXX109X9826,4013.0,2026-03-05 10:33:00.000 +0530
XXXX109X9833,3216.0,2026-03-05 10:33:00.000 +0530
XXXX109X9839,3639.0,2026-03-05 10:33:00.000 +0530
XXXX109X9840,3397.0,2026-03-05 10:33:00.000 +0530
XXXX109X9877,3223.0,2026-03-05 10:33:00.000 +0530
XXXX109X9879,3566.0,2026-03-05 10:33:00.000 +0530
XXXX109X9882,2320.0,2026-03-05 10:33:00.000 +0530
XXXX109X9889,3830.0,2026-03-05 10:33:00.000 +0530
XXXX109X9895,2954.0,2026-03-05 10:33:00.000 +0530
XXXX109X9907,2899.0,2026-03-05 10:33:00.000 +0530
XXXX109X9911,3310.0,2026-03-05 10:33:00.000 +0530
XXXX109X9916,3069.0,2026-03-05 10:33:00.000 +0530
XXXX109X9919,3712.0,2026-03-05 10:33:00.000 +0530
XXXX109X9922,4484.0,2026-03-05 10:33:00.000 +0530
XXXX109X9980,4383.0,2026-03-05 10:33:00.000 +0530
XXXX109X9985,4265.0,2026-03-05 10:33:00.000 +0530
XXXX109X9995,4580.0,2026-03-05 10:33:00.000 +0530
XXXX110X5219,6395.0,2026-03-05 10:33:00.000 +0530
XXXX110X5404,5477.0,2026-03-05 10:33:00.000 +0530
XXXX110X5468,3928.0,2026-03-05 10:33:00.000 +0530
XXXX110X5583,3683.0,2026-03-05 10:33:00.000 +0530
XXXX110X5662,4436.0,2026-03-05 10:33:00.000 +0530
XXXX110X5981,4503.0,2026-03-05 10:33:00.000 +0530
XXXX110X6245,3082.0,2026-03-05 10:33:00.000 +0530
XXXX110X6254,3134.0,2026-03-05 10:33:00.000 +0530
XXXX110X6421,3280.0,2026-03-05 10:33:00.000 +0530
XXXX110X6430,3136.0,2026-03-05 10:33:00.000 +0530
XXXX110X6500,4061.0,2026-03-05 10:33:00.000 +0530
XXXX110X6634,6387.0,2026-03-05 10:33:00.000 +0530
XXXX110X6661,5231.0,2026-03-05 10:33:00.000 +0530
XXXX110X6926,4054.0,2026-03-05 10:33:00.000 +0530
XXXX110X7022,4296.0,2026-03-05 10:33:00.000 +0530
XXXX110X8128,3714.0,2026-03-05 10:33:00.000 +0530
XXXX110X8207,4876.0,2026-03-05 10:33:00.000 +0530
XXXX110X8386,4059.0,2026-03-05 10:33:00.000 +0530
XXXX110X8483,3627.0,2026-03-05 10:33:00.000 +0530
XXXX111X0549,3260.0,2026-03-05 10:33:00.000 +0530
XXXX111X0658,3319.0,2026-03-05 10:33:00.000 +0530
XXXX111X0816,5309.0,2026-03-05 10:33:00.000 +0530
XXXX111X1089,4669.0,2026-03-05 10:33:00.000 +0530
XXXX111X1356,4426.0,2026-03-05 10:33:00.000 +0530
XXXX111X1450,2822.0,2026-03-05 10:33:00.000 +0530
XXXX111X1788,4506.0,2026-03-05 10:33:00.000 +0530
XXXX111X1982,6987.0,2026-03-05 10:33:00.000 +0530
XXXX111X2072,3631.0,2026-03-05 10:33:00.000 +0530
XXXX111X2334,3068.0,2026-03-05 10:33:00.000 +0530
XXXX111X2577,3252.0,2026-03-05 10:33:00.000 +0530
XXXX111X2771,5152.0,2026-03-05 10:33:00.000 +0530
XXXX111X2948,3990.0,2026-03-05 10:33:00.000 +0530
XXXX111X2957,3902.0,2026-03-05 10:33:00.000 +0530
XXXX111X2975,4326.0,2026-03-05 10:33:00.000 +0530
XXXX111X3105,4384.0,2026-03-05 10:33:00.000 +0530
XXXX111X3272,4026.0,2026-03-05 10:33:00.000 +0530
XXXX111X3315,3342.0,2026-03-05 10:33:00.000 +0530
XXXX111X4572,3503.0,2026-03-05 10:33:00.000 +0530
XXXX111X5483,3659.0,2026-03-05 10:33:00.000 +0530
XXXX111X5517,2739.0,2026-03-05 10:33:00.000 +0530
XXXX111X5866,4979.0,2026-03-05 10:33:00.000 +0530
XXXX111X6209,3774.0,2026-03-05 10:33:00.000 +0530
XXXX111X6315,4218.0,2026-03-05 10:33:00.000 +0530
XXXX111X6419,2670.0,2026-03-05 10:33:00.000 +0530
XXXX111X6467,2762.0,2026-03-05 10:33:00.000 +0530
XXXX111X6519,2877.0,2026-03-05 10:33:00.000 +0530
XXXX111X6573,3402.0,2026-03-05 10:33:00.000 +0530
XXXX111X6589,4063.0,2026-03-05 10:33:00.000 +0530
XXXX111X6652,3328.0,2026-03-05 10:33:00.000 +0530
XXXX111X6735,3930.0,2026-03-05 10:33:00.000 +0530
XXXX111X6963,2708.0,2026-03-05 10:33:00.000 +0530
XXXX111X7633,3887.0,2026-03-05 10:33:00.000 +0530
XXXX111X7749,3644.0,2026-03-05 10:33:00.000 +0530
XXXX111X8304,3086.0,2026-03-05 10:33:00.000 +0530
XXXX111X9057,5000.0,2026-03-05 10:33:00.000 +0530
XXXX112X0035,3665.0,2026-03-05 10:33:00.000 +0530
XXXX112X0044,6166.0,2026-03-05 10:33:00.000 +0530
XXXX112X0050,2746.0,2026-03-05 10:33:00.000 +0530
XXXX112X0150,4241.0,2026-03-05 10:33:00.000 +0530
XXXX112X0178,3318.0,2026-03-05 10:33:00.000 +0530
XXXX112X0333,3677.0,2026-03-05 10:33:00.000 +0530
XXXX112X0342,5228.0,2026-03-05 10:33:00.000 +0530
XXXX112X0351,5234.0,2026-03-05 10:33:00.000 +0530
XXXX112X0397,5879.0,2026-03-05 10:33:00.000 +0530
XXXX112X0403,4905.0,2026-03-05 10:33:00.000 +0530
XXXX112X0405,4555.0,2026-03-05 10:33:00.000 +0530
XXXX112X0426,3500.0,2026-03-05 10:33:00.000 +0530
XXXX112X0503,4143.0,2026-03-05 10:33:00.000 +0530
XXXX112X0779,2961.0,2026-03-05 10:33:00.000 +0530
XXXX112X0864,3788.0,2026-03-05 10:33:00.000 +0530
XXXX112X0907,3695.0,2026-03-05 10:33:00.000 +0530
XXXX112X1200,3047.0,2026-03-05 10:33:00.000 +0530
XXXX112X1217,2708.0,2026-03-05 10:33:00.000 +0530
XXXX112X1244,5414.0,2026-03-05 10:33:00.000 +0530
XXXX112X1280,3888.0,2026-03-05 10:33:00.000 +0530
XXXX112X1389,5337.0,2026-03-05 10:33:00.000 +0530
XXXX112X1404,3182.0,2026-03-05 10:33:00.000 +0530
XXXX112X1539,3461.0,2026-03-05 10:33:00.000 +0530
XXXX112X1615,3337.0,2026-03-05 10:33:00.000 +0530
XXXX112X1633,7066.0,2026-03-05 10:33:00.000 +0530
XXXX112X1748,4353.0,2026-03-05 10:33:00.000 +0530
XXXX112X1841,4332.0,2026-03-05 10:33:00.000 +0530
XXXX112X1884,3503.0,2026-03-05 10:33:00.000 +0530
XXXX112X1890,3220.0,2026-03-05 10:33:00.000 +0530
XXXX112X2026,3486.0,2026-03-05 10:33:00.000 +0530
XXXX112X2041,3291.0,2026-03-05 10:33:00.000 +0530
XXXX112X2118,3413.0,2026-03-05 10:33:00.000 +0530
XXXX112X2181,3162.0,2026-03-05 10:33:00.000 +0530
XXXX112X2430,4405.0,2026-03-05 10:33:00.000 +0530
XXXX112X2446,4091.0,2026-03-05 10:33:00.000 +0530
XXXX112X2544,4005.0,2026-03-05 10:33:00.000 +0530
XXXX112X2640,2552.0,2026-03-05 10:33:00.000 +0530
XXXX112X2713,5066.0,2026-03-05 10:33:00.000 +0530
XXXX112X2726,3574.0,2026-03-05 10:33:00.000 +0530
XXXX112X2801,3086.0,2026-03-05 10:33:00.000 +0530
XXXX112X2844,3838.0,2026-03-05 10:33:00.000 +0530
XXXX112X2992,4572.0,2026-03-05 10:33:00.000 +0530
XXXX112X3004,3306.0,2026-03-05 10:33:00.000 +0530
XXXX112X3077,5682.0,2026-03-05 10:33:00.000 +0530
XXXX112X3109,3910.0,2026-03-05 10:33:00.000 +0530
XXXX112X3122,5458.0,2026-03-05 10:33:00.000 +0530
XXXX112X3135,3561.0,2026-03-05 10:33:00.000 +0530
XXXX112X3162,2906.0,2026-03-05 10:33:00.000 +0530
XXXX112X3257,3574.0,2026-03-05 10:33:00.000 +0530
XXXX112X3336,4420.0,2026-03-05 10:33:00.000 +0530
XXXX112X3372,3871.0,2026-03-05 10:33:00.000 +0530
XXXX112X3446,7519.0,2026-03-05 10:33:00.000 +0530
XXXX112X3581,3096.0,2026-03-05 10:33:00.000 +0530
XXXX112X3594,5056.0,2026-03-05 10:33:00.000 +0530
XXXX112X3679,2897.0,2026-03-05 10:33:00.000 +0530
XXXX112X3746,2982.0,2026-03-05 10:33:00.000 +0530
XXXX112X3755,6415.0,2026-03-05 10:33:00.000 +0530
XXXX112X3800,4332.0,2026-03-05 10:33:00.000 +0530
XXXX112X3813,4014.0,2026-03-05 10:33:00.000 +0530
XXXX112X4085,6910.0,2026-03-05 10:33:00.000 +0530
XXXX112X4121,2850.0,2026-03-05 10:33:00.000 +0530
XXXX112X4238,7521.0,2026-03-05 10:33:00.000 +0530
XXXX112X4384,3850.0,2026-03-05 10:33:00.000 +0530
XXXX112X4418,5213.0,2026-03-05 10:33:00.000 +0530
XXXX112X4429,5659.0,2026-03-05 10:33:00.000 +0530
XXXX112X4465,5700.0,2026-03-05 10:33:00.000 +0530
XXXX112X4639,3353.0,2026-03-05 10:33:00.000 +0530
XXXX112X4684,3650.0,2026-03-05 10:33:00.000 +0530
XXXX112X4685,3509.0,2026-03-05 10:33:00.000 +0530
XXXX112X4867,2927.0,2026-03-05 10:33:00.000 +0530
XXXX112X4959,3349.0,2026-03-05 10:33:00.000 +0530
XXXX112X4976,3228.0,2026-03-05 10:33:00.000 +0530
XXXX112X5028,3242.0,2026-03-05 10:33:00.000 +0530
XXXX112X5124,5466.0,2026-03-05 10:33:00.000 +0530
XXXX112X5152,3375.0,2026-03-05 10:33:00.000 +0530
XXXX112X5157,5770.0,2026-03-05 10:33:00.000 +0530
XXXX112X5184,3711.0,2026-03-05 10:33:00.000 +0530
XXXX112X5213,3917.0,2026-03-05 10:33:00.000 +0530
XXXX112X5334,4043.0,2026-03-05 10:33:00.000 +0530
XXXX112X5347,5249.0,2026-03-05 10:33:00.000 +0530
XXXX112X5389,4755.0,2026-03-05 10:33:00.000 +0530
XXXX112X5452,3550.0,2026-03-05 10:33:00.000 +0530
XXXX112X5467,3410.0,2026-03-05 10:33:00.000 +0530
XXXX112X5620,6824.0,2026-03-05 10:33:00.000 +0530
XXXX112X5639,4073.0,2026-03-05 10:33:00.000 +0530
XXXX112X5727,4073.0,2026-03-05 10:33:00.000 +0530
XXXX112X5759,3154.0,2026-03-05 10:33:00.000 +0530
XXXX112X6009,3142.0,2026-03-05 10:33:00.000 +0530
XXXX112X6041,5551.0,2026-03-05 10:33:00.000 +0530
XXXX112X6110,3756.0,2026-03-05 10:33:00.000 +0530
XXXX112X6165,2760.0,2026-03-05 10:33:00.000 +0530
XXXX112X6311,3908.0,2026-03-05 10:33:00.000 +0530
XXXX112X6445,3236.0,2026-03-05 10:33:00.000 +0530
XXXX112X6883,11640.0,2026-03-05 10:33:00.000 +0530
XXXX112X6893,4439.0,2026-03-05 10:33:00.000 +0530
XXXX112X7049,4604.0,2026-03-05 10:33:00.000 +0530
XXXX112X7055,3510.0,2026-03-05 10:33:00.000 +0530
XXXX112X7128,5560.0,2026-03-05 10:33:00.000 +0530
XXXX112X7138,3280.0,2026-03-05 10:33:00.000 +0530
XXXX112X7192,3770.0,2026-03-05 10:33:00.000 +0530
XXXX112X7261,3394.0,2026-03-05 10:33:00.000 +0530
XXXX112X7509,5899.0,2026-03-05 10:33:00.000 +0530
XXXX112X7737,3433.0,2026-03-05 10:33:00.000 +0530
XXXX112X7834,2639.0,2026-03-05 10:33:00.000 +0530
XXXX112X7836,5303.0,2026-03-05 10:33:00.000 +0530
XXXX112X7924,4081.0,2026-03-05 10:33:00.000 +0530
XXXX112X7970,3475.0,2026-03-05 10:33:00.000 +0530
XXXX112X8039,3930.0,2026-03-05 10:33:00.000 +0530
XXXX112X8100,3120.0,2026-03-05 10:33:00.000 +0530
XXXX112X8233,5084.0,2026-03-05 10:33:00.000 +0530
XXXX112X8300,4596.0,2026-03-05 10:33:00.000 +0530
XXXX112X8504,3531.0,2026-03-05 10:33:00.000 +0530
XXXX112X8508,4176.0,2026-03-05 10:33:00.000 +0530
XXXX112X8513,4783.0,2026-03-05 10:33:00.000 +0530
XXXX112X8534,8411.0,2026-03-05 10:33:00.000 +0530
XXXX112X8832,4234.0,2026-03-05 10:33:00.000 +0530
XXXX112X8958,3395.0,2026-03-05 10:33:00.000 +0530
XXXX112X9026,5704.0,2026-03-05 10:33:00.000 +0530
XXXX112X9057,2746.0,2026-03-05 10:33:00.000 +0530
XXXX112X9148,9399.0,2026-03-05 10:33:00.000 +0530
XXXX112X9163,5543.0,2026-03-05 10:33:00.000 +0530
XXXX112X9214,3093.0,2026-03-05 10:33:00.000 +0530
XXXX112X9677,4748.0,2026-03-05 10:33:00.000 +0530
XXXX112X9686,2879.0,2026-03-05 10:33:00.000 +0530
XXXX113X0044,4907.0,2026-03-05 10:33:00.000 +0530
XXXX113X0278,4188.0,2026-03-05 10:33:00.000 +0530
XXXX113X0287,4017.0,2026-03-05 10:33:00.000 +0530
XXXX113X0716,4235.0,2026-03-05 10:33:00.000 +0530
XXXX113X0743,3005.0,2026-03-05 10:33:00.000 +0530
XXXX113X1082,2746.0,2026-03-05 10:33:00.000 +0530
XXXX113X1091,3428.0,2026-03-05 10:33:00.000 +0530
XXXX113X1730,3864.0,2026-03-05 10:33:00.000 +0530
XXXX113X1806,3315.0,2026-03-05 10:33:00.000 +0530
XXXX113X1891,4196.0,2026-03-05 10:33:00.000 +0530
XXXX113X2003,3952.0,2026-03-05 10:33:00.000 +0530
XXXX113X2045,5337.0,2026-03-05 10:33:00.000 +0530
XXXX113X2094,4990.0,2026-03-05 10:33:00.000 +0530
XXXX113X2443,3767.0,2026-03-05 10:33:00.000 +0530
XXXX113X2547,3861.0,2026-03-05 10:33:00.000 +0530
XXXX113X2577,3187.0,2026-03-05 10:33:00.000 +0530
XXXX113X2599,2877.0,2026-03-05 10:33:00.000 +0530
XXXX113X2717,2728.0,2026-03-05 10:33:00.000 +0530
XXXX113X2850,3620.0,2026-03-05 10:33:00.000 +0530
XXXX113X3288,3924.0,2026-03-05 10:33:00.000 +0530
XXXX113X3303,3297.0,2026-03-05 10:33:00.000 +0530
XXXX113X3360,3885.0,2026-03-05 10:33:00.000 +0530
XXXX113X3428,3625.0,2026-03-05 10:33:00.000 +0530
XXXX113X3530,3990.0,2026-03-05 10:33:00.000 +0530
XXXX113X3670,5066.0,2026-03-05 10:33:00.000 +0530
XXXX113X3759,2930.0,2026-03-05 10:33:00.000 +0530
XXXX113X4086,5022.0,2026-03-05 10:33:00.000 +0530
XXXX113X4238,3974.0,2026-03-05 10:33:00.000 +0530
XXXX113X4261,4050.0,2026-03-05 10:33:00.000 +0530
XXXX113X4511,3738.0,2026-03-05 10:33:00.000 +0530
XXXX113X4597,4126.0,2026-03-05 10:33:00.000 +0530
XXXX113X4658,3430.0,2026-03-05 10:33:00.000 +0530
XXXX113X4849,3774.0,2026-03-05 10:33:00.000 +0530
XXXX113X4989,2487.0,2026-03-05 10:33:00.000 +0530
XXXX113X5107,5264.0,2026-03-05 10:33:00.000 +0530
XXXX113X5219,3236.0,2026-03-05 10:33:00.000 +0530
XXXX113X5243,3261.0,2026-03-05 10:33:00.000 +0530
XXXX113X5261,5238.0,2026-03-05 10:33:00.000 +0530
XXXX113X5291,3370.0,2026-03-05 10:33:00.000 +0530
XXXX113X5456,3457.0,2026-03-05 10:33:00.000 +0530
XXXX113X5748,3102.0,2026-03-05 10:33:00.000 +0530
XXXX113X6002,5405.0,2026-03-05 10:33:00.000 +0530
XXXX113X6285,3157.0,2026-03-05 10:33:00.000 +0530
XXXX113X6446,3097.0,2026-03-05 10:33:00.000 +0530
XXXX113X6464,4260.0,2026-03-05 10:33:00.000 +0530
XXXX113X6543,3266.0,2026-03-05 10:33:00.000 +0530
XXXX113X6841,4355.0,2026-03-05 10:33:00.000 +0530
XXXX113X6941,3357.0,2026-03-05 10:33:00.000 +0530
XXXX113X7077,4596.0,2026-03-05 10:33:00.000 +0530
XXXX113X7083,2951.0,2026-03-05 10:33:00.000 +0530
XXXX113X7126,3097.0,2026-03-05 10:33:00.000 +0530
XXXX113X7153,2975.0,2026-03-05 10:33:00.000 +0530
XXXX113X7210,2624.0,2026-03-05 10:33:00.000 +0530
XXXX113X7250,3221.0,2026-03-05 10:33:00.000 +0530
XXXX113X7336,3364.0,2026-03-05 10:33:00.000 +0530
XXXX113X7375,3801.0,2026-03-05 10:33:00.000 +0530
XXXX113X7411,3280.0,2026-03-05 10:33:00.000 +0530
XXXX113X7503,3124.0,2026-03-05 10:33:00.000 +0530
XXXX113X7819,3897.0,2026-03-05 10:33:00.000 +0530
XXXX113X8159,3623.0,2026-03-05 10:33:00.000 +0530
XXXX113X8431,4620.0,2026-03-05 10:33:00.000 +0530
XXXX113X8985,3448.0,2026-03-05 10:33:00.000 +0530
XXXX113X9308,3042.0,2026-03-05 10:33:00.000 +0530
XXXX113X9333,4804.0,2026-03-05 10:33:00.000 +0530
XXXX113X9364,3217.0,2026-03-05 10:33:00.000 +0530
XXXX113X9394,3418.0,2026-03-05 10:33:00.000 +0530
XXXX113X9543,4671.0,2026-03-05 10:33:00.000 +0530
XXXX113X9607,3951.0,2026-03-05 10:33:00.000 +0530
XXXX113X9939,4454.0,2026-03-05 10:33:00.000 +0530
XXXX113X9944,3232.0,2026-03-05 10:33:00.000 +0530
XXXX114X0061,3829.0,2026-03-05 10:33:00.000 +0530
XXXX114X0083,3005.0,2026-03-05 10:33:00.000 +0530
XXXX114X0274,3517.0,2026-03-05 10:33:00.000 +0530
XXXX114X0292,2823.0,2026-03-05 10:33:00.000 +0530
XXXX114X0353,4425.0,2026-03-05 10:33:00.000 +0530
XXXX114X0371,3585.0,2026-03-05 10:33:00.000 +0530
XXXX114X0405,8745.0,2026-03-05 10:33:00.000 +0530
XXXX114X0487,2197.0,2026-03-05 10:33:00.000 +0530
XXXX114X0758,3917.0,2026-03-05 10:33:00.000 +0530
XXXX114X0858,2900.0,2026-03-05 10:33:00.000 +0530
XXXX114X0968,3687.0,2026-03-05 10:33:00.000 +0530
XXXX114X1523,3128.0,2026-03-05 10:33:00.000 +0530
XXXX114X1578,3472.0,2026-03-05 10:33:00.000 +0530
XXXX114X1596,7705.0,2026-03-05 10:33:00.000 +0530
XXXX114X1778,2938.0,2026-03-05 10:33:00.000 +0530
XXXX114X2090,3387.0,2026-03-05 10:33:00.000 +0530
XXXX114X2485,4016.0,2026-03-05 10:33:00.000 +0530
XXXX114X2747,6827.0,2026-03-05 10:33:00.000 +0530
XXXX114X2917,4285.0,2026-03-05 10:33:00.000 +0530
XXXX114X3165,4716.0,2026-03-05 10:33:00.000 +0530
XXXX114X3381,3653.0,2026-03-05 10:33:00.000 +0530
XXXX114X3694,3356.0,2026-03-05 10:33:00.000 +0530
XXXX114X3922,3292.0,2026-03-05 10:33:00.000 +0530
XXXX114X4186,2565.0,2026-03-05 10:33:00.000 +0530
XXXX114X4499,3707.0,2026-03-05 10:33:00.000 +0530
XXXX114X4532,6295.0,2026-03-05 10:33:00.000 +0530
XXXX114X4583,5566.0,2026-03-05 10:33:00.000 +0530
XXXX114X4639,4145.0,2026-03-05 10:33:00.000 +0530
XXXX114X4684,4508.0,2026-03-05 10:33:00.000 +0530
XXXX114X5027,3964.0,2026-03-05 10:33:00.000 +0530
XXXX114X5328,2695.0,2026-03-05 10:33:00.000 +0530
XXXX114X5367,3210.0,2026-03-05 10:33:00.000 +0530
XXXX114X5437,3063.0,2026-03-05 10:33:00.000 +0530
XXXX114X5598,3032.0,2026-03-05 10:33:00.000 +0530
XXXX114X5686,2475.0,2026-03-05 10:33:00.000 +0530
XXXX114X5705,2892.0,2026-03-05 10:33:00.000 +0530
XXXX114X5717,3170.0,2026-03-05 10:33:00.000 +0530
XXXX114X5750,3414.0,2026-03-05 10:33:00.000 +0530
XXXX114X5857,3270.0,2026-03-05 10:33:00.000 +0530
XXXX114X5950,5270.0,2026-03-05 10:33:00.000 +0530
XXXX114X5987,4855.0,2026-03-05 10:33:00.000 +0530
XXXX114X6141,3741.0,2026-03-05 10:33:00.000 +0530
XXXX114X6175,3633.0,2026-03-05 10:33:00.000 +0530
XXXX114X6254,4285.0,2026-03-05 10:33:00.000 +0530
XXXX114X6309,3871.0,2026-03-05 10:33:00.000 +0530
XXXX114X6476,2632.0,2026-03-05 10:33:00.000 +0530
XXXX114X6479,2583.0,2026-03-05 10:33:00.000 +0530
XXXX114X6494,2572.0,2026-03-05 10:33:00.000 +0530
XXXX114X6798,4368.0,2026-03-05 10:33:00.000 +0530
XXXX114X6800,2880.0,2026-03-05 10:33:00.000 +0530
XXXX114X6922,3413.0,2026-03-05 10:33:00.000 +0530
XXXX114X6961,3985.0,2026-03-05 10:33:00.000 +0530
XXXX114X7022,4145.0,2026-03-05 10:33:00.000 +0530
XXXX114X7270,3357.0,2026-03-05 10:33:00.000 +0530
XXXX114X7450,2937.0,2026-03-05 10:33:00.000 +0530
XXXX114X7484,2628.0,2026-03-05 10:33:00.000 +0530
XXXX114X8307,4835.0,2026-03-05 10:33:00.000 +0530
XXXX114X8352,3992.0,2026-03-05 10:33:00.000 +0530
XXXX114X8510,3948.0,2026-03-05 10:33:00.000 +0530
XXXX114X8626,3550.0,2026-03-05 10:33:00.000 +0530
XXXX114X8680,3453.0,2026-03-05 10:33:00.000 +0530
XXXX114X8714,5597.0,2026-03-05 10:33:00.000 +0530
XXXX114X8911,3055.0,2026-03-05 10:33:00.000 +0530
XXXX114X9211,3625.0,2026-03-05 10:33:00.000 +0530
XXXX114X9260,5584.0,2026-03-05 10:33:00.000 +0530
XXXX114X9333,3731.0,2026-03-05 10:33:00.000 +0530
XXXX114X9497,3070.0,2026-03-05 10:33:00.000 +0530
XXXX114X9898,3143.0,2026-03-05 10:33:00.000 +0530
XXXX114X9923,3848.0,2026-03-05 10:33:00.000 +0530
XXXX115X0009,4741.0,2026-03-05 10:33:00.000 +0530
XXXX115X0041,3707.0,2026-03-05 10:33:00.000 +0530
XXXX115X0117,4482.0,2026-03-05 10:33:00.000 +0530
XXXX115X0205,3188.0,2026-03-05 10:33:00.000 +0530
XXXX115X0285,3543.0,2026-03-05 10:33:00.000 +0530
XXXX115X0302,4327.0,2026-03-05 10:33:00.000 +0530
XXXX115X0338,3537.0,2026-03-05 10:33:00.000 +0530
XXXX115X0345,4510.0,2026-03-05 10:33:00.000 +0530
XXXX115X0397,2842.0,2026-03-05 10:33:00.000 +0530
XXXX115X0473,2954.0,2026-03-05 10:33:00.000 +0530
XXXX115X0516,3042.0,2026-03-05 10:33:00.000 +0530
XXXX115X0576,4171.0,2026-03-05 10:33:00.000 +0530
XXXX115X0627,3729.0,2026-03-05 10:33:00.000 +0530
XXXX115X0789,6831.0,2026-03-05 10:33:00.000 +0530
XXXX115X0958,3063.0,2026-03-05 10:33:00.000 +0530
XXXX115X1099,6156.0,2026-03-05 10:33:00.000 +0530
XXXX115X1203,3974.0,2026-03-05 10:33:00.000 +0530
XXXX115X1266,2725.0,2026-03-05 10:33:00.000 +0530
XXXX115X1308,4405.0,2026-03-05 10:33:00.000 +0530
XXXX115X1362,5831.0,2026-03-05 10:33:00.000 +0530
XXXX115X1429,3910.0,2026-03-05 10:33:00.000 +0530
XXXX115X1438,3151.0,2026-03-05 10:33:00.000 +0530
XXXX115X1480,4912.0,2026-03-05 10:33:00.000 +0530
XXXX115X1599,4465.0,2026-03-05 10:33:00.000 +0530
XXXX115X1633,4745.0,2026-03-05 10:33:00.000 +0530
XXXX115X1663,3001.0,2026-03-05 10:33:00.000 +0530
XXXX115X1687,3662.0,2026-03-05 10:33:00.000 +0530
XXXX115X1742,5671.0,2026-03-05 10:33:00.000 +0530
XXXX115X1821,4978.0,2026-03-05 10:33:00.000 +0530
XXXX115X1881,4824.0,2026-03-05 10:33:00.000 +0530
XXXX115X1916,4917.0,2026-03-05 10:33:00.000 +0530
XXXX115X2053,3418.0,2026-03-05 10:33:00.000 +0530
XXXX115X2164,4529.0,2026-03-05 10:33:00.000 +0530
XXXX115X2234,3593.0,2026-03-05 10:33:00.000 +0530
XXXX115X2291,4781.0,2026-03-05 10:33:00.000 +0530
XXXX115X2401,3215.0,2026-03-05 10:33:00.000 +0530
XXXX115X2408,5234.0,2026-03-05 10:33:00.000 +0530
XXXX115X2488,2320.0,2026-03-05 10:33:00.000 +0530
XXXX115X2556,3976.0,2026-03-05 10:33:00.000 +0530
XXXX115X2752,3711.0,2026-03-05 10:33:00.000 +0530
XXXX115X2772,5515.0,2026-03-05 10:33:00.000 +0530
XXXX115X2811,5632.0,2026-03-05 10:33:00.000 +0530
XXXX115X2833,4215.0,2026-03-05 10:33:00.000 +0530
XXXX115X2842,3027.0,2026-03-05 10:33:00.000 +0530
XXXX115X2857,3461.0,2026-03-05 10:33:00.000 +0530
XXXX115X2879,3196.0,2026-03-05 10:33:00.000 +0530
XXXX115X3220,4183.0,2026-03-05 10:33:00.000 +0530
XXXX115X3230,4394.0,2026-03-05 10:33:00.000 +0530
XXXX115X3275,3939.0,2026-03-05 10:33:00.000 +0530
XXXX115X3364,4876.0,2026-03-05 10:33:00.000 +0530
XXXX115X3433,2803.0,2026-03-05 10:33:00.000 +0530
XXXX115X3500,3472.0,2026-03-05 10:33:00.000 +0530
XXXX115X3522,3064.0,2026-03-05 10:33:00.000 +0530
XXXX115X3674,4366.0,2026-03-05 10:33:00.000 +0530
XXXX115X3690,4767.0,2026-03-05 10:33:00.000 +0530
XXXX115X3752,3303.0,2026-03-05 10:33:00.000 +0530
XXXX115X3885,3297.0,2026-03-05 10:33:00.000 +0530
XXXX115X4077,3546.0,2026-03-05 10:33:00.000 +0530
XXXX115X4140,2898.0,2026-03-05 10:33:00.000 +0530
XXXX115X4259,4483.0,2026-03-05 10:33:00.000 +0530
XXXX115X4493,3467.0,2026-03-05 10:33:00.000 +0530
XXXX115X4618,2591.0,2026-03-05 10:33:00.000 +0530
XXXX115X4732,6053.0,2026-03-05 10:33:00.000 +0530
XXXX115X4974,2882.0,2026-03-05 10:33:00.000 +0530
XXXX115X5002,4047.0,2026-03-05 10:33:00.000 +0530
XXXX115X5084,6594.0,2026-03-05 10:33:00.000 +0530
XXXX115X5190,4158.0,2026-03-05 10:33:00.000 +0530
XXXX115X5247,3430.0,2026-03-05 10:33:00.000 +0530
XXXX115X5416,3789.0,2026-03-05 10:33:00.000 +0530
XXXX115X5565,2908.0,2026-03-05 10:33:00.000 +0530
XXXX115X5595,3700.0,2026-03-05 10:33:00.000 +0530
XXXX115X5616,3873.0,2026-03-05 10:33:00.000 +0530
XXXX115X5652,4627.0,2026-03-05 10:33:00.000 +0530
XXXX115X5662,4690.0,2026-03-05 10:33:00.000 +0530
XXXX115X5706,8002.0,2026-03-05 10:33:00.000 +0530
XXXX115X5779,3524.0,2026-03-05 10:33:00.000 +0530
XXXX115X5850,4430.0,2026-03-05 10:33:00.000 +0530
XXXX115X5900,3567.0,2026-03-05 10:33:00.000 +0530
XXXX115X5953,3185.0,2026-03-05 10:33:00.000 +0530
XXXX115X6014,4375.0,2026-03-05 10:33:00.000 +0530
XXXX115X6325,2749.0,2026-03-05 10:33:00.000 +0530
XXXX115X6561,2899.0,2026-03-05 10:33:00.000 +0530
XXXX115X6857,5625.0,2026-03-05 10:33:00.000 +0530
XXXX115X6918,3165.0,2026-03-05 10:33:00.000 +0530
XXXX115X6969,4623.0,2026-03-05 10:33:00.000 +0530
XXXX115X7232,3330.0,2026-03-05 10:33:00.000 +0530
XXXX115X7350,5493.0,2026-03-05 10:33:00.000 +0530
XXXX115X7421,3280.0,2026-03-05 10:33:00.000 +0530
XXXX115X7424,4436.0,2026-03-05 10:33:00.000 +0530
XXXX115X7442,5587.0,2026-03-05 10:33:00.000 +0530
XXXX115X7457,4383.0,2026-03-05 10:33:00.000 +0530
XXXX115X7467,5545.0,2026-03-05 10:33:00.000 +0530
XXXX115X7475,4852.0,2026-03-05 10:33:00.000 +0530
XXXX115X7481,3624.0,2026-03-05 10:33:00.000 +0530
XXXX115X7575,5535.0,2026-03-05 10:33:00.000 +0530
XXXX115X7580,4042.0,2026-03-05 10:33:00.000 +0530
XXXX115X7581,6640.0,2026-03-05 10:33:00.000 +0530
XXXX115X7877,7008.0,2026-03-05 10:33:00.000 +0530
XXXX115X7885,4454.0,2026-03-05 10:33:00.000 +0530
XXXX115X7989,4353.0,2026-03-05 10:33:00.000 +0530
XXXX115X8022,3624.0,2026-03-05 10:33:00.000 +0530
XXXX115X8137,3735.0,2026-03-05 10:33:00.000 +0530
XXXX115X8151,4115.0,2026-03-05 10:33:00.000 +0530
XXXX115X8256,3974.0,2026-03-05 10:33:00.000 +0530
XXXX115X8332,3490.0,2026-03-05 10:33:00.000 +0530
XXXX115X8378,3575.0,2026-03-05 10:33:00.000 +0530
XXXX115X8447,4755.0,2026-03-05 10:33:00.000 +0530
XXXX115X8518,3132.0,2026-03-05 10:33:00.000 +0530
XXXX115X8559,3887.0,2026-03-05 10:33:00.000 +0530
XXXX115X8563,4323.0,2026-03-05 10:33:00.000 +0530
XXXX115X8578,3315.0,2026-03-05 10:33:00.000 +0530
XXXX115X8633,5655.0,2026-03-05 10:33:00.000 +0530
XXXX115X8702,3048.0,2026-03-05 10:33:00.000 +0530
XXXX115X8749,3357.0,2026-03-05 10:33:00.000 +0530
XXXX115X8776,3624.0,2026-03-05 10:33:00.000 +0530
XXXX115X8923,3790.0,2026-03-05 10:33:00.000 +0530
XXXX115X8972,3738.0,2026-03-05 10:33:00.000 +0530
XXXX115X9049,4415.0,2026-03-05 10:33:00.000 +0530
XXXX115X9091,3236.0,2026-03-05 10:33:00.000 +0530
XXXX115X9148,7333.0,2026-03-05 10:33:00.000 +0530
XXXX115X9173,4353.0,2026-03-05 10:33:00.000 +0530
XXXX115X9176,6100.0,2026-03-05 10:33:00.000 +0530
XXXX115X9190,3274.0,2026-03-05 10:33:00.000 +0530
XXXX115X9281,3997.0,2026-03-05 10:33:00.000 +0530
XXXX115X9388,5023.0,2026-03-05 10:33:00.000 +0530
XXXX115X9425,5284.0,2026-03-05 10:33:00.000 +0530
XXXX115X9463,4504.0,2026-03-05 10:33:00.000 +0530
XXXX115X9465,3453.0,2026-03-05 10:33:00.000 +0530
XXXX115X9474,4090.0,2026-03-05 10:33:00.000 +0530
XXXX115X9485,3316.0,2026-03-05 10:33:00.000 +0530
XXXX115X9503,4619.0,2026-03-05 10:33:00.000 +0530
XXXX115X9676,4850.0,2026-03-05 10:33:00.000 +0530
XXXX115X9689,3835.0,2026-03-05 10:33:00.000 +0530
XXXX115X9831,2165.0,2026-03-05 10:33:00.000 +0530
XXXX115X9861,3181.0,2026-03-05 10:33:00.000 +0530
XXXX115X9863,4620.0,2026-03-05 10:33:00.000 +0530
XXXX115X9909,12439.0,2026-03-05 10:33:00.000 +0530
XXXX115X9948,4249.0,2026-03-05 10:33:00.000 +0530
XXXX115X9962,5182.0,2026-03-05 10:33:00.000 +0530
XXXX115X9971,3873.0,2026-03-05 10:33:00.000 +0530
XXXX116X0236,4620.0,2026-03-05 10:33:00.000 +0530
XXXX116X0451,5244.0,2026-03-05 10:33:00.000 +0530
XXXX116X0585,3537.0,2026-03-05 10:33:00.000 +0530
XXXX116X0600,2954.0,2026-03-05 10:33:00.000 +0530
XXXX116X0664,5493.0,2026-03-05 10:33:00.000 +0530
XXXX116X0840,5384.0,2026-03-05 10:33:00.000 +0530
XXXX116X1876,4699.0,2026-03-05 10:33:00.000 +0530
XXXX116X2744,5265.0,2026-03-05 10:33:00.000 +0530
XXXX116X3050,3868.0,2026-03-05 10:33:00.000 +0530
XXXX116X3102,4158.0,2026-03-05 10:33:00.000 +0530
XXXX116X4332,2958.0,2026-03-05 10:33:00.000 +0530
XXXX116X4369,3650.0,2026-03-05 10:33:00.000 +0530
XXXX116X4466,5196.0,2026-03-05 10:33:00.000 +0530
XXXX116X4697,4824.0,2026-03-05 10:33:00.000 +0530
XXXX116X4864,2801.0,2026-03-05 10:33:00.000 +0530
XXXX116X5671,3641.0,2026-03-05 10:33:00.000 +0530
XXXX116X5863,3100.0,2026-03-05 10:33:00.000 +0530
XXXX116X5933,3285.0,2026-03-05 10:33:00.000 +0530
XXXX116X5951,4729.0,2026-03-05 10:33:00.000 +0530
XXXX116X6425,2606.0,2026-03-05 10:33:00.000 +0530
XXXX116X6464,4770.0,2026-03-05 10:33:00.000 +0530
XXXX116X6534,2713.0,2026-03-05 10:33:00.000 +0530
XXXX116X6613,3694.0,2026-03-05 10:33:00.000 +0530
XXXX116X6640,5234.0,2026-03-05 10:33:00.000 +0530
XXXX116X6774,2990.0,2026-03-05 10:33:00.000 +0530
XXXX116X7144,4410.0,2026-03-05 10:33:00.000 +0530
XXXX116X7235,4417.0,2026-03-05 10:33:00.000 +0530
XXXX116X7746,4384.0,2026-03-05 10:33:00.000 +0530
XXXX116X7796,2675.0,2026-03-05 10:33:00.000 +0530
XXXX116X8429,3812.0,2026-03-05 10:33:00.000 +0530
XXXX116X8924,2853.0,2026-03-05 10:33:00.000 +0530
XXXX116X9039,3204.0,2026-03-05 10:33:00.000 +0530
XXXX116X9215,5581.0,2026-03-05 10:33:00.000 +0530
XXXX116X9251,4349.0,2026-03-05 10:33:00.000 +0530
XXXX116X9880,3172.0,2026-03-05 10:33:00.000 +0530
XXXX117X0153,5705.0,2026-03-05 10:33:00.000 +0530
XXXX117X1019,2678.0,2026-03-05 10:33:00.000 +0530
XXXX117X1239,2908.0,2026-03-05 10:33:00.000 +0530
XXXX117X1248,4171.0,2026-03-05 10:33:00.000 +0530
XXXX117X1505,3119.0,2026-03-05 10:33:00.000 +0530
XXXX117X2027,2659.0,2026-03-05 10:33:00.000 +0530
XXXX117X2045,2984.0,2026-03-05 10:33:00.000 +0530
XXXX117X2054,3781.0,2026-03-05 10:33:00.000 +0530
XXXX117X2346,3353.0,2026-03-05 10:33:00.000 +0530
XXXX117X2373,5203.0,2026-03-05 10:33:00.000 +0530
XXXX117X2842,3410.0,2026-03-05 10:33:00.000 +0530
XXXX117X3503,4009.0,2026-03-05 10:33:00.000 +0530
XXXX117X3707,6959.0,2026-03-05 10:33:00.000 +0530
XXXX117X4654,4899.0,2026-03-05 10:33:00.000 +0530
XXXX117X4946,4272.0,2026-03-05 10:33:00.000 +0530
XXXX117X9519,3057.0,2026-03-05 10:33:00.000 +0530
XXXX118X0015,5254.0,2026-03-05 10:33:00.000 +0530
XXXX118X0081,5431.0,2026-03-05 10:33:00.000 +0530
XXXX118X0091,6192.0,2026-03-05 10:33:00.000 +0530
XXXX118X0173,5361.0,2026-03-05 10:33:00.000 +0530
XXXX118X0207,4278.0,2026-03-05 10:33:00.000 +0530
XXXX118X0212,8243.0,2026-03-05 10:33:00.000 +0530
XXXX118X0294,7516.0,2026-03-05 10:33:00.000 +0530
XXXX118X0373,5068.0,2026-03-05 10:33:00.000 +0530
XXXX118X0391,4522.0,2026-03-05 10:33:00.000 +0530
XXXX118X0469,4034.0,2026-03-05 10:33:00.000 +0530
XXXX118X0603,4305.0,2026-03-05 10:33:00.000 +0530
XXXX118X0620,3504.0,2026-03-05 10:33:00.000 +0530
XXXX118X0739,4065.0,2026-03-05 10:33:00.000 +0530
XXXX118X0754,3527.0,2026-03-05 10:33:00.000 +0530
XXXX118X0902,4481.0,2026-03-05 10:33:00.000 +0530
XXXX118X1130,5895.0,2026-03-05 10:33:00.000 +0530
XXXX118X1194,4070.0,2026-03-05 10:33:00.000 +0530
XXXX118X1202,5962.0,2026-03-05 10:33:00.000 +0530
XXXX118X1215,3471.0,2026-03-05 10:33:00.000 +0530
XXXX118X1246,4467.0,2026-03-05 10:33:00.000 +0530
XXXX118X1260,4505.0,2026-03-05 10:33:00.000 +0530
XXXX118X1282,4230.0,2026-03-05 10:33:00.000 +0530
XXXX118X1302,3585.0,2026-03-05 10:33:00.000 +0530
XXXX118X1461,3985.0,2026-03-05 10:33:00.000 +0530
XXXX118X1531,4562.0,2026-03-05 10:33:00.000 +0530
XXXX118X1643,5369.0,2026-03-05 10:33:00.000 +0530
XXXX118X1883,3696.0,2026-03-05 10:33:00.000 +0530
XXXX118X1927,3082.0,2026-03-05 10:33:00.000 +0530
XXXX118X2014,5743.0,2026-03-05 10:33:00.000 +0530
XXXX118X2086,3842.0,2026-03-05 10:33:00.000 +0530
XXXX118X2123,5265.0,2026-03-05 10:33:00.000 +0530
XXXX118X2156,4566.0,2026-03-05 10:33:00.000 +0530
XXXX118X2396,3596.0,2026-03-05 10:33:00.000 +0530
XXXX118X2573,7667.0,2026-03-05 10:33:00.000 +0530
XXXX118X2800,4492.0,2026-03-05 10:33:00.000 +0530
XXXX118X2876,5669.0,2026-03-05 10:33:00.000 +0530
XXXX118X2883,3421.0,2026-03-05 10:33:00.000 +0530
XXXX118X3089,5102.0,2026-03-05 10:33:00.000 +0530
XXXX118X3124,5531.0,2026-03-05 10:33:00.000 +0530
XXXX118X3170,5902.0,2026-03-05 10:33:00.000 +0530
XXXX118X3289,3002.0,2026-03-05 10:33:00.000 +0530
XXXX118X3359,5297.0,2026-03-05 10:33:00.000 +0530
XXXX118X3370,4282.0,2026-03-05 10:33:00.000 +0530
XXXX118X3465,3903.0,2026-03-05 10:33:00.000 +0530
XXXX118X3541,4958.0,2026-03-05 10:33:00.000 +0530
XXXX118X3830,3935.0,2026-03-05 10:33:00.000 +0530
XXXX118X4105,4715.0,2026-03-05 10:33:00.000 +0530
XXXX118X4211,4079.0,2026-03-05 10:33:00.000 +0530
XXXX118X4228,3445.0,2026-03-05 10:33:00.000 +0530
XXXX118X4282,4809.0,2026-03-05 10:33:00.000 +0530
XXXX118X4340,4918.0,2026-03-05 10:33:00.000 +0530
XXXX118X4361,5197.0,2026-03-05 10:33:00.000 +0530
XXXX118X4385,4364.0,2026-03-05 10:33:00.000 +0530
XXXX118X4491,4376.0,2026-03-05 10:33:00.000 +0530
XXXX118X4582,3981.0,2026-03-05 10:33:00.000 +0530
XXXX118X4591,5053.0,2026-03-05 10:33:00.000 +0530
XXXX118X4607,4031.0,2026-03-05 10:33:00.000 +0530
XXXX118X4608,4645.0,2026-03-05 10:33:00.000 +0530
XXXX118X4859,3768.0,2026-03-05 10:33:00.000 +0530
XXXX118X5010,3433.0,2026-03-05 10:33:00.000 +0530
XXXX118X5183,5493.0,2026-03-05 10:33:00.000 +0530
XXXX118X5262,4085.0,2026-03-05 10:33:00.000 +0530
XXXX118X5357,3996.0,2026-03-05 10:33:00.000 +0530
XXXX118X5721,7233.0,2026-03-05 10:33:00.000 +0530
XXXX118X5777,4079.0,2026-03-05 10:33:00.000 +0530
XXXX118X5791,4589.0,2026-03-05 10:33:00.000 +0530
XXXX118X5968,4150.0,2026-03-05 10:33:00.000 +0530
XXXX118X5986,3770.0,2026-03-05 10:33:00.000 +0530
XXXX118X6012,4725.0,2026-03-05 10:33:00.000 +0530
XXXX118X6155,4561.0,2026-03-05 10:33:00.000 +0530
XXXX118X6164,4159.0,2026-03-05 10:33:00.000 +0530
XXXX118X6270,4491.0,2026-03-05 10:33:00.000 +0530
XXXX118X6550,6126.0,2026-03-05 10:33:00.000 +0530
XXXX118X6569,5570.0,2026-03-05 10:33:00.000 +0530
XXXX118X6571,2950.0,2026-03-05 10:33:00.000 +0530
XXXX118X6580,4334.0,2026-03-05 10:33:00.000 +0530
XXXX118X6644,4889.0,2026-03-05 10:33:00.000 +0530
XXXX118X6681,4641.0,2026-03-05 10:33:00.000 +0530
XXXX118X6845,4431.0,2026-03-05 10:33:00.000 +0530
XXXX118X7079,4847.0,2026-03-05 10:33:00.000 +0530
XXXX118X7148,4608.0,2026-03-05 10:33:00.000 +0530
XXXX118X7407,3235.0,2026-03-05 10:33:00.000 +0530
XXXX118X7468,5160.0,2026-03-05 10:33:00.000 +0530
XXXX118X7508,3506.0,2026-03-05 10:33:00.000 +0530
XXXX118X7540,3765.0,2026-03-05 10:33:00.000 +0530
XXXX118X7605,3537.0,2026-03-05 10:33:00.000 +0530
XXXX118X7644,3627.0,2026-03-05 10:33:00.000 +0530
XXXX118X7652,4443.0,2026-03-05 10:33:00.000 +0530
XXXX118X7656,4069.0,2026-03-05 10:33:00.000 +0530
XXXX118X7753,3753.0,2026-03-05 10:33:00.000 +0530
XXXX118X7762,3149.0,2026-03-05 10:33:00.000 +0530
XXXX118X7771,4819.0,2026-03-05 10:33:00.000 +0530
XXXX118X7780,3569.0,2026-03-05 10:33:00.000 +0530
XXXX118X7856,3616.0,2026-03-05 10:33:00.000 +0530
XXXX118X7962,3938.0,2026-03-05 10:33:00.000 +0530
XXXX118X8518,3821.0,2026-03-05 10:33:00.000 +0530
XXXX118X8929,4954.0,2026-03-05 10:33:00.000 +0530
XXXX118X9140,4380.0,2026-03-05 10:33:00.000 +0530
XXXX118X9153,4044.0,2026-03-05 10:33:00.000 +0530
XXXX118X9164,5465.0,2026-03-05 10:33:00.000 +0530
XXXX118X9429,4690.0,2026-03-05 10:33:00.000 +0530
XXXX118X9526,6046.0,2026-03-05 10:33:00.000 +0530
XXXX118X9681,4186.0,2026-03-05 10:33:00.000 +0530
XXXX118X9711,4402.0,2026-03-05 10:33:00.000 +0530
XXXX118X9818,6775.0,2026-03-05 10:33:00.000 +0530
XXXX118X9846,3929.0,2026-03-05 10:33:00.000 +0530
XXXX119X0033,3843.0,2026-03-05 10:33:00.000 +0530
XXXX119X0099,3828.0,2026-03-05 10:33:00.000 +0530
XXXX119X0167,4335.0,2026-03-05 10:33:00.000 +0530
XXXX119X0169,4937.0,2026-03-05 10:33:00.000 +0530
XXXX119X0185,5077.0,2026-03-05 10:33:00.000 +0530
XXXX119X0495,3938.0,2026-03-05 10:33:00.000 +0530
XXXX119X0569,3641.0,2026-03-05 10:33:00.000 +0530
XXXX119X0626,3331.0,2026-03-05 10:33:00.000 +0530
XXXX119X0690,3520.0,2026-03-05 10:33:00.000 +0530
XXXX119X0700,3447.0,2026-03-05 10:33:00.000 +0530
XXXX119X0778,5018.0,2026-03-05 10:33:00.000 +0530
XXXX119X0868,3329.0,2026-03-05 10:33:00.000 +0530
XXXX119X0879,5197.0,2026-03-05 10:33:00.000 +0530
XXXX119X1184,6582.0,2026-03-05 10:33:00.000 +0530
XXXX119X1245,11500.0,2026-03-05 10:33:00.000 +0530
XXXX119X1485,4044.0,2026-03-05 10:33:00.000 +0530
XXXX119X1489,3661.0,2026-03-05 10:33:00.000 +0530
XXXX119X1967,3097.0,2026-03-05 10:33:00.000 +0530
XXXX119X1976,3472.0,2026-03-05 10:33:00.000 +0530
XXXX119X1985,5270.0,2026-03-05 10:33:00.000 +0530
XXXX119X1999,5372.0,2026-03-05 10:33:00.000 +0530
XXXX119X2071,3434.0,2026-03-05 10:33:00.000 +0530
XXXX119X2235,3899.0,2026-03-05 10:33:00.000 +0530
XXXX119X2244,3871.0,2026-03-05 10:33:00.000 +0530
XXXX119X2260,4244.0,2026-03-05 10:33:00.000 +0530
XXXX119X2646,4002.0,2026-03-05 10:33:00.000 +0530
XXXX119X2743,6731.0,2026-03-05 10:33:00.000 +0530
XXXX119X2820,5275.0,2026-03-05 10:33:00.000 +0530
XXXX119X2896,6416.0,2026-03-05 10:33:00.000 +0530
XXXX119X2917,4672.0,2026-03-05 10:33:00.000 +0530
XXXX119X3117,3474.0,2026-03-05 10:33:00.000 +0530
XXXX119X3290,3495.0,2026-03-05 10:33:00.000 +0530
XXXX119X3460,4360.0,2026-03-05 10:33:00.000 +0530
XXXX119X3650,4010.0,2026-03-05 10:33:00.000 +0530
XXXX119X3922,3835.0,2026-03-05 10:33:00.000 +0530
XXXX119X4128,6666.0,2026-03-05 10:33:00.000 +0530
XXXX119X4131,3158.0,2026-03-05 10:33:00.000 +0530
XXXX119X4582,3174.0,2026-03-05 10:33:00.000 +0530
XXXX119X4596,5337.0,2026-03-05 10:33:00.000 +0530
XXXX119X4609,5113.0,2026-03-05 10:33:00.000 +0530
XXXX119X4625,5786.0,2026-03-05 10:33:00.000 +0530
XXXX119X4874,5157.0,2026-03-05 10:33:00.000 +0530
XXXX119X4971,2744.0,2026-03-05 10:33:00.000 +0530
XXXX119X5111,5774.0,2026-03-05 10:33:00.000 +0530
XXXX119X5388,4376.0,2026-03-05 10:33:00.000 +0530
XXXX119X5457,6056.0,2026-03-05 10:33:00.000 +0530
XXXX119X5616,5565.0,2026-03-05 10:33:00.000 +0530
XXXX119X5699,2892.0,2026-03-05 10:33:00.000 +0530
XXXX119X5848,6468.0,2026-03-05 10:33:00.000 +0530
XXXX119X5993,6467.0,2026-03-05 10:33:00.000 +0530
XXXX119X6725,2486.0,2026-03-05 10:33:00.000 +0530
XXXX119X6786,4038.0,2026-03-05 10:33:00.000 +0530
XXXX119X6801,3474.0,2026-03-05 10:33:00.000 +0530
XXXX119X6856,4441.0,2026-03-05 10:33:00.000 +0530
XXXX119X6892,5500.0,2026-03-05 10:33:00.000 +0530
XXXX119X7013,3700.0,2026-03-05 10:33:00.000 +0530
XXXX119X7094,3675.0,2026-03-05 10:33:00.000 +0530
XXXX119X7101,3828.0,2026-03-05 10:33:00.000 +0530
XXXX119X7539,4715.0,2026-03-05 10:33:00.000 +0530
XXXX119X7964,5143.0,2026-03-05 10:33:00.000 +0530
XXXX119X7994,3816.0,2026-03-05 10:33:00.000 +0530
XXXX119X8105,4152.0,2026-03-05 10:33:00.000 +0530
XXXX119X8171,3228.0,2026-03-05 10:33:00.000 +0530
XXXX119X8449,5428.0,2026-03-05 10:33:00.000 +0530
XXXX119X8583,3669.0,2026-03-05 10:33:00.000 +0530
XXXX119X8649,3364.0,2026-03-05 10:33:00.000 +0530
XXXX119X8791,3236.0,2026-03-05 10:33:00.000 +0530
XXXX119X8845,10156.0,2026-03-05 10:33:00.000 +0530
XXXX119X8890,5577.0,2026-03-05 10:33:00.000 +0530
XXXX119X8902,3447.0,2026-03-05 10:33:00.000 +0530
XXXX119X8959,3209.0,2026-03-05 10:33:00.000 +0530
XXXX119X8986,2602.0,2026-03-05 10:33:00.000 +0530
XXXX119X9145,4223.0,2026-03-05 10:33:00.000 +0530
XXXX119X9174,3071.0,2026-03-05 10:33:00.000 +0530
XXXX119X9210,2142.0,2026-03-05 10:33:00.000 +0530
XXXX119X9240,3225.0,2026-03-05 10:33:00.000 +0530
XXXX119X9297,3475.0,2026-03-05 10:33:00.000 +0530
XXXX119X9507,4275.0,2026-03-05 10:33:00.000 +0530
XXXX119X9519,2807.0,2026-03-05 10:33:00.000 +0530
XXXX119X9722,3454.0,2026-03-05 10:33:00.000 +0530
XXXX119X9853,5344.0,2026-03-05 10:33:00.000 +0530
XXXX120X0065,5089.0,2026-03-05 10:33:00.000 +0530
XXXX120X0710,6223.0,2026-03-05 10:33:00.000 +0530
XXXX120X0843,6099.0,2026-03-05 10:33:00.000 +0530
XXXX120X1259,4259.0,2026-03-05 10:33:00.000 +0530
XXXX120X1523,4068.0,2026-03-05 10:33:00.000 +0530
XXXX120X1579,3624.0,2026-03-05 10:33:00.000 +0530
XXXX120X1718,4159.0,2026-03-05 10:33:00.000 +0530
XXXX120X2197,4337.0,2026-03-05 10:33:00.000 +0530
XXXX120X2480,4456.0,2026-03-05 10:33:00.000 +0530
XXXX120X2674,5748.0,2026-03-05 10:33:00.000 +0530
XXXX120X3416,3337.0,2026-03-05 10:33:00.000 +0530
XXXX120X3878,4126.0,2026-03-05 10:33:00.000 +0530
XXXX120X4150,3492.0,2026-03-05 10:33:00.000 +0530
XXXX120X4390,3109.0,2026-03-05 10:33:00.000 +0530
XXXX120X4406,3990.0,2026-03-05 10:33:00.000 +0530
XXXX120X4479,3567.0,2026-03-05 10:33:00.000 +0530
XXXX120X4956,3144.0,2026-03-05 10:33:00.000 +0530
XXXX120X5498,4001.0,2026-03-05 10:33:00.000 +0530
XXXX120X5557,4145.0,2026-03-05 10:33:00.000 +0530
XXXX120X5638,3738.0,2026-03-05 10:33:00.000 +0530
XXXX120X5735,5315.0,2026-03-05 10:33:00.000 +0530
XXXX120X5744,4959.0,2026-03-05 10:33:00.000 +0530
XXXX120X5821,3657.0,2026-03-05 10:33:00.000 +0530
XXXX120X5841,8548.0,2026-03-05 10:33:00.000 +0530
XXXX120X5856,7258.0,2026-03-05 10:33:00.000 +0530
XXXX120X6898,4373.0,2026-03-05 10:33:00.000 +0530
XXXX120X7069,5336.0,2026-03-05 10:33:00.000 +0530
XXXX120X7089,7669.0,2026-03-05 10:33:00.000 +0530
XXXX120X7274,3356.0,2026-03-05 10:33:00.000 +0530
XXXX120X7487,8374.0,2026-03-05 10:33:00.000 +0530
XXXX120X7654,6754.0,2026-03-05 10:33:00.000 +0530
XXXX120X8699,7032.0,2026-03-05 10:33:00.000 +0530
XXXX120X9306,4119.0,2026-03-05 10:33:00.000 +0530
XXXX121X0451,3849.0,2026-03-05 10:33:00.000 +0530
XXXX121X0576,3875.0,2026-03-05 10:33:00.000 +0530
XXXX121X0752,3578.0,2026-03-05 10:33:00.000 +0530
XXXX121X0789,2984.0,2026-03-05 10:33:00.000 +0530
XXXX121X1007,3526.0,2026-03-05 10:33:00.000 +0530
XXXX121X1052,5908.0,2026-03-05 10:33:00.000 +0530
XXXX121X1161,2908.0,2026-03-05 10:33:00.000 +0530
XXXX121X1584,3768.0,2026-03-05 10:33:00.000 +0530
XXXX121X1654,4541.0,2026-03-05 10:33:00.000 +0530
XXXX121X1830,4482.0,2026-03-05 10:33:00.000 +0530
XXXX121X3324,2822.0,2026-03-05 10:33:00.000 +0530
XXXX121X3351,4640.0,2026-03-05 10:33:00.000 +0530
XXXX121X3430,3162.0,2026-03-05 10:33:00.000 +0530
XXXX121X4633,4959.0,2026-03-05 10:33:00.000 +0530
XXXX121X5508,6159.0,2026-03-05 10:33:00.000 +0530
XXXX121X5517,3310.0,2026-03-05 10:33:00.000 +0530
XXXX121X7606,3657.0,2026-03-05 10:33:00.000 +0530
XXXX121X7952,3059.0,2026-03-05 10:33:00.000 +0530
XXXX121X7961,3450.0,2026-03-05 10:33:00.000 +0530
XXXX121X8401,4145.0,2026-03-05 10:33:00.000 +0530
XXXX121X8429,3238.0,2026-03-05 10:33:00.000 +0530
XXXX121X8456,3447.0,2026-03-05 10:33:00.000 +0530
XXXX121X8508,5000.0,2026-03-05 10:33:00.000 +0530
XXXX121X8526,3221.0,2026-03-05 10:33:00.000 +0530
XXXX121X8580,2786.0,2026-03-05 10:33:00.000 +0530
XXXX121X9640,5340.0,2026-03-05 10:33:00.000 +0530
