apac_card_number,amount,payment_datetime
XXXX050X1633,5988.0,2026-06-11 15:01:57
XXXX050X2974,2788.0,2026-06-11 15:01:57
XXXX050X9845,3871.0,2026-06-11 15:01:57
XXXX055X0135,4460.0,2026-06-11 15:01:57
XXXX055X1180,3003.0,2026-06-11 15:01:57
XXXX055X2038,3639.0,2026-06-11 15:01:57
XXXX055X2557,2971.0,2026-06-11 15:01:57
XXXX055X3454,3285.0,2026-06-11 15:01:57
XXXX055X3967,3771.0,2026-06-11 15:01:57
XXXX055X4070,2769.0,2026-06-11 15:01:57
XXXX055X5849,3240.0,2026-06-11 15:01:57
XXXX055X6067,2807.0,2026-06-11 15:01:57
XXXX055X6531,4790.0,2026-06-11 15:01:57
XXXX055X7827,3317.0,2026-06-11 15:01:57
XXXX055X8049,2414.0,2026-06-11 15:01:57
XXXX055X8250,2787.0,2026-06-11 15:01:57
XXXX055X8575,3010.0,2026-06-11 15:01:57
XXXX055X9135,3446.0,2026-06-11 15:01:57
XXXX055X9180,3768.0,2026-06-11 15:01:57
XXXX055X9549,6548.0,2026-06-11 15:01:57
XXXX055X9922,3647.0,2026-06-11 15:01:57
XXXX056X1836,3352.0,2026-06-11 15:01:57
XXXX056X2123,3598.0,2026-06-11 15:01:57
XXXX056X3335,3716.0,2026-06-11 15:01:57
XXXX056X3441,2829.0,2026-06-11 15:01:57
XXXX060X0489,2505.0,2026-06-11 15:01:57
XXXX060X0703,4408.0,2026-06-11 15:01:57
XXXX060X0808,3819.0,2026-06-11 15:01:57
XXXX060X1292,3485.0,2026-06-11 15:01:57
XXXX060X1836,2739.0,2026-06-11 15:01:57
XXXX060X2165,3531.0,2026-06-11 15:01:57
XXXX060X2923,3396.0,2026-06-11 15:01:57
XXXX060X3112,3308.0,2026-06-11 15:01:57
XXXX060X3563,3426.0,2026-06-11 15:01:57
XXXX060X3730,3597.0,2026-06-11 15:01:57
XXXX060X3961,7433.0,2026-06-11 15:01:57
XXXX060X4417,3819.0,2026-06-11 15:01:57
XXXX060X4660,2977.0,2026-06-11 15:01:57
XXXX060X5318,3259.0,2026-06-11 15:01:57
XXXX060X5639,2850.0,2026-06-11 15:01:57
XXXX060X6038,4153.0,2026-06-11 15:01:57
XXXX060X6427,3221.0,2026-06-11 15:01:57
XXXX060X6588,3716.0,2026-06-11 15:01:57
XXXX060X6908,3768.0,2026-06-11 15:01:57
XXXX060X6992,3598.0,2026-06-11 15:01:57
XXXX060X8049,3419.0,2026-06-11 15:01:57
XXXX060X9108,2818.0,2026-06-11 15:01:57
XXXX060X9879,2772.0,2026-06-11 15:01:57
XXXX061X1473,3063.0,2026-06-11 15:01:57
XXXX062X4260,2856.0,2026-06-11 15:01:57
XXXX063X0328,3076.0,2026-06-11 15:01:57
XXXX063X1103,3278.0,2026-06-11 15:01:57
XXXX063X2735,3127.0,2026-06-11 15:01:57
XXXX063X3191,3014.0,2026-06-11 15:01:57
XXXX063X4068,2788.0,2026-06-11 15:01:57
XXXX063X4501,2946.0,2026-06-11 15:01:57
XXXX063X5072,3815.0,2026-06-11 15:01:57
XXXX063X6655,2408.0,2026-06-11 15:01:57
XXXX063X8615,2962.0,2026-06-11 15:01:57
XXXX063X9339,3393.0,2026-06-11 15:01:57
XXXX065X0086,3278.0,2026-06-11 15:01:57
XXXX065X0130,3101.0,2026-06-11 15:01:57
XXXX065X0307,3692.0,2026-06-11 15:01:57
XXXX065X0406,4658.0,2026-06-11 15:01:57
XXXX065X0726,3768.0,2026-06-11 15:01:57
XXXX065X0849,2836.0,2026-06-11 15:01:57
XXXX065X1433,3146.0,2026-06-11 15:01:57
XXXX065X2227,3196.0,2026-06-11 15:01:57
XXXX065X2652,3342.0,2026-06-11 15:01:57
XXXX065X2669,3321.0,2026-06-11 15:01:57
XXXX065X3673,3768.0,2026-06-11 15:01:57
XXXX065X4374,3768.0,2026-06-11 15:01:57
XXXX065X5083,2750.0,2026-06-11 15:01:57
XXXX065X5653,3997.0,2026-06-11 15:01:57
XXXX065X7251,3742.0,2026-06-11 15:01:57
XXXX065X7627,3742.0,2026-06-11 15:01:57
XXXX065X9898,3606.0,2026-06-11 15:01:57
XXXX066X0869,4800.0,2026-06-11 15:01:57
XXXX066X1118,2795.0,2026-06-11 15:01:57
XXXX066X2429,2735.0,2026-06-11 15:01:57
XXXX066X2435,4152.0,2026-06-11 15:01:57
XXXX066X3389,2193.0,2026-06-11 15:01:57
XXXX066X4027,6292.0,2026-06-11 15:01:57
XXXX066X4096,2502.0,2026-06-11 15:01:57
XXXX066X8377,2615.0,2026-06-11 15:01:57
XXXX069X0663,3654.0,2026-06-11 15:01:57
XXXX069X0731,4370.0,2026-06-11 15:01:57
XXXX069X0878,2826.0,2026-06-11 15:01:57
XXXX069X0915,3930.0,2026-06-11 15:01:57
XXXX069X2040,3052.0,2026-06-11 15:01:57
XXXX069X2654,4218.0,2026-06-11 15:01:57
XXXX069X4272,3709.0,2026-06-11 15:01:57
XXXX069X6970,3450.0,2026-06-11 15:01:57
XXXX069X7489,3342.0,2026-06-11 15:01:57
XXXX069X8555,4313.0,2026-06-11 15:01:57
XXXX071X2548,3176.0,2026-06-11 15:01:57
XXXX072X0491,3162.0,2026-06-11 15:01:57
XXXX072X1481,2950.0,2026-06-11 15:01:57
XXXX072X2433,3839.0,2026-06-11 15:01:57
XXXX072X4499,3240.0,2026-06-11 15:01:57
XXXX072X7514,3410.0,2026-06-11 15:01:57
XXXX074X8974,4001.0,2026-06-11 15:01:57
XXXX075X0146,4352.0,2026-06-11 15:01:57
XXXX075X0191,2863.0,2026-06-11 15:01:57
XXXX075X0193,4898.0,2026-06-11 15:01:57
XXXX075X0576,3004.0,2026-06-11 15:01:57
XXXX075X0671,3768.0,2026-06-11 15:01:57
XXXX075X0704,3349.0,2026-06-11 15:01:57
XXXX075X0728,3523.0,2026-06-11 15:01:57
XXXX075X0816,2731.0,2026-06-11 15:01:57
XXXX075X1106,3410.0,2026-06-11 15:01:57
XXXX075X1314,4313.0,2026-06-11 15:01:57
XXXX075X1368,4028.0,2026-06-11 15:01:57
XXXX075X2067,3606.0,2026-06-11 15:01:57
XXXX075X2694,3391.0,2026-06-11 15:01:57
XXXX075X2807,2863.0,2026-06-11 15:01:57
XXXX075X3177,3379.0,2026-06-11 15:01:57
XXXX075X4488,3795.0,2026-06-11 15:01:57
XXXX075X5328,3485.0,2026-06-11 15:01:57
XXXX075X5433,6655.0,2026-06-11 15:01:57
XXXX075X5920,3447.0,2026-06-11 15:01:57
XXXX075X6157,3568.0,2026-06-11 15:01:57
XXXX075X6567,4906.0,2026-06-11 15:01:57
XXXX075X6576,3956.0,2026-06-11 15:01:57
XXXX075X7245,3560.0,2026-06-11 15:01:57
XXXX075X7313,3407.0,2026-06-11 15:01:57
XXXX075X8581,3202.0,2026-06-11 15:01:57
XXXX075X8936,3751.0,2026-06-11 15:01:57
XXXX075X9523,3248.0,2026-06-11 15:01:57
XXXX075X9785,2452.0,2026-06-11 15:01:57
XXXX076X0036,2910.0,2026-06-11 15:01:57
XXXX076X0143,5146.0,2026-06-11 15:01:57
XXXX076X0338,3313.0,2026-06-11 15:01:57
XXXX076X0518,3323.0,2026-06-11 15:01:57
XXXX076X0608,3452.0,2026-06-11 15:01:57
XXXX076X0653,4107.0,2026-06-11 15:01:57
XXXX076X1694,3348.0,2026-06-11 15:01:57
XXXX076X2093,5472.0,2026-06-11 15:01:57
XXXX076X2133,3372.0,2026-06-11 15:01:57
XXXX076X2192,6216.0,2026-06-11 15:01:57
XXXX076X2326,2317.0,2026-06-11 15:01:57
XXXX076X2457,3972.0,2026-06-11 15:01:57
XXXX076X2548,4313.0,2026-06-11 15:01:57
XXXX076X2804,2786.0,2026-06-11 15:01:57
XXXX076X2892,4050.0,2026-06-11 15:01:57
XXXX076X3076,3856.0,2026-06-11 15:01:57
XXXX076X3793,3272.0,2026-06-11 15:01:57
XXXX076X4295,3816.0,2026-06-11 15:01:57
XXXX076X4305,3323.0,2026-06-11 15:01:57
XXXX076X4323,3985.0,2026-06-11 15:01:57
XXXX076X5151,4007.0,2026-06-11 15:01:57
XXXX076X5574,2989.0,2026-06-11 15:01:57
XXXX076X5648,3002.0,2026-06-11 15:01:57
XXXX076X5840,2744.0,2026-06-11 15:01:57
XXXX076X6016,3354.0,2026-06-11 15:01:57
XXXX076X6609,2959.0,2026-06-11 15:01:57
XXXX076X6639,4137.0,2026-06-11 15:01:57
XXXX076X6647,3125.0,2026-06-11 15:01:57
XXXX076X6688,4167.0,2026-06-11 15:01:57
XXXX076X6844,2118.0,2026-06-11 15:01:57
XXXX076X6984,3508.0,2026-06-11 15:01:57
XXXX076X7607,2965.0,2026-06-11 15:01:57
XXXX076X7767,2999.0,2026-06-11 15:01:57
XXXX076X8694,3559.0,2026-06-11 15:01:57
XXXX076X8908,3067.0,2026-06-11 15:01:57
XXXX076X8953,8666.0,2026-06-11 15:01:57
XXXX076X9227,3391.0,2026-06-11 15:01:57
XXXX076X9256,3819.0,2026-06-11 15:01:57
XXXX076X9369,3006.0,2026-06-11 15:01:57
XXXX076X9522,3116.0,2026-06-11 15:01:57
XXXX076X9581,3353.0,2026-06-11 15:01:57
XXXX076X9861,3628.0,2026-06-11 15:01:57
XXXX077X0300,3124.0,2026-06-11 15:01:57
XXXX077X0310,3391.0,2026-06-11 15:01:57
XXXX077X0600,6366.0,2026-06-11 15:01:57
XXXX077X0664,3102.0,2026-06-11 15:01:57
XXXX077X0678,3741.0,2026-06-11 15:01:57
XXXX077X0817,4027.0,2026-06-11 15:01:57
XXXX077X0893,3132.0,2026-06-11 15:01:57
XXXX077X0962,3348.0,2026-06-11 15:01:57
XXXX077X1111,3163.0,2026-06-11 15:01:57
XXXX077X1118,2731.0,2026-06-11 15:01:57
XXXX077X1177,4043.0,2026-06-11 15:01:57
XXXX077X1415,4097.0,2026-06-11 15:01:57
XXXX077X1770,2803.0,2026-06-11 15:01:57
XXXX077X1795,4875.0,2026-06-11 15:01:57
XXXX077X2150,3597.0,2026-06-11 15:01:57
XXXX077X2396,4832.0,2026-06-11 15:01:57
XXXX077X2402,3277.0,2026-06-11 15:01:57
XXXX077X2532,3327.0,2026-06-11 15:01:57
XXXX077X2853,5325.0,2026-06-11 15:01:57
XXXX077X3020,3578.0,2026-06-11 15:01:57
XXXX077X3317,2964.0,2026-06-11 15:01:57
XXXX077X3502,3792.0,2026-06-11 15:01:57
XXXX077X3711,7511.0,2026-06-11 15:01:57
XXXX077X3759,3494.0,2026-06-11 15:01:57
XXXX077X3889,3017.0,2026-06-11 15:01:57
XXXX077X4294,3293.0,2026-06-11 15:01:57
XXXX077X4496,3292.0,2026-06-11 15:01:57
XXXX077X4667,6028.0,2026-06-11 15:01:57
XXXX077X4688,2920.0,2026-06-11 15:01:57
XXXX077X4963,4000.0,2026-06-11 15:01:57
XXXX077X5065,5984.0,2026-06-11 15:01:57
XXXX077X5125,2658.0,2026-06-11 15:01:57
XXXX077X5522,5647.0,2026-06-11 15:01:57
XXXX077X5531,3472.0,2026-06-11 15:01:57
XXXX077X5576,5585.0,2026-06-11 15:01:57
XXXX077X5629,4276.0,2026-06-11 15:01:57
XXXX077X5941,3361.0,2026-06-11 15:01:57
XXXX077X6006,3469.0,2026-06-11 15:01:57
XXXX077X6032,2939.0,2026-06-11 15:01:57
XXXX077X6037,2429.0,2026-06-11 15:01:57
XXXX077X6050,3383.0,2026-06-11 15:01:57
XXXX077X6059,3020.0,2026-06-11 15:01:57
XXXX077X6219,3605.0,2026-06-11 15:01:57
XXXX077X6265,3377.0,2026-06-11 15:01:57
XXXX077X6271,6874.0,2026-06-11 15:01:57
XXXX077X6281,3034.0,2026-06-11 15:01:57
XXXX077X6305,3240.0,2026-06-11 15:01:57
XXXX077X6334,4201.0,2026-06-11 15:01:57
XXXX077X7001,2958.0,2026-06-11 15:01:57
XXXX077X7391,4216.0,2026-06-11 15:01:57
XXXX077X7589,5912.0,2026-06-11 15:01:57
XXXX077X7613,2601.0,2026-06-11 15:01:57
XXXX077X7668,4851.0,2026-06-11 15:01:57
XXXX077X7712,2879.0,2026-06-11 15:01:57
XXXX077X7869,3086.0,2026-06-11 15:01:57
XXXX077X7954,3116.0,2026-06-11 15:01:57
XXXX077X7957,4349.0,2026-06-11 15:01:57
XXXX077X7965,3170.0,2026-06-11 15:01:57
XXXX077X8001,3670.0,2026-06-11 15:01:57
XXXX077X8019,4014.0,2026-06-11 15:01:57
XXXX077X8057,3222.0,2026-06-11 15:01:57
XXXX077X8150,3357.0,2026-06-11 15:01:57
XXXX077X8186,3330.0,2026-06-11 15:01:57
XXXX077X8371,3938.0,2026-06-11 15:01:57
XXXX077X8595,3152.0,2026-06-11 15:01:57
XXXX077X8796,3888.0,2026-06-11 15:01:57
XXXX077X8910,3368.0,2026-06-11 15:01:57
XXXX077X8973,3055.0,2026-06-11 15:01:57
XXXX077X9162,2849.0,2026-06-11 15:01:57
XXXX077X9334,3813.0,2026-06-11 15:01:57
XXXX077X9342,3843.0,2026-06-11 15:01:57
XXXX077X9518,3939.0,2026-06-11 15:01:57
XXXX077X9545,2967.0,2026-06-11 15:01:57
XXXX077X9563,3236.0,2026-06-11 15:01:57
XXXX077X9644,4644.0,2026-06-11 15:01:57
XXXX077X9740,2910.0,2026-06-11 15:01:57
XXXX077X9907,2368.0,2026-06-11 15:01:57
XXXX077X9996,3819.0,2026-06-11 15:01:57
XXXX078X0044,3819.0,2026-06-11 15:01:57
XXXX078X0251,3133.0,2026-06-11 15:01:57
XXXX078X0314,3425.0,2026-06-11 15:01:57
XXXX078X0321,5483.0,2026-06-11 15:01:57
XXXX078X0351,3725.0,2026-06-11 15:01:57
XXXX078X0395,3768.0,2026-06-11 15:01:57
XXXX078X0548,3624.0,2026-06-11 15:01:57
XXXX078X0609,3634.0,2026-06-11 15:01:57
XXXX078X0867,2628.0,2026-06-11 15:01:57
XXXX078X0935,3408.0,2026-06-11 15:01:57
XXXX078X1000,3210.0,2026-06-11 15:01:57
XXXX078X1070,4316.0,2026-06-11 15:01:57
XXXX078X1343,5290.0,2026-06-11 15:01:57
XXXX078X1465,3372.0,2026-06-11 15:01:57
XXXX078X1572,3475.0,2026-06-11 15:01:57
XXXX078X1727,3110.0,2026-06-11 15:01:57
XXXX078X1861,2864.0,2026-06-11 15:01:57
XXXX078X1902,2913.0,2026-06-11 15:01:57
XXXX078X2196,3731.0,2026-06-11 15:01:57
XXXX078X2213,2957.0,2026-06-11 15:01:57
XXXX078X2242,4625.0,2026-06-11 15:01:57
XXXX078X2570,3957.0,2026-06-11 15:01:57
XXXX078X2623,4389.0,2026-06-11 15:01:57
XXXX078X2668,3208.0,2026-06-11 15:01:57
XXXX078X2692,4270.0,2026-06-11 15:01:57
XXXX078X2969,5423.0,2026-06-11 15:01:57
XXXX078X3356,4047.0,2026-06-11 15:01:57
XXXX078X3438,4070.0,2026-06-11 15:01:57
XXXX078X3470,4364.0,2026-06-11 15:01:57
XXXX078X3539,2658.0,2026-06-11 15:01:57
XXXX078X3639,4130.0,2026-06-11 15:01:57
XXXX078X3651,3391.0,2026-06-11 15:01:57
XXXX078X3780,3389.0,2026-06-11 15:01:57
XXXX078X3863,3629.0,2026-06-11 15:01:57
XXXX078X4028,4146.0,2026-06-11 15:01:57
XXXX078X4160,3278.0,2026-06-11 15:01:57
XXXX078X4225,4369.0,2026-06-11 15:01:57
XXXX078X4498,3391.0,2026-06-11 15:01:57
XXXX078X4565,6937.0,2026-06-11 15:01:57
XXXX078X4612,4341.0,2026-06-11 15:01:57
XXXX078X4639,3376.0,2026-06-11 15:01:57
XXXX078X4675,2326.0,2026-06-11 15:01:57
XXXX078X4741,3326.0,2026-06-11 15:01:57
XXXX078X4808,3973.0,2026-06-11 15:01:57
XXXX078X4867,3334.0,2026-06-11 15:01:57
XXXX078X5208,4201.0,2026-06-11 15:01:57
XXXX078X5226,2908.0,2026-06-11 15:01:57
XXXX078X5281,3145.0,2026-06-11 15:01:57
XXXX078X5352,3259.0,2026-06-11 15:01:57
XXXX078X5446,4993.0,2026-06-11 15:01:57
XXXX078X5513,3077.0,2026-06-11 15:01:57
XXXX078X5684,3579.0,2026-06-11 15:01:57
XXXX078X5750,3342.0,2026-06-11 15:01:57
XXXX078X5803,3679.0,2026-06-11 15:01:57
XXXX078X5861,3086.0,2026-06-11 15:01:57
XXXX078X5869,4014.0,2026-06-11 15:01:57
XXXX078X5893,3685.0,2026-06-11 15:01:57
XXXX078X5988,4553.0,2026-06-11 15:01:57
XXXX078X5993,3981.0,2026-06-11 15:01:57
XXXX078X6017,4997.0,2026-06-11 15:01:57
XXXX078X6080,4830.0,2026-06-11 15:01:57
XXXX078X6287,3494.0,2026-06-11 15:01:57
XXXX078X6347,3437.0,2026-06-11 15:01:57
XXXX078X6394,3102.0,2026-06-11 15:01:57
XXXX078X6530,3492.0,2026-06-11 15:01:57
XXXX078X6737,3916.0,2026-06-11 15:01:57
XXXX078X6798,3216.0,2026-06-11 15:01:57
XXXX078X7142,3372.0,2026-06-11 15:01:57
XXXX078X7348,3819.0,2026-06-11 15:01:57
XXXX078X7511,3174.0,2026-06-11 15:01:57
XXXX078X7552,2926.0,2026-06-11 15:01:57
XXXX078X7623,2572.0,2026-06-11 15:01:57
XXXX078X7699,2872.0,2026-06-11 15:01:57
XXXX078X7718,3941.0,2026-06-11 15:01:57
XXXX078X7834,4766.0,2026-06-11 15:01:57
XXXX078X7852,3410.0,2026-06-11 15:01:57
XXXX078X8118,5039.0,2026-06-11 15:01:57
XXXX078X8139,3838.0,2026-06-11 15:01:57
XXXX078X8222,2360.0,2026-06-11 15:01:57
XXXX078X8247,3275.0,2026-06-11 15:01:57
XXXX078X8267,5447.0,2026-06-11 15:01:57
XXXX078X8428,3643.0,2026-06-11 15:01:57
XXXX078X8484,3455.0,2026-06-11 15:01:57
XXXX078X8644,3202.0,2026-06-11 15:01:57
XXXX078X8653,2999.0,2026-06-11 15:01:57
XXXX078X8773,2782.0,2026-06-11 15:01:57
XXXX078X9067,3695.0,2026-06-11 15:01:57
XXXX078X9134,3606.0,2026-06-11 15:01:57
XXXX078X9152,3597.0,2026-06-11 15:01:57
XXXX078X9170,3865.0,2026-06-11 15:01:57
XXXX078X9179,3928.0,2026-06-11 15:01:57
XXXX078X9257,3819.0,2026-06-11 15:01:57
XXXX078X9273,3371.0,2026-06-11 15:01:57
XXXX078X9417,4419.0,2026-06-11 15:01:57
XXXX078X9456,2971.0,2026-06-11 15:01:57
XXXX078X9464,3211.0,2026-06-11 15:01:57
XXXX078X9564,3089.0,2026-06-11 15:01:57
XXXX078X9614,3563.0,2026-06-11 15:01:57
XXXX078X9751,3494.0,2026-06-11 15:01:57
XXXX078X9921,2216.0,2026-06-11 15:01:57
XXXX079X0141,3819.0,2026-06-11 15:01:57
XXXX079X0168,3295.0,2026-06-11 15:01:57
XXXX079X0183,3164.0,2026-06-11 15:01:57
XXXX079X0219,4769.0,2026-06-11 15:01:57
XXXX079X0224,4642.0,2026-06-11 15:01:57
XXXX079X0263,4513.0,2026-06-11 15:01:57
XXXX079X0286,4384.0,2026-06-11 15:01:57
XXXX079X0306,2957.0,2026-06-11 15:01:57
XXXX079X0322,4410.0,2026-06-11 15:01:57
XXXX079X0474,3542.0,2026-06-11 15:01:57
XXXX079X0516,3407.0,2026-06-11 15:01:57
XXXX079X0544,3015.0,2026-06-11 15:01:57
XXXX079X0684,3770.0,2026-06-11 15:01:57
XXXX079X0763,4980.0,2026-06-11 15:01:57
XXXX079X0804,3669.0,2026-06-11 15:01:57
XXXX079X0835,3571.0,2026-06-11 15:01:57
XXXX079X0848,3502.0,2026-06-11 15:01:57
XXXX079X0988,4264.0,2026-06-11 15:01:57
XXXX079X1031,4083.0,2026-06-11 15:01:57
XXXX079X1054,3737.0,2026-06-11 15:01:57
XXXX079X1189,3943.0,2026-06-11 15:01:57
XXXX079X1374,4946.0,2026-06-11 15:01:57
XXXX079X1387,3697.0,2026-06-11 15:01:57
XXXX079X1458,3047.0,2026-06-11 15:01:57
XXXX079X1467,2818.0,2026-06-11 15:01:57
XXXX079X1515,10787.0,2026-06-11 15:01:57
XXXX079X1609,4078.0,2026-06-11 15:01:57
XXXX079X1663,3397.0,2026-06-11 15:01:57
XXXX079X1689,4301.0,2026-06-11 15:01:57
XXXX079X1772,3657.0,2026-06-11 15:01:57
XXXX079X1966,4254.0,2026-06-11 15:01:57
XXXX079X1970,3002.0,2026-06-11 15:01:57
XXXX079X2074,3554.0,2026-06-11 15:01:57
XXXX079X2099,3227.0,2026-06-11 15:01:57
XXXX079X2269,3688.0,2026-06-11 15:01:57
XXXX079X2502,3452.0,2026-06-11 15:01:57
XXXX079X2537,3578.0,2026-06-11 15:01:57
XXXX079X2582,3139.0,2026-06-11 15:01:57
XXXX079X2748,3460.0,2026-06-11 15:01:57
XXXX079X2785,3705.0,2026-06-11 15:01:57
XXXX079X2852,3803.0,2026-06-11 15:01:57
XXXX079X2860,3607.0,2026-06-11 15:01:57
XXXX079X2904,4809.0,2026-06-11 15:01:57
XXXX079X3000,4119.0,2026-06-11 15:01:57
XXXX079X3045,4570.0,2026-06-11 15:01:57
XXXX079X3317,2939.0,2026-06-11 15:01:57
XXXX079X3441,2776.0,2026-06-11 15:01:57
XXXX079X3489,3300.0,2026-06-11 15:01:57
XXXX079X3684,4254.0,2026-06-11 15:01:57
XXXX079X3724,3735.0,2026-06-11 15:01:57
XXXX079X3848,3109.0,2026-06-11 15:01:57
XXXX079X3958,3078.0,2026-06-11 15:01:57
XXXX079X4001,3083.0,2026-06-11 15:01:57
XXXX079X4017,3863.0,2026-06-11 15:01:57
XXXX079X4038,2673.0,2026-06-11 15:01:57
XXXX079X4109,3571.0,2026-06-11 15:01:57
XXXX079X4117,4083.0,2026-06-11 15:01:57
XXXX079X4120,2955.0,2026-06-11 15:01:57
XXXX079X4190,3330.0,2026-06-11 15:01:57
XXXX079X4374,3768.0,2026-06-11 15:01:57
XXXX079X4443,3044.0,2026-06-11 15:01:57
XXXX079X4461,4538.0,2026-06-11 15:01:57
XXXX079X4478,3361.0,2026-06-11 15:01:57
XXXX079X4777,3381.0,2026-06-11 15:01:57
XXXX079X4793,3598.0,2026-06-11 15:01:57
XXXX079X4811,4275.0,2026-06-11 15:01:57
XXXX079X4952,4311.0,2026-06-11 15:01:57
XXXX079X5318,4576.0,2026-06-11 15:01:57
XXXX079X5343,5188.0,2026-06-11 15:01:57
XXXX079X5353,6244.0,2026-06-11 15:01:57
XXXX079X5373,4377.0,2026-06-11 15:01:57
XXXX079X5442,4144.0,2026-06-11 15:01:57
XXXX079X5452,2890.0,2026-06-11 15:01:57
XXXX079X5457,4638.0,2026-06-11 15:01:57
XXXX079X5530,5183.0,2026-06-11 15:01:57
XXXX079X5533,3227.0,2026-06-11 15:01:57
XXXX079X5550,4244.0,2026-06-11 15:01:57
XXXX079X5558,5137.0,2026-06-11 15:01:57
XXXX079X5568,3197.0,2026-06-11 15:01:57
XXXX079X5646,4306.0,2026-06-11 15:01:57
XXXX079X5683,4159.0,2026-06-11 15:01:57
XXXX079X5801,3054.0,2026-06-11 15:01:57
XXXX079X5870,3165.0,2026-06-11 15:01:57
XXXX079X5880,3639.0,2026-06-11 15:01:57
XXXX079X5910,3692.0,2026-06-11 15:01:57
XXXX079X5996,4326.0,2026-06-11 15:01:57
XXXX079X6029,3504.0,2026-06-11 15:01:57
XXXX079X6091,3338.0,2026-06-11 15:01:57
XXXX079X6093,3113.0,2026-06-11 15:01:57
XXXX079X6106,3078.0,2026-06-11 15:01:57
XXXX079X6202,4988.0,2026-06-11 15:01:57
XXXX079X6452,3801.0,2026-06-11 15:01:57
XXXX079X6532,3148.0,2026-06-11 15:01:57
XXXX079X6740,3860.0,2026-06-11 15:01:57
XXXX079X6749,3792.0,2026-06-11 15:01:57
XXXX079X6815,4656.0,2026-06-11 15:01:57
XXXX079X6865,3823.0,2026-06-11 15:01:57
XXXX079X6891,4059.0,2026-06-11 15:01:57
XXXX079X7016,4581.0,2026-06-11 15:01:57
XXXX079X7102,2788.0,2026-06-11 15:01:57
XXXX079X7232,2943.0,2026-06-11 15:01:57
XXXX079X7245,3029.0,2026-06-11 15:01:57
XXXX079X7257,3905.0,2026-06-11 15:01:57
XXXX079X7351,4416.0,2026-06-11 15:01:57
XXXX079X7375,3510.0,2026-06-11 15:01:57
XXXX079X7460,2847.0,2026-06-11 15:01:57
XXXX079X7483,4114.0,2026-06-11 15:01:57
XXXX079X7631,3174.0,2026-06-11 15:01:57
XXXX079X7713,3817.0,2026-06-11 15:01:57
XXXX079X7789,3709.0,2026-06-11 15:01:57
XXXX079X7844,3097.0,2026-06-11 15:01:57
XXXX079X7934,3193.0,2026-06-11 15:01:57
XXXX079X7982,4809.0,2026-06-11 15:01:57
XXXX079X8031,5188.0,2026-06-11 15:01:57
XXXX079X8045,3817.0,2026-06-11 15:01:57
XXXX079X8113,4418.0,2026-06-11 15:01:57
XXXX079X8137,3796.0,2026-06-11 15:01:57
XXXX079X8181,3927.0,2026-06-11 15:01:57
XXXX079X8246,3097.0,2026-06-11 15:01:57
XXXX079X8290,3146.0,2026-06-11 15:01:57
XXXX079X8422,3535.0,2026-06-11 15:01:57
XXXX079X8585,3873.0,2026-06-11 15:01:57
XXXX079X8745,4363.0,2026-06-11 15:01:57
XXXX079X8747,4991.0,2026-06-11 15:01:57
XXXX079X9452,2898.0,2026-06-11 15:01:57
XXXX079X9480,3012.0,2026-06-11 15:01:57
XXXX079X9515,3242.0,2026-06-11 15:01:57
XXXX079X9605,2569.0,2026-06-11 15:01:57
XXXX079X9884,3459.0,2026-06-11 15:01:57
XXXX079X9906,4150.0,2026-06-11 15:01:57
XXXX079X9984,3504.0,2026-06-11 15:01:57
XXXX080X0022,3323.0,2026-06-11 15:01:57
XXXX080X0313,4136.0,2026-06-11 15:01:57
XXXX080X0380,4486.0,2026-06-11 15:01:57
XXXX080X0405,3982.0,2026-06-11 15:01:57
XXXX080X0461,3061.0,2026-06-11 15:01:57
XXXX080X0658,3797.0,2026-06-11 15:01:57
XXXX080X0703,4599.0,2026-06-11 15:01:57
XXXX080X0758,4428.0,2026-06-11 15:01:57
XXXX080X0931,3498.0,2026-06-11 15:01:57
XXXX080X1016,3966.0,2026-06-11 15:01:57
XXXX080X1096,3246.0,2026-06-11 15:01:57
XXXX080X1133,4669.0,2026-06-11 15:01:57
XXXX080X1291,4513.0,2026-06-11 15:01:57
XXXX080X1325,3761.0,2026-06-11 15:01:57
XXXX080X1363,3529.0,2026-06-11 15:01:57
XXXX080X1384,5343.0,2026-06-11 15:01:57
XXXX080X1477,3319.0,2026-06-11 15:01:57
XXXX080X1636,4358.0,2026-06-11 15:01:57
XXXX080X1711,4097.0,2026-06-11 15:01:57
XXXX080X1719,3735.0,2026-06-11 15:01:57
XXXX080X1770,3242.0,2026-06-11 15:01:57
XXXX080X1788,2834.0,2026-06-11 15:01:57
XXXX080X1791,3006.0,2026-06-11 15:01:57
XXXX080X1861,3342.0,2026-06-11 15:01:57
XXXX080X1904,2915.0,2026-06-11 15:01:57
XXXX080X1968,3314.0,2026-06-11 15:01:57
XXXX080X2055,3172.0,2026-06-11 15:01:57
XXXX080X2087,3157.0,2026-06-11 15:01:57
XXXX080X2175,6407.0,2026-06-11 15:01:57
XXXX080X2207,3147.0,2026-06-11 15:01:57
XXXX080X2210,4254.0,2026-06-11 15:01:57
XXXX080X2241,2456.0,2026-06-11 15:01:57
XXXX080X2246,5672.0,2026-06-11 15:01:57
XXXX080X2555,4595.0,2026-06-11 15:01:57
XXXX080X2616,3361.0,2026-06-11 15:01:57
XXXX080X2764,4248.0,2026-06-11 15:01:57
XXXX080X2898,4026.0,2026-06-11 15:01:57
XXXX080X2917,3368.0,2026-06-11 15:01:57
XXXX080X2966,4092.0,2026-06-11 15:01:57
XXXX080X3089,4739.0,2026-06-11 15:01:57
XXXX080X3191,8023.0,2026-06-11 15:01:57
XXXX080X3192,3952.0,2026-06-11 15:01:57
XXXX080X3362,3296.0,2026-06-11 15:01:57
XXXX080X3387,3725.0,2026-06-11 15:01:57
XXXX080X3405,3177.0,2026-06-11 15:01:57
XXXX080X3412,3198.0,2026-06-11 15:01:57
XXXX080X3436,4428.0,2026-06-11 15:01:57
XXXX080X3580,1877.0,2026-06-11 15:01:57
XXXX080X3728,4560.0,2026-06-11 15:01:57
XXXX080X3734,3315.0,2026-06-11 15:01:57
XXXX080X3740,3402.0,2026-06-11 15:01:57
XXXX080X3759,3208.0,2026-06-11 15:01:57
XXXX080X3835,3197.0,2026-06-11 15:01:57
XXXX080X3839,3927.0,2026-06-11 15:01:57
XXXX080X3886,3624.0,2026-06-11 15:01:57
XXXX080X3898,3398.0,2026-06-11 15:01:57
XXXX080X3900,2200.0,2026-06-11 15:01:57
XXXX080X3932,4809.0,2026-06-11 15:01:57
XXXX080X4077,3932.0,2026-06-11 15:01:57
XXXX080X4113,2505.0,2026-06-11 15:01:57
XXXX080X4227,3674.0,2026-06-11 15:01:57
XXXX080X4270,4944.0,2026-06-11 15:01:57
XXXX080X4390,4659.0,2026-06-11 15:01:57
XXXX080X4405,3534.0,2026-06-11 15:01:57
XXXX080X4436,4192.0,2026-06-11 15:01:57
XXXX080X4525,3910.0,2026-06-11 15:01:57
XXXX080X4532,3709.0,2026-06-11 15:01:57
XXXX080X4558,2902.0,2026-06-11 15:01:57
XXXX080X4582,3460.0,2026-06-11 15:01:57
XXXX080X4605,3342.0,2026-06-11 15:01:57
XXXX080X4717,3418.0,2026-06-11 15:01:57
XXXX080X4786,3863.0,2026-06-11 15:01:57
XXXX080X4845,4399.0,2026-06-11 15:01:57
XXXX080X4927,3616.0,2026-06-11 15:01:57
XXXX080X4946,4119.0,2026-06-11 15:01:57
XXXX080X5043,3261.0,2026-06-11 15:01:57
XXXX080X5066,4245.0,2026-06-11 15:01:57
XXXX080X5096,2939.0,2026-06-11 15:01:57
XXXX080X5113,4086.0,2026-06-11 15:01:57
XXXX080X5169,4161.0,2026-06-11 15:01:57
XXXX080X5194,4166.0,2026-06-11 15:01:57
XXXX080X5222,4083.0,2026-06-11 15:01:57
XXXX080X5331,3748.0,2026-06-11 15:01:57
XXXX080X5465,3382.0,2026-06-11 15:01:57
XXXX080X5472,2902.0,2026-06-11 15:01:57
XXXX080X5759,5339.0,2026-06-11 15:01:57
XXXX080X5837,3312.0,2026-06-11 15:01:57
XXXX080X5885,4742.0,2026-06-11 15:01:57
XXXX080X5994,4121.0,2026-06-11 15:01:57
XXXX080X6047,3414.0,2026-06-11 15:01:57
XXXX080X6055,3712.0,2026-06-11 15:01:57
XXXX080X6056,4625.0,2026-06-11 15:01:57
XXXX080X6104,5442.0,2026-06-11 15:01:57
XXXX080X6135,3552.0,2026-06-11 15:01:57
XXXX080X6266,3489.0,2026-06-11 15:01:57
XXXX080X6292,5723.0,2026-06-11 15:01:57
XXXX080X6319,3227.0,2026-06-11 15:01:57
XXXX080X6412,4352.0,2026-06-11 15:01:57
XXXX080X6447,3592.0,2026-06-11 15:01:57
XXXX080X6510,3237.0,2026-06-11 15:01:57
XXXX080X6763,4363.0,2026-06-11 15:01:57
XXXX080X6787,4162.0,2026-06-11 15:01:57
XXXX080X6794,4049.0,2026-06-11 15:01:57
XXXX080X6881,3725.0,2026-06-11 15:01:57
XXXX080X6981,4703.0,2026-06-11 15:01:57
XXXX080X7102,3935.0,2026-06-11 15:01:57
XXXX080X7135,5758.0,2026-06-11 15:01:57
XXXX080X7231,3491.0,2026-06-11 15:01:57
XXXX080X7262,1997.0,2026-06-11 15:01:57
XXXX080X7334,3932.0,2026-06-11 15:01:57
XXXX080X7394,4058.0,2026-06-11 15:01:57
XXXX080X7413,4111.0,2026-06-11 15:01:57
XXXX080X7415,3521.0,2026-06-11 15:01:57
XXXX080X7416,3062.0,2026-06-11 15:01:57
XXXX080X7575,4018.0,2026-06-11 15:01:57
XXXX080X7837,4352.0,2026-06-11 15:01:57
XXXX080X7863,5499.0,2026-06-11 15:01:57
XXXX080X8127,2993.0,2026-06-11 15:01:57
XXXX080X8204,6538.0,2026-06-11 15:01:57
XXXX080X8224,4399.0,2026-06-11 15:01:57
XXXX080X8226,2364.0,2026-06-11 15:01:57
XXXX080X8312,3101.0,2026-06-11 15:01:57
XXXX080X8394,3794.0,2026-06-11 15:01:57
XXXX080X8712,3187.0,2026-06-11 15:01:57
XXXX080X9072,3943.0,2026-06-11 15:01:57
XXXX080X9132,3643.0,2026-06-11 15:01:57
XXXX080X9221,3600.0,2026-06-11 15:01:57
XXXX080X9353,3768.0,2026-06-11 15:01:57
XXXX080X9398,4021.0,2026-06-11 15:01:57
XXXX080X9488,3493.0,2026-06-11 15:01:57
XXXX080X9494,2998.0,2026-06-11 15:01:57
XXXX080X9500,3865.0,2026-06-11 15:01:57
XXXX080X9532,4727.0,2026-06-11 15:01:57
XXXX080X9569,3399.0,2026-06-11 15:01:57
XXXX080X9659,3386.0,2026-06-11 15:01:57
XXXX080X9692,4583.0,2026-06-11 15:01:57
XXXX080X9723,3139.0,2026-06-11 15:01:57
XXXX080X9800,3315.0,2026-06-11 15:01:57
XXXX080X9898,2682.0,2026-06-11 15:01:57
XXXX081X0193,3425.0,2026-06-11 15:01:57
XXXX081X0271,4105.0,2026-06-11 15:01:57
XXXX081X0301,4457.0,2026-06-11 15:01:57
XXXX081X0315,4882.0,2026-06-11 15:01:57
XXXX081X0504,5074.0,2026-06-11 15:01:57
XXXX081X0544,2747.0,2026-06-11 15:01:57
XXXX081X0562,3965.0,2026-06-11 15:01:57
XXXX081X0633,3101.0,2026-06-11 15:01:57
XXXX081X0670,5028.0,2026-06-11 15:01:57
XXXX081X0726,4512.0,2026-06-11 15:01:57
XXXX081X0732,3621.0,2026-06-11 15:01:57
XXXX081X0757,3299.0,2026-06-11 15:01:57
XXXX081X0795,4377.0,2026-06-11 15:01:57
XXXX081X0813,3620.0,2026-06-11 15:01:57
XXXX081X0897,3442.0,2026-06-11 15:01:57
XXXX081X0899,3777.0,2026-06-11 15:01:57
XXXX081X1122,5541.0,2026-06-11 15:01:57
XXXX081X1209,3466.0,2026-06-11 15:01:57
XXXX081X1290,4170.0,2026-06-11 15:01:57
XXXX081X1351,2880.0,2026-06-11 15:01:57
XXXX081X1353,6110.0,2026-06-11 15:01:57
XXXX081X1408,3032.0,2026-06-11 15:01:57
XXXX081X1626,4714.0,2026-06-11 15:01:57
XXXX081X1864,4479.0,2026-06-11 15:01:57
XXXX081X1927,3890.0,2026-06-11 15:01:57
XXXX081X1985,3658.0,2026-06-11 15:01:57
XXXX081X2055,4266.0,2026-06-11 15:01:57
XXXX081X2128,3055.0,2026-06-11 15:01:57
XXXX081X2348,3009.0,2026-06-11 15:01:57
XXXX081X2438,3762.0,2026-06-11 15:01:57
XXXX081X2515,3982.0,2026-06-11 15:01:57
XXXX081X2558,5664.0,2026-06-11 15:01:57
XXXX081X2609,2891.0,2026-06-11 15:01:57
XXXX081X2616,3419.0,2026-06-11 15:01:57
XXXX081X2706,7674.0,2026-06-11 15:01:57
XXXX081X2722,4148.0,2026-06-11 15:01:57
XXXX081X2754,2055.0,2026-06-11 15:01:57
XXXX081X2799,3206.0,2026-06-11 15:01:57
XXXX081X2924,4156.0,2026-06-11 15:01:57
XXXX081X3040,3032.0,2026-06-11 15:01:57
XXXX081X3151,2979.0,2026-06-11 15:01:57
XXXX081X3158,3227.0,2026-06-11 15:01:57
XXXX081X3189,2928.0,2026-06-11 15:01:57
XXXX081X3231,3756.0,2026-06-11 15:01:57
XXXX081X3993,3406.0,2026-06-11 15:01:57
XXXX081X4041,5971.0,2026-06-11 15:01:57
XXXX081X4052,3552.0,2026-06-11 15:01:57
XXXX081X4069,4522.0,2026-06-11 15:01:57
XXXX081X4380,3096.0,2026-06-11 15:01:57
XXXX081X4404,4088.0,2026-06-11 15:01:57
XXXX081X4471,4353.0,2026-06-11 15:01:57
XXXX081X4606,3821.0,2026-06-11 15:01:57
XXXX081X4613,4558.0,2026-06-11 15:01:57
XXXX081X4651,3504.0,2026-06-11 15:01:57
XXXX081X4920,5498.0,2026-06-11 15:01:57
XXXX081X4982,4524.0,2026-06-11 15:01:57
XXXX081X5059,3724.0,2026-06-11 15:01:57
XXXX081X5141,4373.0,2026-06-11 15:01:57
XXXX081X5271,4503.0,2026-06-11 15:01:57
XXXX081X5300,4392.0,2026-06-11 15:01:57
XXXX081X5315,3475.0,2026-06-11 15:01:57
XXXX081X5360,3678.0,2026-06-11 15:01:57
XXXX081X5455,4923.0,2026-06-11 15:01:57
XXXX081X5606,4070.0,2026-06-11 15:01:57
XXXX081X5899,2984.0,2026-06-11 15:01:57
XXXX081X5904,4445.0,2026-06-11 15:01:57
XXXX081X6019,3907.0,2026-06-11 15:01:57
XXXX081X6080,5223.0,2026-06-11 15:01:57
XXXX081X6146,5323.0,2026-06-11 15:01:57
XXXX081X6227,3204.0,2026-06-11 15:01:57
XXXX081X6251,3545.0,2026-06-11 15:01:57
XXXX081X6284,3839.0,2026-06-11 15:01:57
XXXX081X6288,3119.0,2026-06-11 15:01:57
XXXX081X6310,3597.0,2026-06-11 15:01:57
XXXX081X6402,2599.0,2026-06-11 15:01:57
XXXX081X6616,4167.0,2026-06-11 15:01:57
XXXX081X6708,3387.0,2026-06-11 15:01:57
XXXX081X6709,4512.0,2026-06-11 15:01:57
XXXX081X6772,3773.0,2026-06-11 15:01:57
XXXX081X7191,4084.0,2026-06-11 15:01:57
XXXX081X7213,4530.0,2026-06-11 15:01:57
XXXX081X7217,4954.0,2026-06-11 15:01:57
XXXX081X7251,2538.0,2026-06-11 15:01:57
XXXX081X7290,3116.0,2026-06-11 15:01:57
XXXX081X7355,4203.0,2026-06-11 15:01:57
XXXX081X7379,3972.0,2026-06-11 15:01:57
XXXX081X7690,4451.0,2026-06-11 15:01:57
XXXX081X7860,2618.0,2026-06-11 15:01:57
XXXX081X7958,3490.0,2026-06-11 15:01:57
XXXX081X8080,3029.0,2026-06-11 15:01:57
XXXX081X8105,4394.0,2026-06-11 15:01:57
XXXX081X8126,5188.0,2026-06-11 15:01:57
XXXX081X8133,4669.0,2026-06-11 15:01:57
XXXX081X8343,3364.0,2026-06-11 15:01:57
XXXX081X8360,3101.0,2026-06-11 15:01:57
XXXX081X8528,5139.0,2026-06-11 15:01:57
XXXX081X8582,3320.0,2026-06-11 15:01:57
XXXX081X8691,3829.0,2026-06-11 15:01:57
XXXX081X8749,2944.0,2026-06-11 15:01:57
XXXX081X8837,3444.0,2026-06-11 15:01:57
XXXX081X9017,3957.0,2026-06-11 15:01:57
XXXX081X9140,3475.0,2026-06-11 15:01:57
XXXX081X9410,3849.0,2026-06-11 15:01:57
XXXX081X9446,4207.0,2026-06-11 15:01:57
XXXX081X9507,3085.0,2026-06-11 15:01:57
XXXX081X9534,3282.0,2026-06-11 15:01:57
XXXX081X9663,2016.0,2026-06-11 15:01:57
XXXX081X9666,3828.0,2026-06-11 15:01:57
XXXX081X9760,4368.0,2026-06-11 15:01:57
XXXX081X9768,3455.0,2026-06-11 15:01:57
XXXX081X9805,3331.0,2026-06-11 15:01:57
XXXX082X0039,3741.0,2026-06-11 15:01:57
XXXX082X0112,3756.0,2026-06-11 15:01:57
XXXX082X0158,6531.0,2026-06-11 15:01:57
XXXX082X0204,4083.0,2026-06-11 15:01:57
XXXX082X0286,3224.0,2026-06-11 15:01:57
XXXX082X0322,3422.0,2026-06-11 15:01:57
XXXX082X0372,4083.0,2026-06-11 15:01:57
XXXX082X0447,8197.0,2026-06-11 15:01:57
XXXX082X0529,4193.0,2026-06-11 15:01:57
XXXX082X0539,2511.0,2026-06-11 15:01:57
XXXX082X0590,3974.0,2026-06-11 15:01:57
XXXX082X0594,3109.0,2026-06-11 15:01:57
XXXX082X0620,4088.0,2026-06-11 15:01:57
XXXX082X0689,3895.0,2026-06-11 15:01:57
XXXX082X0690,3326.0,2026-06-11 15:01:57
XXXX082X0693,3336.0,2026-06-11 15:01:57
XXXX082X0730,4642.0,2026-06-11 15:01:57
XXXX082X0815,3327.0,2026-06-11 15:01:57
XXXX082X0856,4481.0,2026-06-11 15:01:57
XXXX082X0866,3843.0,2026-06-11 15:01:57
XXXX082X0935,5084.0,2026-06-11 15:01:57
XXXX082X1146,4061.0,2026-06-11 15:01:57
XXXX082X1250,3222.0,2026-06-11 15:01:57
XXXX082X1508,3396.0,2026-06-11 15:01:57
XXXX082X1556,3727.0,2026-06-11 15:01:57
XXXX082X1600,3316.0,2026-06-11 15:01:57
XXXX082X1617,3788.0,2026-06-11 15:01:57
XXXX082X1621,7782.0,2026-06-11 15:01:57
XXXX082X1666,3756.0,2026-06-11 15:01:57
XXXX082X1697,4184.0,2026-06-11 15:01:57
XXXX082X1750,3349.0,2026-06-11 15:01:57
XXXX082X1799,4332.0,2026-06-11 15:01:57
XXXX082X1836,2694.0,2026-06-11 15:01:57
XXXX082X2113,3746.0,2026-06-11 15:01:57
XXXX082X2158,3410.0,2026-06-11 15:01:57
XXXX082X2376,3609.0,2026-06-11 15:01:57
XXXX082X2434,3110.0,2026-06-11 15:01:57
XXXX082X2505,4204.0,2026-06-11 15:01:57
XXXX082X2526,3111.0,2026-06-11 15:01:57
XXXX082X2600,4311.0,2026-06-11 15:01:57
XXXX082X2673,8754.0,2026-06-11 15:01:57
XXXX082X2870,4319.0,2026-06-11 15:01:57
XXXX082X2921,3601.0,2026-06-11 15:01:57
XXXX082X3097,5621.0,2026-06-11 15:01:57
XXXX082X3166,3936.0,2026-06-11 15:01:57
XXXX082X3431,3231.0,2026-06-11 15:01:57
XXXX082X3444,3208.0,2026-06-11 15:01:57
XXXX082X3479,2922.0,2026-06-11 15:01:57
XXXX082X3494,3787.0,2026-06-11 15:01:57
XXXX082X3530,3223.0,2026-06-11 15:01:57
XXXX082X3552,2862.0,2026-06-11 15:01:57
XXXX082X3571,4446.0,2026-06-11 15:01:57
XXXX082X3617,3125.0,2026-06-11 15:01:57
XXXX082X3652,3453.0,2026-06-11 15:01:57
XXXX082X3748,5032.0,2026-06-11 15:01:57
XXXX082X3838,2477.0,2026-06-11 15:01:57
XXXX082X4070,4093.0,2026-06-11 15:01:57
XXXX082X4210,3086.0,2026-06-11 15:01:57
XXXX082X4309,4742.0,2026-06-11 15:01:57
XXXX082X4373,3117.0,2026-06-11 15:01:57
XXXX082X4401,4415.0,2026-06-11 15:01:57
XXXX082X4509,2899.0,2026-06-11 15:01:57
XXXX082X4590,4820.0,2026-06-11 15:01:57
XXXX082X4644,4573.0,2026-06-11 15:01:57
XXXX082X4657,3117.0,2026-06-11 15:01:57
XXXX082X4677,4023.0,2026-06-11 15:01:57
XXXX082X4830,2910.0,2026-06-11 15:01:57
XXXX082X4920,3196.0,2026-06-11 15:01:57
XXXX082X4937,4154.0,2026-06-11 15:01:57
XXXX082X4955,4097.0,2026-06-11 15:01:57
XXXX082X4988,3578.0,2026-06-11 15:01:57
XXXX082X5046,3361.0,2026-06-11 15:01:57
XXXX082X5248,3661.0,2026-06-11 15:01:57
XXXX082X5337,2864.0,2026-06-11 15:01:57
XXXX082X5404,2313.0,2026-06-11 15:01:57
XXXX082X5411,3514.0,2026-06-11 15:01:57
XXXX082X5422,3982.0,2026-06-11 15:01:57
XXXX082X5544,4335.0,2026-06-11 15:01:57
XXXX082X5566,4770.0,2026-06-11 15:01:57
XXXX082X5602,2750.0,2026-06-11 15:01:57
XXXX082X5620,5432.0,2026-06-11 15:01:57
XXXX082X5664,4975.0,2026-06-11 15:01:57
XXXX082X5702,4622.0,2026-06-11 15:01:57
XXXX082X5726,3563.0,2026-06-11 15:01:57
XXXX082X5759,4632.0,2026-06-11 15:01:57
XXXX082X5785,5343.0,2026-06-11 15:01:57
XXXX082X5946,3957.0,2026-06-11 15:01:57
XXXX082X5962,3866.0,2026-06-11 15:01:57
XXXX082X5975,2406.0,2026-06-11 15:01:57
XXXX082X6042,3266.0,2026-06-11 15:01:57
XXXX082X6219,2969.0,2026-06-11 15:01:57
XXXX082X6344,3849.0,2026-06-11 15:01:57
XXXX082X6504,2899.0,2026-06-11 15:01:57
XXXX082X6713,2750.0,2026-06-11 15:01:57
XXXX082X6814,3549.0,2026-06-11 15:01:57
XXXX082X6858,4667.0,2026-06-11 15:01:57
XXXX082X6867,3382.0,2026-06-11 15:01:57
XXXX082X6972,3317.0,2026-06-11 15:01:57
XXXX082X6975,3716.0,2026-06-11 15:01:57
XXXX082X7006,3962.0,2026-06-11 15:01:57
XXXX082X7118,3717.0,2026-06-11 15:01:57
XXXX082X7162,5873.0,2026-06-11 15:01:57
XXXX082X7248,3097.0,2026-06-11 15:01:57
XXXX082X7290,2984.0,2026-06-11 15:01:57
XXXX082X7300,4046.0,2026-06-11 15:01:57
XXXX082X7352,3189.0,2026-06-11 15:01:57
XXXX082X7364,3285.0,2026-06-11 15:01:57
XXXX082X7388,3341.0,2026-06-11 15:01:57
XXXX082X7418,2941.0,2026-06-11 15:01:57
XXXX082X7532,3391.0,2026-06-11 15:01:57
XXXX082X7580,3542.0,2026-06-11 15:01:57
XXXX082X7716,2932.0,2026-06-11 15:01:57
XXXX082X7821,3206.0,2026-06-11 15:01:57
XXXX082X7838,3581.0,2026-06-11 15:01:57
XXXX082X7845,4809.0,2026-06-11 15:01:57
XXXX082X7856,3476.0,2026-06-11 15:01:57
XXXX082X8010,3683.0,2026-06-11 15:01:57
XXXX082X8094,4538.0,2026-06-11 15:01:57
XXXX082X8181,4128.0,2026-06-11 15:01:57
XXXX082X8287,4581.0,2026-06-11 15:01:57
XXXX082X8321,4332.0,2026-06-11 15:01:57
XXXX082X8408,3208.0,2026-06-11 15:01:57
XXXX082X8461,2928.0,2026-06-11 15:01:57
XXXX082X8514,4852.0,2026-06-11 15:01:57
XXXX082X8546,2987.0,2026-06-11 15:01:57
XXXX082X8610,3922.0,2026-06-11 15:01:57
XXXX082X8631,3159.0,2026-06-11 15:01:57
XXXX082X8669,2905.0,2026-06-11 15:01:57
XXXX082X8687,3801.0,2026-06-11 15:01:57
XXXX082X8975,3338.0,2026-06-11 15:01:57
XXXX082X9045,3708.0,2026-06-11 15:01:57
XXXX082X9055,4446.0,2026-06-11 15:01:57
XXXX082X9071,2683.0,2026-06-11 15:01:57
XXXX082X9074,4931.0,2026-06-11 15:01:57
XXXX082X9123,3679.0,2026-06-11 15:01:57
XXXX082X9234,2639.0,2026-06-11 15:01:57
XXXX082X9268,3105.0,2026-06-11 15:01:57
XXXX082X9290,3468.0,2026-06-11 15:01:57
XXXX082X9313,4083.0,2026-06-11 15:01:57
XXXX082X9481,4682.0,2026-06-11 15:01:57
XXXX082X9504,3328.0,2026-06-11 15:01:57
XXXX082X9692,4067.0,2026-06-11 15:01:57
XXXX082X9776,2833.0,2026-06-11 15:01:57
XXXX082X9806,3644.0,2026-06-11 15:01:57
XXXX082X9915,4238.0,2026-06-11 15:01:57
XXXX082X9920,3739.0,2026-06-11 15:01:57
XXXX082X9953,2716.0,2026-06-11 15:01:57
XXXX082X9987,4545.0,2026-06-11 15:01:57
XXXX083X0019,3953.0,2026-06-11 15:01:57
XXXX083X0159,4682.0,2026-06-11 15:01:57
XXXX083X0210,4662.0,2026-06-11 15:01:57
XXXX083X0273,5001.0,2026-06-11 15:01:57
XXXX083X0347,5408.0,2026-06-11 15:01:57
XXXX083X0361,4636.0,2026-06-11 15:01:57
XXXX083X0368,6391.0,2026-06-11 15:01:57
XXXX083X0420,4503.0,2026-06-11 15:01:57
XXXX083X0502,3678.0,2026-06-11 15:01:57
XXXX083X0596,5178.0,2026-06-11 15:01:57
XXXX083X0604,4636.0,2026-06-11 15:01:57
XXXX083X0658,3253.0,2026-06-11 15:01:57
XXXX083X0716,4327.0,2026-06-11 15:01:57
XXXX083X0733,3172.0,2026-06-11 15:01:57
XXXX083X0736,4669.0,2026-06-11 15:01:57
XXXX083X0739,3491.0,2026-06-11 15:01:57
XXXX083X0852,3516.0,2026-06-11 15:01:57
XXXX083X0856,4555.0,2026-06-11 15:01:57
XXXX083X0969,3357.0,2026-06-11 15:01:57
XXXX083X1001,3430.0,2026-06-11 15:01:57
XXXX083X1092,5084.0,2026-06-11 15:01:57
XXXX083X1200,3009.0,2026-06-11 15:01:57
XXXX083X1239,3632.0,2026-06-11 15:01:57
XXXX083X1265,4657.0,2026-06-11 15:01:57
XXXX083X1267,5139.0,2026-06-11 15:01:57
XXXX083X1341,3962.0,2026-06-11 15:01:57
XXXX083X1457,4181.0,2026-06-11 15:01:57
XXXX083X1470,4392.0,2026-06-11 15:01:57
XXXX083X1494,4083.0,2026-06-11 15:01:57
XXXX083X1594,3588.0,2026-06-11 15:01:57
XXXX083X1644,4714.0,2026-06-11 15:01:57
XXXX083X1651,2993.0,2026-06-11 15:01:57
XXXX083X1819,3444.0,2026-06-11 15:01:57
XXXX083X1836,3629.0,2026-06-11 15:01:57
XXXX083X1846,4166.0,2026-06-11 15:01:57
XXXX083X1889,3528.0,2026-06-11 15:01:57
XXXX083X1900,4455.0,2026-06-11 15:01:57
XXXX083X1960,5266.0,2026-06-11 15:01:57
XXXX083X1996,4399.0,2026-06-11 15:01:57
XXXX083X2073,4280.0,2026-06-11 15:01:57
XXXX083X2085,3270.0,2026-06-11 15:01:57
XXXX083X2138,3777.0,2026-06-11 15:01:57
XXXX083X2205,4223.0,2026-06-11 15:01:57
XXXX083X2247,2676.0,2026-06-11 15:01:57
XXXX083X2303,3923.0,2026-06-11 15:01:57
XXXX083X2361,3992.0,2026-06-11 15:01:57
XXXX083X2396,6341.0,2026-06-11 15:01:57
XXXX083X2413,3009.0,2026-06-11 15:01:57
XXXX083X2492,3585.0,2026-06-11 15:01:57
XXXX083X2502,3552.0,2026-06-11 15:01:57
XXXX083X2606,3891.0,2026-06-11 15:01:57
XXXX083X2660,3017.0,2026-06-11 15:01:57
XXXX083X2694,3709.0,2026-06-11 15:01:57
XXXX083X2717,3483.0,2026-06-11 15:01:57
XXXX083X2745,2814.0,2026-06-11 15:01:57
XXXX083X2792,4255.0,2026-06-11 15:01:57
XXXX083X2905,3399.0,2026-06-11 15:01:57
XXXX083X2932,2860.0,2026-06-11 15:01:57
XXXX083X2958,4695.0,2026-06-11 15:01:57
XXXX083X3107,3713.0,2026-06-11 15:01:57
XXXX083X3253,3254.0,2026-06-11 15:01:57
XXXX083X3304,3047.0,2026-06-11 15:01:57
XXXX083X3314,5268.0,2026-06-11 15:01:57
XXXX083X3393,4721.0,2026-06-11 15:01:57
XXXX083X3416,3782.0,2026-06-11 15:01:57
XXXX083X3485,3179.0,2026-06-11 15:01:57
XXXX083X3604,3400.0,2026-06-11 15:01:57
XXXX083X3709,2999.0,2026-06-11 15:01:57
XXXX083X3812,4759.0,2026-06-11 15:01:57
XXXX083X3828,4560.0,2026-06-11 15:01:57
XXXX083X3913,4632.0,2026-06-11 15:01:57
XXXX083X3926,3176.0,2026-06-11 15:01:57
XXXX083X3941,3623.0,2026-06-11 15:01:57
XXXX083X4023,2801.0,2026-06-11 15:01:57
XXXX083X4085,4687.0,2026-06-11 15:01:57
XXXX083X4114,3709.0,2026-06-11 15:01:57
XXXX083X4185,3252.0,2026-06-11 15:01:57
XXXX083X4198,3311.0,2026-06-11 15:01:57
XXXX083X4217,6266.0,2026-06-11 15:01:57
XXXX083X4241,2502.0,2026-06-11 15:01:57
XXXX083X4281,4342.0,2026-06-11 15:01:57
XXXX083X4352,3413.0,2026-06-11 15:01:57
XXXX083X4368,3410.0,2026-06-11 15:01:57
XXXX083X4410,3229.0,2026-06-11 15:01:57
XXXX083X4456,2826.0,2026-06-11 15:01:57
XXXX083X4476,2587.0,2026-06-11 15:01:57
XXXX083X4664,4326.0,2026-06-11 15:01:57
XXXX083X4680,4254.0,2026-06-11 15:01:57
XXXX083X4684,4167.0,2026-06-11 15:01:57
XXXX083X4748,3044.0,2026-06-11 15:01:57
XXXX083X4833,4436.0,2026-06-11 15:01:57
XXXX083X4846,5157.0,2026-06-11 15:01:57
XXXX083X4876,3487.0,2026-06-11 15:01:57
XXXX083X4881,4584.0,2026-06-11 15:01:57
XXXX083X4885,4016.0,2026-06-11 15:01:57
XXXX083X5017,3284.0,2026-06-11 15:01:57
XXXX083X5089,2694.0,2026-06-11 15:01:57
XXXX083X5105,3563.0,2026-06-11 15:01:57
XXXX083X5130,5276.0,2026-06-11 15:01:57
XXXX083X5160,3628.0,2026-06-11 15:01:57
XXXX083X5164,5701.0,2026-06-11 15:01:57
XXXX083X5210,3197.0,2026-06-11 15:01:57
XXXX083X5238,3992.0,2026-06-11 15:01:57
XXXX083X5254,3231.0,2026-06-11 15:01:57
XXXX083X5280,3308.0,2026-06-11 15:01:57
XXXX083X5308,4901.0,2026-06-11 15:01:57
XXXX083X5362,3605.0,2026-06-11 15:01:57
XXXX083X5367,3606.0,2026-06-11 15:01:57
XXXX083X5393,4420.0,2026-06-11 15:01:57
XXXX083X5584,3132.0,2026-06-11 15:01:57
XXXX083X5599,2575.0,2026-06-11 15:01:57
XXXX083X5638,3460.0,2026-06-11 15:01:57
XXXX083X5644,2480.0,2026-06-11 15:01:57
XXXX083X5692,3632.0,2026-06-11 15:01:57
XXXX083X5714,3177.0,2026-06-11 15:01:57
XXXX083X5731,3315.0,2026-06-11 15:01:57
XXXX083X5780,3716.0,2026-06-11 15:01:57
XXXX083X5790,3803.0,2026-06-11 15:01:57
XXXX083X5823,4296.0,2026-06-11 15:01:57
XXXX083X5838,2903.0,2026-06-11 15:01:57
XXXX083X5852,2811.0,2026-06-11 15:01:57
XXXX083X5899,4321.0,2026-06-11 15:01:57
XXXX083X5960,3798.0,2026-06-11 15:01:57
XXXX083X5973,5720.0,2026-06-11 15:01:57
XXXX083X6048,3212.0,2026-06-11 15:01:57
XXXX083X6126,2417.0,2026-06-11 15:01:57
XXXX083X6143,3938.0,2026-06-11 15:01:57
XXXX083X6147,3713.0,2026-06-11 15:01:57
XXXX083X6181,3675.0,2026-06-11 15:01:57
XXXX083X6252,3788.0,2026-06-11 15:01:57
XXXX083X6331,2658.0,2026-06-11 15:01:57
XXXX083X6332,4372.0,2026-06-11 15:01:57
XXXX083X6344,3071.0,2026-06-11 15:01:57
XXXX083X6487,5238.0,2026-06-11 15:01:57
XXXX083X6498,2998.0,2026-06-11 15:01:57
XXXX083X6510,4052.0,2026-06-11 15:01:57
XXXX083X6537,4373.0,2026-06-11 15:01:57
XXXX083X6553,3715.0,2026-06-11 15:01:57
XXXX083X6613,6574.0,2026-06-11 15:01:57
XXXX083X6615,3693.0,2026-06-11 15:01:57
XXXX083X6635,5575.0,2026-06-11 15:01:57
XXXX083X6660,3600.0,2026-06-11 15:01:57
XXXX083X6664,4220.0,2026-06-11 15:01:57
XXXX083X6675,3207.0,2026-06-11 15:01:57
XXXX083X6699,4802.0,2026-06-11 15:01:57
XXXX083X6753,2986.0,2026-06-11 15:01:57
XXXX083X6803,3047.0,2026-06-11 15:01:57
XXXX083X6816,3197.0,2026-06-11 15:01:57
XXXX083X6988,4647.0,2026-06-11 15:01:57
XXXX083X7018,4342.0,2026-06-11 15:01:57
XXXX083X7023,3239.0,2026-06-11 15:01:57
XXXX083X7078,3135.0,2026-06-11 15:01:57
XXXX083X7092,3957.0,2026-06-11 15:01:57
XXXX083X7248,2815.0,2026-06-11 15:01:57
XXXX083X7296,5292.0,2026-06-11 15:01:57
XXXX083X7364,3426.0,2026-06-11 15:01:57
XXXX083X7396,7041.0,2026-06-11 15:01:57
XXXX083X7400,5500.0,2026-06-11 15:01:57
XXXX083X7436,3915.0,2026-06-11 15:01:57
XXXX083X7459,4961.0,2026-06-11 15:01:57
XXXX083X7507,5136.0,2026-06-11 15:01:57
XXXX083X7581,4140.0,2026-06-11 15:01:57
XXXX083X7587,4172.0,2026-06-11 15:01:57
XXXX083X7592,3579.0,2026-06-11 15:01:57
XXXX083X7642,3497.0,2026-06-11 15:01:57
XXXX083X7698,3631.0,2026-06-11 15:01:57
XXXX083X7760,4018.0,2026-06-11 15:01:57
XXXX083X7777,3093.0,2026-06-11 15:01:57
XXXX083X7810,3116.0,2026-06-11 15:01:57
XXXX083X7825,2910.0,2026-06-11 15:01:57
XXXX083X7840,4181.0,2026-06-11 15:01:57
XXXX083X7878,3184.0,2026-06-11 15:01:57
XXXX083X7902,3860.0,2026-06-11 15:01:57
XXXX083X7924,3242.0,2026-06-11 15:01:57
XXXX083X7928,4355.0,2026-06-11 15:01:57
XXXX083X7933,3185.0,2026-06-11 15:01:57
XXXX083X7941,4263.0,2026-06-11 15:01:57
XXXX083X7979,3905.0,2026-06-11 15:01:57
XXXX083X8000,2984.0,2026-06-11 15:01:57
XXXX083X8013,3613.0,2026-06-11 15:01:57
XXXX083X8051,4105.0,2026-06-11 15:01:57
XXXX083X8078,3835.0,2026-06-11 15:01:57
XXXX083X8087,4201.0,2026-06-11 15:01:57
XXXX083X8151,4098.0,2026-06-11 15:01:57
XXXX083X8158,1620.0,2026-06-11 15:01:57
XXXX083X8198,3300.0,2026-06-11 15:01:57
XXXX083X8215,3636.0,2026-06-11 15:01:57
XXXX083X8244,3385.0,2026-06-11 15:01:57
XXXX083X8255,5183.0,2026-06-11 15:01:57
XXXX083X8262,3352.0,2026-06-11 15:01:57
XXXX083X8342,3502.0,2026-06-11 15:01:57
XXXX083X8345,3647.0,2026-06-11 15:01:57
XXXX083X8358,4047.0,2026-06-11 15:01:57
XXXX083X8410,3736.0,2026-06-11 15:01:57
XXXX083X8526,4435.0,2026-06-11 15:01:57
XXXX083X8529,5955.0,2026-06-11 15:01:57
XXXX083X8552,4005.0,2026-06-11 15:01:57
XXXX083X8622,4628.0,2026-06-11 15:01:57
XXXX083X8637,4486.0,2026-06-11 15:01:57
XXXX083X8646,2081.0,2026-06-11 15:01:57
XXXX083X8689,3918.0,2026-06-11 15:01:57
XXXX083X8810,3272.0,2026-06-11 15:01:57
XXXX083X8850,2969.0,2026-06-11 15:01:57
XXXX083X8854,3419.0,2026-06-11 15:01:57
XXXX083X8954,4057.0,2026-06-11 15:01:57
XXXX083X8984,4235.0,2026-06-11 15:01:57
XXXX083X9056,4652.0,2026-06-11 15:01:57
XXXX083X9104,3510.0,2026-06-11 15:01:57
XXXX083X9109,5874.0,2026-06-11 15:01:57
XXXX083X9110,4506.0,2026-06-11 15:01:57
XXXX083X9126,3971.0,2026-06-11 15:01:57
XXXX083X9130,4169.0,2026-06-11 15:01:57
XXXX083X9134,3699.0,2026-06-11 15:01:57
XXXX083X9157,3208.0,2026-06-11 15:01:57
XXXX083X9178,3246.0,2026-06-11 15:01:57
XXXX083X9215,4631.0,2026-06-11 15:01:57
XXXX083X9291,3300.0,2026-06-11 15:01:57
XXXX083X9331,3683.0,2026-06-11 15:01:57
XXXX083X9357,3409.0,2026-06-11 15:01:57
XXXX083X9430,3476.0,2026-06-11 15:01:57
XXXX083X9470,3620.0,2026-06-11 15:01:57
XXXX083X9479,3180.0,2026-06-11 15:01:57
XXXX083X9493,3779.0,2026-06-11 15:01:57
XXXX083X9497,5241.0,2026-06-11 15:01:57
XXXX083X9509,4047.0,2026-06-11 15:01:57
XXXX083X9601,3475.0,2026-06-11 15:01:57
XXXX083X9642,3464.0,2026-06-11 15:01:57
XXXX083X9826,2912.0,2026-06-11 15:01:57
XXXX083X9877,3067.0,2026-06-11 15:01:57
XXXX083X9912,3935.0,2026-06-11 15:01:57
XXXX083X9974,3534.0,2026-06-11 15:01:57
XXXX083X9989,2597.0,2026-06-11 15:01:57
XXXX084X0163,4204.0,2026-06-11 15:01:57
XXXX084X0232,4389.0,2026-06-11 15:01:57
XXXX084X0291,3892.0,2026-06-11 15:01:57
XXXX084X0332,3233.0,2026-06-11 15:01:57
XXXX084X0422,3456.0,2026-06-11 15:01:57
XXXX084X0540,3578.0,2026-06-11 15:01:57
XXXX084X0628,4389.0,2026-06-11 15:01:57
XXXX084X0845,4175.0,2026-06-11 15:01:57
XXXX084X0874,3246.0,2026-06-11 15:01:57
XXXX084X0901,3217.0,2026-06-11 15:01:57
XXXX084X0912,4244.0,2026-06-11 15:01:57
XXXX084X0913,3491.0,2026-06-11 15:01:57
XXXX084X0974,3437.0,2026-06-11 15:01:57
XXXX084X1073,4901.0,2026-06-11 15:01:57
XXXX084X1157,3360.0,2026-06-11 15:01:57
XXXX084X1281,2692.0,2026-06-11 15:01:57
XXXX084X1295,3803.0,2026-06-11 15:01:57
XXXX084X1380,4581.0,2026-06-11 15:01:57
XXXX084X1472,4411.0,2026-06-11 15:01:57
XXXX084X1480,4266.0,2026-06-11 15:01:57
XXXX084X1754,3414.0,2026-06-11 15:01:57
XXXX084X1780,3895.0,2026-06-11 15:01:57
XXXX084X1782,3419.0,2026-06-11 15:01:57
XXXX084X1851,5660.0,2026-06-11 15:01:57
XXXX084X1861,5525.0,2026-06-11 15:01:57
XXXX084X1885,6425.0,2026-06-11 15:01:57
XXXX084X2015,3777.0,2026-06-11 15:01:57
XXXX084X2160,5227.0,2026-06-11 15:01:57
XXXX084X2257,3293.0,2026-06-11 15:01:57
XXXX084X2512,8813.0,2026-06-11 15:01:57
XXXX084X2562,6809.0,2026-06-11 15:01:57
XXXX084X2815,6744.0,2026-06-11 15:01:57
XXXX084X2862,4197.0,2026-06-11 15:01:57
XXXX084X2879,3512.0,2026-06-11 15:01:57
XXXX084X2881,3476.0,2026-06-11 15:01:57
XXXX084X2894,4244.0,2026-06-11 15:01:57
XXXX084X2968,5292.0,2026-06-11 15:01:57
XXXX084X2985,4517.0,2026-06-11 15:01:57
XXXX084X3059,3643.0,2026-06-11 15:01:57
XXXX084X3334,3434.0,2026-06-11 15:01:57
XXXX084X3630,2836.0,2026-06-11 15:01:57
XXXX084X3704,6018.0,2026-06-11 15:01:57
XXXX084X3727,4597.0,2026-06-11 15:01:57
XXXX084X3937,3466.0,2026-06-11 15:01:57
XXXX084X3985,3600.0,2026-06-11 15:01:57
XXXX084X4004,5561.0,2026-06-11 15:01:57
XXXX084X4007,3594.0,2026-06-11 15:01:57
XXXX084X4026,5248.0,2026-06-11 15:01:57
XXXX084X4059,4010.0,2026-06-11 15:01:57
XXXX084X4088,4742.0,2026-06-11 15:01:57
XXXX084X4110,5050.0,2026-06-11 15:01:57
XXXX084X4200,4249.0,2026-06-11 15:01:57
XXXX084X4229,5587.0,2026-06-11 15:01:57
XXXX084X4231,4024.0,2026-06-11 15:01:57
XXXX084X4336,4019.0,2026-06-11 15:01:57
XXXX084X4421,4223.0,2026-06-11 15:01:57
XXXX084X4622,3967.0,2026-06-11 15:01:57
XXXX084X4647,4462.0,2026-06-11 15:01:57
XXXX084X4654,3605.0,2026-06-11 15:01:57
XXXX084X4777,2861.0,2026-06-11 15:01:57
XXXX084X4924,3474.0,2026-06-11 15:01:57
XXXX084X5124,5776.0,2026-06-11 15:01:57
XXXX084X5187,3101.0,2026-06-11 15:01:57
XXXX084X5464,5318.0,2026-06-11 15:01:57
XXXX084X5476,2720.0,2026-06-11 15:01:57
XXXX084X5563,4106.0,2026-06-11 15:01:57
XXXX084X5651,3880.0,2026-06-11 15:01:57
XXXX084X5853,2475.0,2026-06-11 15:01:57
XXXX084X5890,4908.0,2026-06-11 15:01:57
XXXX084X6031,4514.0,2026-06-11 15:01:57
XXXX084X6060,5717.0,2026-06-11 15:01:57
XXXX084X6107,4265.0,2026-06-11 15:01:57
XXXX084X6145,2940.0,2026-06-11 15:01:57
XXXX084X6275,5483.0,2026-06-11 15:01:57
XXXX084X6445,3578.0,2026-06-11 15:01:57
XXXX084X6463,4764.0,2026-06-11 15:01:57
XXXX084X6560,4828.0,2026-06-11 15:01:57
XXXX084X6595,3701.0,2026-06-11 15:01:57
XXXX084X6694,4581.0,2026-06-11 15:01:57
XXXX084X6775,3293.0,2026-06-11 15:01:57
XXXX084X6849,3193.0,2026-06-11 15:01:57
XXXX084X6858,5799.0,2026-06-11 15:01:57
XXXX084X7048,5180.0,2026-06-11 15:01:57
XXXX084X7235,4326.0,2026-06-11 15:01:57
XXXX084X7300,5073.0,2026-06-11 15:01:57
XXXX084X7379,3601.0,2026-06-11 15:01:57
XXXX084X7464,4238.0,2026-06-11 15:01:57
XXXX084X7608,3410.0,2026-06-11 15:01:57
XXXX084X7657,4043.0,2026-06-11 15:01:57
XXXX084X7696,3934.0,2026-06-11 15:01:57
XXXX084X7809,4220.0,2026-06-11 15:01:57
XXXX084X7899,3685.0,2026-06-11 15:01:57
XXXX084X8027,3135.0,2026-06-11 15:01:57
XXXX084X8062,2807.0,2026-06-11 15:01:57
XXXX084X8148,3471.0,2026-06-11 15:01:57
XXXX084X8342,4095.0,2026-06-11 15:01:57
XXXX084X8364,3204.0,2026-06-11 15:01:57
XXXX084X8454,3274.0,2026-06-11 15:01:57
XXXX084X8741,5162.0,2026-06-11 15:01:57
XXXX084X8772,5152.0,2026-06-11 15:01:57
XXXX084X8805,5128.0,2026-06-11 15:01:57
XXXX084X8966,4001.0,2026-06-11 15:01:57
XXXX084X9052,3523.0,2026-06-11 15:01:57
XXXX084X9075,3938.0,2026-06-11 15:01:57
XXXX084X9492,3907.0,2026-06-11 15:01:57
XXXX084X9503,5418.0,2026-06-11 15:01:57
XXXX084X9655,2827.0,2026-06-11 15:01:57
XXXX084X9822,3709.0,2026-06-11 15:01:57
XXXX084X9970,5584.0,2026-06-11 15:01:57
XXXX084X9988,4643.0,2026-06-11 15:01:57
XXXX085X0001,4485.0,2026-06-11 15:01:57
XXXX085X0003,3774.0,2026-06-11 15:01:57
XXXX085X0060,3914.0,2026-06-11 15:01:57
XXXX085X0102,4377.0,2026-06-11 15:01:57
XXXX085X0134,3565.0,2026-06-11 15:01:57
XXXX085X0212,4034.0,2026-06-11 15:01:57
XXXX085X0445,5613.0,2026-06-11 15:01:57
XXXX085X0496,3681.0,2026-06-11 15:01:57
XXXX085X0560,4306.0,2026-06-11 15:01:57
XXXX085X0579,3483.0,2026-06-11 15:01:57
XXXX085X0691,3408.0,2026-06-11 15:01:57
XXXX085X0699,3331.0,2026-06-11 15:01:57
XXXX085X0819,6492.0,2026-06-11 15:01:57
XXXX085X0887,5385.0,2026-06-11 15:01:57
XXXX085X0902,5139.0,2026-06-11 15:01:57
XXXX085X0946,4555.0,2026-06-11 15:01:57
XXXX085X0954,4627.0,2026-06-11 15:01:57
XXXX085X0987,3597.0,2026-06-11 15:01:57
XXXX085X1033,6570.0,2026-06-11 15:01:57
XXXX085X1152,3865.0,2026-06-11 15:01:57
XXXX085X1166,4194.0,2026-06-11 15:01:57
XXXX085X1237,4285.0,2026-06-11 15:01:57
XXXX085X1241,3621.0,2026-06-11 15:01:57
XXXX085X1282,3811.0,2026-06-11 15:01:57
XXXX085X1299,4311.0,2026-06-11 15:01:57
XXXX085X1337,4368.0,2026-06-11 15:01:57
XXXX085X1397,3312.0,2026-06-11 15:01:57
XXXX085X1402,4627.0,2026-06-11 15:01:57
XXXX085X1404,4264.0,2026-06-11 15:01:57
XXXX085X1442,3425.0,2026-06-11 15:01:57
XXXX085X1490,5385.0,2026-06-11 15:01:57
XXXX085X1501,3349.0,2026-06-11 15:01:57
XXXX085X1527,3146.0,2026-06-11 15:01:57
XXXX085X1567,3048.0,2026-06-11 15:01:57
XXXX085X1580,4276.0,2026-06-11 15:01:57
XXXX085X1646,4842.0,2026-06-11 15:01:57
XXXX085X1658,5624.0,2026-06-11 15:01:57
XXXX085X1664,3132.0,2026-06-11 15:01:57
XXXX085X1727,2807.0,2026-06-11 15:01:57
XXXX085X1738,4442.0,2026-06-11 15:01:57
XXXX085X1770,4731.0,2026-06-11 15:01:57
XXXX085X1776,4150.0,2026-06-11 15:01:57
XXXX085X1813,4373.0,2026-06-11 15:01:57
XXXX085X1925,5521.0,2026-06-11 15:01:57
XXXX085X2248,3485.0,2026-06-11 15:01:57
XXXX085X2293,4927.0,2026-06-11 15:01:57
XXXX085X2294,5070.0,2026-06-11 15:01:57
XXXX085X2320,4304.0,2026-06-11 15:01:57
XXXX085X2401,3610.0,2026-06-11 15:01:57
XXXX085X2482,6088.0,2026-06-11 15:01:57
XXXX085X2552,3651.0,2026-06-11 15:01:57
XXXX085X2638,3202.0,2026-06-11 15:01:57
XXXX085X2936,3294.0,2026-06-11 15:01:57
XXXX085X2980,5672.0,2026-06-11 15:01:57
XXXX085X3074,4861.0,2026-06-11 15:01:57
XXXX085X3145,4969.0,2026-06-11 15:01:57
XXXX085X3165,5105.0,2026-06-11 15:01:57
XXXX085X3232,3921.0,2026-06-11 15:01:57
XXXX085X3330,4425.0,2026-06-11 15:01:57
XXXX085X3356,5473.0,2026-06-11 15:01:57
XXXX085X3369,3181.0,2026-06-11 15:01:57
XXXX085X3410,3905.0,2026-06-11 15:01:57
XXXX085X3428,5377.0,2026-06-11 15:01:57
XXXX085X3448,3328.0,2026-06-11 15:01:57
XXXX085X3472,5423.0,2026-06-11 15:01:57
XXXX085X3476,2284.0,2026-06-11 15:01:57
XXXX085X3535,6290.0,2026-06-11 15:01:57
XXXX085X3639,4995.0,2026-06-11 15:01:57
XXXX085X3757,3754.0,2026-06-11 15:01:57
XXXX085X3799,5667.0,2026-06-11 15:01:57
XXXX085X3962,3437.0,2026-06-11 15:01:57
XXXX085X4001,4657.0,2026-06-11 15:01:57
XXXX085X4011,3162.0,2026-06-11 15:01:57
XXXX085X4113,4568.0,2026-06-11 15:01:57
XXXX085X4405,5826.0,2026-06-11 15:01:57
XXXX085X4436,3749.0,2026-06-11 15:01:57
XXXX085X4441,3367.0,2026-06-11 15:01:57
XXXX085X4488,3889.0,2026-06-11 15:01:57
XXXX085X4669,4726.0,2026-06-11 15:01:57
XXXX085X4671,4239.0,2026-06-11 15:01:57
XXXX085X4754,4513.0,2026-06-11 15:01:57
XXXX085X4758,4477.0,2026-06-11 15:01:57
XXXX085X4770,3184.0,2026-06-11 15:01:57
XXXX085X4828,5406.0,2026-06-11 15:01:57
XXXX085X4901,4564.0,2026-06-11 15:01:57
XXXX085X4907,3200.0,2026-06-11 15:01:57
XXXX085X5175,3258.0,2026-06-11 15:01:57
XXXX085X5188,2864.0,2026-06-11 15:01:57
XXXX085X5193,4564.0,2026-06-11 15:01:57
XXXX085X5198,3293.0,2026-06-11 15:01:57
XXXX085X5320,3597.0,2026-06-11 15:01:57
XXXX085X5354,4442.0,2026-06-11 15:01:57
XXXX085X5493,4419.0,2026-06-11 15:01:57
XXXX085X5627,6113.0,2026-06-11 15:01:57
XXXX085X5642,3121.0,2026-06-11 15:01:57
XXXX085X5684,3227.0,2026-06-11 15:01:57
XXXX085X5708,3229.0,2026-06-11 15:01:57
XXXX085X6261,4438.0,2026-06-11 15:01:57
XXXX085X6325,3784.0,2026-06-11 15:01:57
XXXX085X6392,7291.0,2026-06-11 15:01:57
XXXX085X6421,4524.0,2026-06-11 15:01:57
XXXX085X6477,3603.0,2026-06-11 15:01:57
XXXX085X6556,4186.0,2026-06-11 15:01:57
XXXX085X6637,3603.0,2026-06-11 15:01:57
XXXX085X6697,4564.0,2026-06-11 15:01:57
XXXX085X6792,4700.0,2026-06-11 15:01:57
XXXX085X6839,4008.0,2026-06-11 15:01:57
XXXX085X6851,3919.0,2026-06-11 15:01:57
XXXX085X6906,4048.0,2026-06-11 15:01:57
XXXX085X6967,3666.0,2026-06-11 15:01:57
XXXX085X6975,3323.0,2026-06-11 15:01:57
XXXX085X7407,3097.0,2026-06-11 15:01:57
XXXX085X7408,4908.0,2026-06-11 15:01:57
XXXX085X7436,3622.0,2026-06-11 15:01:57
XXXX085X7445,5460.0,2026-06-11 15:01:57
XXXX085X7489,3229.0,2026-06-11 15:01:57
XXXX085X7598,3223.0,2026-06-11 15:01:57
XXXX085X7657,5099.0,2026-06-11 15:01:57
XXXX085X7708,4595.0,2026-06-11 15:01:57
XXXX085X7766,4193.0,2026-06-11 15:01:57
XXXX085X7835,3345.0,2026-06-11 15:01:57
XXXX085X7853,3704.0,2026-06-11 15:01:57
XXXX085X7855,5022.0,2026-06-11 15:01:57
XXXX085X7905,5582.0,2026-06-11 15:01:57
XXXX085X8032,5103.0,2026-06-11 15:01:57
XXXX085X8037,4054.0,2026-06-11 15:01:57
XXXX085X8216,3165.0,2026-06-11 15:01:57
XXXX085X8317,3809.0,2026-06-11 15:01:57
XXXX085X8339,3361.0,2026-06-11 15:01:57
XXXX085X8393,3746.0,2026-06-11 15:01:57
XXXX085X8403,4392.0,2026-06-11 15:01:57
XXXX085X8520,3900.0,2026-06-11 15:01:57
XXXX085X8522,4347.0,2026-06-11 15:01:57
XXXX085X8625,4565.0,2026-06-11 15:01:57
XXXX085X8706,2717.0,2026-06-11 15:01:57
XXXX085X9026,3120.0,2026-06-11 15:01:57
XXXX085X9083,3651.0,2026-06-11 15:01:57
XXXX085X9094,4666.0,2026-06-11 15:01:57
XXXX085X9113,4438.0,2026-06-11 15:01:57
XXXX085X9147,3936.0,2026-06-11 15:01:57
XXXX085X9215,2350.0,2026-06-11 15:01:57
XXXX085X9444,4166.0,2026-06-11 15:01:57
XXXX085X9513,3286.0,2026-06-11 15:01:57
XXXX085X9551,7524.0,2026-06-11 15:01:57
XXXX085X9555,4075.0,2026-06-11 15:01:57
XXXX085X9620,3372.0,2026-06-11 15:01:57
XXXX085X9687,4857.0,2026-06-11 15:01:57
XXXX085X9699,3440.0,2026-06-11 15:01:57
XXXX085X9909,3781.0,2026-06-11 15:01:57
XXXX086X0132,2798.0,2026-06-11 15:01:57
XXXX086X0271,4192.0,2026-06-11 15:01:57
XXXX086X0320,3679.0,2026-06-11 15:01:57
XXXX086X0414,4417.0,2026-06-11 15:01:57
XXXX086X0462,6241.0,2026-06-11 15:01:57
XXXX086X0539,3424.0,2026-06-11 15:01:57
XXXX086X0682,4534.0,2026-06-11 15:01:57
XXXX086X0714,5027.0,2026-06-11 15:01:57
XXXX086X0806,3566.0,2026-06-11 15:01:57
XXXX086X0978,4288.0,2026-06-11 15:01:57
XXXX086X1075,3513.0,2026-06-11 15:01:57
XXXX086X1166,3672.0,2026-06-11 15:01:57
XXXX086X1497,3325.0,2026-06-11 15:01:57
XXXX086X1543,4485.0,2026-06-11 15:01:57
XXXX086X1741,3517.0,2026-06-11 15:01:57
XXXX086X1778,3422.0,2026-06-11 15:01:57
XXXX086X1796,3449.0,2026-06-11 15:01:57
XXXX086X1868,3938.0,2026-06-11 15:01:57
XXXX086X1955,3433.0,2026-06-11 15:01:57
XXXX086X2088,5012.0,2026-06-11 15:01:57
XXXX086X2135,4301.0,2026-06-11 15:01:57
XXXX086X2350,2985.0,2026-06-11 15:01:57
XXXX086X2469,3789.0,2026-06-11 15:01:57
XXXX086X2594,5050.0,2026-06-11 15:01:57
XXXX086X2619,3790.0,2026-06-11 15:01:57
XXXX086X2631,3506.0,2026-06-11 15:01:57
XXXX086X2778,5069.0,2026-06-11 15:01:57
XXXX086X2977,3170.0,2026-06-11 15:01:57
XXXX086X3100,3994.0,2026-06-11 15:01:57
XXXX086X3110,4155.0,2026-06-11 15:01:57
XXXX086X3513,5083.0,2026-06-11 15:01:57
XXXX086X3599,2980.0,2026-06-11 15:01:57
XXXX086X3623,3270.0,2026-06-11 15:01:57
XXXX086X4256,5026.0,2026-06-11 15:01:57
XXXX086X4290,3112.0,2026-06-11 15:01:57
XXXX086X4352,7121.0,2026-06-11 15:01:57
XXXX086X4464,4590.0,2026-06-11 15:01:57
XXXX086X4576,3275.0,2026-06-11 15:01:57
XXXX086X4708,3975.0,2026-06-11 15:01:57
XXXX086X4796,3883.0,2026-06-11 15:01:57
XXXX086X5226,3769.0,2026-06-11 15:01:57
XXXX086X5504,3650.0,2026-06-11 15:01:57
XXXX086X5521,2818.0,2026-06-11 15:01:57
XXXX086X5683,6108.0,2026-06-11 15:01:57
XXXX086X5856,6254.0,2026-06-11 15:01:57
XXXX086X5881,3559.0,2026-06-11 15:01:57
XXXX086X5897,3093.0,2026-06-11 15:01:57
XXXX086X6037,4935.0,2026-06-11 15:01:57
XXXX086X6049,4087.0,2026-06-11 15:01:57
XXXX086X6088,4534.0,2026-06-11 15:01:57
XXXX086X6199,6452.0,2026-06-11 15:01:57
XXXX086X6233,3170.0,2026-06-11 15:01:57
XXXX086X6262,2921.0,2026-06-11 15:01:57
XXXX086X6298,2884.0,2026-06-11 15:01:57
XXXX086X6348,2708.0,2026-06-11 15:01:57
XXXX086X6536,3325.0,2026-06-11 15:01:57
XXXX086X6556,3453.0,2026-06-11 15:01:57
XXXX086X6703,4991.0,2026-06-11 15:01:57
XXXX086X6849,4182.0,2026-06-11 15:01:57
XXXX086X6942,5370.0,2026-06-11 15:01:57
XXXX086X7035,4095.0,2026-06-11 15:01:57
XXXX086X7112,3386.0,2026-06-11 15:01:57
XXXX086X7206,4870.0,2026-06-11 15:01:57
XXXX086X7308,3563.0,2026-06-11 15:01:57
XXXX086X7870,4301.0,2026-06-11 15:01:57
XXXX086X8359,3907.0,2026-06-11 15:01:57
XXXX086X8491,5825.0,2026-06-11 15:01:57
XXXX086X8513,3166.0,2026-06-11 15:01:57
XXXX086X8738,5373.0,2026-06-11 15:01:57
XXXX086X8844,3994.0,2026-06-11 15:01:57
XXXX086X8851,3279.0,2026-06-11 15:01:57
XXXX086X9002,4794.0,2026-06-11 15:01:57
XXXX086X9042,3469.0,2026-06-11 15:01:57
XXXX086X9085,4792.0,2026-06-11 15:01:57
XXXX086X9445,3499.0,2026-06-11 15:01:57
XXXX086X9563,4713.0,2026-06-11 15:01:57
XXXX086X9801,3793.0,2026-06-11 15:01:57
XXXX086X9821,5601.0,2026-06-11 15:01:57
XXXX086X9883,4825.0,2026-06-11 15:01:57
XXXX087X0147,3521.0,2026-06-11 15:01:57
XXXX087X0157,3601.0,2026-06-11 15:01:57
XXXX087X0206,4501.0,2026-06-11 15:01:57
XXXX087X0520,3032.0,2026-06-11 15:01:57
XXXX087X0531,4013.0,2026-06-11 15:01:57
XXXX087X0544,4068.0,2026-06-11 15:01:57
XXXX087X0608,2123.0,2026-06-11 15:01:57
XXXX087X0620,3588.0,2026-06-11 15:01:57
XXXX087X0678,2895.0,2026-06-11 15:01:57
XXXX087X0699,4370.0,2026-06-11 15:01:57
XXXX087X0708,6665.0,2026-06-11 15:01:57
XXXX087X0737,4664.0,2026-06-11 15:01:57
XXXX087X0772,4525.0,2026-06-11 15:01:57
XXXX087X0869,3504.0,2026-06-11 15:01:57
XXXX087X0971,4510.0,2026-06-11 15:01:57
XXXX087X0995,3640.0,2026-06-11 15:01:57
XXXX087X1077,2951.0,2026-06-11 15:01:57
XXXX087X1190,3026.0,2026-06-11 15:01:57
XXXX087X1364,4655.0,2026-06-11 15:01:57
XXXX087X1369,4214.0,2026-06-11 15:01:57
XXXX087X1426,3938.0,2026-06-11 15:01:57
XXXX087X1656,3581.0,2026-06-11 15:01:57
XXXX087X2058,3400.0,2026-06-11 15:01:57
XXXX087X2394,3232.0,2026-06-11 15:01:57
XXXX087X2755,3865.0,2026-06-11 15:01:57
XXXX087X2766,5531.0,2026-06-11 15:01:57
XXXX087X2886,5098.0,2026-06-11 15:01:57
XXXX087X2894,5026.0,2026-06-11 15:01:57
XXXX087X2895,3446.0,2026-06-11 15:01:57
XXXX087X3044,5825.0,2026-06-11 15:01:57
XXXX087X3285,4819.0,2026-06-11 15:01:57
XXXX087X3316,3740.0,2026-06-11 15:01:57
XXXX087X3462,3299.0,2026-06-11 15:01:57
XXXX087X3889,2504.0,2026-06-11 15:01:57
XXXX087X4010,3120.0,2026-06-11 15:01:57
XXXX087X4052,5468.0,2026-06-11 15:01:57
XXXX087X4163,3939.0,2026-06-11 15:01:57
XXXX087X4179,3445.0,2026-06-11 15:01:57
XXXX087X4207,3640.0,2026-06-11 15:01:57
XXXX087X4272,6639.0,2026-06-11 15:01:57
XXXX087X4322,6060.0,2026-06-11 15:01:57
XXXX087X4351,3792.0,2026-06-11 15:01:57
XXXX087X4378,2280.0,2026-06-11 15:01:57
XXXX087X4417,5190.0,2026-06-11 15:01:57
XXXX087X4513,5567.0,2026-06-11 15:01:57
XXXX087X4515,4736.0,2026-06-11 15:01:57
XXXX087X4537,3666.0,2026-06-11 15:01:57
XXXX087X4548,3717.0,2026-06-11 15:01:57
XXXX087X4591,6330.0,2026-06-11 15:01:57
XXXX087X4685,6692.0,2026-06-11 15:01:57
XXXX087X4826,4342.0,2026-06-11 15:01:57
XXXX087X4954,4232.0,2026-06-11 15:01:57
XXXX087X4970,4187.0,2026-06-11 15:01:57
XXXX087X5025,3116.0,2026-06-11 15:01:57
XXXX087X5031,3277.0,2026-06-11 15:01:57
XXXX087X5033,5231.0,2026-06-11 15:01:57
XXXX087X5083,3702.0,2026-06-11 15:01:57
XXXX087X5144,3631.0,2026-06-11 15:01:57
XXXX087X5348,4311.0,2026-06-11 15:01:57
XXXX087X5391,5185.0,2026-06-11 15:01:57
XXXX087X5480,5765.0,2026-06-11 15:01:57
XXXX087X5552,4565.0,2026-06-11 15:01:57
XXXX087X5643,5501.0,2026-06-11 15:01:57
XXXX087X5731,4731.0,2026-06-11 15:01:57
XXXX087X5911,2701.0,2026-06-11 15:01:57
XXXX087X5964,4173.0,2026-06-11 15:01:57
XXXX087X5989,3696.0,2026-06-11 15:01:57
XXXX087X6048,3887.0,2026-06-11 15:01:57
XXXX087X6061,2697.0,2026-06-11 15:01:57
XXXX087X6081,3924.0,2026-06-11 15:01:57
XXXX087X6108,3952.0,2026-06-11 15:01:57
XXXX087X6137,3932.0,2026-06-11 15:01:57
XXXX087X6160,2732.0,2026-06-11 15:01:57
XXXX087X6217,3828.0,2026-06-11 15:01:57
XXXX087X6238,4501.0,2026-06-11 15:01:57
XXXX087X6269,3472.0,2026-06-11 15:01:57
XXXX087X6440,4731.0,2026-06-11 15:01:57
XXXX087X6501,4712.0,2026-06-11 15:01:57
XXXX087X6598,3997.0,2026-06-11 15:01:57
XXXX087X6613,3345.0,2026-06-11 15:01:57
XXXX087X6616,4753.0,2026-06-11 15:01:57
XXXX087X6767,3636.0,2026-06-11 15:01:57
XXXX087X6786,4538.0,2026-06-11 15:01:57
XXXX087X6925,3600.0,2026-06-11 15:01:57
XXXX087X7143,4349.0,2026-06-11 15:01:57
XXXX087X7645,3787.0,2026-06-11 15:01:57
XXXX087X7690,4638.0,2026-06-11 15:01:57
XXXX087X7722,4202.0,2026-06-11 15:01:57
XXXX087X7755,5800.0,2026-06-11 15:01:57
XXXX087X7893,4680.0,2026-06-11 15:01:57
XXXX087X8049,5235.0,2026-06-11 15:01:57
XXXX087X8146,4959.0,2026-06-11 15:01:57
XXXX087X8486,4329.0,2026-06-11 15:01:57
XXXX087X8556,3986.0,2026-06-11 15:01:57
XXXX087X8558,3074.0,2026-06-11 15:01:57
XXXX087X8664,2575.0,2026-06-11 15:01:57
XXXX087X8789,4988.0,2026-06-11 15:01:57
XXXX087X8962,2614.0,2026-06-11 15:01:57
XXXX087X9008,5536.0,2026-06-11 15:01:57
XXXX087X9123,3677.0,2026-06-11 15:01:57
XXXX087X9145,3249.0,2026-06-11 15:01:57
XXXX087X9192,4619.0,2026-06-11 15:01:57
XXXX087X9508,4623.0,2026-06-11 15:01:57
XXXX087X9875,5624.0,2026-06-11 15:01:57
XXXX088X0017,2858.0,2026-06-11 15:01:57
XXXX088X0145,3605.0,2026-06-11 15:01:57
XXXX088X0169,3684.0,2026-06-11 15:01:57
XXXX088X0226,4715.0,2026-06-11 15:01:57
XXXX088X0230,4213.0,2026-06-11 15:01:57
XXXX088X0238,5523.0,2026-06-11 15:01:57
XXXX088X0285,3289.0,2026-06-11 15:01:57
XXXX088X0363,4214.0,2026-06-11 15:01:57
XXXX088X0402,5157.0,2026-06-11 15:01:57
XXXX088X0497,2289.0,2026-06-11 15:01:57
XXXX088X0531,4405.0,2026-06-11 15:01:57
XXXX088X0544,5184.0,2026-06-11 15:01:57
XXXX088X0592,4467.0,2026-06-11 15:01:57
XXXX088X0641,4145.0,2026-06-11 15:01:57
XXXX088X0730,4460.0,2026-06-11 15:01:57
XXXX088X0832,3280.0,2026-06-11 15:01:57
XXXX088X0858,3781.0,2026-06-11 15:01:57
XXXX088X0984,3449.0,2026-06-11 15:01:57
XXXX088X0991,5694.0,2026-06-11 15:01:57
XXXX088X1128,3932.0,2026-06-11 15:01:57
XXXX088X1131,4525.0,2026-06-11 15:01:57
XXXX088X1139,4930.0,2026-06-11 15:01:57
XXXX088X1155,3441.0,2026-06-11 15:01:57
XXXX088X1156,6485.0,2026-06-11 15:01:57
XXXX088X1199,2612.0,2026-06-11 15:01:57
XXXX088X1238,3960.0,2026-06-11 15:01:57
XXXX088X1394,2795.0,2026-06-11 15:01:57
XXXX088X1444,3911.0,2026-06-11 15:01:57
XXXX088X1455,4551.0,2026-06-11 15:01:57
XXXX088X1513,5169.0,2026-06-11 15:01:57
XXXX088X1645,5529.0,2026-06-11 15:01:57
XXXX088X1675,4108.0,2026-06-11 15:01:57
XXXX088X1704,3668.0,2026-06-11 15:01:57
XXXX088X1785,3679.0,2026-06-11 15:01:57
XXXX088X1875,5026.0,2026-06-11 15:01:57
XXXX088X1997,3712.0,2026-06-11 15:01:57
XXXX088X2014,3944.0,2026-06-11 15:01:57
XXXX088X2088,3372.0,2026-06-11 15:01:57
XXXX088X2090,2858.0,2026-06-11 15:01:57
XXXX088X2105,2571.0,2026-06-11 15:01:57
XXXX088X2191,4373.0,2026-06-11 15:01:57
XXXX088X2197,3633.0,2026-06-11 15:01:57
XXXX088X2215,5657.0,2026-06-11 15:01:57
XXXX088X2265,3849.0,2026-06-11 15:01:57
XXXX088X2319,5481.0,2026-06-11 15:01:57
XXXX088X2416,2801.0,2026-06-11 15:01:57
XXXX088X2451,3881.0,2026-06-11 15:01:57
XXXX088X2576,3977.0,2026-06-11 15:01:57
XXXX088X2672,3010.0,2026-06-11 15:01:57
XXXX088X3010,3821.0,2026-06-11 15:01:57
XXXX088X3019,2934.0,2026-06-11 15:01:57
XXXX088X3074,3079.0,2026-06-11 15:01:57
XXXX088X3159,3453.0,2026-06-11 15:01:57
XXXX088X3238,4421.0,2026-06-11 15:01:57
XXXX088X3309,3752.0,2026-06-11 15:01:57
XXXX088X3335,3992.0,2026-06-11 15:01:57
XXXX088X3482,5986.0,2026-06-11 15:01:57
XXXX088X3486,3628.0,2026-06-11 15:01:57
XXXX088X3934,3636.0,2026-06-11 15:01:57
XXXX088X3935,3945.0,2026-06-11 15:01:57
XXXX088X4024,3555.0,2026-06-11 15:01:57
XXXX088X4070,7631.0,2026-06-11 15:01:57
XXXX088X4079,3600.0,2026-06-11 15:01:57
XXXX088X4124,3228.0,2026-06-11 15:01:57
XXXX088X4225,5810.0,2026-06-11 15:01:57
XXXX088X4496,4112.0,2026-06-11 15:01:57
XXXX088X4521,3040.0,2026-06-11 15:01:57
XXXX088X4627,5608.0,2026-06-11 15:01:57
XXXX088X4900,4555.0,2026-06-11 15:01:57
XXXX088X5014,5048.0,2026-06-11 15:01:57
XXXX088X5090,5795.0,2026-06-11 15:01:57
XXXX088X5092,3024.0,2026-06-11 15:01:57
XXXX088X5141,5343.0,2026-06-11 15:01:57
XXXX088X5554,3735.0,2026-06-11 15:01:57
XXXX088X5585,3939.0,2026-06-11 15:01:57
XXXX088X5654,6448.0,2026-06-11 15:01:57
XXXX088X5655,3134.0,2026-06-11 15:01:57
XXXX088X5660,5997.0,2026-06-11 15:01:57
XXXX088X5799,5209.0,2026-06-11 15:01:57
XXXX088X6003,4378.0,2026-06-11 15:01:57
XXXX088X6155,4065.0,2026-06-11 15:01:57
XXXX088X6535,3421.0,2026-06-11 15:01:57
XXXX088X6598,3115.0,2026-06-11 15:01:57
XXXX088X6712,2713.0,2026-06-11 15:01:57
XXXX088X6715,3766.0,2026-06-11 15:01:57
XXXX088X6750,3239.0,2026-06-11 15:01:57
XXXX088X7094,5796.0,2026-06-11 15:01:57
XXXX088X7215,3143.0,2026-06-11 15:01:57
XXXX088X7343,4337.0,2026-06-11 15:01:57
XXXX088X7429,3627.0,2026-06-11 15:01:57
XXXX088X7637,3882.0,2026-06-11 15:01:57
XXXX088X7754,6225.0,2026-06-11 15:01:57
XXXX088X7822,2835.0,2026-06-11 15:01:57
XXXX088X7964,4088.0,2026-06-11 15:01:57
XXXX088X8023,3790.0,2026-06-11 15:01:57
XXXX088X8029,4032.0,2026-06-11 15:01:57
XXXX088X8047,5038.0,2026-06-11 15:01:57
XXXX088X8062,3189.0,2026-06-11 15:01:57
XXXX088X8077,3895.0,2026-06-11 15:01:57
XXXX088X8092,3706.0,2026-06-11 15:01:57
XXXX088X8420,3606.0,2026-06-11 15:01:57
XXXX088X8429,5164.0,2026-06-11 15:01:57
XXXX088X8432,2885.0,2026-06-11 15:01:57
XXXX088X8512,4092.0,2026-06-11 15:01:57
XXXX088X8733,4405.0,2026-06-11 15:01:57
XXXX088X8905,3330.0,2026-06-11 15:01:57
XXXX088X8971,4225.0,2026-06-11 15:01:57
XXXX088X9053,7856.0,2026-06-11 15:01:57
XXXX088X9161,3208.0,2026-06-11 15:01:57
XXXX088X9166,3797.0,2026-06-11 15:01:57
XXXX088X9196,3233.0,2026-06-11 15:01:57
XXXX088X9296,3609.0,2026-06-11 15:01:57
XXXX088X9340,4707.0,2026-06-11 15:01:57
XXXX088X9353,4300.0,2026-06-11 15:01:57
XXXX088X9419,4614.0,2026-06-11 15:01:57
XXXX088X9565,3769.0,2026-06-11 15:01:57
XXXX088X9620,3651.0,2026-06-11 15:01:57
XXXX088X9873,6362.0,2026-06-11 15:01:57
XXXX088X9880,3994.0,2026-06-11 15:01:57
XXXX088X9896,5632.0,2026-06-11 15:01:57
XXXX088X9897,3712.0,2026-06-11 15:01:57
XXXX088X9951,3473.0,2026-06-11 15:01:57
XXXX089X0073,3534.0,2026-06-11 15:01:57
XXXX089X0109,3883.0,2026-06-11 15:01:57
XXXX089X0115,4532.0,2026-06-11 15:01:57
XXXX089X0116,3558.0,2026-06-11 15:01:57
XXXX089X0285,4219.0,2026-06-11 15:01:57
XXXX089X0315,4244.0,2026-06-11 15:01:57
XXXX089X0355,6475.0,2026-06-11 15:01:57
XXXX089X0358,3364.0,2026-06-11 15:01:57
XXXX089X0360,4561.0,2026-06-11 15:01:57
XXXX089X0384,3708.0,2026-06-11 15:01:57
XXXX089X0658,5162.0,2026-06-11 15:01:57
XXXX089X0782,4224.0,2026-06-11 15:01:57
XXXX089X1010,4056.0,2026-06-11 15:01:57
XXXX089X1021,3128.0,2026-06-11 15:01:57
XXXX089X1068,3443.0,2026-06-11 15:01:57
XXXX089X1214,3743.0,2026-06-11 15:01:57
XXXX089X1416,3013.0,2026-06-11 15:01:57
XXXX089X1538,3299.0,2026-06-11 15:01:57
XXXX089X1613,3721.0,2026-06-11 15:01:57
XXXX089X1816,5049.0,2026-06-11 15:01:57
XXXX089X1844,4965.0,2026-06-11 15:01:57
XXXX089X1968,4636.0,2026-06-11 15:01:57
XXXX089X2119,3744.0,2026-06-11 15:01:57
XXXX089X2232,4747.0,2026-06-11 15:01:57
XXXX089X2456,2699.0,2026-06-11 15:01:57
XXXX089X2524,3004.0,2026-06-11 15:01:57
XXXX089X2687,5219.0,2026-06-11 15:01:57
XXXX089X2740,2937.0,2026-06-11 15:01:57
XXXX089X2766,3044.0,2026-06-11 15:01:57
XXXX089X2909,2756.0,2026-06-11 15:01:57
XXXX089X2938,3232.0,2026-06-11 15:01:57
XXXX089X2973,3850.0,2026-06-11 15:01:57
XXXX089X3157,3387.0,2026-06-11 15:01:57
XXXX089X3175,3568.0,2026-06-11 15:01:57
XXXX089X3209,4234.0,2026-06-11 15:01:57
XXXX089X3225,5426.0,2026-06-11 15:01:57
XXXX089X3317,5118.0,2026-06-11 15:01:57
XXXX089X3335,3198.0,2026-06-11 15:01:57
XXXX089X3373,3783.0,2026-06-11 15:01:57
XXXX089X3468,5586.0,2026-06-11 15:01:57
XXXX089X3492,5092.0,2026-06-11 15:01:57
XXXX089X3588,5343.0,2026-06-11 15:01:57
XXXX089X3589,4682.0,2026-06-11 15:01:57
XXXX089X3611,4201.0,2026-06-11 15:01:57
XXXX089X3800,4097.0,2026-06-11 15:01:57
XXXX089X3854,5319.0,2026-06-11 15:01:57
XXXX089X3935,3213.0,2026-06-11 15:01:57
XXXX089X3985,3529.0,2026-06-11 15:01:57
XXXX089X4192,4797.0,2026-06-11 15:01:57
XXXX089X4230,4316.0,2026-06-11 15:01:57
XXXX089X4498,4744.0,2026-06-11 15:01:57
XXXX089X4517,3630.0,2026-06-11 15:01:57
XXXX089X4656,3020.0,2026-06-11 15:01:57
XXXX089X4969,2635.0,2026-06-11 15:01:57
XXXX089X5136,3832.0,2026-06-11 15:01:57
XXXX089X5306,3670.0,2026-06-11 15:01:57
XXXX089X5331,3761.0,2026-06-11 15:01:57
XXXX089X5523,3704.0,2026-06-11 15:01:57
XXXX089X5612,4083.0,2026-06-11 15:01:57
XXXX089X5670,2696.0,2026-06-11 15:01:57
XXXX089X5688,3051.0,2026-06-11 15:01:57
XXXX089X5716,5136.0,2026-06-11 15:01:57
XXXX089X5717,3600.0,2026-06-11 15:01:57
XXXX089X5725,3662.0,2026-06-11 15:01:57
XXXX089X5790,3474.0,2026-06-11 15:01:57
XXXX089X6038,2784.0,2026-06-11 15:01:57
XXXX089X6046,4813.0,2026-06-11 15:01:57
XXXX089X6104,4482.0,2026-06-11 15:01:57
XXXX089X6111,3854.0,2026-06-11 15:01:57
XXXX089X6142,4984.0,2026-06-11 15:01:57
XXXX089X6226,2131.0,2026-06-11 15:01:57
XXXX089X6281,3750.0,2026-06-11 15:01:57
XXXX089X6285,6704.0,2026-06-11 15:01:57
XXXX089X6450,2750.0,2026-06-11 15:01:57
XXXX089X6494,4529.0,2026-06-11 15:01:57
XXXX089X6504,4222.0,2026-06-11 15:01:57
XXXX089X6533,3094.0,2026-06-11 15:01:57
XXXX089X6607,3803.0,2026-06-11 15:01:57
XXXX089X6733,3116.0,2026-06-11 15:01:57
XXXX089X6805,2387.0,2026-06-11 15:01:57
XXXX089X6955,5488.0,2026-06-11 15:01:57
XXXX089X6986,3755.0,2026-06-11 15:01:57
XXXX089X6997,2770.0,2026-06-11 15:01:57
XXXX089X7023,5537.0,2026-06-11 15:01:57
XXXX089X7178,5063.0,2026-06-11 15:01:57
XXXX089X7253,5067.0,2026-06-11 15:01:57
XXXX089X7438,3163.0,2026-06-11 15:01:57
XXXX089X7522,4727.0,2026-06-11 15:01:57
XXXX089X7584,2832.0,2026-06-11 15:01:57
XXXX089X7592,3368.0,2026-06-11 15:01:57
XXXX089X7693,4243.0,2026-06-11 15:01:57
XXXX089X7897,3579.0,2026-06-11 15:01:57
XXXX089X7963,5163.0,2026-06-11 15:01:57
XXXX089X8053,5577.0,2026-06-11 15:01:57
XXXX089X8141,3422.0,2026-06-11 15:01:57
XXXX089X8306,3554.0,2026-06-11 15:01:57
XXXX089X8417,3637.0,2026-06-11 15:01:57
XXXX089X8598,4379.0,2026-06-11 15:01:57
XXXX089X8601,3906.0,2026-06-11 15:01:57
XXXX089X8763,3807.0,2026-06-11 15:01:57
XXXX089X9078,3457.0,2026-06-11 15:01:57
XXXX089X9233,3170.0,2026-06-11 15:01:57
XXXX089X9275,3648.0,2026-06-11 15:01:57
XXXX089X9306,3554.0,2026-06-11 15:01:57
XXXX089X9356,3638.0,2026-06-11 15:01:57
XXXX089X9381,3515.0,2026-06-11 15:01:57
XXXX089X9391,4128.0,2026-06-11 15:01:57
XXXX089X9609,5884.0,2026-06-11 15:01:57
XXXX089X9688,4327.0,2026-06-11 15:01:57
XXXX089X9810,3437.0,2026-06-11 15:01:57
XXXX089X9819,3475.0,2026-06-11 15:01:57
XXXX089X9886,4347.0,2026-06-11 15:01:57
XXXX090X0061,4332.0,2026-06-11 15:01:57
XXXX090X0077,4593.0,2026-06-11 15:01:57
XXXX090X0096,4362.0,2026-06-11 15:01:57
XXXX090X0479,4937.0,2026-06-11 15:01:57
XXXX090X0564,5946.0,2026-06-11 15:01:57
XXXX090X0655,5672.0,2026-06-11 15:01:57
XXXX090X0836,4751.0,2026-06-11 15:01:57
XXXX090X0873,3886.0,2026-06-11 15:01:57
XXXX090X0971,4270.0,2026-06-11 15:01:57
XXXX090X1225,3760.0,2026-06-11 15:01:57
XXXX090X1247,4017.0,2026-06-11 15:01:57
XXXX090X1379,6480.0,2026-06-11 15:01:57
XXXX090X1504,4749.0,2026-06-11 15:01:57
XXXX090X1511,3078.0,2026-06-11 15:01:57
XXXX090X2014,4113.0,2026-06-11 15:01:57
XXXX090X2159,3578.0,2026-06-11 15:01:57
XXXX090X2475,4342.0,2026-06-11 15:01:57
XXXX090X2516,3774.0,2026-06-11 15:01:57
XXXX090X2539,3756.0,2026-06-11 15:01:57
XXXX090X2555,5854.0,2026-06-11 15:01:57
XXXX090X2623,4196.0,2026-06-11 15:01:57
XXXX090X2632,4219.0,2026-06-11 15:01:57
XXXX090X2731,4766.0,2026-06-11 15:01:57
XXXX090X2748,3611.0,2026-06-11 15:01:57
XXXX090X2755,3381.0,2026-06-11 15:01:57
XXXX090X2769,4709.0,2026-06-11 15:01:57
XXXX090X2819,4266.0,2026-06-11 15:01:57
XXXX090X2824,6906.0,2026-06-11 15:01:57
XXXX090X2892,3598.0,2026-06-11 15:01:57
XXXX090X2952,3595.0,2026-06-11 15:01:57
XXXX090X2968,4260.0,2026-06-11 15:01:57
XXXX090X2977,3008.0,2026-06-11 15:01:57
XXXX090X3076,7804.0,2026-06-11 15:01:57
XXXX090X3194,4999.0,2026-06-11 15:01:57
XXXX090X3234,5344.0,2026-06-11 15:01:57
XXXX090X3339,3154.0,2026-06-11 15:01:57
XXXX090X3425,5649.0,2026-06-11 15:01:57
XXXX090X3434,3482.0,2026-06-11 15:01:57
XXXX090X3456,3623.0,2026-06-11 15:01:57
XXXX090X3487,3876.0,2026-06-11 15:01:57
XXXX090X3591,5262.0,2026-06-11 15:01:57
XXXX090X3636,3943.0,2026-06-11 15:01:57
XXXX090X3673,3799.0,2026-06-11 15:01:57
XXXX090X3896,4279.0,2026-06-11 15:01:57
XXXX090X3949,4225.0,2026-06-11 15:01:57
XXXX090X3993,2464.0,2026-06-11 15:01:57
XXXX090X4009,4016.0,2026-06-11 15:01:57
XXXX090X4013,3646.0,2026-06-11 15:01:57
XXXX090X4143,3228.0,2026-06-11 15:01:57
XXXX090X4355,4144.0,2026-06-11 15:01:57
XXXX090X4387,6985.0,2026-06-11 15:01:57
XXXX090X4423,5448.0,2026-06-11 15:01:57
XXXX090X4446,3183.0,2026-06-11 15:01:57
XXXX090X4523,3323.0,2026-06-11 15:01:57
XXXX090X4552,2980.0,2026-06-11 15:01:57
XXXX090X4707,6654.0,2026-06-11 15:01:57
XXXX090X4873,9165.0,2026-06-11 15:01:57
XXXX090X4921,4730.0,2026-06-11 15:01:57
XXXX090X5032,4036.0,2026-06-11 15:01:57
XXXX090X5036,4178.0,2026-06-11 15:01:57
XXXX090X5423,5106.0,2026-06-11 15:01:57
XXXX090X5475,4278.0,2026-06-11 15:01:57
XXXX090X5549,5348.0,2026-06-11 15:01:57
XXXX090X5623,3860.0,2026-06-11 15:01:57
XXXX090X5724,4773.0,2026-06-11 15:01:57
XXXX090X5791,5172.0,2026-06-11 15:01:57
XXXX090X5816,7681.0,2026-06-11 15:01:57
XXXX090X6116,2743.0,2026-06-11 15:01:57
XXXX090X6147,4301.0,2026-06-11 15:01:57
XXXX090X6196,5368.0,2026-06-11 15:01:57
XXXX090X6442,4012.0,2026-06-11 15:01:57
XXXX090X6877,5395.0,2026-06-11 15:01:57
XXXX090X6963,4341.0,2026-06-11 15:01:57
XXXX090X6989,3456.0,2026-06-11 15:01:57
XXXX090X7127,3134.0,2026-06-11 15:01:57
XXXX090X7212,4636.0,2026-06-11 15:01:57
XXXX090X7312,3323.0,2026-06-11 15:01:57
XXXX090X7384,5071.0,2026-06-11 15:01:57
XXXX090X7421,7496.0,2026-06-11 15:01:57
XXXX090X7501,3800.0,2026-06-11 15:01:57
XXXX090X7560,6865.0,2026-06-11 15:01:57
XXXX090X7802,2963.0,2026-06-11 15:01:57
XXXX090X7868,4138.0,2026-06-11 15:01:57
XXXX090X7899,4092.0,2026-06-11 15:01:57
XXXX090X7904,4174.0,2026-06-11 15:01:57
XXXX090X7919,4568.0,2026-06-11 15:01:57
XXXX090X7942,5550.0,2026-06-11 15:01:57
XXXX090X7977,2931.0,2026-06-11 15:01:57
XXXX090X8070,5771.0,2026-06-11 15:01:57
XXXX090X8215,4992.0,2026-06-11 15:01:57
XXXX090X8233,3830.0,2026-06-11 15:01:57
XXXX090X8269,3644.0,2026-06-11 15:01:57
XXXX090X8274,3403.0,2026-06-11 15:01:57
XXXX090X8314,3493.0,2026-06-11 15:01:57
XXXX090X8338,4153.0,2026-06-11 15:01:57
XXXX090X8358,5240.0,2026-06-11 15:01:57
XXXX090X8376,6686.0,2026-06-11 15:01:57
XXXX090X8386,3948.0,2026-06-11 15:01:57
XXXX090X8466,6081.0,2026-06-11 15:01:57
XXXX090X8709,3449.0,2026-06-11 15:01:57
XXXX090X8737,5180.0,2026-06-11 15:01:57
XXXX090X8815,5246.0,2026-06-11 15:01:57
XXXX090X8894,5064.0,2026-06-11 15:01:57
XXXX090X9055,6468.0,2026-06-11 15:01:57
XXXX090X9077,3047.0,2026-06-11 15:01:57
XXXX090X9089,2548.0,2026-06-11 15:01:57
XXXX090X9091,6896.0,2026-06-11 15:01:57
XXXX090X9299,4746.0,2026-06-11 15:01:57
XXXX090X9760,5499.0,2026-06-11 15:01:57
XXXX090X9797,6651.0,2026-06-11 15:01:57
XXXX090X9806,3308.0,2026-06-11 15:01:57
XXXX090X9812,5089.0,2026-06-11 15:01:57
XXXX090X9843,2477.0,2026-06-11 15:01:57
XXXX090X9918,5193.0,2026-06-11 15:01:57
XXXX091X0124,4306.0,2026-06-11 15:01:57
XXXX091X0383,3570.0,2026-06-11 15:01:57
XXXX091X0444,3660.0,2026-06-11 15:01:57
XXXX091X0556,4711.0,2026-06-11 15:01:57
XXXX091X0747,7077.0,2026-06-11 15:01:57
XXXX091X0786,5498.0,2026-06-11 15:01:57
XXXX091X0844,5181.0,2026-06-11 15:01:57
XXXX091X0896,5721.0,2026-06-11 15:01:57
XXXX091X0915,3699.0,2026-06-11 15:01:57
XXXX091X0926,4254.0,2026-06-11 15:01:57
XXXX091X1001,3680.0,2026-06-11 15:01:57
XXXX091X1091,3679.0,2026-06-11 15:01:57
XXXX091X1122,4204.0,2026-06-11 15:01:57
XXXX091X1136,3827.0,2026-06-11 15:01:57
XXXX091X1172,6626.0,2026-06-11 15:01:57
XXXX091X1299,2871.0,2026-06-11 15:01:57
XXXX091X1370,3969.0,2026-06-11 15:01:57
XXXX091X1541,5825.0,2026-06-11 15:01:57
XXXX091X1582,4125.0,2026-06-11 15:01:57
XXXX091X1662,5960.0,2026-06-11 15:01:57
XXXX091X1670,4109.0,2026-06-11 15:01:57
XXXX091X1775,4291.0,2026-06-11 15:01:57
XXXX091X1783,4016.0,2026-06-11 15:01:57
XXXX091X1813,5769.0,2026-06-11 15:01:57
XXXX091X1829,4809.0,2026-06-11 15:01:57
XXXX091X1946,3604.0,2026-06-11 15:01:57
XXXX091X2011,4353.0,2026-06-11 15:01:57
XXXX091X2031,4185.0,2026-06-11 15:01:57
XXXX091X2070,3521.0,2026-06-11 15:01:57
XXXX091X2093,3945.0,2026-06-11 15:01:57
XXXX091X2147,3697.0,2026-06-11 15:01:57
XXXX091X2209,5588.0,2026-06-11 15:01:57
XXXX091X2289,5622.0,2026-06-11 15:01:57
XXXX091X2301,6335.0,2026-06-11 15:01:57
XXXX091X2322,5467.0,2026-06-11 15:01:57
XXXX091X2455,4291.0,2026-06-11 15:01:57
XXXX091X2546,3690.0,2026-06-11 15:01:57
XXXX091X2599,3128.0,2026-06-11 15:01:57
XXXX091X2678,7713.0,2026-06-11 15:01:57
XXXX091X2705,5320.0,2026-06-11 15:01:57
XXXX091X2789,3688.0,2026-06-11 15:01:57
XXXX091X2981,3792.0,2026-06-11 15:01:57
XXXX091X3146,4577.0,2026-06-11 15:01:57
XXXX091X3223,4540.0,2026-06-11 15:01:57
XXXX091X3273,5961.0,2026-06-11 15:01:57
XXXX091X3353,3955.0,2026-06-11 15:01:57
XXXX091X3410,3407.0,2026-06-11 15:01:57
XXXX091X3438,6382.0,2026-06-11 15:01:57
XXXX091X3477,3662.0,2026-06-11 15:01:57
XXXX091X3599,8604.0,2026-06-11 15:01:57
XXXX091X3663,3124.0,2026-06-11 15:01:57
XXXX091X3727,3901.0,2026-06-11 15:01:57
XXXX091X3742,2994.0,2026-06-11 15:01:57
XXXX091X3763,5203.0,2026-06-11 15:01:57
XXXX091X3779,3680.0,2026-06-11 15:01:57
XXXX091X3793,6225.0,2026-06-11 15:01:57
XXXX091X3828,4234.0,2026-06-11 15:01:57
XXXX091X3919,3960.0,2026-06-11 15:01:57
XXXX091X4050,2863.0,2026-06-11 15:01:57
XXXX091X4108,3813.0,2026-06-11 15:01:57
XXXX091X4192,4368.0,2026-06-11 15:01:57
XXXX091X4290,3725.0,2026-06-11 15:01:57
XXXX091X4299,3197.0,2026-06-11 15:01:57
XXXX091X4338,3636.0,2026-06-11 15:01:57
XXXX091X4384,4524.0,2026-06-11 15:01:57
XXXX091X4435,4502.0,2026-06-11 15:01:57
XXXX091X4482,3685.0,2026-06-11 15:01:57
XXXX091X4496,3395.0,2026-06-11 15:01:57
XXXX091X4515,3578.0,2026-06-11 15:01:57
XXXX091X4595,4971.0,2026-06-11 15:01:57
XXXX091X4691,3154.0,2026-06-11 15:01:57
XXXX091X4718,4743.0,2026-06-11 15:01:57
XXXX091X5100,5375.0,2026-06-11 15:01:57
XXXX091X5176,3036.0,2026-06-11 15:01:57
XXXX091X5259,3552.0,2026-06-11 15:01:57
XXXX091X5308,6978.0,2026-06-11 15:01:57
XXXX091X5312,4175.0,2026-06-11 15:01:57
XXXX091X5438,3701.0,2026-06-11 15:01:57
XXXX091X5580,4622.0,2026-06-11 15:01:57
XXXX091X5632,3078.0,2026-06-11 15:01:57
XXXX091X5686,3809.0,2026-06-11 15:01:57
XXXX091X5793,4799.0,2026-06-11 15:01:57
XXXX091X5854,5596.0,2026-06-11 15:01:57
XXXX091X6040,4638.0,2026-06-11 15:01:57
XXXX091X6082,4539.0,2026-06-11 15:01:57
XXXX091X6112,3523.0,2026-06-11 15:01:57
XXXX091X6146,4791.0,2026-06-11 15:01:57
XXXX091X6219,3887.0,2026-06-11 15:01:57
XXXX091X6245,3891.0,2026-06-11 15:01:57
XXXX091X6276,5337.0,2026-06-11 15:01:57
XXXX091X6501,3405.0,2026-06-11 15:01:57
XXXX091X6842,2823.0,2026-06-11 15:01:57
XXXX091X6915,3843.0,2026-06-11 15:01:57
XXXX091X6946,5157.0,2026-06-11 15:01:57
XXXX091X6996,4277.0,2026-06-11 15:01:57
XXXX091X7059,4028.0,2026-06-11 15:01:57
XXXX091X7072,3680.0,2026-06-11 15:01:57
XXXX091X7082,5113.0,2026-06-11 15:01:57
XXXX091X7148,4933.0,2026-06-11 15:01:57
XXXX091X7171,5611.0,2026-06-11 15:01:57
XXXX091X7341,3785.0,2026-06-11 15:01:57
XXXX091X7349,4341.0,2026-06-11 15:01:57
XXXX091X7351,4968.0,2026-06-11 15:01:57
XXXX091X7371,3033.0,2026-06-11 15:01:57
XXXX091X7433,4231.0,2026-06-11 15:01:57
XXXX091X7535,3951.0,2026-06-11 15:01:57
XXXX091X7563,5111.0,2026-06-11 15:01:57
XXXX091X7612,6377.0,2026-06-11 15:01:57
XXXX091X7692,4633.0,2026-06-11 15:01:57
XXXX091X7863,3581.0,2026-06-11 15:01:57
XXXX091X7957,4842.0,2026-06-11 15:01:57
XXXX091X7989,5267.0,2026-06-11 15:01:57
XXXX091X8023,4761.0,2026-06-11 15:01:57
XXXX091X8177,3492.0,2026-06-11 15:01:57
XXXX091X8348,3306.0,2026-06-11 15:01:57
XXXX091X8514,3642.0,2026-06-11 15:01:57
XXXX091X8599,4743.0,2026-06-11 15:01:57
XXXX091X8853,4236.0,2026-06-11 15:01:57
XXXX091X9455,5762.0,2026-06-11 15:01:57
XXXX091X9560,5033.0,2026-06-11 15:01:57
XXXX091X9607,3627.0,2026-06-11 15:01:57
XXXX091X9653,5407.0,2026-06-11 15:01:57
XXXX091X9673,2668.0,2026-06-11 15:01:57
XXXX091X9680,3346.0,2026-06-11 15:01:57
XXXX091X9775,6277.0,2026-06-11 15:01:57
XXXX091X9850,3255.0,2026-06-11 15:01:57
XXXX091X9852,3170.0,2026-06-11 15:01:57
XXXX091X9994,4548.0,2026-06-11 15:01:57
XXXX092X0561,11644.0,2026-06-11 15:01:57
XXXX092X2564,3433.0,2026-06-11 15:01:57
XXXX092X4409,4372.0,2026-06-11 15:01:57
XXXX092X4797,3410.0,2026-06-11 15:01:57
XXXX092X9333,3668.0,2026-06-11 15:01:57
XXXX093X6734,5197.0,2026-06-11 15:01:57
XXXX096X6500,3563.0,2026-06-11 15:01:57
XXXX096X6708,4791.0,2026-06-11 15:01:57
XXXX096X8047,4206.0,2026-06-11 15:01:57
XXXX096X8528,8396.0,2026-06-11 15:01:57
XXXX096X8634,4038.0,2026-06-11 15:01:57
XXXX096X9274,3539.0,2026-06-11 15:01:57
XXXX096X9433,5025.0,2026-06-11 15:01:57
XXXX096X9594,4482.0,2026-06-11 15:01:57
XXXX096X9761,5204.0,2026-06-11 15:01:57
XXXX097X0265,2750.0,2026-06-11 15:01:57
XXXX097X0301,3334.0,2026-06-11 15:01:57
XXXX097X0363,3617.0,2026-06-11 15:01:57
XXXX097X0396,3715.0,2026-06-11 15:01:57
XXXX097X0500,2438.0,2026-06-11 15:01:57
XXXX097X0613,4905.0,2026-06-11 15:01:57
XXXX097X0614,3816.0,2026-06-11 15:01:57
XXXX097X0838,4208.0,2026-06-11 15:01:57
XXXX097X0874,3873.0,2026-06-11 15:01:57
XXXX097X1031,4087.0,2026-06-11 15:01:57
XXXX097X1170,7323.0,2026-06-11 15:01:57
XXXX097X1179,5102.0,2026-06-11 15:01:57
XXXX097X1223,5569.0,2026-06-11 15:01:57
XXXX097X1391,7098.0,2026-06-11 15:01:57
XXXX097X1421,3639.0,2026-06-11 15:01:57
XXXX097X1522,3882.0,2026-06-11 15:01:57
XXXX097X1705,6640.0,2026-06-11 15:01:57
XXXX097X1964,4402.0,2026-06-11 15:01:57
XXXX097X2239,3643.0,2026-06-11 15:01:57
XXXX097X2271,2668.0,2026-06-11 15:01:57
XXXX097X2465,3322.0,2026-06-11 15:01:57
XXXX097X2567,5284.0,2026-06-11 15:01:57
XXXX097X3141,3760.0,2026-06-11 15:01:57
XXXX097X3259,3948.0,2026-06-11 15:01:57
XXXX097X3540,4372.0,2026-06-11 15:01:57
XXXX097X3548,8942.0,2026-06-11 15:01:57
XXXX097X3716,4005.0,2026-06-11 15:01:57
XXXX097X3791,3433.0,2026-06-11 15:01:57
XXXX097X3957,4126.0,2026-06-11 15:01:57
XXXX097X4064,3585.0,2026-06-11 15:01:57
XXXX097X4145,4223.0,2026-06-11 15:01:57
XXXX097X4619,9258.0,2026-06-11 15:01:57
XXXX097X4699,4418.0,2026-06-11 15:01:57
XXXX097X4718,4368.0,2026-06-11 15:01:57
XXXX097X4749,3524.0,2026-06-11 15:01:57
XXXX097X4767,4563.0,2026-06-11 15:01:57
XXXX097X4803,4165.0,2026-06-11 15:01:57
XXXX097X4896,3107.0,2026-06-11 15:01:57
XXXX097X5437,4702.0,2026-06-11 15:01:57
XXXX097X5659,3202.0,2026-06-11 15:01:57
XXXX097X5665,3856.0,2026-06-11 15:01:57
XXXX097X5757,4949.0,2026-06-11 15:01:57
XXXX097X5758,3750.0,2026-06-11 15:01:57
XXXX097X5797,3685.0,2026-06-11 15:01:57
XXXX097X5819,3888.0,2026-06-11 15:01:57
XXXX097X5856,3480.0,2026-06-11 15:01:57
XXXX097X6099,4914.0,2026-06-11 15:01:57
XXXX097X6397,3318.0,2026-06-11 15:01:57
XXXX097X6488,5159.0,2026-06-11 15:01:57
XXXX097X6528,3113.0,2026-06-11 15:01:57
XXXX097X6572,5351.0,2026-06-11 15:01:57
XXXX097X6807,5788.0,2026-06-11 15:01:57
XXXX097X6839,4916.0,2026-06-11 15:01:57
XXXX097X6883,3811.0,2026-06-11 15:01:57
XXXX097X7003,3305.0,2026-06-11 15:01:57
XXXX097X7029,3143.0,2026-06-11 15:01:57
XXXX097X7228,4570.0,2026-06-11 15:01:57
XXXX097X7364,2653.0,2026-06-11 15:01:57
XXXX097X7479,3249.0,2026-06-11 15:01:57
XXXX097X7514,3386.0,2026-06-11 15:01:57
XXXX097X7576,3298.0,2026-06-11 15:01:57
XXXX097X7593,4085.0,2026-06-11 15:01:57
XXXX097X7668,5267.0,2026-06-11 15:01:57
XXXX097X7678,2975.0,2026-06-11 15:01:57
XXXX097X7744,5405.0,2026-06-11 15:01:57
XXXX097X8130,3557.0,2026-06-11 15:01:57
XXXX097X8245,2560.0,2026-06-11 15:01:57
XXXX097X8307,2720.0,2026-06-11 15:01:57
XXXX097X8407,3435.0,2026-06-11 15:01:57
XXXX097X8485,2994.0,2026-06-11 15:01:57
XXXX097X8529,6769.0,2026-06-11 15:01:57
XXXX097X8859,3509.0,2026-06-11 15:01:57
XXXX097X9079,3263.0,2026-06-11 15:01:57
XXXX097X9139,3897.0,2026-06-11 15:01:57
XXXX097X9213,3034.0,2026-06-11 15:01:57
XXXX097X9327,7746.0,2026-06-11 15:01:57
XXXX097X9352,4291.0,2026-06-11 15:01:57
XXXX097X9399,4876.0,2026-06-11 15:01:57
XXXX097X9817,4941.0,2026-06-11 15:01:57
XXXX097X9831,4106.0,2026-06-11 15:01:57
XXXX097X9878,3582.0,2026-06-11 15:01:57
XXXX097X9908,5794.0,2026-06-11 15:01:57
XXXX097X9948,4086.0,2026-06-11 15:01:57
XXXX097X9962,2978.0,2026-06-11 15:01:57
XXXX097X9994,5764.0,2026-06-11 15:01:57
XXXX098X0281,2359.0,2026-06-11 15:01:57
XXXX098X0853,4850.0,2026-06-11 15:01:57
XXXX098X5564,5226.0,2026-06-11 15:01:57
XXXX098X5878,6031.0,2026-06-11 15:01:57
XXXX098X6066,4007.0,2026-06-11 15:01:57
XXXX098X6783,6857.0,2026-06-11 15:01:57
XXXX098X6837,3380.0,2026-06-11 15:01:57
XXXX098X7988,3257.0,2026-06-11 15:01:57
XXXX100X0285,4249.0,2026-06-11 15:01:57
XXXX100X0762,4702.0,2026-06-11 15:01:57
XXXX100X1142,4168.0,2026-06-11 15:01:57
XXXX100X1383,2464.0,2026-06-11 15:01:57
XXXX100X1426,4664.0,2026-06-11 15:01:57
XXXX100X1440,3597.0,2026-06-11 15:01:57
XXXX100X1602,4192.0,2026-06-11 15:01:57
XXXX100X1994,3149.0,2026-06-11 15:01:57
XXXX100X2260,2935.0,2026-06-11 15:01:57
XXXX100X2708,3737.0,2026-06-11 15:01:57
XXXX100X2780,4151.0,2026-06-11 15:01:57
XXXX100X2835,3886.0,2026-06-11 15:01:57
XXXX100X2969,3753.0,2026-06-11 15:01:57
XXXX100X3117,4793.0,2026-06-11 15:01:57
XXXX100X3737,2511.0,2026-06-11 15:01:57
XXXX100X4025,4898.0,2026-06-11 15:01:57
XXXX100X4301,4715.0,2026-06-11 15:01:57
XXXX100X4596,3982.0,2026-06-11 15:01:57
XXXX100X4706,4977.0,2026-06-11 15:01:57
XXXX100X4715,5350.0,2026-06-11 15:01:57
XXXX100X4736,5061.0,2026-06-11 15:01:57
XXXX100X5124,2630.0,2026-06-11 15:01:57
XXXX100X5133,6182.0,2026-06-11 15:01:57
XXXX100X5228,4842.0,2026-06-11 15:01:57
XXXX100X5316,5644.0,2026-06-11 15:01:57
XXXX100X5653,3518.0,2026-06-11 15:01:57
XXXX100X5680,4530.0,2026-06-11 15:01:57
XXXX100X5814,4240.0,2026-06-11 15:01:57
XXXX100X5887,3731.0,2026-06-11 15:01:57
XXXX100X7122,3242.0,2026-06-11 15:01:57
XXXX100X7645,5213.0,2026-06-11 15:01:57
XXXX100X7697,7075.0,2026-06-11 15:01:57
XXXX100X8130,6503.0,2026-06-11 15:01:57
XXXX100X8395,4371.0,2026-06-11 15:01:57
XXXX100X9340,6693.0,2026-06-11 15:01:57
XXXX101X0113,4363.0,2026-06-11 15:01:57
XXXX101X0135,3488.0,2026-06-11 15:01:57
XXXX101X0235,3969.0,2026-06-11 15:01:57
XXXX101X0645,4241.0,2026-06-11 15:01:57
XXXX101X0797,8025.0,2026-06-11 15:01:57
XXXX101X1173,2908.0,2026-06-11 15:01:57
XXXX101X1291,3093.0,2026-06-11 15:01:57
XXXX101X1523,3606.0,2026-06-11 15:01:57
XXXX101X1592,5031.0,2026-06-11 15:01:57
XXXX101X1641,3292.0,2026-06-11 15:01:57
XXXX101X1741,3924.0,2026-06-11 15:01:57
XXXX101X2139,5071.0,2026-06-11 15:01:57
XXXX101X2446,5248.0,2026-06-11 15:01:57
XXXX101X2565,4248.0,2026-06-11 15:01:57
XXXX101X2607,3467.0,2026-06-11 15:01:57
XXXX101X3029,3652.0,2026-06-11 15:01:57
XXXX101X3275,2763.0,2026-06-11 15:01:57
XXXX101X3716,4303.0,2026-06-11 15:01:57
XXXX101X3770,3453.0,2026-06-11 15:01:57
XXXX101X3910,6978.0,2026-06-11 15:01:57
XXXX101X4046,3492.0,2026-06-11 15:01:57
XXXX101X4520,4259.0,2026-06-11 15:01:57
XXXX101X4618,5537.0,2026-06-11 15:01:57
XXXX101X4627,4316.0,2026-06-11 15:01:57
XXXX101X4654,5195.0,2026-06-11 15:01:57
XXXX101X4812,7594.0,2026-06-11 15:01:57
XXXX101X5534,5779.0,2026-06-11 15:01:57
XXXX101X5774,3990.0,2026-06-11 15:01:57
XXXX101X5783,3917.0,2026-06-11 15:01:57
XXXX101X5792,2594.0,2026-06-11 15:01:57
XXXX101X5978,5159.0,2026-06-11 15:01:57
XXXX101X6442,3586.0,2026-06-11 15:01:57
XXXX101X6847,4974.0,2026-06-11 15:01:57
XXXX101X7028,7053.0,2026-06-11 15:01:57
XXXX101X7122,4578.0,2026-06-11 15:01:57
XXXX101X7140,3375.0,2026-06-11 15:01:57
XXXX101X7550,5188.0,2026-06-11 15:01:57
XXXX101X7596,5995.0,2026-06-11 15:01:57
XXXX101X8486,3456.0,2026-06-11 15:01:57
XXXX101X8522,4853.0,2026-06-11 15:01:57
XXXX101X8656,3329.0,2026-06-11 15:01:57
XXXX101X8735,5505.0,2026-06-11 15:01:57
XXXX101X9379,4586.0,2026-06-11 15:01:57
XXXX101X9397,6479.0,2026-06-11 15:01:57
XXXX101X9468,2397.0,2026-06-11 15:01:57
XXXX101X9558,4197.0,2026-06-11 15:01:57
XXXX101X9655,3520.0,2026-06-11 15:01:57
XXXX103X0137,5376.0,2026-06-11 15:01:57
XXXX103X0176,4264.0,2026-06-11 15:01:57
XXXX103X0200,4744.0,2026-06-11 15:01:57
XXXX103X0417,4871.0,2026-06-11 15:01:57
XXXX103X0513,3244.0,2026-06-11 15:01:57
XXXX103X0641,2797.0,2026-06-11 15:01:57
XXXX103X0833,3368.0,2026-06-11 15:01:57
XXXX103X0972,3767.0,2026-06-11 15:01:57
XXXX103X1023,4209.0,2026-06-11 15:01:57
XXXX103X1106,5384.0,2026-06-11 15:01:57
XXXX103X1111,4257.0,2026-06-11 15:01:57
XXXX103X1131,6433.0,2026-06-11 15:01:57
XXXX103X1157,3699.0,2026-06-11 15:01:57
XXXX103X1236,3676.0,2026-06-11 15:01:57
XXXX103X1308,3668.0,2026-06-11 15:01:57
XXXX103X1346,3901.0,2026-06-11 15:01:57
XXXX103X1406,3448.0,2026-06-11 15:01:57
XXXX103X1561,3646.0,2026-06-11 15:01:57
XXXX103X1663,7459.0,2026-06-11 15:01:57
XXXX103X1774,3620.0,2026-06-11 15:01:57
XXXX103X1796,6736.0,2026-06-11 15:01:57
XXXX103X1918,6910.0,2026-06-11 15:01:57
XXXX103X1928,5234.0,2026-06-11 15:01:57
XXXX103X1933,4481.0,2026-06-11 15:01:57
XXXX103X1992,3093.0,2026-06-11 15:01:57
XXXX103X1993,3712.0,2026-06-11 15:01:57
XXXX103X2005,3356.0,2026-06-11 15:01:57
XXXX103X2071,4631.0,2026-06-11 15:01:57
XXXX103X2445,4310.0,2026-06-11 15:01:57
XXXX103X2516,2185.0,2026-06-11 15:01:57
XXXX103X2635,2741.0,2026-06-11 15:01:57
XXXX103X2663,9353.0,2026-06-11 15:01:57
XXXX103X2859,4440.0,2026-06-11 15:01:57
XXXX103X2861,4167.0,2026-06-11 15:01:57
XXXX103X2925,6531.0,2026-06-11 15:01:57
XXXX103X3129,4306.0,2026-06-11 15:01:57
XXXX103X3146,5493.0,2026-06-11 15:01:57
XXXX103X3268,5456.0,2026-06-11 15:01:57
XXXX103X3275,6969.0,2026-06-11 15:01:57
XXXX103X3441,3730.0,2026-06-11 15:01:57
XXXX103X3486,3242.0,2026-06-11 15:01:57
XXXX103X3732,7816.0,2026-06-11 15:01:57
XXXX103X3776,4135.0,2026-06-11 15:01:57
XXXX103X3879,3889.0,2026-06-11 15:01:57
XXXX103X3981,3450.0,2026-06-11 15:01:57
XXXX103X4022,4195.0,2026-06-11 15:01:57
XXXX103X4124,5976.0,2026-06-11 15:01:57
XXXX103X4168,3461.0,2026-06-11 15:01:57
XXXX103X4193,2829.0,2026-06-11 15:01:57
XXXX103X4207,3285.0,2026-06-11 15:01:57
XXXX103X4322,5650.0,2026-06-11 15:01:57
XXXX103X4367,4861.0,2026-06-11 15:01:57
XXXX103X4380,5904.0,2026-06-11 15:01:57
XXXX103X4461,3675.0,2026-06-11 15:01:57
XXXX103X4466,4859.0,2026-06-11 15:01:57
XXXX103X4645,2347.0,2026-06-11 15:01:57
XXXX103X4925,3600.0,2026-06-11 15:01:57
XXXX103X4937,3357.0,2026-06-11 15:01:57
XXXX103X4991,4737.0,2026-06-11 15:01:57
XXXX103X5006,4506.0,2026-06-11 15:01:57
XXXX103X5066,3552.0,2026-06-11 15:01:57
XXXX103X5165,5565.0,2026-06-11 15:01:57
XXXX103X5313,4653.0,2026-06-11 15:01:57
XXXX103X5325,5104.0,2026-06-11 15:01:57
XXXX103X5447,4368.0,2026-06-11 15:01:57
XXXX103X5461,3416.0,2026-06-11 15:01:57
XXXX103X5561,3793.0,2026-06-11 15:01:57
XXXX103X5591,5671.0,2026-06-11 15:01:57
XXXX103X5642,7098.0,2026-06-11 15:01:57
XXXX103X5646,6869.0,2026-06-11 15:01:57
XXXX103X5673,4342.0,2026-06-11 15:01:57
XXXX103X5698,5556.0,2026-06-11 15:01:57
XXXX103X5896,5303.0,2026-06-11 15:01:57
XXXX103X5952,4304.0,2026-06-11 15:01:57
XXXX103X6047,5428.0,2026-06-11 15:01:57
XXXX103X6084,3662.0,2026-06-11 15:01:57
XXXX103X6099,4829.0,2026-06-11 15:01:57
XXXX103X6178,4609.0,2026-06-11 15:01:57
XXXX103X6278,3533.0,2026-06-11 15:01:57
XXXX103X6279,2978.0,2026-06-11 15:01:57
XXXX103X6292,4026.0,2026-06-11 15:01:57
XXXX103X6335,8448.0,2026-06-11 15:01:57
XXXX103X6465,6671.0,2026-06-11 15:01:57
XXXX103X6471,6869.0,2026-06-11 15:01:57
XXXX103X6558,6257.0,2026-06-11 15:01:57
XXXX103X6636,4381.0,2026-06-11 15:01:57
XXXX103X6666,3367.0,2026-06-11 15:01:57
XXXX103X6754,7001.0,2026-06-11 15:01:57
XXXX103X6837,4003.0,2026-06-11 15:01:57
XXXX103X7077,2498.0,2026-06-11 15:01:57
XXXX103X7174,2824.0,2026-06-11 15:01:57
XXXX103X7194,5030.0,2026-06-11 15:01:57
XXXX103X7294,4106.0,2026-06-11 15:01:57
XXXX103X7434,4398.0,2026-06-11 15:01:57
XXXX103X7477,4465.0,2026-06-11 15:01:57
XXXX103X7610,3841.0,2026-06-11 15:01:57
XXXX103X7624,4187.0,2026-06-11 15:01:57
XXXX103X7776,5149.0,2026-06-11 15:01:57
XXXX103X7882,2735.0,2026-06-11 15:01:57
XXXX103X7915,3314.0,2026-06-11 15:01:57
XXXX103X7918,3533.0,2026-06-11 15:01:57
XXXX103X7923,3871.0,2026-06-11 15:01:57
XXXX103X8031,3604.0,2026-06-11 15:01:57
XXXX103X8127,6566.0,2026-06-11 15:01:57
XXXX103X8165,3923.0,2026-06-11 15:01:57
XXXX103X8217,4289.0,2026-06-11 15:01:57
XXXX103X8558,4498.0,2026-06-11 15:01:57
XXXX103X8621,5591.0,2026-06-11 15:01:57
XXXX103X8699,3131.0,2026-06-11 15:01:57
XXXX103X8771,3380.0,2026-06-11 15:01:57
XXXX103X8809,3776.0,2026-06-11 15:01:57
XXXX103X8868,4612.0,2026-06-11 15:01:57
XXXX103X8889,3654.0,2026-06-11 15:01:57
XXXX103X9252,7095.0,2026-06-11 15:01:57
XXXX103X9328,3315.0,2026-06-11 15:01:57
XXXX103X9417,7250.0,2026-06-11 15:01:57
XXXX103X9423,3207.0,2026-06-11 15:01:57
XXXX103X9462,5183.0,2026-06-11 15:01:57
XXXX103X9507,3980.0,2026-06-11 15:01:57
XXXX103X9525,5897.0,2026-06-11 15:01:57
XXXX103X9615,3260.0,2026-06-11 15:01:57
XXXX103X9738,6904.0,2026-06-11 15:01:57
XXXX103X9791,4094.0,2026-06-11 15:01:57
XXXX103X9842,3007.0,2026-06-11 15:01:57
XXXX103X9928,3087.0,2026-06-11 15:01:57
XXXX103X9985,4016.0,2026-06-11 15:01:57
XXXX104X0004,4209.0,2026-06-11 15:01:57
XXXX104X2577,3919.0,2026-06-11 15:01:57
XXXX104X3132,5518.0,2026-06-11 15:01:57
XXXX104X3558,6246.0,2026-06-11 15:01:57
XXXX104X3655,3612.0,2026-06-11 15:01:57
XXXX104X5106,4377.0,2026-06-11 15:01:57
XXXX104X5461,4949.0,2026-06-11 15:01:57
XXXX104X5792,3340.0,2026-06-11 15:01:57
XXXX104X6390,3631.0,2026-06-11 15:01:57
XXXX104X7086,3480.0,2026-06-11 15:01:57
XXXX104X7110,3932.0,2026-06-11 15:01:57
XXXX104X7523,3939.0,2026-06-11 15:01:57
XXXX104X8294,3543.0,2026-06-11 15:01:57
XXXX105X0008,3069.0,2026-06-11 15:01:57
XXXX105X0024,4420.0,2026-06-11 15:01:57
XXXX105X0027,3819.0,2026-06-11 15:01:57
XXXX105X0040,3927.0,2026-06-11 15:01:57
XXXX105X0129,4863.0,2026-06-11 15:01:57
XXXX105X0197,5558.0,2026-06-11 15:01:57
XXXX105X0238,4406.0,2026-06-11 15:01:57
XXXX105X0251,5050.0,2026-06-11 15:01:57
XXXX105X0287,3379.0,2026-06-11 15:01:57
XXXX105X0309,3490.0,2026-06-11 15:01:57
XXXX105X0312,4253.0,2026-06-11 15:01:57
XXXX105X0315,4043.0,2026-06-11 15:01:57
XXXX105X0348,3927.0,2026-06-11 15:01:57
XXXX105X0365,4143.0,2026-06-11 15:01:57
XXXX105X0462,4508.0,2026-06-11 15:01:57
XXXX105X0647,4619.0,2026-06-11 15:01:57
XXXX105X0701,4060.0,2026-06-11 15:01:57
XXXX105X0753,4619.0,2026-06-11 15:01:57
XXXX105X0783,8224.0,2026-06-11 15:01:57
XXXX105X0827,3078.0,2026-06-11 15:01:57
XXXX105X0830,3777.0,2026-06-11 15:01:57
XXXX105X0865,4150.0,2026-06-11 15:01:57
XXXX105X0948,4397.0,2026-06-11 15:01:57
XXXX105X0981,4209.0,2026-06-11 15:01:57
XXXX105X1103,3296.0,2026-06-11 15:01:57
XXXX105X1121,6389.0,2026-06-11 15:01:57
XXXX105X1187,3547.0,2026-06-11 15:01:57
XXXX105X1190,6645.0,2026-06-11 15:01:57
XXXX105X1200,3368.0,2026-06-11 15:01:57
XXXX105X1212,3992.0,2026-06-11 15:01:57
XXXX105X1236,3762.0,2026-06-11 15:01:57
XXXX105X1336,4572.0,2026-06-11 15:01:57
XXXX105X1345,5264.0,2026-06-11 15:01:57
XXXX105X1351,4237.0,2026-06-11 15:01:57
XXXX105X1366,2331.0,2026-06-11 15:01:57
XXXX105X1422,3954.0,2026-06-11 15:01:57
XXXX105X1438,4075.0,2026-06-11 15:01:57
XXXX105X1452,2792.0,2026-06-11 15:01:57
XXXX105X1505,4234.0,2026-06-11 15:01:57
XXXX105X1541,3588.0,2026-06-11 15:01:57
XXXX105X1599,4254.0,2026-06-11 15:01:57
XXXX105X1607,5441.0,2026-06-11 15:01:57
XXXX105X1624,3390.0,2026-06-11 15:01:57
XXXX105X1691,4161.0,2026-06-11 15:01:57
XXXX105X1725,3406.0,2026-06-11 15:01:57
XXXX105X1764,5451.0,2026-06-11 15:01:57
XXXX105X1779,6593.0,2026-06-11 15:01:57
XXXX105X1823,3663.0,2026-06-11 15:01:57
XXXX105X1907,3596.0,2026-06-11 15:01:57
XXXX105X1908,5236.0,2026-06-11 15:01:57
XXXX105X1949,3254.0,2026-06-11 15:01:57
XXXX105X1975,3698.0,2026-06-11 15:01:57
XXXX105X2022,3179.0,2026-06-11 15:01:57
XXXX105X2034,4048.0,2026-06-11 15:01:57
XXXX105X2207,3414.0,2026-06-11 15:01:57
XXXX105X2238,5050.0,2026-06-11 15:01:57
XXXX105X2245,3616.0,2026-06-11 15:01:57
XXXX105X2260,4676.0,2026-06-11 15:01:57
XXXX105X2295,4943.0,2026-06-11 15:01:57
XXXX105X2344,6566.0,2026-06-11 15:01:57
XXXX105X2364,3295.0,2026-06-11 15:01:57
XXXX105X2376,3653.0,2026-06-11 15:01:57
XXXX105X2456,2880.0,2026-06-11 15:01:57
XXXX105X2509,4253.0,2026-06-11 15:01:57
XXXX105X2512,3666.0,2026-06-11 15:01:57
XXXX105X2600,4238.0,2026-06-11 15:01:57
XXXX105X2723,5757.0,2026-06-11 15:01:57
XXXX105X2824,3962.0,2026-06-11 15:01:57
XXXX105X2884,4756.0,2026-06-11 15:01:57
XXXX105X2903,3772.0,2026-06-11 15:01:57
XXXX105X2945,2993.0,2026-06-11 15:01:57
XXXX105X2965,6205.0,2026-06-11 15:01:57
XXXX105X2971,4076.0,2026-06-11 15:01:57
XXXX105X3044,3280.0,2026-06-11 15:01:57
XXXX105X3274,3952.0,2026-06-11 15:01:57
XXXX105X3289,4664.0,2026-06-11 15:01:57
XXXX105X3293,4161.0,2026-06-11 15:01:57
XXXX105X3309,3494.0,2026-06-11 15:01:57
XXXX105X3342,3575.0,2026-06-11 15:01:57
XXXX105X3384,7124.0,2026-06-11 15:01:57
XXXX105X3446,4337.0,2026-06-11 15:01:57
XXXX105X3466,6033.0,2026-06-11 15:01:57
XXXX105X3477,7191.0,2026-06-11 15:01:57
XXXX105X3486,5178.0,2026-06-11 15:01:57
XXXX105X3502,5110.0,2026-06-11 15:01:57
XXXX105X3506,6414.0,2026-06-11 15:01:57
XXXX105X3518,5441.0,2026-06-11 15:01:57
XXXX105X3533,3180.0,2026-06-11 15:01:57
XXXX105X3585,4770.0,2026-06-11 15:01:57
XXXX105X3604,3390.0,2026-06-11 15:01:57
XXXX105X3617,3170.0,2026-06-11 15:01:57
XXXX105X3619,4702.0,2026-06-11 15:01:57
XXXX105X3643,3721.0,2026-06-11 15:01:57
XXXX105X3686,2995.0,2026-06-11 15:01:57
XXXX105X3695,3511.0,2026-06-11 15:01:57
XXXX105X3817,3418.0,2026-06-11 15:01:57
XXXX105X3848,4393.0,2026-06-11 15:01:57
XXXX105X3954,3668.0,2026-06-11 15:01:57
XXXX105X4026,4971.0,2026-06-11 15:01:57
XXXX105X4042,3856.0,2026-06-11 15:01:57
XXXX105X4053,8203.0,2026-06-11 15:01:57
XXXX105X4112,4487.0,2026-06-11 15:01:57
XXXX105X4198,4489.0,2026-06-11 15:01:57
XXXX105X4228,4474.0,2026-06-11 15:01:57
XXXX105X4233,4111.0,2026-06-11 15:01:57
XXXX105X4248,3948.0,2026-06-11 15:01:57
XXXX105X4254,3395.0,2026-06-11 15:01:57
XXXX105X4460,3643.0,2026-06-11 15:01:57
XXXX105X4463,6363.0,2026-06-11 15:01:57
XXXX105X4554,3627.0,2026-06-11 15:01:57
XXXX105X4557,4700.0,2026-06-11 15:01:57
XXXX105X4584,4978.0,2026-06-11 15:01:57
XXXX105X4678,2937.0,2026-06-11 15:01:57
XXXX105X4767,3658.0,2026-06-11 15:01:57
XXXX105X4776,3937.0,2026-06-11 15:01:57
XXXX105X4789,3128.0,2026-06-11 15:01:57
XXXX105X4824,3574.0,2026-06-11 15:01:57
XXXX105X4914,5588.0,2026-06-11 15:01:57
XXXX105X5093,3984.0,2026-06-11 15:01:57
XXXX105X5116,4573.0,2026-06-11 15:01:57
XXXX105X5117,3466.0,2026-06-11 15:01:57
XXXX105X5160,5063.0,2026-06-11 15:01:57
XXXX105X5169,3360.0,2026-06-11 15:01:57
XXXX105X5173,4664.0,2026-06-11 15:01:57
XXXX105X5205,4467.0,2026-06-11 15:01:57
XXXX105X5363,3887.0,2026-06-11 15:01:57
XXXX105X5437,3448.0,2026-06-11 15:01:57
XXXX105X5506,3066.0,2026-06-11 15:01:57
XXXX105X5653,6324.0,2026-06-11 15:01:57
XXXX105X5800,3620.0,2026-06-11 15:01:57
XXXX105X5805,4457.0,2026-06-11 15:01:57
XXXX105X5819,9345.0,2026-06-11 15:01:57
XXXX105X5860,3612.0,2026-06-11 15:01:57
XXXX105X5995,3689.0,2026-06-11 15:01:57
XXXX105X6044,6922.0,2026-06-11 15:01:57
XXXX105X6055,4714.0,2026-06-11 15:01:57
XXXX105X6071,3783.0,2026-06-11 15:01:57
XXXX105X6100,3240.0,2026-06-11 15:01:57
XXXX105X6117,2884.0,2026-06-11 15:01:57
XXXX105X6178,6801.0,2026-06-11 15:01:57
XXXX105X6234,3368.0,2026-06-11 15:01:57
XXXX105X6259,4432.0,2026-06-11 15:01:57
XXXX105X6444,5477.0,2026-06-11 15:01:57
XXXX105X6470,3929.0,2026-06-11 15:01:57
XXXX105X6481,3166.0,2026-06-11 15:01:57
XXXX105X6500,3835.0,2026-06-11 15:01:57
XXXX105X6506,3225.0,2026-06-11 15:01:57
XXXX105X6567,2547.0,2026-06-11 15:01:57
XXXX105X6587,4928.0,2026-06-11 15:01:57
XXXX105X6600,4301.0,2026-06-11 15:01:57
XXXX105X6607,3835.0,2026-06-11 15:01:57
XXXX105X6616,4641.0,2026-06-11 15:01:57
XXXX105X6622,7389.0,2026-06-11 15:01:57
XXXX105X6685,4213.0,2026-06-11 15:01:57
XXXX105X6702,5750.0,2026-06-11 15:01:57
XXXX105X6774,4737.0,2026-06-11 15:01:57
XXXX105X6818,3344.0,2026-06-11 15:01:57
XXXX105X6832,3319.0,2026-06-11 15:01:57
XXXX105X6835,3090.0,2026-06-11 15:01:57
XXXX105X6853,3746.0,2026-06-11 15:01:57
XXXX105X6902,3776.0,2026-06-11 15:01:57
XXXX105X6911,4145.0,2026-06-11 15:01:57
XXXX105X6917,5302.0,2026-06-11 15:01:57
XXXX105X6940,4612.0,2026-06-11 15:01:57
XXXX105X7028,3990.0,2026-06-11 15:01:57
XXXX105X7087,2861.0,2026-06-11 15:01:57
XXXX105X7142,5711.0,2026-06-11 15:01:57
XXXX105X7150,4554.0,2026-06-11 15:01:57
XXXX105X7257,2664.0,2026-06-11 15:01:57
XXXX105X7291,5026.0,2026-06-11 15:01:57
XXXX105X7345,3079.0,2026-06-11 15:01:57
XXXX105X7367,3871.0,2026-06-11 15:01:57
XXXX105X7403,4474.0,2026-06-11 15:01:57
XXXX105X7414,5795.0,2026-06-11 15:01:57
XXXX105X7472,2867.0,2026-06-11 15:01:57
XXXX105X7549,2706.0,2026-06-11 15:01:57
XXXX105X7564,4276.0,2026-06-11 15:01:57
XXXX105X7592,3375.0,2026-06-11 15:01:57
XXXX105X7621,5388.0,2026-06-11 15:01:57
XXXX105X7636,3116.0,2026-06-11 15:01:57
XXXX105X7738,2886.0,2026-06-11 15:01:57
XXXX105X7739,2788.0,2026-06-11 15:01:57
XXXX105X7771,4308.0,2026-06-11 15:01:57
XXXX105X7793,4636.0,2026-06-11 15:01:57
XXXX105X7887,4902.0,2026-06-11 15:01:57
XXXX105X7932,3377.0,2026-06-11 15:01:57
XXXX105X7940,6268.0,2026-06-11 15:01:57
XXXX105X8051,4341.0,2026-06-11 15:01:57
XXXX105X8137,3864.0,2026-06-11 15:01:57
XXXX105X8149,2746.0,2026-06-11 15:01:57
XXXX105X8215,6467.0,2026-06-11 15:01:57
XXXX105X8233,3185.0,2026-06-11 15:01:57
XXXX105X8273,4185.0,2026-06-11 15:01:57
XXXX105X8288,3607.0,2026-06-11 15:01:57
XXXX105X8429,4876.0,2026-06-11 15:01:57
XXXX105X8469,5959.0,2026-06-11 15:01:57
XXXX105X8510,3753.0,2026-06-11 15:01:57
XXXX105X8537,5550.0,2026-06-11 15:01:57
XXXX105X8558,3383.0,2026-06-11 15:01:57
XXXX105X8564,3781.0,2026-06-11 15:01:57
XXXX105X8572,3952.0,2026-06-11 15:01:57
XXXX105X8653,3762.0,2026-06-11 15:01:57
XXXX105X8724,3868.0,2026-06-11 15:01:57
XXXX105X8865,3349.0,2026-06-11 15:01:57
XXXX105X8876,2884.0,2026-06-11 15:01:57
XXXX105X8897,3875.0,2026-06-11 15:01:57
XXXX105X8930,3003.0,2026-06-11 15:01:57
XXXX105X8932,9016.0,2026-06-11 15:01:57
XXXX105X9315,4031.0,2026-06-11 15:01:57
XXXX105X9327,3835.0,2026-06-11 15:01:57
XXXX105X9392,3099.0,2026-06-11 15:01:57
XXXX105X9400,5156.0,2026-06-11 15:01:57
XXXX105X9424,3395.0,2026-06-11 15:01:57
XXXX105X9495,3017.0,2026-06-11 15:01:57
XXXX105X9711,7291.0,2026-06-11 15:01:57
XXXX105X9791,3657.0,2026-06-11 15:01:57
XXXX105X9798,2594.0,2026-06-11 15:01:57
XXXX105X9810,4819.0,2026-06-11 15:01:57
XXXX105X9852,3507.0,2026-06-11 15:01:57
XXXX105X9872,2867.0,2026-06-11 15:01:57
XXXX105X9892,3800.0,2026-06-11 15:01:57
XXXX105X9947,5258.0,2026-06-11 15:01:57
XXXX105X9998,3975.0,2026-06-11 15:01:57
XXXX106X0019,2955.0,2026-06-11 15:01:57
XXXX106X0085,2579.0,2026-06-11 15:01:57
XXXX106X0094,3505.0,2026-06-11 15:01:57
XXXX106X0115,4828.0,2026-06-11 15:01:57
XXXX106X0149,2928.0,2026-06-11 15:01:57
XXXX106X0154,5699.0,2026-06-11 15:01:57
XXXX106X0185,3277.0,2026-06-11 15:01:57
XXXX106X0198,4638.0,2026-06-11 15:01:57
XXXX106X0294,4919.0,2026-06-11 15:01:57
XXXX106X0802,3010.0,2026-06-11 15:01:57
XXXX106X0820,3217.0,2026-06-11 15:01:57
XXXX106X0835,2020.0,2026-06-11 15:01:57
XXXX106X0918,6603.0,2026-06-11 15:01:57
XXXX106X0941,4982.0,2026-06-11 15:01:57
XXXX106X1053,4286.0,2026-06-11 15:01:57
XXXX106X1080,4773.0,2026-06-11 15:01:57
XXXX106X1160,4609.0,2026-06-11 15:01:57
XXXX106X1245,5388.0,2026-06-11 15:01:57
XXXX106X1333,3090.0,2026-06-11 15:01:57
XXXX106X1503,5120.0,2026-06-11 15:01:57
XXXX106X1533,4427.0,2026-06-11 15:01:57
XXXX106X1667,4109.0,2026-06-11 15:01:57
XXXX106X1782,4337.0,2026-06-11 15:01:57
XXXX106X1999,4145.0,2026-06-11 15:01:57
XXXX106X2022,3215.0,2026-06-11 15:01:57
XXXX106X2025,2680.0,2026-06-11 15:01:57
XXXX106X2046,4892.0,2026-06-11 15:01:57
XXXX106X2195,3552.0,2026-06-11 15:01:57
XXXX106X2310,4593.0,2026-06-11 15:01:57
XXXX106X2316,5630.0,2026-06-11 15:01:57
XXXX106X2329,6000.0,2026-06-11 15:01:57
XXXX106X2363,2622.0,2026-06-11 15:01:57
XXXX106X2371,3085.0,2026-06-11 15:01:57
XXXX106X2427,4516.0,2026-06-11 15:01:57
XXXX106X2453,3374.0,2026-06-11 15:01:57
XXXX106X2466,3237.0,2026-06-11 15:01:57
XXXX106X2471,3798.0,2026-06-11 15:01:57
XXXX106X2478,3877.0,2026-06-11 15:01:57
XXXX106X2481,4326.0,2026-06-11 15:01:57
XXXX106X2499,4914.0,2026-06-11 15:01:57
XXXX106X2523,2444.0,2026-06-11 15:01:57
XXXX106X2572,2908.0,2026-06-11 15:01:57
XXXX106X2581,4375.0,2026-06-11 15:01:57
XXXX106X2619,4353.0,2026-06-11 15:01:57
XXXX106X2760,6957.0,2026-06-11 15:01:57
XXXX106X2761,4839.0,2026-06-11 15:01:57
XXXX106X2910,2816.0,2026-06-11 15:01:57
XXXX106X3197,2577.0,2026-06-11 15:01:57
XXXX106X3210,3572.0,2026-06-11 15:01:57
XXXX106X3416,3599.0,2026-06-11 15:01:57
XXXX106X3486,3480.0,2026-06-11 15:01:57
XXXX106X3623,3384.0,2026-06-11 15:01:57
XXXX106X3641,6596.0,2026-06-11 15:01:57
XXXX106X3647,4188.0,2026-06-11 15:01:57
XXXX106X3680,3242.0,2026-06-11 15:01:57
XXXX106X3708,3627.0,2026-06-11 15:01:57
XXXX106X3732,3357.0,2026-06-11 15:01:57
XXXX106X3745,4421.0,2026-06-11 15:01:57
XXXX106X3784,2653.0,2026-06-11 15:01:57
XXXX106X3921,2773.0,2026-06-11 15:01:57
XXXX106X4066,4520.0,2026-06-11 15:01:57
XXXX106X4072,4063.0,2026-06-11 15:01:57
XXXX106X4090,5124.0,2026-06-11 15:01:57
XXXX106X4099,3359.0,2026-06-11 15:01:57
XXXX106X4233,2784.0,2026-06-11 15:01:57
XXXX106X4263,3479.0,2026-06-11 15:01:57
XXXX106X4415,4491.0,2026-06-11 15:01:57
XXXX106X4619,3133.0,2026-06-11 15:01:57
XXXX106X4635,3468.0,2026-06-11 15:01:57
XXXX106X4677,5132.0,2026-06-11 15:01:57
XXXX106X4682,4501.0,2026-06-11 15:01:57
XXXX106X4777,3911.0,2026-06-11 15:01:57
XXXX106X5129,4112.0,2026-06-11 15:01:57
XXXX106X5192,3309.0,2026-06-11 15:01:57
XXXX106X5244,4052.0,2026-06-11 15:01:57
XXXX106X5281,3373.0,2026-06-11 15:01:57
XXXX106X5296,3849.0,2026-06-11 15:01:57
XXXX106X5324,3198.0,2026-06-11 15:01:57
XXXX106X5326,6744.0,2026-06-11 15:01:57
XXXX106X5341,4491.0,2026-06-11 15:01:57
XXXX106X5466,3596.0,2026-06-11 15:01:57
XXXX106X5475,3034.0,2026-06-11 15:01:57
XXXX106X5649,3420.0,2026-06-11 15:01:57
XXXX106X5676,3048.0,2026-06-11 15:01:57
XXXX106X5704,3240.0,2026-06-11 15:01:57
XXXX106X5791,5583.0,2026-06-11 15:01:57
XXXX106X5794,3616.0,2026-06-11 15:01:57
XXXX106X5821,6659.0,2026-06-11 15:01:57
XXXX106X5846,2919.0,2026-06-11 15:01:57
XXXX106X5889,3345.0,2026-06-11 15:01:57
XXXX106X5891,3539.0,2026-06-11 15:01:57
XXXX106X6058,3511.0,2026-06-11 15:01:57
XXXX106X6091,4967.0,2026-06-11 15:01:57
XXXX106X6121,3875.0,2026-06-11 15:01:57
XXXX106X6194,3769.0,2026-06-11 15:01:57
XXXX106X6286,3731.0,2026-06-11 15:01:57
XXXX106X6301,3699.0,2026-06-11 15:01:57
XXXX106X6547,5621.0,2026-06-11 15:01:57
XXXX106X6650,4371.0,2026-06-11 15:01:57
XXXX106X6653,2803.0,2026-06-11 15:01:57
XXXX106X6666,6988.0,2026-06-11 15:01:57
XXXX106X6741,6908.0,2026-06-11 15:01:57
XXXX106X6742,3416.0,2026-06-11 15:01:57
XXXX106X6754,3480.0,2026-06-11 15:01:57
XXXX106X6796,8560.0,2026-06-11 15:01:57
XXXX106X6827,5583.0,2026-06-11 15:01:57
XXXX106X6837,6500.0,2026-06-11 15:01:57
XXXX106X6894,3572.0,2026-06-11 15:01:57
XXXX106X6998,4746.0,2026-06-11 15:01:57
XXXX106X7119,3757.0,2026-06-11 15:01:57
XXXX106X7173,3450.0,2026-06-11 15:01:57
XXXX106X7181,3139.0,2026-06-11 15:01:57
XXXX106X7297,3978.0,2026-06-11 15:01:57
XXXX106X7300,3776.0,2026-06-11 15:01:57
XXXX106X7491,3051.0,2026-06-11 15:01:57
XXXX106X7555,3174.0,2026-06-11 15:01:57
XXXX106X7844,4963.0,2026-06-11 15:01:57
XXXX106X8205,4405.0,2026-06-11 15:01:57
XXXX106X8266,3813.0,2026-06-11 15:01:57
XXXX106X8527,4882.0,2026-06-11 15:01:57
XXXX106X8567,5257.0,2026-06-11 15:01:57
XXXX106X8569,3435.0,2026-06-11 15:01:57
XXXX106X8616,2892.0,2026-06-11 15:01:57
XXXX106X8716,6173.0,2026-06-11 15:01:57
XXXX106X8798,5568.0,2026-06-11 15:01:57
XXXX106X8901,2861.0,2026-06-11 15:01:57
XXXX106X8959,4781.0,2026-06-11 15:01:57
XXXX106X9076,3463.0,2026-06-11 15:01:57
XXXX106X9098,3349.0,2026-06-11 15:01:57
XXXX106X9119,3055.0,2026-06-11 15:01:57
XXXX106X9183,3059.0,2026-06-11 15:01:57
XXXX106X9225,4583.0,2026-06-11 15:01:57
XXXX106X9286,3477.0,2026-06-11 15:01:57
XXXX106X9317,6011.0,2026-06-11 15:01:57
XXXX106X9401,7566.0,2026-06-11 15:01:57
XXXX106X9466,4206.0,2026-06-11 15:01:57
XXXX106X9514,3128.0,2026-06-11 15:01:57
XXXX106X9757,4016.0,2026-06-11 15:01:57
XXXX106X9766,3316.0,2026-06-11 15:01:57
XXXX106X9794,4214.0,2026-06-11 15:01:57
XXXX106X9815,3390.0,2026-06-11 15:01:57
XXXX106X9885,3818.0,2026-06-11 15:01:57
XXXX106X9934,5184.0,2026-06-11 15:01:57
XXXX106X9998,3218.0,2026-06-11 15:01:57
XXXX107X0374,6290.0,2026-06-11 15:01:57
XXXX107X0514,4536.0,2026-06-11 15:01:57
XXXX107X0587,4239.0,2026-06-11 15:01:57
XXXX107X0675,4750.0,2026-06-11 15:01:57
XXXX107X0754,3064.0,2026-06-11 15:01:57
XXXX107X1018,5816.0,2026-06-11 15:01:57
XXXX107X1258,4234.0,2026-06-11 15:01:57
XXXX107X1294,4133.0,2026-06-11 15:01:57
XXXX107X1328,3273.0,2026-06-11 15:01:57
XXXX107X1346,4098.0,2026-06-11 15:01:57
XXXX107X1568,3646.0,2026-06-11 15:01:57
XXXX107X1799,8467.0,2026-06-11 15:01:57
XXXX107X2135,4869.0,2026-06-11 15:01:57
XXXX107X2178,3128.0,2026-06-11 15:01:57
XXXX107X2558,4162.0,2026-06-11 15:01:57
XXXX107X2600,2784.0,2026-06-11 15:01:57
XXXX107X2637,5770.0,2026-06-11 15:01:57
XXXX107X3043,4838.0,2026-06-11 15:01:57
XXXX107X3055,2704.0,2026-06-11 15:01:57
XXXX107X3107,2823.0,2026-06-11 15:01:57
XXXX107X3113,5876.0,2026-06-11 15:01:57
XXXX107X3645,6250.0,2026-06-11 15:01:57
XXXX107X3842,3386.0,2026-06-11 15:01:57
XXXX107X3928,3746.0,2026-06-11 15:01:57
XXXX107X4413,3820.0,2026-06-11 15:01:57
XXXX107X4601,3758.0,2026-06-11 15:01:57
XXXX107X4610,2904.0,2026-06-11 15:01:57
XXXX107X4769,2708.0,2026-06-11 15:01:57
XXXX107X5218,4127.0,2026-06-11 15:01:57
XXXX107X5239,6427.0,2026-06-11 15:01:57
XXXX107X5306,4209.0,2026-06-11 15:01:57
XXXX107X5497,4383.0,2026-06-11 15:01:57
XXXX107X5655,7574.0,2026-06-11 15:01:57
XXXX107X5795,4799.0,2026-06-11 15:01:57
XXXX107X6040,2980.0,2026-06-11 15:01:57
XXXX107X6129,4278.0,2026-06-11 15:01:57
XXXX107X6885,4801.0,2026-06-11 15:01:57
XXXX107X6925,4327.0,2026-06-11 15:01:57
XXXX107X6964,3493.0,2026-06-11 15:01:57
XXXX107X7030,5225.0,2026-06-11 15:01:57
XXXX107X7225,3526.0,2026-06-11 15:01:57
XXXX107X7298,3798.0,2026-06-11 15:01:57
XXXX107X7447,7306.0,2026-06-11 15:01:57
XXXX107X7529,2626.0,2026-06-11 15:01:57
XXXX107X7669,3721.0,2026-06-11 15:01:57
XXXX107X7671,3813.0,2026-06-11 15:01:57
XXXX107X7702,3430.0,2026-06-11 15:01:57
XXXX107X7866,4568.0,2026-06-11 15:01:57
XXXX107X8020,3798.0,2026-06-11 15:01:57
XXXX107X8175,3123.0,2026-06-11 15:01:57
XXXX107X8236,4132.0,2026-06-11 15:01:57
XXXX107X8254,6625.0,2026-06-11 15:01:57
XXXX107X8403,3270.0,2026-06-11 15:01:57
XXXX107X8458,2843.0,2026-06-11 15:01:57
XXXX107X8619,3449.0,2026-06-11 15:01:57
XXXX107X8704,5714.0,2026-06-11 15:01:57
XXXX107X8897,3191.0,2026-06-11 15:01:57
XXXX107X9280,5132.0,2026-06-11 15:01:57
XXXX107X9493,4978.0,2026-06-11 15:01:57
XXXX107X9679,3686.0,2026-06-11 15:01:57
XXXX107X9703,2685.0,2026-06-11 15:01:57
XXXX107X9934,3950.0,2026-06-11 15:01:57
XXXX107X9943,4655.0,2026-06-11 15:01:57
XXXX107X9989,4094.0,2026-06-11 15:01:57
XXXX108X0013,3209.0,2026-06-11 15:01:57
XXXX108X0021,3576.0,2026-06-11 15:01:57
XXXX108X0053,4967.0,2026-06-11 15:01:57
XXXX108X0141,5121.0,2026-06-11 15:01:57
XXXX108X0153,4643.0,2026-06-11 15:01:57
XXXX108X0179,6314.0,2026-06-11 15:01:57
XXXX108X0217,4163.0,2026-06-11 15:01:57
XXXX108X0225,3499.0,2026-06-11 15:01:57
XXXX108X0270,3221.0,2026-06-11 15:01:57
XXXX108X0296,3885.0,2026-06-11 15:01:57
XXXX108X0298,7482.0,2026-06-11 15:01:57
XXXX108X0299,4803.0,2026-06-11 15:01:57
XXXX108X0368,3968.0,2026-06-11 15:01:57
XXXX108X0391,3330.0,2026-06-11 15:01:57
XXXX108X0412,4441.0,2026-06-11 15:01:57
XXXX108X0493,3833.0,2026-06-11 15:01:57
XXXX108X0546,3729.0,2026-06-11 15:01:57
XXXX108X0612,3021.0,2026-06-11 15:01:57
XXXX108X0688,4498.0,2026-06-11 15:01:57
XXXX108X0801,3664.0,2026-06-11 15:01:57
XXXX108X0810,3106.0,2026-06-11 15:01:57
XXXX108X0970,3357.0,2026-06-11 15:01:57
XXXX108X0996,3986.0,2026-06-11 15:01:57
XXXX108X1020,3273.0,2026-06-11 15:01:57
XXXX108X1028,3596.0,2026-06-11 15:01:57
XXXX108X1093,8352.0,2026-06-11 15:01:57
XXXX108X1180,3265.0,2026-06-11 15:01:57
XXXX108X1199,4378.0,2026-06-11 15:01:57
XXXX108X1265,4052.0,2026-06-11 15:01:57
XXXX108X1312,3495.0,2026-06-11 15:01:57
XXXX108X1358,3666.0,2026-06-11 15:01:57
XXXX108X1363,2708.0,2026-06-11 15:01:57
XXXX108X1386,3513.0,2026-06-11 15:01:57
XXXX108X1394,3547.0,2026-06-11 15:01:57
XXXX108X1465,2385.0,2026-06-11 15:01:57
XXXX108X1537,3317.0,2026-06-11 15:01:57
XXXX108X1543,8425.0,2026-06-11 15:01:57
XXXX108X1575,5351.0,2026-06-11 15:01:57
XXXX108X1590,6530.0,2026-06-11 15:01:57
XXXX108X1611,4639.0,2026-06-11 15:01:57
XXXX108X1693,4550.0,2026-06-11 15:01:57
XXXX108X1711,4638.0,2026-06-11 15:01:57
XXXX108X1739,5933.0,2026-06-11 15:01:57
XXXX108X1763,3194.0,2026-06-11 15:01:57
XXXX108X1800,3320.0,2026-06-11 15:01:57
XXXX108X1812,4031.0,2026-06-11 15:01:57
XXXX108X1828,3571.0,2026-06-11 15:01:57
XXXX108X1862,2140.0,2026-06-11 15:01:57
XXXX108X1915,4347.0,2026-06-11 15:01:57
XXXX108X1921,5240.0,2026-06-11 15:01:57
XXXX108X1938,4055.0,2026-06-11 15:01:57
XXXX108X1969,6139.0,2026-06-11 15:01:57
XXXX108X1991,3574.0,2026-06-11 15:01:57
XXXX108X1996,4744.0,2026-06-11 15:01:57
XXXX108X2001,3858.0,2026-06-11 15:01:57
XXXX108X2118,5118.0,2026-06-11 15:01:57
XXXX108X2201,5306.0,2026-06-11 15:01:57
XXXX108X2240,3755.0,2026-06-11 15:01:57
XXXX108X2243,4244.0,2026-06-11 15:01:57
XXXX108X2279,4431.0,2026-06-11 15:01:57
XXXX108X2286,3443.0,2026-06-11 15:01:57
XXXX108X2304,2713.0,2026-06-11 15:01:57
XXXX108X2332,5037.0,2026-06-11 15:01:57
XXXX108X2349,2927.0,2026-06-11 15:01:57
XXXX108X2419,4082.0,2026-06-11 15:01:57
XXXX108X2473,3962.0,2026-06-11 15:01:57
XXXX108X2510,3875.0,2026-06-11 15:01:57
XXXX108X2613,4075.0,2026-06-11 15:01:57
XXXX108X2676,3211.0,2026-06-11 15:01:57
XXXX108X2697,4547.0,2026-06-11 15:01:57
XXXX108X2729,3986.0,2026-06-11 15:01:57
XXXX108X2780,3489.0,2026-06-11 15:01:57
XXXX108X2862,5724.0,2026-06-11 15:01:57
XXXX108X2864,3078.0,2026-06-11 15:01:57
XXXX108X2923,5226.0,2026-06-11 15:01:57
XXXX108X3002,3860.0,2026-06-11 15:01:57
XXXX108X3014,3818.0,2026-06-11 15:01:57
XXXX108X3263,3382.0,2026-06-11 15:01:57
XXXX108X3281,3395.0,2026-06-11 15:01:57
XXXX108X3284,5231.0,2026-06-11 15:01:57
XXXX108X3293,3505.0,2026-06-11 15:01:57
XXXX108X3318,5291.0,2026-06-11 15:01:57
XXXX108X3365,5480.0,2026-06-11 15:01:57
XXXX108X3417,3530.0,2026-06-11 15:01:57
XXXX108X3421,4383.0,2026-06-11 15:01:57
XXXX108X3442,3942.0,2026-06-11 15:01:57
XXXX108X3462,3593.0,2026-06-11 15:01:57
XXXX108X3562,3310.0,2026-06-11 15:01:57
XXXX108X3573,2899.0,2026-06-11 15:01:57
XXXX108X3668,5880.0,2026-06-11 15:01:57
XXXX108X3685,5355.0,2026-06-11 15:01:57
XXXX108X3686,7929.0,2026-06-11 15:01:57
XXXX108X3766,4799.0,2026-06-11 15:01:57
XXXX108X3771,5812.0,2026-06-11 15:01:57
XXXX108X3772,2975.0,2026-06-11 15:01:57
XXXX108X3801,4579.0,2026-06-11 15:01:57
XXXX108X3888,3480.0,2026-06-11 15:01:57
XXXX108X3922,4609.0,2026-06-11 15:01:57
XXXX108X3947,3486.0,2026-06-11 15:01:57
XXXX108X3959,5583.0,2026-06-11 15:01:57
XXXX108X3980,3885.0,2026-06-11 15:01:57
XXXX108X4065,3924.0,2026-06-11 15:01:57
XXXX108X4115,3458.0,2026-06-11 15:01:57
XXXX108X4138,3033.0,2026-06-11 15:01:57
XXXX108X4186,4876.0,2026-06-11 15:01:57
XXXX108X4233,3886.0,2026-06-11 15:01:57
XXXX108X4318,5735.0,2026-06-11 15:01:57
XXXX108X4320,3953.0,2026-06-11 15:01:57
XXXX108X4443,3120.0,2026-06-11 15:01:57
XXXX108X4498,5648.0,2026-06-11 15:01:57
XXXX108X4506,4756.0,2026-06-11 15:01:57
XXXX108X4552,3085.0,2026-06-11 15:01:57
XXXX108X4577,4260.0,2026-06-11 15:01:57
XXXX108X4602,3367.0,2026-06-11 15:01:57
XXXX108X4645,3599.0,2026-06-11 15:01:57
XXXX108X4665,4958.0,2026-06-11 15:01:57
XXXX108X4681,3680.0,2026-06-11 15:01:57
XXXX108X4730,4551.0,2026-06-11 15:01:57
XXXX108X4749,2761.0,2026-06-11 15:01:57
XXXX108X4759,4296.0,2026-06-11 15:01:57
XXXX108X4767,3063.0,2026-06-11 15:01:57
XXXX108X4826,4187.0,2026-06-11 15:01:57
XXXX108X4871,4099.0,2026-06-11 15:01:57
XXXX108X4894,4500.0,2026-06-11 15:01:57
XXXX108X5010,3895.0,2026-06-11 15:01:57
XXXX108X5079,4967.0,2026-06-11 15:01:57
XXXX108X5094,3092.0,2026-06-11 15:01:57
XXXX108X5099,4866.0,2026-06-11 15:01:57
XXXX108X5119,5543.0,2026-06-11 15:01:57
XXXX108X5144,4022.0,2026-06-11 15:01:57
XXXX108X5156,2715.0,2026-06-11 15:01:57
XXXX108X5180,8653.0,2026-06-11 15:01:57
XXXX108X5194,5952.0,2026-06-11 15:01:57
XXXX108X5203,3469.0,2026-06-11 15:01:57
XXXX108X5212,3469.0,2026-06-11 15:01:57
XXXX108X5267,3319.0,2026-06-11 15:01:57
XXXX108X5276,3832.0,2026-06-11 15:01:57
XXXX108X5284,2966.0,2026-06-11 15:01:57
XXXX108X5297,2892.0,2026-06-11 15:01:57
XXXX108X5340,3337.0,2026-06-11 15:01:57
XXXX108X5386,3725.0,2026-06-11 15:01:57
XXXX108X5478,3198.0,2026-06-11 15:01:57
XXXX108X5534,3213.0,2026-06-11 15:01:57
XXXX108X5538,7912.0,2026-06-11 15:01:57
XXXX108X5568,3613.0,2026-06-11 15:01:57
XXXX108X5585,4794.0,2026-06-11 15:01:57
XXXX108X5589,4507.0,2026-06-11 15:01:57
XXXX108X5628,5527.0,2026-06-11 15:01:57
XXXX108X5630,3051.0,2026-06-11 15:01:57
XXXX108X5684,4670.0,2026-06-11 15:01:57
XXXX108X5726,3172.0,2026-06-11 15:01:57
XXXX108X5751,5711.0,2026-06-11 15:01:57
XXXX108X5755,3824.0,2026-06-11 15:01:57
XXXX108X5823,3187.0,2026-06-11 15:01:57
XXXX108X5824,5132.0,2026-06-11 15:01:57
XXXX108X5875,4347.0,2026-06-11 15:01:57
XXXX108X5922,4250.0,2026-06-11 15:01:57
XXXX108X5931,2359.0,2026-06-11 15:01:57
XXXX108X5936,4935.0,2026-06-11 15:01:57
XXXX108X5940,4686.0,2026-06-11 15:01:57
XXXX108X5984,4238.0,2026-06-11 15:01:57
XXXX108X6000,3265.0,2026-06-11 15:01:57
XXXX108X6002,4104.0,2026-06-11 15:01:57
XXXX108X6024,3147.0,2026-06-11 15:01:57
XXXX108X6069,5511.0,2026-06-11 15:01:57
XXXX108X6071,4045.0,2026-06-11 15:01:57
XXXX108X6186,3031.0,2026-06-11 15:01:57
XXXX108X6202,4105.0,2026-06-11 15:01:57
XXXX108X6222,3902.0,2026-06-11 15:01:57
XXXX108X6278,5073.0,2026-06-11 15:01:57
XXXX108X6281,3819.0,2026-06-11 15:01:57
XXXX108X6302,2540.0,2026-06-11 15:01:57
XXXX108X6315,6318.0,2026-06-11 15:01:57
XXXX108X6357,2591.0,2026-06-11 15:01:57
XXXX108X6403,4191.0,2026-06-11 15:01:57
XXXX108X6419,3745.0,2026-06-11 15:01:57
XXXX108X6431,2801.0,2026-06-11 15:01:57
XXXX108X6499,4010.0,2026-06-11 15:01:57
XXXX108X6705,4333.0,2026-06-11 15:01:57
XXXX108X6738,5803.0,2026-06-11 15:01:57
XXXX108X6739,4475.0,2026-06-11 15:01:57
XXXX108X6778,3092.0,2026-06-11 15:01:57
XXXX108X6928,3617.0,2026-06-11 15:01:57
XXXX108X6948,3266.0,2026-06-11 15:01:57
XXXX108X6969,2877.0,2026-06-11 15:01:57
XXXX108X6978,5302.0,2026-06-11 15:01:57
XXXX108X6987,3938.0,2026-06-11 15:01:57
XXXX108X7007,6678.0,2026-06-11 15:01:57
XXXX108X7039,3112.0,2026-06-11 15:01:57
XXXX108X7054,3725.0,2026-06-11 15:01:57
XXXX108X7167,3499.0,2026-06-11 15:01:57
XXXX108X7169,5609.0,2026-06-11 15:01:57
XXXX108X7171,3712.0,2026-06-11 15:01:57
XXXX108X7176,2780.0,2026-06-11 15:01:57
XXXX108X7194,3965.0,2026-06-11 15:01:57
XXXX108X7286,7003.0,2026-06-11 15:01:57
XXXX108X7295,6769.0,2026-06-11 15:01:57
XXXX108X7334,4368.0,2026-06-11 15:01:57
XXXX108X7346,6253.0,2026-06-11 15:01:57
XXXX108X7356,2882.0,2026-06-11 15:01:57
XXXX108X7388,4953.0,2026-06-11 15:01:57
XXXX108X7399,3448.0,2026-06-11 15:01:57
XXXX108X7434,4619.0,2026-06-11 15:01:57
XXXX108X7439,3513.0,2026-06-11 15:01:57
XXXX108X7442,4269.0,2026-06-11 15:01:57
XXXX108X7469,4465.0,2026-06-11 15:01:57
XXXX108X7477,3210.0,2026-06-11 15:01:57
XXXX108X7478,2895.0,2026-06-11 15:01:57
XXXX108X7569,2963.0,2026-06-11 15:01:57
XXXX108X7577,5276.0,2026-06-11 15:01:57
XXXX108X7660,3225.0,2026-06-11 15:01:57
XXXX108X7685,6571.0,2026-06-11 15:01:57
XXXX108X7738,3849.0,2026-06-11 15:01:57
XXXX108X7749,3788.0,2026-06-11 15:01:57
XXXX108X7833,3843.0,2026-06-11 15:01:57
XXXX108X7912,4456.0,2026-06-11 15:01:57
XXXX108X7921,4381.0,2026-06-11 15:01:57
XXXX108X7981,3286.0,2026-06-11 15:01:57
XXXX108X7987,4279.0,2026-06-11 15:01:57
XXXX108X7992,2460.0,2026-06-11 15:01:57
XXXX108X8143,6104.0,2026-06-11 15:01:57
XXXX108X8194,3316.0,2026-06-11 15:01:57
XXXX108X8304,3151.0,2026-06-11 15:01:57
XXXX108X8305,5090.0,2026-06-11 15:01:57
XXXX108X8318,3556.0,2026-06-11 15:01:57
XXXX108X8322,4745.0,2026-06-11 15:01:57
XXXX108X8433,3063.0,2026-06-11 15:01:57
XXXX108X8443,3530.0,2026-06-11 15:01:57
XXXX108X8447,2783.0,2026-06-11 15:01:57
XXXX108X8461,3624.0,2026-06-11 15:01:57
XXXX108X8475,3205.0,2026-06-11 15:01:57
XXXX108X8481,3711.0,2026-06-11 15:01:57
XXXX108X8513,2392.0,2026-06-11 15:01:57
XXXX108X8558,4217.0,2026-06-11 15:01:57
XXXX108X8578,3539.0,2026-06-11 15:01:57
XXXX108X8687,3579.0,2026-06-11 15:01:57
XXXX108X8690,2972.0,2026-06-11 15:01:57
XXXX108X8697,4090.0,2026-06-11 15:01:57
XXXX108X8721,2969.0,2026-06-11 15:01:57
XXXX108X8744,7756.0,2026-06-11 15:01:57
XXXX108X8794,3725.0,2026-06-11 15:01:57
XXXX108X8806,2668.0,2026-06-11 15:01:57
XXXX108X8878,3529.0,2026-06-11 15:01:57
XXXX108X8904,4260.0,2026-06-11 15:01:57
XXXX108X8955,3518.0,2026-06-11 15:01:57
XXXX108X8966,3772.0,2026-06-11 15:01:57
XXXX108X9008,2825.0,2026-06-11 15:01:57
XXXX108X9102,3568.0,2026-06-11 15:01:57
XXXX108X9151,3639.0,2026-06-11 15:01:57
XXXX108X9184,3498.0,2026-06-11 15:01:57
XXXX108X9236,3318.0,2026-06-11 15:01:57
XXXX108X9354,4285.0,2026-06-11 15:01:57
XXXX108X9398,2918.0,2026-06-11 15:01:57
XXXX108X9400,3624.0,2026-06-11 15:01:57
XXXX108X9415,3129.0,2026-06-11 15:01:57
XXXX108X9428,5055.0,2026-06-11 15:01:57
XXXX108X9430,4619.0,2026-06-11 15:01:57
XXXX108X9449,4058.0,2026-06-11 15:01:57
XXXX108X9473,4635.0,2026-06-11 15:01:57
XXXX108X9485,4606.0,2026-06-11 15:01:57
XXXX108X9543,3824.0,2026-06-11 15:01:57
XXXX108X9622,4409.0,2026-06-11 15:01:57
XXXX108X9636,5096.0,2026-06-11 15:01:57
XXXX108X9662,2559.0,2026-06-11 15:01:57
XXXX108X9673,4601.0,2026-06-11 15:01:57
XXXX108X9690,4943.0,2026-06-11 15:01:57
XXXX108X9701,3938.0,2026-06-11 15:01:57
XXXX108X9743,4204.0,2026-06-11 15:01:57
XXXX108X9770,4381.0,2026-06-11 15:01:57
XXXX108X9847,3936.0,2026-06-11 15:01:57
XXXX108X9908,3926.0,2026-06-11 15:01:57
XXXX108X9978,4499.0,2026-06-11 15:01:57
XXXX109X0068,3128.0,2026-06-11 15:01:57
XXXX109X0088,3159.0,2026-06-11 15:01:57
XXXX109X0148,4236.0,2026-06-11 15:01:57
XXXX109X0149,6910.0,2026-06-11 15:01:57
XXXX109X0194,3849.0,2026-06-11 15:01:57
XXXX109X0215,3569.0,2026-06-11 15:01:57
XXXX109X0222,2860.0,2026-06-11 15:01:57
XXXX109X0224,3731.0,2026-06-11 15:01:57
XXXX109X0307,5586.0,2026-06-11 15:01:57
XXXX109X0413,4181.0,2026-06-11 15:01:57
XXXX109X0451,4003.0,2026-06-11 15:01:57
XXXX109X0459,4016.0,2026-06-11 15:01:57
XXXX109X0467,3911.0,2026-06-11 15:01:57
XXXX109X0471,3814.0,2026-06-11 15:01:57
XXXX109X0480,4197.0,2026-06-11 15:01:57
XXXX109X0484,3490.0,2026-06-11 15:01:57
XXXX109X0529,3974.0,2026-06-11 15:01:57
XXXX109X0585,4063.0,2026-06-11 15:01:57
XXXX109X0635,2875.0,2026-06-11 15:01:57
XXXX109X0641,5641.0,2026-06-11 15:01:57
XXXX109X0714,2517.0,2026-06-11 15:01:57
XXXX109X0728,3871.0,2026-06-11 15:01:57
XXXX109X0795,5030.0,2026-06-11 15:01:57
XXXX109X0801,4039.0,2026-06-11 15:01:57
XXXX109X0884,2704.0,2026-06-11 15:01:57
XXXX109X0945,4483.0,2026-06-11 15:01:57
XXXX109X0961,2332.0,2026-06-11 15:01:57
XXXX109X1018,3021.0,2026-06-11 15:01:57
XXXX109X1023,4684.0,2026-06-11 15:01:57
XXXX109X1041,3366.0,2026-06-11 15:01:57
XXXX109X1197,3700.0,2026-06-11 15:01:57
XXXX109X1242,2346.0,2026-06-11 15:01:57
XXXX109X1250,4810.0,2026-06-11 15:01:57
XXXX109X1251,2124.0,2026-06-11 15:01:57
XXXX109X1324,3662.0,2026-06-11 15:01:57
XXXX109X1352,4586.0,2026-06-11 15:01:57
XXXX109X1457,3490.0,2026-06-11 15:01:57
XXXX109X1574,2971.0,2026-06-11 15:01:57
XXXX109X1631,5234.0,2026-06-11 15:01:57
XXXX109X1705,7536.0,2026-06-11 15:01:57
XXXX109X1765,4925.0,2026-06-11 15:01:57
XXXX109X1835,3384.0,2026-06-11 15:01:57
XXXX109X1860,3428.0,2026-06-11 15:01:57
XXXX109X1866,3897.0,2026-06-11 15:01:57
XXXX109X1923,3383.0,2026-06-11 15:01:57
XXXX109X1975,5100.0,2026-06-11 15:01:57
XXXX109X1999,6625.0,2026-06-11 15:01:57
XXXX109X2001,4120.0,2026-06-11 15:01:57
XXXX109X2029,4567.0,2026-06-11 15:01:57
XXXX109X2075,5296.0,2026-06-11 15:01:57
XXXX109X2087,5583.0,2026-06-11 15:01:57
XXXX109X2152,3969.0,2026-06-11 15:01:57
XXXX109X2237,5648.0,2026-06-11 15:01:57
XXXX109X2309,2632.0,2026-06-11 15:01:57
XXXX109X2330,3547.0,2026-06-11 15:01:57
XXXX109X2367,3209.0,2026-06-11 15:01:57
XXXX109X2385,3485.0,2026-06-11 15:01:57
XXXX109X2397,4188.0,2026-06-11 15:01:57
XXXX109X2411,4487.0,2026-06-11 15:01:57
XXXX109X2439,2939.0,2026-06-11 15:01:57
XXXX109X2493,4506.0,2026-06-11 15:01:57
XXXX109X2524,4048.0,2026-06-11 15:01:57
XXXX109X2542,3971.0,2026-06-11 15:01:57
XXXX109X2624,4405.0,2026-06-11 15:01:57
XXXX109X2665,2764.0,2026-06-11 15:01:57
XXXX109X2682,2757.0,2026-06-11 15:01:57
XXXX109X2694,3441.0,2026-06-11 15:01:57
XXXX109X2744,3513.0,2026-06-11 15:01:57
XXXX109X2755,3247.0,2026-06-11 15:01:57
XXXX109X2794,3322.0,2026-06-11 15:01:57
XXXX109X2846,3490.0,2026-06-11 15:01:57
XXXX109X2854,3569.0,2026-06-11 15:01:57
XXXX109X2891,3668.0,2026-06-11 15:01:57
XXXX109X2898,4245.0,2026-06-11 15:01:57
XXXX109X2904,4353.0,2026-06-11 15:01:57
XXXX109X2934,5540.0,2026-06-11 15:01:57
XXXX109X2945,7518.0,2026-06-11 15:01:57
XXXX109X3009,3997.0,2026-06-11 15:01:57
XXXX109X3039,3515.0,2026-06-11 15:01:57
XXXX109X3064,4145.0,2026-06-11 15:01:57
XXXX109X3085,5458.0,2026-06-11 15:01:57
XXXX109X3168,5451.0,2026-06-11 15:01:57
XXXX109X3197,3480.0,2026-06-11 15:01:57
XXXX109X3288,5584.0,2026-06-11 15:01:57
XXXX109X3310,3999.0,2026-06-11 15:01:57
XXXX109X3335,4028.0,2026-06-11 15:01:57
XXXX109X3342,3818.0,2026-06-11 15:01:57
XXXX109X3386,3952.0,2026-06-11 15:01:57
XXXX109X3392,3610.0,2026-06-11 15:01:57
XXXX109X3424,4682.0,2026-06-11 15:01:57
XXXX109X3427,5862.0,2026-06-11 15:01:57
XXXX109X3460,2861.0,2026-06-11 15:01:57
XXXX109X3474,8318.0,2026-06-11 15:01:57
XXXX109X3484,5911.0,2026-06-11 15:01:57
XXXX109X3593,4164.0,2026-06-11 15:01:57
XXXX109X3661,5995.0,2026-06-11 15:01:57
XXXX109X3663,3426.0,2026-06-11 15:01:57
XXXX109X3688,5493.0,2026-06-11 15:01:57
XXXX109X3739,4211.0,2026-06-11 15:01:57
XXXX109X3751,5451.0,2026-06-11 15:01:57
XXXX109X3763,3155.0,2026-06-11 15:01:57
XXXX109X3815,3368.0,2026-06-11 15:01:57
XXXX109X3876,6588.0,2026-06-11 15:01:57
XXXX109X3882,3090.0,2026-06-11 15:01:57
XXXX109X3932,5545.0,2026-06-11 15:01:57
XXXX109X3968,5867.0,2026-06-11 15:01:57
XXXX109X3988,3225.0,2026-06-11 15:01:57
XXXX109X4081,3424.0,2026-06-11 15:01:57
XXXX109X4216,3176.0,2026-06-11 15:01:57
XXXX109X4283,3697.0,2026-06-11 15:01:57
XXXX109X4317,4957.0,2026-06-11 15:01:57
XXXX109X4426,4513.0,2026-06-11 15:01:57
XXXX109X4455,3136.0,2026-06-11 15:01:57
XXXX109X4473,6581.0,2026-06-11 15:01:57
XXXX109X4529,3777.0,2026-06-11 15:01:57
XXXX109X4544,3132.0,2026-06-11 15:01:57
XXXX109X4583,5531.0,2026-06-11 15:01:57
XXXX109X4835,3040.0,2026-06-11 15:01:57
XXXX109X4875,3368.0,2026-06-11 15:01:57
XXXX109X4919,3908.0,2026-06-11 15:01:57
XXXX109X4927,3529.0,2026-06-11 15:01:57
XXXX109X5020,3849.0,2026-06-11 15:01:57
XXXX109X5082,4208.0,2026-06-11 15:01:57
XXXX109X5083,2920.0,2026-06-11 15:01:57
XXXX109X5162,5183.0,2026-06-11 15:01:57
XXXX109X5276,4408.0,2026-06-11 15:01:57
XXXX109X5360,3860.0,2026-06-11 15:01:57
XXXX109X5382,4362.0,2026-06-11 15:01:57
XXXX109X5409,4117.0,2026-06-11 15:01:57
XXXX109X5525,2601.0,2026-06-11 15:01:57
XXXX109X5561,4513.0,2026-06-11 15:01:57
XXXX109X5586,4881.0,2026-06-11 15:01:57
XXXX109X5622,2919.0,2026-06-11 15:01:57
XXXX109X5631,3386.0,2026-06-11 15:01:57
XXXX109X5673,4206.0,2026-06-11 15:01:57
XXXX109X5704,3280.0,2026-06-11 15:01:57
XXXX109X5765,4799.0,2026-06-11 15:01:57
XXXX109X5801,1831.0,2026-06-11 15:01:57
XXXX109X5809,3233.0,2026-06-11 15:01:57
XXXX109X5958,3531.0,2026-06-11 15:01:57
XXXX109X6102,3366.0,2026-06-11 15:01:57
XXXX109X6107,3624.0,2026-06-11 15:01:57
XXXX109X6138,4288.0,2026-06-11 15:01:57
XXXX109X6157,4153.0,2026-06-11 15:01:57
XXXX109X6171,3229.0,2026-06-11 15:01:57
XXXX109X6269,3101.0,2026-06-11 15:01:57
XXXX109X6327,3574.0,2026-06-11 15:01:57
XXXX109X6364,4706.0,2026-06-11 15:01:57
XXXX109X6383,3603.0,2026-06-11 15:01:57
XXXX109X6504,3849.0,2026-06-11 15:01:57
XXXX109X6511,3433.0,2026-06-11 15:01:57
XXXX109X6716,6046.0,2026-06-11 15:01:57
XXXX109X6807,3610.0,2026-06-11 15:01:57
XXXX109X6838,5277.0,2026-06-11 15:01:57
XXXX109X6856,4388.0,2026-06-11 15:01:57
XXXX109X6905,6579.0,2026-06-11 15:01:57
XXXX109X6929,4872.0,2026-06-11 15:01:57
XXXX109X6965,4663.0,2026-06-11 15:01:57
XXXX109X6992,3505.0,2026-06-11 15:01:57
XXXX109X7116,4257.0,2026-06-11 15:01:57
XXXX109X7128,4341.0,2026-06-11 15:01:57
XXXX109X7190,2867.0,2026-06-11 15:01:57
XXXX109X7208,3467.0,2026-06-11 15:01:57
XXXX109X7220,2975.0,2026-06-11 15:01:57
XXXX109X7248,3279.0,2026-06-11 15:01:57
XXXX109X7262,3048.0,2026-06-11 15:01:57
XXXX109X7318,3319.0,2026-06-11 15:01:57
XXXX109X7362,3547.0,2026-06-11 15:01:57
XXXX109X7416,4364.0,2026-06-11 15:01:57
XXXX109X7434,5431.0,2026-06-11 15:01:57
XXXX109X7446,3266.0,2026-06-11 15:01:57
XXXX109X7458,6079.0,2026-06-11 15:01:57
XXXX109X7470,4126.0,2026-06-11 15:01:57
XXXX109X7479,3688.0,2026-06-11 15:01:57
XXXX109X7541,3579.0,2026-06-11 15:01:57
XXXX109X7542,3156.0,2026-06-11 15:01:57
XXXX109X7617,3774.0,2026-06-11 15:01:57
XXXX109X7723,3712.0,2026-06-11 15:01:57
XXXX109X7741,3996.0,2026-06-11 15:01:57
XXXX109X7774,3389.0,2026-06-11 15:01:57
XXXX109X7872,3197.0,2026-06-11 15:01:57
XXXX109X7890,4308.0,2026-06-11 15:01:57
XXXX109X7961,5124.0,2026-06-11 15:01:57
XXXX109X7965,3038.0,2026-06-11 15:01:57
XXXX109X7993,4619.0,2026-06-11 15:01:57
XXXX109X8021,4183.0,2026-06-11 15:01:57
XXXX109X8028,3971.0,2026-06-11 15:01:57
XXXX109X8039,3887.0,2026-06-11 15:01:57
XXXX109X8043,6901.0,2026-06-11 15:01:57
XXXX109X8058,5078.0,2026-06-11 15:01:57
XXXX109X8102,4082.0,2026-06-11 15:01:57
XXXX109X8105,3934.0,2026-06-11 15:01:57
XXXX109X8220,5757.0,2026-06-11 15:01:57
XXXX109X8256,3286.0,2026-06-11 15:01:57
XXXX109X8260,2323.0,2026-06-11 15:01:57
XXXX109X8292,3394.0,2026-06-11 15:01:57
XXXX109X8301,4663.0,2026-06-11 15:01:57
XXXX109X8354,5389.0,2026-06-11 15:01:57
XXXX109X8426,4593.0,2026-06-11 15:01:57
XXXX109X8429,3939.0,2026-06-11 15:01:57
XXXX109X8449,2169.0,2026-06-11 15:01:57
XXXX109X8464,4721.0,2026-06-11 15:01:57
XXXX109X8522,4799.0,2026-06-11 15:01:57
XXXX109X8543,3056.0,2026-06-11 15:01:57
XXXX109X8572,3458.0,2026-06-11 15:01:57
XXXX109X8573,3662.0,2026-06-11 15:01:57
XXXX109X8605,5878.0,2026-06-11 15:01:57
XXXX109X8647,3542.0,2026-06-11 15:01:57
XXXX109X8704,4107.0,2026-06-11 15:01:57
XXXX109X8753,2629.0,2026-06-11 15:01:57
XXXX109X8795,4044.0,2026-06-11 15:01:57
XXXX109X8838,3624.0,2026-06-11 15:01:57
XXXX109X8886,3755.0,2026-06-11 15:01:57
XXXX109X8889,4962.0,2026-06-11 15:01:57
XXXX109X8905,6327.0,2026-06-11 15:01:57
XXXX109X8948,4799.0,2026-06-11 15:01:57
XXXX109X8950,3298.0,2026-06-11 15:01:57
XXXX109X8978,5171.0,2026-06-11 15:01:57
XXXX109X9074,5329.0,2026-06-11 15:01:57
XXXX109X9140,3990.0,2026-06-11 15:01:57
XXXX109X9171,3452.0,2026-06-11 15:01:57
XXXX109X9187,4959.0,2026-06-11 15:01:57
XXXX109X9238,4509.0,2026-06-11 15:01:57
XXXX109X9274,3251.0,2026-06-11 15:01:57
XXXX109X9302,3953.0,2026-06-11 15:01:57
XXXX109X9323,4138.0,2026-06-11 15:01:57
XXXX109X9365,3326.0,2026-06-11 15:01:57
XXXX109X9380,4772.0,2026-06-11 15:01:57
XXXX109X9424,4353.0,2026-06-11 15:01:57
XXXX109X9450,4405.0,2026-06-11 15:01:57
XXXX109X9462,3059.0,2026-06-11 15:01:57
XXXX109X9545,4002.0,2026-06-11 15:01:57
XXXX109X9642,2943.0,2026-06-11 15:01:57
XXXX109X9648,5415.0,2026-06-11 15:01:57
XXXX109X9654,4670.0,2026-06-11 15:01:57
XXXX109X9681,3149.0,2026-06-11 15:01:57
XXXX109X9712,3923.0,2026-06-11 15:01:57
XXXX109X9723,4603.0,2026-06-11 15:01:57
XXXX109X9724,5234.0,2026-06-11 15:01:57
XXXX109X9754,3400.0,2026-06-11 15:01:57
XXXX109X9812,6096.0,2026-06-11 15:01:57
XXXX109X9837,3028.0,2026-06-11 15:01:57
XXXX109X9860,4969.0,2026-06-11 15:01:57
XXXX109X9912,4196.0,2026-06-11 15:01:57
XXXX109X9925,4085.0,2026-06-11 15:01:57
XXXX109X9952,5031.0,2026-06-11 15:01:57
XXXX109X9963,5665.0,2026-06-11 15:01:57
XXXX109X9975,3557.0,2026-06-11 15:01:57
XXXX110X0275,4388.0,2026-06-11 15:01:57
XXXX110X5644,3280.0,2026-06-11 15:01:57
XXXX110X6120,3803.0,2026-06-11 15:01:57
XXXX110X6430,3136.0,2026-06-11 15:01:57
XXXX110X6926,4054.0,2026-06-11 15:01:57
XXXX110X7022,4296.0,2026-06-11 15:01:57
XXXX110X8483,3627.0,2026-06-11 15:01:57
XXXX110X8535,3898.0,2026-06-11 15:01:57
XXXX111X0211,4952.0,2026-06-11 15:01:57
XXXX111X1213,5055.0,2026-06-11 15:01:57
XXXX111X1450,2822.0,2026-06-11 15:01:57
XXXX111X2237,6158.0,2026-06-11 15:01:57
XXXX111X2957,3902.0,2026-06-11 15:01:57
XXXX111X4475,3788.0,2026-06-11 15:01:57
XXXX111X6589,4063.0,2026-06-11 15:01:57
XXXX111X6683,4619.0,2026-06-11 15:01:57
XXXX111X6735,3930.0,2026-06-11 15:01:57
XXXX112X1502,4178.0,2026-06-11 15:01:57
XXXX112X1633,7066.0,2026-06-11 15:01:57
XXXX112X1845,3490.0,2026-06-11 15:01:57
XXXX112X2041,3291.0,2026-06-11 15:01:57
XXXX112X2616,3451.0,2026-06-11 15:01:57
XXXX112X2720,3814.0,2026-06-11 15:01:57
XXXX112X2933,3097.0,2026-06-11 15:01:57
XXXX112X3446,7519.0,2026-06-11 15:01:57
XXXX112X3642,6897.0,2026-06-11 15:01:57
XXXX112X4384,3850.0,2026-06-11 15:01:57
XXXX112X4671,5876.0,2026-06-11 15:01:57
XXXX112X4815,8960.0,2026-06-11 15:01:57
XXXX112X4888,3623.0,2026-06-11 15:01:57
XXXX112X4959,3349.0,2026-06-11 15:01:57
XXXX112X5634,3897.0,2026-06-11 15:01:57
XXXX112X6009,3142.0,2026-06-11 15:01:57
XXXX112X6893,4439.0,2026-06-11 15:01:57
XXXX112X7252,3453.0,2026-06-11 15:01:57
XXXX112X7834,2639.0,2026-06-11 15:01:57
XXXX112X8504,3531.0,2026-06-11 15:01:57
XXXX113X0023,3861.0,2026-06-11 15:01:57
XXXX113X0339,3025.0,2026-06-11 15:01:57
XXXX113X1392,3547.0,2026-06-11 15:01:57
XXXX113X1730,3864.0,2026-06-11 15:01:57
XXXX113X2137,3387.0,2026-06-11 15:01:57
XXXX113X3360,3885.0,2026-06-11 15:01:57
XXXX113X3980,3467.0,2026-06-11 15:01:57
XXXX113X4098,7462.0,2026-06-11 15:01:57
XXXX113X5261,5238.0,2026-06-11 15:01:57
XXXX113X7117,3371.0,2026-06-11 15:01:57
XXXX113X7536,4368.0,2026-06-11 15:01:57
XXXX114X0396,3146.0,2026-06-11 15:01:57
XXXX114X0557,3995.0,2026-06-11 15:01:57
XXXX114X1408,6011.0,2026-06-11 15:01:57
XXXX114X1505,4192.0,2026-06-11 15:01:57
XXXX114X1523,3128.0,2026-06-11 15:01:57
XXXX114X1784,5083.0,2026-06-11 15:01:57
XXXX114X2218,3826.0,2026-06-11 15:01:57
XXXX114X2230,3499.0,2026-06-11 15:01:57
XXXX114X2267,5355.0,2026-06-11 15:01:57
XXXX114X2914,5596.0,2026-06-11 15:01:57
XXXX114X3424,3467.0,2026-06-11 15:01:57
XXXX114X3931,3861.0,2026-06-11 15:01:57
XXXX114X4003,3875.0,2026-06-11 15:01:57
XXXX114X4532,6295.0,2026-06-11 15:01:57
XXXX114X4648,3662.0,2026-06-11 15:01:57
XXXX114X4811,7462.0,2026-06-11 15:01:57
XXXX114X5197,3929.0,2026-06-11 15:01:57
XXXX114X5750,3414.0,2026-06-11 15:01:57
XXXX114X5857,3270.0,2026-06-11 15:01:57
XXXX114X5950,5270.0,2026-06-11 15:01:57
XXXX114X7270,3357.0,2026-06-11 15:01:57
XXXX114X7511,4824.0,2026-06-11 15:01:57
XXXX114X7514,4113.0,2026-06-11 15:01:57
XXXX114X8191,3988.0,2026-06-11 15:01:57
XXXX114X9118,3754.0,2026-06-11 15:01:57
XXXX114X9433,2617.0,2026-06-11 15:01:57
XXXX115X0041,3707.0,2026-06-11 15:01:57
XXXX115X0521,2291.0,2026-06-11 15:01:57
XXXX115X0666,4664.0,2026-06-11 15:01:57
XXXX115X1006,3644.0,2026-06-11 15:01:57
XXXX115X2234,3593.0,2026-06-11 15:01:57
XXXX115X2331,7323.0,2026-06-11 15:01:57
XXXX115X2556,3976.0,2026-06-11 15:01:57
XXXX115X3153,5104.0,2026-06-11 15:01:57
XXXX115X3500,3472.0,2026-06-11 15:01:57
XXXX115X4308,4426.0,2026-06-11 15:01:57
XXXX115X4508,3548.0,2026-06-11 15:01:57
XXXX115X6250,2954.0,2026-06-11 15:01:57
XXXX115X7269,2727.0,2026-06-11 15:01:57
XXXX115X8137,3735.0,2026-06-11 15:01:57
XXXX115X8563,4323.0,2026-06-11 15:01:57
XXXX115X9425,5284.0,2026-06-11 15:01:57
XXXX115X9613,4440.0,2026-06-11 15:01:57
XXXX116X0585,3537.0,2026-06-11 15:01:57
XXXX116X0743,5363.0,2026-06-11 15:01:57
XXXX116X2476,2905.0,2026-06-11 15:01:57
XXXX116X3342,3620.0,2026-06-11 15:01:57
XXXX116X3412,4146.0,2026-06-11 15:01:57
XXXX116X6020,3255.0,2026-06-11 15:01:57
XXXX116X6145,3315.0,2026-06-11 15:01:57
XXXX116X7366,3949.0,2026-06-11 15:01:57
XXXX117X1693,3187.0,2026-06-11 15:01:57
XXXX117X2018,3490.0,2026-06-11 15:01:57
XXXX117X2346,3353.0,2026-06-11 15:01:57
XXXX117X2373,5203.0,2026-06-11 15:01:57
XXXX117X3327,5710.0,2026-06-11 15:01:57
XXXX117X4052,4362.0,2026-06-11 15:01:57
XXXX117X9519,3057.0,2026-06-11 15:01:57
XXXX118X0912,4933.0,2026-06-11 15:01:57
XXXX118X1194,4070.0,2026-06-11 15:01:57
XXXX118X1461,3612.0,2026-06-11 15:01:57
XXXX118X2379,3844.0,2026-06-11 15:01:57
XXXX118X2704,3952.0,2026-06-11 15:01:57
XXXX118X2855,3453.0,2026-06-11 15:01:57
XXXX118X2891,3876.0,2026-06-11 15:01:57
XXXX118X3089,4731.0,2026-06-11 15:01:57
XXXX118X3328,2966.0,2026-06-11 15:01:57
XXXX118X4340,4918.0,2026-06-11 15:01:57
XXXX118X4792,6009.0,2026-06-11 15:01:57
XXXX118X5070,6073.0,2026-06-11 15:01:57
XXXX118X5524,2801.0,2026-06-11 15:01:57
XXXX118X6681,4259.0,2026-06-11 15:01:57
XXXX118X7079,4380.0,2026-06-11 15:01:57
XXXX118X7656,3633.0,2026-06-11 15:01:57
XXXX118X7766,3365.0,2026-06-11 15:01:57
XXXX118X7942,3524.0,2026-06-11 15:01:57
XXXX118X8685,4209.0,2026-06-11 15:01:57
XXXX118X9827,3883.0,2026-06-11 15:01:57
XXXX119X0040,3926.0,2026-06-11 15:01:57
XXXX119X0108,7853.0,2026-06-11 15:01:57
XXXX119X1175,4896.0,2026-06-11 15:01:57
XXXX119X5249,3085.0,2026-06-11 15:01:57
XXXX119X5489,4309.0,2026-06-11 15:01:57
XXXX119X5771,5205.0,2026-06-11 15:01:57
XXXX119X7550,5264.0,2026-06-11 15:01:57
XXXX119X8845,10156.0,2026-06-11 15:01:57
XXXX119X8986,2602.0,2026-06-11 15:01:57
XXXX119X9174,2860.0,2026-06-11 15:01:57
XXXX120X1153,5024.0,2026-06-11 15:01:57
XXXX120X2814,3250.0,2026-06-11 15:01:57
XXXX120X2985,5050.0,2026-06-11 15:01:57
XXXX120X9306,4119.0,2026-06-11 15:01:57
XXXX121X1059,4379.0,2026-06-11 15:01:57
XXXX121X1147,3239.0,2026-06-11 15:01:57
XXXX121X1279,4230.0,2026-06-11 15:01:57
XXXX121X1593,3367.0,2026-06-11 15:01:57
XXXX121X1886,5897.0,2026-06-11 15:01:57
XXXX121X1899,8540.0,2026-06-11 15:01:57
XXXX121X2611,6563.0,2026-06-11 15:01:57
XXXX121X3167,3227.0,2026-06-11 15:01:57
XXXX121X4062,3939.0,2026-06-11 15:01:57
XXXX121X4579,2784.0,2026-06-11 15:01:57
XXXX121X4604,2991.0,2026-06-11 15:01:57
XXXX121X4922,4804.0,2026-06-11 15:01:57
XXXX121X6124,3223.0,2026-06-11 15:01:57
XXXX121X6155,3242.0,2026-06-11 15:01:57
XXXX121X6489,5026.0,2026-06-11 15:01:57
XXXX121X7536,3679.0,2026-06-11 15:01:57
XXXX121X8010,4270.0,2026-06-11 15:01:57
XXXX121X8029,3668.0,2026-06-11 15:01:57
XXXX121X8113,4612.0,2026-06-11 15:01:57
XXXX121X9589,4430.0,2026-06-11 15:01:57
XXXX121X9799,4528.0,2026-06-11 15:01:57
XXXX122X0407,3420.0,2026-06-11 15:01:57
XXXX122X0621,2701.0,2026-06-11 15:01:57
XXXX122X2198,3604.0,2026-06-11 15:01:57
XXXX122X2259,3967.0,2026-06-11 15:01:57
XXXX122X2531,4457.0,2026-06-11 15:01:57
XXXX122X2762,3699.0,2026-06-11 15:01:57
XXXX122X3105,3969.0,2026-06-11 15:01:57
XXXX122X3486,4568.0,2026-06-11 15:01:57
XXXX122X5109,3357.0,2026-06-11 15:01:57
XXXX122X5457,2607.0,2026-06-11 15:01:57
XXXX122X6234,4964.0,2026-06-11 15:01:57
XXXX122X6488,4696.0,2026-06-11 15:01:57
XXXX122X6598,3742.0,2026-06-11 15:01:57
XXXX122X6725,2860.0,2026-06-11 15:01:57
XXXX122X7068,4983.0,2026-06-11 15:01:57
XXXX122X7964,4508.0,2026-06-11 15:01:57
XXXX122X8298,3871.0,2026-06-11 15:01:57
XXXX122X8630,3952.0,2026-06-11 15:01:57
XXXX122X8916,4719.0,2026-06-11 15:01:57
XXXX122X8981,3556.0,2026-06-11 15:01:57
XXXX122X9600,5030.0,2026-06-11 15:01:57
XXXX123X0020,4951.0,2026-06-11 15:01:57
XXXX123X0136,5551.0,2026-06-11 15:01:57
XXXX123X0172,2870.0,2026-06-11 15:01:57
XXXX123X0181,4523.0,2026-06-11 15:01:57
XXXX123X0783,3198.0,2026-06-11 15:01:57
XXXX123X0835,4070.0,2026-06-11 15:01:57
XXXX123X0941,3306.0,2026-06-11 15:01:57
XXXX123X1029,4340.0,2026-06-11 15:01:57
XXXX123X1117,3135.0,2026-06-11 15:01:57
XXXX123X1180,3322.0,2026-06-11 15:01:57
XXXX123X1214,4159.0,2026-06-11 15:01:57
XXXX123X1278,4627.0,2026-06-11 15:01:57
XXXX123X1311,6140.0,2026-06-11 15:01:57
XXXX123X1320,4456.0,2026-06-11 15:01:57
XXXX123X1375,8446.0,2026-06-11 15:01:57
XXXX123X1384,4602.0,2026-06-11 15:01:57
XXXX123X1393,3679.0,2026-06-11 15:01:57
XXXX123X1427,3915.0,2026-06-11 15:01:57
XXXX123X1454,5157.0,2026-06-11 15:01:57
XXXX123X1472,4708.0,2026-06-11 15:01:57
XXXX123X1746,4414.0,2026-06-11 15:01:57
XXXX123X1782,3338.0,2026-06-11 15:01:57
XXXX123X1791,3078.0,2026-06-11 15:01:57
XXXX123X2028,4245.0,2026-06-11 15:01:57
XXXX123X2213,5682.0,2026-06-11 15:01:57
XXXX123X2222,4706.0,2026-06-11 15:01:57
XXXX123X2231,3699.0,2026-06-11 15:01:57
XXXX123X2259,3040.0,2026-06-11 15:01:57
XXXX123X2268,3650.0,2026-06-11 15:01:57
XXXX123X2277,3439.0,2026-06-11 15:01:57
XXXX123X2286,3505.0,2026-06-11 15:01:57
XXXX123X2444,2622.0,2026-06-11 15:01:57
XXXX123X2471,6433.0,2026-06-11 15:01:57
XXXX123X2578,5078.0,2026-06-11 15:01:57
XXXX123X2620,3544.0,2026-06-11 15:01:57
XXXX123X2897,5297.0,2026-06-11 15:01:57
XXXX123X2921,3476.0,2026-06-11 15:01:57
XXXX123X2930,3055.0,2026-06-11 15:01:57
XXXX123X2967,3634.0,2026-06-11 15:01:57
XXXX123X3036,3609.0,2026-06-11 15:01:57
XXXX123X3054,5878.0,2026-06-11 15:01:57
XXXX123X3090,5531.0,2026-06-11 15:01:57
XXXX123X3106,2946.0,2026-06-11 15:01:57
XXXX123X3115,4301.0,2026-06-11 15:01:57
XXXX123X3133,7728.0,2026-06-11 15:01:57
XXXX123X3142,5306.0,2026-06-11 15:01:57
XXXX123X3151,4044.0,2026-06-11 15:01:57
XXXX123X3355,4541.0,2026-06-11 15:01:57
XXXX123X3364,6257.0,2026-06-11 15:01:57
XXXX123X3391,4824.0,2026-06-11 15:01:57
XXXX123X3452,4792.0,2026-06-11 15:01:57
XXXX123X3504,2722.0,2026-06-11 15:01:57
XXXX123X3513,3886.0,2026-06-11 15:01:57
XXXX123X3683,4949.0,2026-06-11 15:01:57
XXXX123X3708,3624.0,2026-06-11 15:01:57
XXXX123X3756,4334.0,2026-06-11 15:01:57
XXXX123X3774,3627.0,2026-06-11 15:01:57
XXXX123X3783,3990.0,2026-06-11 15:01:57
XXXX123X3826,6142.0,2026-06-11 15:01:57
XXXX123X3862,5198.0,2026-06-11 15:01:57
XXXX123X3871,4560.0,2026-06-11 15:01:57
XXXX123X3896,3757.0,2026-06-11 15:01:57
XXXX123X3899,3302.0,2026-06-11 15:01:57
XXXX123X3905,5023.0,2026-06-11 15:01:57
XXXX123X3939,3772.0,2026-06-11 15:01:57
XXXX123X4001,3160.0,2026-06-11 15:01:57
XXXX123X4074,6270.0,2026-06-11 15:01:57
XXXX123X4099,3475.0,2026-06-11 15:01:57
XXXX123X4108,4831.0,2026-06-11 15:01:57
XXXX123X4117,4188.0,2026-06-11 15:01:57
XXXX123X4135,4541.0,2026-06-11 15:01:57
XXXX123X4144,3537.0,2026-06-11 15:01:57
XXXX123X4199,5277.0,2026-06-11 15:01:57
XXXX123X4211,5804.0,2026-06-11 15:01:57
XXXX123X4241,5117.0,2026-06-11 15:01:57
XXXX123X4250,2818.0,2026-06-11 15:01:57
XXXX123X4278,4542.0,2026-06-11 15:01:57
XXXX123X4287,3944.0,2026-06-11 15:01:57
XXXX123X4339,4318.0,2026-06-11 15:01:57
XXXX123X4436,2567.0,2026-06-11 15:01:57
XXXX123X4579,3465.0,2026-06-11 15:01:57
XXXX123X4600,3311.0,2026-06-11 15:01:57
XXXX123X4752,4568.0,2026-06-11 15:01:57
XXXX123X4791,3198.0,2026-06-11 15:01:57
XXXX123X4804,4044.0,2026-06-11 15:01:57
XXXX123X4816,4577.0,2026-06-11 15:01:57
XXXX123X4861,4506.0,2026-06-11 15:01:57
XXXX123X4895,5268.0,2026-06-11 15:01:57
XXXX123X4947,6218.0,2026-06-11 15:01:57
XXXX123X5043,6579.0,2026-06-11 15:01:57
XXXX123X5450,6827.0,2026-06-11 15:01:57
XXXX123X5520,3768.0,2026-06-11 15:01:57
XXXX123X5566,3085.0,2026-06-11 15:01:57
XXXX123X5618,3975.0,2026-06-11 15:01:57
XXXX123X5620,5155.0,2026-06-11 15:01:57
XXXX123X5648,3708.0,2026-06-11 15:01:57
XXXX123X5663,3798.0,2026-06-11 15:01:57
XXXX123X5684,3759.0,2026-06-11 15:01:57
XXXX123X5690,2890.0,2026-06-11 15:01:57
XXXX123X5706,4270.0,2026-06-11 15:01:57
XXXX123X5788,3149.0,2026-06-11 15:01:57
XXXX123X5797,4970.0,2026-06-11 15:01:57
XXXX123X5897,4981.0,2026-06-11 15:01:57
XXXX123X5946,4227.0,2026-06-11 15:01:57
XXXX123X5982,3153.0,2026-06-11 15:01:57
XXXX123X6024,4449.0,2026-06-11 15:01:57
XXXX123X6121,5353.0,2026-06-11 15:01:57
XXXX123X6203,3879.0,2026-06-11 15:01:57
XXXX123X6212,5415.0,2026-06-11 15:01:57
XXXX123X6264,8817.0,2026-06-11 15:01:57
XXXX123X6294,4350.0,2026-06-11 15:01:57
XXXX123X6352,7410.0,2026-06-11 15:01:57
XXXX123X6404,4520.0,2026-06-11 15:01:57
XXXX123X6422,4067.0,2026-06-11 15:01:57
XXXX123X6440,3820.0,2026-06-11 15:01:57
XXXX123X6583,5680.0,2026-06-11 15:01:57
XXXX123X6601,5085.0,2026-06-11 15:01:57
XXXX123X6635,4211.0,2026-06-11 15:01:57
XXXX123X6653,2807.0,2026-06-11 15:01:57
XXXX123X6771,3433.0,2026-06-11 15:01:57
XXXX123X6902,1927.0,2026-06-11 15:01:57
XXXX123X6918,3524.0,2026-06-11 15:01:57
XXXX123X6936,3474.0,2026-06-11 15:01:57
XXXX123X7005,3483.0,2026-06-11 15:01:57
XXXX123X7026,5812.0,2026-06-11 15:01:57
XXXX123X7035,3866.0,2026-06-11 15:01:57
XXXX123X7071,4031.0,2026-06-11 15:01:57
XXXX123X7123,5090.0,2026-06-11 15:01:57
XXXX123X7236,4816.0,2026-06-11 15:01:57
XXXX123X7381,5625.0,2026-06-11 15:01:57
XXXX123X7403,7379.0,2026-06-11 15:01:57
XXXX123X7406,4332.0,2026-06-11 15:01:57
XXXX123X7451,5656.0,2026-06-11 15:01:57
XXXX123X7479,3528.0,2026-06-11 15:01:57
XXXX123X7497,3304.0,2026-06-11 15:01:57
XXXX123X7576,2363.0,2026-06-11 15:01:57
XXXX123X7585,6363.0,2026-06-11 15:01:57
XXXX123X7607,4516.0,2026-06-11 15:01:57
XXXX123X7619,6640.0,2026-06-11 15:01:57
XXXX123X7637,5112.0,2026-06-11 15:01:57
XXXX123X7661,4096.0,2026-06-11 15:01:57
XXXX123X7689,3814.0,2026-06-11 15:01:57
XXXX123X7691,3002.0,2026-06-11 15:01:57
XXXX123X7707,3021.0,2026-06-11 15:01:57
XXXX123X7752,6941.0,2026-06-11 15:01:57
XXXX123X7892,4030.0,2026-06-11 15:01:57
XXXX123X7895,3518.0,2026-06-11 15:01:57
XXXX123X7956,3002.0,2026-06-11 15:01:57
XXXX123X7971,3767.0,2026-06-11 15:01:57
XXXX123X8068,5771.0,2026-06-11 15:01:57
XXXX123X8122,3327.0,2026-06-11 15:01:57
XXXX123X8129,5963.0,2026-06-11 15:01:57
XXXX123X8131,4672.0,2026-06-11 15:01:57
XXXX123X8186,2722.0,2026-06-11 15:01:57
XXXX123X8344,3648.0,2026-06-11 15:01:57
XXXX123X8371,3035.0,2026-06-11 15:01:57
XXXX123X8399,3346.0,2026-06-11 15:01:57
XXXX123X8511,4371.0,2026-06-11 15:01:57
XXXX123X8566,4242.0,2026-06-11 15:01:57
XXXX123X8590,3809.0,2026-06-11 15:01:57
XXXX123X8609,3000.0,2026-06-11 15:01:57
XXXX123X8636,4876.0,2026-06-11 15:01:57
XXXX123X8849,5078.0,2026-06-11 15:01:57
XXXX123X8925,4070.0,2026-06-11 15:01:57
XXXX123X8928,4759.0,2026-06-11 15:01:57
XXXX123X8955,3556.0,2026-06-11 15:01:57
XXXX123X8982,3120.0,2026-06-11 15:01:57
XXXX123X8998,3679.0,2026-06-11 15:01:57
XXXX123X9121,4408.0,2026-06-11 15:01:57
XXXX123X9130,3182.0,2026-06-11 15:01:57
XXXX123X9146,3692.0,2026-06-11 15:01:57
XXXX123X9158,3851.0,2026-06-11 15:01:57
XXXX123X9173,3917.0,2026-06-11 15:01:57
XXXX123X9176,2991.0,2026-06-11 15:01:57
XXXX123X9194,3871.0,2026-06-11 15:01:57
XXXX123X9225,3383.0,2026-06-11 15:01:57
XXXX123X9352,5428.0,2026-06-11 15:01:57
XXXX123X9386,3698.0,2026-06-11 15:01:57
XXXX123X9410,3671.0,2026-06-11 15:01:57
XXXX123X9429,4566.0,2026-06-11 15:01:57
XXXX123X9517,6921.0,2026-06-11 15:01:57
XXXX123X9626,5081.0,2026-06-11 15:01:57
XXXX123X9635,6885.0,2026-06-11 15:01:57
XXXX123X9644,2861.0,2026-06-11 15:01:57
XXXX123X9662,4337.0,2026-06-11 15:01:57
XXXX123X9671,3337.0,2026-06-11 15:01:57
XXXX123X9680,6287.0,2026-06-11 15:01:57
XXXX123X9739,4290.0,2026-06-11 15:01:57
XXXX123X9820,4949.0,2026-06-11 15:01:57
XXXX123X9839,7155.0,2026-06-11 15:01:57
XXXX123X9845,5198.0,2026-06-11 15:01:57
XXXX123X9915,4520.0,2026-06-11 15:01:57
XXXX123X9981,3749.0,2026-06-11 15:01:57
XXXX124X0009,5238.0,2026-06-11 15:01:57
XXXX124X0105,3272.0,2026-06-11 15:01:57
XXXX124X0133,2848.0,2026-06-11 15:01:57
XXXX124X0160,3371.0,2026-06-11 15:01:57
XXXX124X0188,5860.0,2026-06-11 15:01:57
XXXX124X0203,8498.0,2026-06-11 15:01:57
XXXX124X0258,3078.0,2026-06-11 15:01:57
XXXX124X0300,3834.0,2026-06-11 15:01:57
XXXX124X0319,7109.0,2026-06-11 15:01:57
XXXX124X0336,5512.0,2026-06-11 15:01:57
XXXX124X0346,3990.0,2026-06-11 15:01:57
XXXX124X0382,3139.0,2026-06-11 15:01:57
XXXX124X0425,4593.0,2026-06-11 15:01:57
XXXX124X0452,5612.0,2026-06-11 15:01:57
XXXX124X0479,3524.0,2026-06-11 15:01:57
XXXX124X0497,4553.0,2026-06-11 15:01:57
XXXX124X0540,4710.0,2026-06-11 15:01:57
XXXX124X0558,5895.0,2026-06-11 15:01:57
XXXX124X0585,3030.0,2026-06-11 15:01:57
XXXX124X0628,5441.0,2026-06-11 15:01:57
XXXX124X0646,3213.0,2026-06-11 15:01:57
XXXX124X0673,4752.0,2026-06-11 15:01:57
XXXX124X0674,6250.0,2026-06-11 15:01:57
XXXX124X0726,5714.0,2026-06-11 15:01:57
XXXX124X0798,3545.0,2026-06-11 15:01:57
XXXX124X0841,9537.0,2026-06-11 15:01:57
XXXX124X0868,5351.0,2026-06-11 15:01:57
XXXX124X0869,4881.0,2026-06-11 15:01:57
XXXX124X0910,3472.0,2026-06-11 15:01:57
XXXX124X0920,9677.0,2026-06-11 15:01:57
XXXX124X1008,3952.0,2026-06-11 15:01:57
XXXX124X1034,4327.0,2026-06-11 15:01:57
XXXX124X1044,3062.0,2026-06-11 15:01:57
XXXX124X1052,3871.0,2026-06-11 15:01:57
XXXX124X1099,5901.0,2026-06-11 15:01:57
XXXX124X1122,5313.0,2026-06-11 15:01:57
XXXX124X1187,5132.0,2026-06-11 15:01:57
XXXX124X1218,2933.0,2026-06-11 15:01:57
XXXX124X1254,3664.0,2026-06-11 15:01:57
XXXX124X1307,3078.0,2026-06-11 15:01:57
XXXX124X1342,4379.0,2026-06-11 15:01:57
XXXX124X1360,3620.0,2026-06-11 15:01:57
XXXX124X1372,3481.0,2026-06-11 15:01:57
XXXX124X1388,2993.0,2026-06-11 15:01:57
XXXX124X1397,5022.0,2026-06-11 15:01:57
XXXX124X1412,3687.0,2026-06-11 15:01:57
XXXX124X1415,4106.0,2026-06-11 15:01:57
XXXX124X1421,3513.0,2026-06-11 15:01:57
XXXX124X1424,3215.0,2026-06-11 15:01:57
XXXX124X1441,3997.0,2026-06-11 15:01:57
XXXX124X1442,4286.0,2026-06-11 15:01:57
XXXX124X1450,2808.0,2026-06-11 15:01:57
XXXX124X1494,2890.0,2026-06-11 15:01:57
XXXX124X1497,3085.0,2026-06-11 15:01:57
XXXX124X1500,7606.0,2026-06-11 15:01:57
XXXX124X1546,3128.0,2026-06-11 15:01:57
XXXX124X1555,4918.0,2026-06-11 15:01:57
XXXX124X1564,4022.0,2026-06-11 15:01:57
XXXX124X1585,4115.0,2026-06-11 15:01:57
XXXX124X1634,3362.0,2026-06-11 15:01:57
XXXX124X1673,3482.0,2026-06-11 15:01:57
XXXX124X1682,4869.0,2026-06-11 15:01:57
XXXX124X1689,5183.0,2026-06-11 15:01:57
XXXX124X1691,3292.0,2026-06-11 15:01:57
XXXX124X1761,2662.0,2026-06-11 15:01:57
XXXX124X1838,7286.0,2026-06-11 15:01:57
XXXX124X1849,3670.0,2026-06-11 15:01:57
XXXX124X1944,3047.0,2026-06-11 15:01:57
XXXX124X1971,4300.0,2026-06-11 15:01:57
XXXX124X1974,2829.0,2026-06-11 15:01:57
XXXX124X1999,3301.0,2026-06-11 15:01:57
XXXX124X2004,4388.0,2026-06-11 15:01:57
XXXX124X2022,3006.0,2026-06-11 15:01:57
XXXX124X2033,4346.0,2026-06-11 15:01:57
XXXX124X2098,4252.0,2026-06-11 15:01:57
XXXX124X2110,3723.0,2026-06-11 15:01:57
XXXX124X2117,10900.0,2026-06-11 15:01:57
XXXX124X2129,2799.0,2026-06-11 15:01:57
XXXX124X2138,4923.0,2026-06-11 15:01:57
XXXX124X2140,8137.0,2026-06-11 15:01:57
XXXX124X2217,8718.0,2026-06-11 15:01:57
XXXX124X2246,3176.0,2026-06-11 15:01:57
XXXX124X2307,6439.0,2026-06-11 15:01:57
XXXX124X2317,4430.0,2026-06-11 15:01:57
XXXX124X2457,9306.0,2026-06-11 15:01:57
XXXX124X2484,9869.0,2026-06-11 15:01:57
XXXX124X2495,6733.0,2026-06-11 15:01:57
XXXX124X2565,4896.0,2026-06-11 15:01:57
XXXX124X2566,5355.0,2026-06-11 15:01:57
XXXX124X2569,5964.0,2026-06-11 15:01:57
XXXX124X2644,3655.0,2026-06-11 15:01:57
XXXX124X2671,5276.0,2026-06-11 15:01:57
XXXX124X2703,3994.0,2026-06-11 15:01:57
XXXX124X2706,3593.0,2026-06-11 15:01:57
XXXX124X2741,5306.0,2026-06-11 15:01:57
XXXX124X2749,2740.0,2026-06-11 15:01:57
XXXX124X2821,3386.0,2026-06-11 15:01:57
XXXX124X2846,3867.0,2026-06-11 15:01:57
XXXX124X2858,6633.0,2026-06-11 15:01:57
XXXX124X2919,5610.0,2026-06-11 15:01:57
XXXX124X2925,4446.0,2026-06-11 15:01:57
XXXX124X2943,4017.0,2026-06-11 15:01:57
XXXX124X2955,3772.0,2026-06-11 15:01:57
XXXX124X2970,3938.0,2026-06-11 15:01:57
XXXX124X3042,3409.0,2026-06-11 15:01:57
XXXX124X3058,1994.0,2026-06-11 15:01:57
XXXX124X3164,4922.0,2026-06-11 15:01:57
XXXX124X3197,4635.0,2026-06-11 15:01:57
XXXX124X3337,6584.0,2026-06-11 15:01:57
XXXX124X3425,2969.0,2026-06-11 15:01:57
XXXX124X3529,5584.0,2026-06-11 15:01:57
XXXX124X3572,2811.0,2026-06-11 15:01:57
XXXX124X3583,3886.0,2026-06-11 15:01:57
XXXX124X3610,4119.0,2026-06-11 15:01:57
XXXX124X3674,4737.0,2026-06-11 15:01:57
XXXX124X3678,6919.0,2026-06-11 15:01:57
XXXX124X3708,3079.0,2026-06-11 15:01:57
XXXX124X3726,4824.0,2026-06-11 15:01:57
XXXX124X3839,4456.0,2026-06-11 15:01:57
XXXX124X3841,8923.0,2026-06-11 15:01:57
XXXX124X3869,4076.0,2026-06-11 15:01:57
XXXX124X3875,4121.0,2026-06-11 15:01:57
XXXX124X3884,3087.0,2026-06-11 15:01:57
XXXX124X3887,3249.0,2026-06-11 15:01:57
XXXX124X3909,5856.0,2026-06-11 15:01:57
XXXX124X3927,4871.0,2026-06-11 15:01:57
XXXX124X3936,11270.0,2026-06-11 15:01:57
XXXX124X3954,3285.0,2026-06-11 15:01:57
XXXX124X3957,4974.0,2026-06-11 15:01:57
XXXX124X3972,2408.0,2026-06-11 15:01:57
XXXX124X3993,2798.0,2026-06-11 15:01:57
XXXX124X4002,5592.0,2026-06-11 15:01:57
XXXX124X4005,3420.0,2026-06-11 15:01:57
XXXX124X4014,3943.0,2026-06-11 15:01:57
XXXX124X4020,5302.0,2026-06-11 15:01:57
XXXX124X4096,3730.0,2026-06-11 15:01:57
XXXX124X4209,3362.0,2026-06-11 15:01:57
XXXX124X4330,4994.0,2026-06-11 15:01:57
XXXX124X4354,5639.0,2026-06-11 15:01:57
XXXX124X4367,2688.0,2026-06-11 15:01:57
XXXX124X4372,2455.0,2026-06-11 15:01:57
XXXX124X4419,3657.0,2026-06-11 15:01:57
XXXX124X4433,3460.0,2026-06-11 15:01:57
XXXX124X4437,2822.0,2026-06-11 15:01:57
XXXX124X4479,4382.0,2026-06-11 15:01:57
XXXX124X4573,3201.0,2026-06-11 15:01:57
XXXX124X4582,3446.0,2026-06-11 15:01:57
XXXX124X4591,3353.0,2026-06-11 15:01:57
XXXX124X4594,6360.0,2026-06-11 15:01:57
XXXX124X4607,3024.0,2026-06-11 15:01:57
XXXX124X4643,2753.0,2026-06-11 15:01:57
XXXX124X4646,3717.0,2026-06-11 15:01:57
XXXX124X4704,3570.0,2026-06-11 15:01:57
XXXX124X4705,3757.0,2026-06-11 15:01:57
XXXX124X4713,5184.0,2026-06-11 15:01:57
XXXX124X4725,3223.0,2026-06-11 15:01:57
XXXX124X4729,3051.0,2026-06-11 15:01:57
XXXX124X4759,3765.0,2026-06-11 15:01:57
XXXX124X4786,3059.0,2026-06-11 15:01:57
XXXX124X4801,4344.0,2026-06-11 15:01:57
XXXX124X4810,4766.0,2026-06-11 15:01:57
XXXX124X4829,4885.0,2026-06-11 15:01:57
XXXX124X4840,4149.0,2026-06-11 15:01:57
XXXX124X4865,3541.0,2026-06-11 15:01:57
XXXX124X4877,3561.0,2026-06-11 15:01:57
XXXX124X4883,3727.0,2026-06-11 15:01:57
XXXX124X4886,4752.0,2026-06-11 15:01:57
XXXX124X4910,3552.0,2026-06-11 15:01:57
XXXX124X4917,3624.0,2026-06-11 15:01:57
XXXX124X4926,3400.0,2026-06-11 15:01:57
XXXX124X4935,3612.0,2026-06-11 15:01:57
XXXX124X4965,3669.0,2026-06-11 15:01:57
XXXX124X4980,3808.0,2026-06-11 15:01:57
XXXX124X4996,4119.0,2026-06-11 15:01:57
XXXX124X4999,6364.0,2026-06-11 15:01:57
XXXX124X5004,3100.0,2026-06-11 15:01:57
XXXX124X5031,4669.0,2026-06-11 15:01:57
XXXX124X5068,5805.0,2026-06-11 15:01:57
XXXX124X5138,4923.0,2026-06-11 15:01:57
XXXX124X5147,2899.0,2026-06-11 15:01:57
XXXX124X5156,4156.0,2026-06-11 15:01:57
XXXX124X5159,4508.0,2026-06-11 15:01:57
XXXX124X5165,4871.0,2026-06-11 15:01:57
XXXX124X5180,7538.0,2026-06-11 15:01:57
XXXX124X5208,3175.0,2026-06-11 15:01:57
XXXX124X5217,4323.0,2026-06-11 15:01:57
XXXX124X5226,5197.0,2026-06-11 15:01:57
XXXX124X5235,3798.0,2026-06-11 15:01:57
XXXX124X5253,7753.0,2026-06-11 15:01:57
XXXX124X5271,3550.0,2026-06-11 15:01:57
XXXX124X5283,5130.0,2026-06-11 15:01:57
XXXX124X5299,3707.0,2026-06-11 15:01:57
XXXX124X5341,2365.0,2026-06-11 15:01:57
XXXX124X5411,2850.0,2026-06-11 15:01:57
XXXX124X5414,5145.0,2026-06-11 15:01:57
XXXX124X5448,4482.0,2026-06-11 15:01:57
XXXX124X5450,4017.0,2026-06-11 15:01:57
XXXX124X5466,3382.0,2026-06-11 15:01:57
XXXX124X5487,3014.0,2026-06-11 15:01:57
XXXX124X5493,5090.0,2026-06-11 15:01:57
XXXX124X5518,4458.0,2026-06-11 15:01:57
XXXX124X5520,5199.0,2026-06-11 15:01:57
XXXX124X5527,4594.0,2026-06-11 15:01:57
XXXX124X5624,3850.0,2026-06-11 15:01:57
XXXX124X5645,4081.0,2026-06-11 15:01:57
XXXX124X5667,4538.0,2026-06-11 15:01:57
XXXX124X5676,3428.0,2026-06-11 15:01:57
XXXX124X5706,6079.0,2026-06-11 15:01:57
XXXX124X5728,7498.0,2026-06-11 15:01:57
XXXX124X5737,5389.0,2026-06-11 15:01:57
XXXX124X5746,3750.0,2026-06-11 15:01:57
XXXX124X5758,4311.0,2026-06-11 15:01:57
XXXX124X5767,4410.0,2026-06-11 15:01:57
XXXX124X5782,2994.0,2026-06-11 15:01:57
XXXX124X5800,4145.0,2026-06-11 15:01:57
XXXX124X5812,6370.0,2026-06-11 15:01:57
XXXX124X5825,2693.0,2026-06-11 15:01:57
XXXX124X5882,4508.0,2026-06-11 15:01:57
XXXX124X5900,3377.0,2026-06-11 15:01:57
XXXX124X5946,5592.0,2026-06-11 15:01:57
XXXX124X5952,5477.0,2026-06-11 15:01:57
XXXX124X6046,3918.0,2026-06-11 15:01:57
XXXX124X6064,8792.0,2026-06-11 15:01:57
XXXX124X6073,6382.0,2026-06-11 15:01:57
XXXX124X6082,9457.0,2026-06-11 15:01:57
XXXX124X6125,3236.0,2026-06-11 15:01:57
XXXX124X6155,5129.0,2026-06-11 15:01:57
XXXX124X6173,3788.0,2026-06-11 15:01:57
XXXX124X6250,3574.0,2026-06-11 15:01:57
XXXX124X6298,3960.0,2026-06-11 15:01:57
XXXX124X6310,2494.0,2026-06-11 15:01:57
XXXX124X6338,3586.0,2026-06-11 15:01:57
XXXX124X6356,2577.0,2026-06-11 15:01:57
XXXX124X6392,3090.0,2026-06-11 15:01:57
XXXX124X6408,3183.0,2026-06-11 15:01:57
XXXX124X6492,4876.0,2026-06-11 15:01:57
XXXX124X6508,3488.0,2026-06-11 15:01:57
XXXX124X6562,4150.0,2026-06-11 15:01:57
XXXX124X6650,5645.0,2026-06-11 15:01:57
XXXX124X6657,3945.0,2026-06-11 15:01:57
XXXX124X6684,5182.0,2026-06-11 15:01:57
XXXX124X6775,2956.0,2026-06-11 15:01:57
XXXX124X6781,4865.0,2026-06-11 15:01:57
XXXX124X6806,3735.0,2026-06-11 15:01:57
XXXX124X6836,3610.0,2026-06-11 15:01:57
XXXX124X6866,4097.0,2026-06-11 15:01:57
XXXX124X6872,4715.0,2026-06-11 15:01:57
XXXX124X6881,3102.0,2026-06-11 15:01:57
XXXX124X6903,3884.0,2026-06-11 15:01:57
XXXX124X6949,6041.0,2026-06-11 15:01:57
XXXX124X6954,3410.0,2026-06-11 15:01:57
XXXX124X6963,5329.0,2026-06-11 15:01:57
XXXX124X6990,5782.0,2026-06-11 15:01:57
XXXX124X7002,5077.0,2026-06-11 15:01:57
XXXX124X7005,4166.0,2026-06-11 15:01:57
XXXX124X7014,4096.0,2026-06-11 15:01:57
XXXX124X7045,3302.0,2026-06-11 15:01:57
XXXX124X7102,4121.0,2026-06-11 15:01:57
XXXX124X7136,3783.0,2026-06-11 15:01:57
XXXX124X7188,3738.0,2026-06-11 15:01:57
XXXX124X7203,3275.0,2026-06-11 15:01:57
XXXX124X7212,3964.0,2026-06-11 15:01:57
XXXX124X7258,5718.0,2026-06-11 15:01:57
XXXX124X7290,4265.0,2026-06-11 15:01:57
XXXX124X7391,5468.0,2026-06-11 15:01:57
XXXX124X7428,6974.0,2026-06-11 15:01:57
XXXX124X7430,6218.0,2026-06-11 15:01:57
XXXX124X7638,2927.0,2026-06-11 15:01:57
XXXX124X7661,2606.0,2026-06-11 15:01:57
XXXX124X7695,6119.0,2026-06-11 15:01:57
XXXX124X7771,6687.0,2026-06-11 15:01:57
XXXX124X7832,4441.0,2026-06-11 15:01:57
XXXX124X7880,3524.0,2026-06-11 15:01:57
XXXX124X7887,2708.0,2026-06-11 15:01:57
XXXX124X7911,2939.0,2026-06-11 15:01:57
XXXX124X7920,3093.0,2026-06-11 15:01:57
XXXX124X7939,3958.0,2026-06-11 15:01:57
XXXX124X7953,9909.0,2026-06-11 15:01:57
XXXX124X7975,3433.0,2026-06-11 15:01:57
XXXX124X7978,3851.0,2026-06-11 15:01:57
XXXX124X8010,4249.0,2026-06-11 15:01:57
XXXX124X8022,4721.0,2026-06-11 15:01:57
XXXX124X8029,5551.0,2026-06-11 15:01:57
XXXX124X8031,4158.0,2026-06-11 15:01:57
XXXX124X8059,3875.0,2026-06-11 15:01:57
XXXX124X8092,4136.0,2026-06-11 15:01:57
XXXX124X8101,5438.0,2026-06-11 15:01:57
XXXX124X8147,4593.0,2026-06-11 15:01:57
XXXX124X8171,4272.0,2026-06-11 15:01:57
XXXX124X8205,2298.0,2026-06-11 15:01:57
XXXX124X8232,3943.0,2026-06-11 15:01:57
XXXX124X8250,4513.0,2026-06-11 15:01:57
XXXX124X8311,4500.0,2026-06-11 15:01:57
XXXX124X8320,3715.0,2026-06-11 15:01:57
XXXX124X8348,5348.0,2026-06-11 15:01:57
XXXX124X8418,3528.0,2026-06-11 15:01:57
XXXX124X8472,4506.0,2026-06-11 15:01:57
XXXX124X8475,2783.0,2026-06-11 15:01:57
XXXX124X8484,3760.0,2026-06-11 15:01:57
XXXX124X8506,4235.0,2026-06-11 15:01:57
XXXX124X8509,3249.0,2026-06-11 15:01:57
XXXX124X8527,3010.0,2026-06-11 15:01:57
XXXX124X8554,2740.0,2026-06-11 15:01:57
XXXX124X8615,2753.0,2026-06-11 15:01:57
XXXX124X8642,4992.0,2026-06-11 15:01:57
XXXX124X8703,2970.0,2026-06-11 15:01:57
XXXX124X8721,5641.0,2026-06-11 15:01:57
XXXX124X8782,3625.0,2026-06-11 15:01:57
XXXX124X8837,3248.0,2026-06-11 15:01:57
XXXX124X8846,3924.0,2026-06-11 15:01:57
XXXX124X8852,3950.0,2026-06-11 15:01:57
XXXX124X8934,4105.0,2026-06-11 15:01:57
XXXX124X8977,3433.0,2026-06-11 15:01:57
XXXX124X9182,6858.0,2026-06-11 15:01:57
XXXX124X9191,3522.0,2026-06-11 15:01:57
XXXX124X9207,6154.0,2026-06-11 15:01:57
XXXX124X9243,4342.0,2026-06-11 15:01:57
XXXX124X9252,6119.0,2026-06-11 15:01:57
XXXX124X9289,5700.0,2026-06-11 15:01:57
XXXX124X9313,4892.0,2026-06-11 15:01:57
XXXX124X9322,2678.0,2026-06-11 15:01:57
XXXX124X9410,6662.0,2026-06-11 15:01:57
XXXX124X9429,4223.0,2026-06-11 15:01:57
XXXX124X9456,3644.0,2026-06-11 15:01:57
XXXX124X9465,3166.0,2026-06-11 15:01:57
XXXX124X9492,3695.0,2026-06-11 15:01:57
XXXX124X9526,4068.0,2026-06-11 15:01:57
XXXX124X9580,3954.0,2026-06-11 15:01:57
XXXX124X9597,3305.0,2026-06-11 15:01:57
XXXX124X9632,3936.0,2026-06-11 15:01:57
XXXX124X9687,4474.0,2026-06-11 15:01:57
XXXX124X9757,4642.0,2026-06-11 15:01:57
XXXX125X2698,3293.0,2026-06-11 15:01:57
XXXX125X8304,4848.0,2026-06-11 15:01:57
XXXX125X9195,5189.0,2026-06-11 15:01:57
XXXX125X9499,3930.0,2026-06-11 15:01:57
XXXX125X9505,4454.0,2026-06-11 15:01:57
XXXX125X9654,4653.0,2026-06-11 15:01:57
XXXX126X0054,3533.0,2026-06-11 15:01:57
XXXX126X0076,3521.0,2026-06-11 15:01:57
XXXX126X0085,3549.0,2026-06-11 15:01:57
XXXX126X0094,5443.0,2026-06-11 15:01:57
XXXX126X0179,10547.0,2026-06-11 15:01:57
XXXX126X0230,7978.0,2026-06-11 15:01:57
XXXX126X0364,2853.0,2026-06-11 15:01:57
XXXX126X0373,3311.0,2026-06-11 15:01:57
XXXX126X0452,3638.0,2026-06-11 15:01:57
XXXX126X0461,3482.0,2026-06-11 15:01:57
XXXX126X0489,3153.0,2026-06-11 15:01:57
XXXX126X0771,3272.0,2026-06-11 15:01:57
XXXX126X0911,3495.0,2026-06-11 15:01:57
XXXX126X0939,2862.0,2026-06-11 15:01:57
XXXX126X0988,3754.0,2026-06-11 15:01:57
XXXX126X1132,5163.0,2026-06-11 15:01:57
XXXX126X1345,2283.0,2026-06-11 15:01:57
XXXX126X1354,4105.0,2026-06-11 15:01:57
XXXX126X1372,3592.0,2026-06-11 15:01:57
XXXX126X1424,4460.0,2026-06-11 15:01:57
XXXX126X1460,4959.0,2026-06-11 15:01:57
XXXX126X1549,4452.0,2026-06-11 15:01:57
XXXX126X1716,6762.0,2026-06-11 15:01:57
XXXX126X1743,4901.0,2026-06-11 15:01:57
XXXX126X1822,5633.0,2026-06-11 15:01:57
XXXX126X1965,3639.0,2026-06-11 15:01:57
XXXX126X2098,3501.0,2026-06-11 15:01:57
XXXX126X2131,6322.0,2026-06-11 15:01:57
XXXX126X2502,7870.0,2026-06-11 15:01:57
XXXX126X2672,3185.0,2026-06-11 15:01:57
XXXX126X2681,3500.0,2026-06-11 15:01:57
XXXX126X3006,4402.0,2026-06-11 15:01:57
XXXX126X3167,2981.0,2026-06-11 15:01:57
XXXX126X3200,5027.0,2026-06-11 15:01:57
XXXX126X3389,4196.0,2026-06-11 15:01:57
XXXX126X3477,3653.0,2026-06-11 15:01:57
XXXX126X3547,4201.0,2026-06-11 15:01:57
XXXX126X3802,4368.0,2026-06-11 15:01:57
XXXX126X3872,3454.0,2026-06-11 15:01:57
XXXX126X3963,4652.0,2026-06-11 15:01:57
XXXX126X4096,5163.0,2026-06-11 15:01:57
XXXX126X4102,4499.0,2026-06-11 15:01:57
XXXX126X4139,5500.0,2026-06-11 15:01:57
XXXX126X4670,3493.0,2026-06-11 15:01:57
XXXX126X4810,6504.0,2026-06-11 15:01:57
XXXX126X4856,6481.0,2026-06-11 15:01:57
XXXX126X4883,9558.0,2026-06-11 15:01:57
XXXX126X4892,4436.0,2026-06-11 15:01:57
XXXX126X4917,4544.0,2026-06-11 15:01:57
XXXX126X5022,3316.0,2026-06-11 15:01:57
XXXX126X5101,5938.0,2026-06-11 15:01:57
XXXX126X5296,2754.0,2026-06-11 15:01:57
XXXX126X6994,2756.0,2026-06-11 15:01:57
XXXX126X7036,6746.0,2026-06-11 15:01:57
XXXX126X7591,5149.0,2026-06-11 15:01:57
XXXX126X7722,5277.0,2026-06-11 15:01:57
XXXX126X8527,4995.0,2026-06-11 15:01:57
XXXX126X8563,2996.0,2026-06-11 15:01:57
XXXX126X8679,4357.0,2026-06-11 15:01:57
XXXX126X8730,3051.0,2026-06-11 15:01:57
XXXX126X8998,6863.0,2026-06-11 15:01:57
XXXX126X9076,4410.0,2026-06-11 15:01:57
XXXX126X9085,4161.0,2026-06-11 15:01:57
XXXX126X9438,4306.0,2026-06-11 15:01:57
XXXX126X9456,5938.0,2026-06-11 15:01:57
XXXX126X9641,3239.0,2026-06-11 15:01:57
XXXX126X9702,7077.0,2026-06-11 15:01:57
XXXX126X9720,2954.0,2026-06-11 15:01:57
XXXX126X9748,3984.0,2026-06-11 15:01:57
XXXX126X9757,8095.0,2026-06-11 15:01:57
XXXX126X9775,6185.0,2026-06-11 15:01:57
XXXX126X9784,3386.0,2026-06-11 15:01:57
XXXX126X9793,3439.0,2026-06-11 15:01:57
XXXX126X9818,5514.0,2026-06-11 15:01:57
XXXX126X9836,4028.0,2026-06-11 15:01:57
XXXX126X9872,3085.0,2026-06-11 15:01:57
XXXX126X9881,3991.0,2026-06-11 15:01:57
XXXX126X9906,4260.0,2026-06-11 15:01:57
XXXX126X9915,3134.0,2026-06-11 15:01:57
XXXX126X9924,1945.0,2026-06-11 15:01:57
XXXX126X9933,3236.0,2026-06-11 15:01:57
XXXX126X9942,3880.0,2026-06-11 15:01:57
