apac_card_number,amount,payment_datetime
XXXX037X0185,2981.0,2026-04-05 10:33:00.000 +0530
XXXX050X2974,2788.0,2026-04-05 10:33:00.000 +0530
XXXX054X5268,3617.0,2026-04-05 10:33:00.000 +0530
XXXX054X8009,4898.0,2026-04-05 10:33:00.000 +0530
XXXX055X0135,4460.0,2026-04-05 10:33:00.000 +0530
XXXX055X0476,3071.0,2026-04-05 10:33:00.000 +0530
XXXX055X0515,3196.0,2026-04-05 10:33:00.000 +0530
XXXX055X1504,3716.0,2026-04-05 10:33:00.000 +0530
XXXX055X1896,2867.0,2026-04-05 10:33:00.000 +0530
XXXX055X1952,3622.0,2026-04-05 10:33:00.000 +0530
XXXX055X2038,3639.0,2026-04-05 10:33:00.000 +0530
XXXX055X3828,3444.0,2026-04-05 10:33:00.000 +0530
XXXX055X4070,2769.0,2026-04-05 10:33:00.000 +0530
XXXX055X4192,4203.0,2026-04-05 10:33:00.000 +0530
XXXX055X5731,3112.0,2026-04-05 10:33:00.000 +0530
XXXX055X5890,3685.0,2026-04-05 10:33:00.000 +0530
XXXX055X6067,2807.0,2026-04-05 10:33:00.000 +0530
XXXX055X6652,3177.0,2026-04-05 10:33:00.000 +0530
XXXX055X7185,2639.0,2026-04-05 10:33:00.000 +0530
XXXX055X7728,4088.0,2026-04-05 10:33:00.000 +0530
XXXX055X8214,4020.0,2026-04-05 10:33:00.000 +0530
XXXX055X8360,3819.0,2026-04-05 10:33:00.000 +0530
XXXX055X8544,4222.0,2026-04-05 10:33:00.000 +0530
XXXX055X9135,3446.0,2026-04-05 10:33:00.000 +0530
XXXX055X9180,3768.0,2026-04-05 10:33:00.000 +0530
XXXX055X9521,2950.0,2026-04-05 10:33:00.000 +0530
XXXX056X1836,3352.0,2026-04-05 10:33:00.000 +0530
XXXX057X8128,3873.0,2026-04-05 10:33:00.000 +0530
XXXX057X9830,3819.0,2026-04-05 10:33:00.000 +0530
XXXX057X9878,3724.0,2026-04-05 10:33:00.000 +0530
XXXX058X6251,3602.0,2026-04-05 10:33:00.000 +0530
XXXX060X0784,3315.0,2026-04-05 10:33:00.000 +0530
XXXX060X1187,2523.0,2026-04-05 10:33:00.000 +0530
XXXX060X1292,3364.0,2026-04-05 10:33:00.000 +0530
XXXX060X1643,3304.0,2026-04-05 10:33:00.000 +0530
XXXX060X2103,3085.0,2026-04-05 10:33:00.000 +0530
XXXX060X2413,3330.0,2026-04-05 10:33:00.000 +0530
XXXX060X3043,3085.0,2026-04-05 10:33:00.000 +0530
XXXX060X3730,3597.0,2026-04-05 10:33:00.000 +0530
XXXX060X5318,3259.0,2026-04-05 10:33:00.000 +0530
XXXX060X6427,3221.0,2026-04-05 10:33:00.000 +0530
XXXX060X6992,3598.0,2026-04-05 10:33:00.000 +0530
XXXX060X7578,2242.0,2026-04-05 10:33:00.000 +0530
XXXX060X8088,3199.0,2026-04-05 10:33:00.000 +0530
XXXX060X8521,3494.0,2026-04-05 10:33:00.000 +0530
XXXX060X8862,3479.0,2026-04-05 10:33:00.000 +0530
XXXX060X8989,3356.0,2026-04-05 10:33:00.000 +0530
XXXX060X8990,2490.0,2026-04-05 10:33:00.000 +0530
XXXX060X9108,2818.0,2026-04-05 10:33:00.000 +0530
XXXX060X9352,3328.0,2026-04-05 10:33:00.000 +0530
XXXX060X9879,2772.0,2026-04-05 10:33:00.000 +0530
XXXX061X1473,3063.0,2026-04-05 10:33:00.000 +0530
XXXX063X1103,3278.0,2026-04-05 10:33:00.000 +0530
XXXX063X3191,3014.0,2026-04-05 10:33:00.000 +0530
XXXX063X4068,2788.0,2026-04-05 10:33:00.000 +0530
XXXX063X4173,3353.0,2026-04-05 10:33:00.000 +0530
XXXX063X4258,3830.0,2026-04-05 10:33:00.000 +0530
XXXX063X4845,4288.0,2026-04-05 10:33:00.000 +0530
XXXX063X5454,3161.0,2026-04-05 10:33:00.000 +0530
XXXX065X0063,3011.0,2026-04-05 10:33:00.000 +0530
XXXX065X0086,3278.0,2026-04-05 10:33:00.000 +0530
XXXX065X0130,3101.0,2026-04-05 10:33:00.000 +0530
XXXX065X0870,3308.0,2026-04-05 10:33:00.000 +0530
XXXX065X1120,4313.0,2026-04-05 10:33:00.000 +0530
XXXX065X3293,3692.0,2026-04-05 10:33:00.000 +0530
XXXX065X4374,3768.0,2026-04-05 10:33:00.000 +0530
XXXX065X4664,4408.0,2026-04-05 10:33:00.000 +0530
XXXX065X5083,2750.0,2026-04-05 10:33:00.000 +0530
XXXX065X6523,4052.0,2026-04-05 10:33:00.000 +0530
XXXX065X7039,3716.0,2026-04-05 10:33:00.000 +0530
XXXX065X7251,3742.0,2026-04-05 10:33:00.000 +0530
XXXX065X7551,3451.0,2026-04-05 10:33:00.000 +0530
XXXX065X8587,2461.0,2026-04-05 10:33:00.000 +0530
XXXX065X9592,3719.0,2026-04-05 10:33:00.000 +0530
XXXX065X9720,4313.0,2026-04-05 10:33:00.000 +0530
XXXX065X9844,3285.0,2026-04-05 10:33:00.000 +0530
XXXX065X9898,3606.0,2026-04-05 10:33:00.000 +0530
XXXX066X0869,4800.0,2026-04-05 10:33:00.000 +0530
XXXX066X1873,3511.0,2026-04-05 10:33:00.000 +0530
XXXX066X2435,4152.0,2026-04-05 10:33:00.000 +0530
XXXX066X4096,2502.0,2026-04-05 10:33:00.000 +0530
XXXX066X4478,2607.0,2026-04-05 10:33:00.000 +0530
XXXX066X4614,2374.0,2026-04-05 10:33:00.000 +0530
XXXX066X6151,2951.0,2026-04-05 10:33:00.000 +0530
XXXX066X8025,2431.0,2026-04-05 10:33:00.000 +0530
XXXX068X8347,3062.0,2026-04-05 10:33:00.000 +0530
XXXX069X0084,3858.0,2026-04-05 10:33:00.000 +0530
XXXX069X0779,2973.0,2026-04-05 10:33:00.000 +0530
XXXX069X0915,3930.0,2026-04-05 10:33:00.000 +0530
XXXX069X1097,3063.0,2026-04-05 10:33:00.000 +0530
XXXX069X1615,3315.0,2026-04-05 10:33:00.000 +0530
XXXX069X2040,3052.0,2026-04-05 10:33:00.000 +0530
XXXX069X2164,3873.0,2026-04-05 10:33:00.000 +0530
XXXX069X2654,4218.0,2026-04-05 10:33:00.000 +0530
XXXX069X2759,3159.0,2026-04-05 10:33:00.000 +0530
XXXX069X2881,3371.0,2026-04-05 10:33:00.000 +0530
XXXX069X3015,2929.0,2026-04-05 10:33:00.000 +0530
XXXX069X3305,3059.0,2026-04-05 10:33:00.000 +0530
XXXX069X3503,2630.0,2026-04-05 10:33:00.000 +0530
XXXX069X4092,3132.0,2026-04-05 10:33:00.000 +0530
XXXX069X4272,3709.0,2026-04-05 10:33:00.000 +0530
XXXX069X4838,3316.0,2026-04-05 10:33:00.000 +0530
XXXX069X5878,2950.0,2026-04-05 10:33:00.000 +0530
XXXX069X5908,3399.0,2026-04-05 10:33:00.000 +0530
XXXX069X7489,3342.0,2026-04-05 10:33:00.000 +0530
XXXX069X8449,2942.0,2026-04-05 10:33:00.000 +0530
XXXX071X2548,3176.0,2026-04-05 10:33:00.000 +0530
XXXX072X0491,3162.0,2026-04-05 10:33:00.000 +0530
XXXX072X1481,2950.0,2026-04-05 10:33:00.000 +0530
XXXX072X2433,3839.0,2026-04-05 10:33:00.000 +0530
XXXX072X7927,3914.0,2026-04-05 10:33:00.000 +0530
XXXX072X8818,5970.0,2026-04-05 10:33:00.000 +0530
XXXX072X9020,4166.0,2026-04-05 10:33:00.000 +0530
XXXX074X9728,3127.0,2026-04-05 10:33:00.000 +0530
XXXX075X0666,5861.0,2026-04-05 10:33:00.000 +0530
XXXX075X0824,2927.0,2026-04-05 10:33:00.000 +0530
XXXX075X0997,3903.0,2026-04-05 10:33:00.000 +0530
XXXX075X1090,4985.0,2026-04-05 10:33:00.000 +0530
XXXX075X1196,3768.0,2026-04-05 10:33:00.000 +0530
XXXX075X1314,4313.0,2026-04-05 10:33:00.000 +0530
XXXX075X1574,3163.0,2026-04-05 10:33:00.000 +0530
XXXX075X1602,4099.0,2026-04-05 10:33:00.000 +0530
XXXX075X1639,3576.0,2026-04-05 10:33:00.000 +0530
XXXX075X2272,3552.0,2026-04-05 10:33:00.000 +0530
XXXX075X2562,2025.0,2026-04-05 10:33:00.000 +0530
XXXX075X2694,3391.0,2026-04-05 10:33:00.000 +0530
XXXX075X2807,2863.0,2026-04-05 10:33:00.000 +0530
XXXX075X2866,3511.0,2026-04-05 10:33:00.000 +0530
XXXX075X3217,3019.0,2026-04-05 10:33:00.000 +0530
XXXX075X3293,3214.0,2026-04-05 10:33:00.000 +0530
XXXX075X3330,2826.0,2026-04-05 10:33:00.000 +0530
XXXX075X3566,3899.0,2026-04-05 10:33:00.000 +0530
XXXX075X4747,3783.0,2026-04-05 10:33:00.000 +0530
XXXX075X5021,2957.0,2026-04-05 10:33:00.000 +0530
XXXX075X5340,3267.0,2026-04-05 10:33:00.000 +0530
XXXX075X5548,3330.0,2026-04-05 10:33:00.000 +0530
XXXX075X6157,3568.0,2026-04-05 10:33:00.000 +0530
XXXX075X6514,3414.0,2026-04-05 10:33:00.000 +0530
XXXX075X6604,3703.0,2026-04-05 10:33:00.000 +0530
XXXX075X6647,3839.0,2026-04-05 10:33:00.000 +0530
XXXX075X7009,5132.0,2026-04-05 10:33:00.000 +0530
XXXX075X8488,3830.0,2026-04-05 10:33:00.000 +0530
XXXX075X8977,3014.0,2026-04-05 10:33:00.000 +0530
XXXX075X9001,3155.0,2026-04-05 10:33:00.000 +0530
XXXX075X9335,3048.0,2026-04-05 10:33:00.000 +0530
XXXX075X9530,4521.0,2026-04-05 10:33:00.000 +0530
XXXX075X9711,4445.0,2026-04-05 10:33:00.000 +0530
XXXX075X9744,2976.0,2026-04-05 10:33:00.000 +0530
XXXX076X0143,5146.0,2026-04-05 10:33:00.000 +0530
XXXX076X0189,4733.0,2026-04-05 10:33:00.000 +0530
XXXX076X0337,4316.0,2026-04-05 10:33:00.000 +0530
XXXX076X0338,3313.0,2026-04-05 10:33:00.000 +0530
XXXX076X0362,3318.0,2026-04-05 10:33:00.000 +0530
XXXX076X0653,4107.0,2026-04-05 10:33:00.000 +0530
XXXX076X0654,2961.0,2026-04-05 10:33:00.000 +0530
XXXX076X0689,2969.0,2026-04-05 10:33:00.000 +0530
XXXX076X0716,6516.0,2026-04-05 10:33:00.000 +0530
XXXX076X0768,3089.0,2026-04-05 10:33:00.000 +0530
XXXX076X0769,4665.0,2026-04-05 10:33:00.000 +0530
XXXX076X1331,3795.0,2026-04-05 10:33:00.000 +0530
XXXX076X1335,4773.0,2026-04-05 10:33:00.000 +0530
XXXX076X1444,4242.0,2026-04-05 10:33:00.000 +0530
XXXX076X1728,3391.0,2026-04-05 10:33:00.000 +0530
XXXX076X1748,3834.0,2026-04-05 10:33:00.000 +0530
XXXX076X2089,3373.0,2026-04-05 10:33:00.000 +0530
XXXX076X2093,5472.0,2026-04-05 10:33:00.000 +0530
XXXX076X2606,4301.0,2026-04-05 10:33:00.000 +0530
XXXX076X2892,4050.0,2026-04-05 10:33:00.000 +0530
XXXX076X2962,3623.0,2026-04-05 10:33:00.000 +0530
XXXX076X3036,3798.0,2026-04-05 10:33:00.000 +0530
XXXX076X3076,3856.0,2026-04-05 10:33:00.000 +0530
XXXX076X3198,3208.0,2026-04-05 10:33:00.000 +0530
XXXX076X3590,3376.0,2026-04-05 10:33:00.000 +0530
XXXX076X4009,3936.0,2026-04-05 10:33:00.000 +0530
XXXX076X4032,5605.0,2026-04-05 10:33:00.000 +0530
XXXX076X4295,3816.0,2026-04-05 10:33:00.000 +0530
XXXX076X4305,3323.0,2026-04-05 10:33:00.000 +0530
XXXX076X4619,4304.0,2026-04-05 10:33:00.000 +0530
XXXX076X4653,3025.0,2026-04-05 10:33:00.000 +0530
XXXX076X4664,3472.0,2026-04-05 10:33:00.000 +0530
XXXX076X5176,4691.0,2026-04-05 10:33:00.000 +0530
XXXX076X5444,3080.0,2026-04-05 10:33:00.000 +0530
XXXX076X5499,4822.0,2026-04-05 10:33:00.000 +0530
XXXX076X5559,4661.0,2026-04-05 10:33:00.000 +0530
XXXX076X6557,4773.0,2026-04-05 10:33:00.000 +0530
XXXX076X6623,10012.0,2026-04-05 10:33:00.000 +0530
XXXX076X6639,4137.0,2026-04-05 10:33:00.000 +0530
XXXX076X6656,3273.0,2026-04-05 10:33:00.000 +0530
XXXX076X6794,4218.0,2026-04-05 10:33:00.000 +0530
XXXX076X7651,4147.0,2026-04-05 10:33:00.000 +0530
XXXX076X7777,3514.0,2026-04-05 10:33:00.000 +0530
XXXX076X8314,3537.0,2026-04-05 10:33:00.000 +0530
XXXX076X8603,2600.0,2026-04-05 10:33:00.000 +0530
XXXX076X8689,4291.0,2026-04-05 10:33:00.000 +0530
XXXX076X8908,3067.0,2026-04-05 10:33:00.000 +0530
XXXX076X8939,4911.0,2026-04-05 10:33:00.000 +0530
XXXX076X9028,4010.0,2026-04-05 10:33:00.000 +0530
XXXX076X9169,4238.0,2026-04-05 10:33:00.000 +0530
XXXX076X9227,3391.0,2026-04-05 10:33:00.000 +0530
XXXX076X9246,3383.0,2026-04-05 10:33:00.000 +0530
XXXX076X9294,3512.0,2026-04-05 10:33:00.000 +0530
XXXX076X9331,3515.0,2026-04-05 10:33:00.000 +0530
XXXX076X9369,3006.0,2026-04-05 10:33:00.000 +0530
XXXX076X9522,3116.0,2026-04-05 10:33:00.000 +0530
XXXX076X9581,3353.0,2026-04-05 10:33:00.000 +0530
XXXX076X9718,4522.0,2026-04-05 10:33:00.000 +0530
XXXX076X9825,4162.0,2026-04-05 10:33:00.000 +0530
XXXX076X9946,3768.0,2026-04-05 10:33:00.000 +0530
XXXX077X0014,3653.0,2026-04-05 10:33:00.000 +0530
XXXX077X0025,4874.0,2026-04-05 10:33:00.000 +0530
XXXX077X0300,3124.0,2026-04-05 10:33:00.000 +0530
XXXX077X0387,3536.0,2026-04-05 10:33:00.000 +0530
XXXX077X0471,3551.0,2026-04-05 10:33:00.000 +0530
XXXX077X0570,3242.0,2026-04-05 10:33:00.000 +0530
XXXX077X0582,4419.0,2026-04-05 10:33:00.000 +0530
XXXX077X0600,6366.0,2026-04-05 10:33:00.000 +0530
XXXX077X0617,3735.0,2026-04-05 10:33:00.000 +0530
XXXX077X0638,3444.0,2026-04-05 10:33:00.000 +0530
XXXX077X0645,3284.0,2026-04-05 10:33:00.000 +0530
XXXX077X0678,3741.0,2026-04-05 10:33:00.000 +0530
XXXX077X0737,3132.0,2026-04-05 10:33:00.000 +0530
XXXX077X0817,4027.0,2026-04-05 10:33:00.000 +0530
XXXX077X0843,2941.0,2026-04-05 10:33:00.000 +0530
XXXX077X0909,4166.0,2026-04-05 10:33:00.000 +0530
XXXX077X0952,3025.0,2026-04-05 10:33:00.000 +0530
XXXX077X0962,3348.0,2026-04-05 10:33:00.000 +0530
XXXX077X1050,4977.0,2026-04-05 10:33:00.000 +0530
XXXX077X1207,4013.0,2026-04-05 10:33:00.000 +0530
XXXX077X1315,2807.0,2026-04-05 10:33:00.000 +0530
XXXX077X1590,4111.0,2026-04-05 10:33:00.000 +0530
XXXX077X1604,5188.0,2026-04-05 10:33:00.000 +0530
XXXX077X1770,2803.0,2026-04-05 10:33:00.000 +0530
XXXX077X1921,5530.0,2026-04-05 10:33:00.000 +0530
XXXX077X2096,5920.0,2026-04-05 10:33:00.000 +0530
XXXX077X2188,4065.0,2026-04-05 10:33:00.000 +0530
XXXX077X2253,3386.0,2026-04-05 10:33:00.000 +0530
XXXX077X2382,3109.0,2026-04-05 10:33:00.000 +0530
XXXX077X2389,3526.0,2026-04-05 10:33:00.000 +0530
XXXX077X2396,4711.0,2026-04-05 10:33:00.000 +0530
XXXX077X2568,3548.0,2026-04-05 10:33:00.000 +0530
XXXX077X2581,4498.0,2026-04-05 10:33:00.000 +0530
XXXX077X2588,3942.0,2026-04-05 10:33:00.000 +0530
XXXX077X2617,2991.0,2026-04-05 10:33:00.000 +0530
XXXX077X2687,4223.0,2026-04-05 10:33:00.000 +0530
XXXX077X2706,5282.0,2026-04-05 10:33:00.000 +0530
XXXX077X2734,3648.0,2026-04-05 10:33:00.000 +0530
XXXX077X3068,4513.0,2026-04-05 10:33:00.000 +0530
XXXX077X3136,4933.0,2026-04-05 10:33:00.000 +0530
XXXX077X3211,3476.0,2026-04-05 10:33:00.000 +0530
XXXX077X3324,4410.0,2026-04-05 10:33:00.000 +0530
XXXX077X3328,4887.0,2026-04-05 10:33:00.000 +0530
XXXX077X3341,5447.0,2026-04-05 10:33:00.000 +0530
XXXX077X3345,3559.0,2026-04-05 10:33:00.000 +0530
XXXX077X3427,2990.0,2026-04-05 10:33:00.000 +0530
XXXX077X3624,4307.0,2026-04-05 10:33:00.000 +0530
XXXX077X3711,7511.0,2026-04-05 10:33:00.000 +0530
XXXX077X3830,5213.0,2026-04-05 10:33:00.000 +0530
XXXX077X3976,4152.0,2026-04-05 10:33:00.000 +0530
XXXX077X4038,4393.0,2026-04-05 10:33:00.000 +0530
XXXX077X4106,4320.0,2026-04-05 10:33:00.000 +0530
XXXX077X4142,4727.0,2026-04-05 10:33:00.000 +0530
XXXX077X4148,3700.0,2026-04-05 10:33:00.000 +0530
XXXX077X4192,4664.0,2026-04-05 10:33:00.000 +0530
XXXX077X4195,4529.0,2026-04-05 10:33:00.000 +0530
XXXX077X4495,3752.0,2026-04-05 10:33:00.000 +0530
XXXX077X4496,3292.0,2026-04-05 10:33:00.000 +0530
XXXX077X4532,4193.0,2026-04-05 10:33:00.000 +0530
XXXX077X4594,5550.0,2026-04-05 10:33:00.000 +0530
XXXX077X4930,4712.0,2026-04-05 10:33:00.000 +0530
XXXX077X5005,3819.0,2026-04-05 10:33:00.000 +0530
XXXX077X5125,2658.0,2026-04-05 10:33:00.000 +0530
XXXX077X5316,3597.0,2026-04-05 10:33:00.000 +0530
XXXX077X5348,4801.0,2026-04-05 10:33:00.000 +0530
XXXX077X5353,5027.0,2026-04-05 10:33:00.000 +0530
XXXX077X5447,2188.0,2026-04-05 10:33:00.000 +0530
XXXX077X5522,5647.0,2026-04-05 10:33:00.000 +0530
XXXX077X5577,3817.0,2026-04-05 10:33:00.000 +0530
XXXX077X5857,3796.0,2026-04-05 10:33:00.000 +0530
XXXX077X5858,2725.0,2026-04-05 10:33:00.000 +0530
XXXX077X5885,5221.0,2026-04-05 10:33:00.000 +0530
XXXX077X6059,3056.0,2026-04-05 10:33:00.000 +0530
XXXX077X6191,3466.0,2026-04-05 10:33:00.000 +0530
XXXX077X6219,3588.0,2026-04-05 10:33:00.000 +0530
XXXX077X6271,6874.0,2026-04-05 10:33:00.000 +0530
XXXX077X6277,2838.0,2026-04-05 10:33:00.000 +0530
XXXX077X6339,3700.0,2026-04-05 10:33:00.000 +0530
XXXX077X6616,3498.0,2026-04-05 10:33:00.000 +0530
XXXX077X6671,3418.0,2026-04-05 10:33:00.000 +0530
XXXX077X6747,3055.0,2026-04-05 10:33:00.000 +0530
XXXX077X6846,3631.0,2026-04-05 10:33:00.000 +0530
XXXX077X7001,2958.0,2026-04-05 10:33:00.000 +0530
XXXX077X7115,4882.0,2026-04-05 10:33:00.000 +0530
XXXX077X7237,3424.0,2026-04-05 10:33:00.000 +0530
XXXX077X7391,4216.0,2026-04-05 10:33:00.000 +0530
XXXX077X7514,4999.0,2026-04-05 10:33:00.000 +0530
XXXX077X7517,3590.0,2026-04-05 10:33:00.000 +0530
XXXX077X7538,3487.0,2026-04-05 10:33:00.000 +0530
XXXX077X7613,2601.0,2026-04-05 10:33:00.000 +0530
XXXX077X7740,3362.0,2026-04-05 10:33:00.000 +0530
XXXX077X7875,2698.0,2026-04-05 10:33:00.000 +0530
XXXX077X7898,3508.0,2026-04-05 10:33:00.000 +0530
XXXX077X7954,3116.0,2026-04-05 10:33:00.000 +0530
XXXX077X7965,3170.0,2026-04-05 10:33:00.000 +0530
XXXX077X7997,3972.0,2026-04-05 10:33:00.000 +0530
XXXX077X8001,3670.0,2026-04-05 10:33:00.000 +0530
XXXX077X8018,3244.0,2026-04-05 10:33:00.000 +0530
XXXX077X8057,3222.0,2026-04-05 10:33:00.000 +0530
XXXX077X8198,2988.0,2026-04-05 10:33:00.000 +0530
XXXX077X8258,4085.0,2026-04-05 10:33:00.000 +0530
XXXX077X8371,3938.0,2026-04-05 10:33:00.000 +0530
XXXX077X8521,3665.0,2026-04-05 10:33:00.000 +0530
XXXX077X8594,2231.0,2026-04-05 10:33:00.000 +0530
XXXX077X8595,3152.0,2026-04-05 10:33:00.000 +0530
XXXX077X8924,3286.0,2026-04-05 10:33:00.000 +0530
XXXX077X8973,3055.0,2026-04-05 10:33:00.000 +0530
XXXX077X9023,2914.0,2026-04-05 10:33:00.000 +0530
XXXX077X9050,3349.0,2026-04-05 10:33:00.000 +0530
XXXX077X9067,3676.0,2026-04-05 10:33:00.000 +0530
XXXX077X9074,6418.0,2026-04-05 10:33:00.000 +0530
XXXX077X9124,3549.0,2026-04-05 10:33:00.000 +0530
XXXX077X9185,3399.0,2026-04-05 10:33:00.000 +0530
XXXX077X9342,3843.0,2026-04-05 10:33:00.000 +0530
XXXX077X9518,3943.0,2026-04-05 10:33:00.000 +0530
XXXX077X9674,4565.0,2026-04-05 10:33:00.000 +0530
XXXX077X9730,3360.0,2026-04-05 10:33:00.000 +0530
XXXX077X9778,4742.0,2026-04-05 10:33:00.000 +0530
XXXX078X0044,3819.0,2026-04-05 10:33:00.000 +0530
XXXX078X0122,3635.0,2026-04-05 10:33:00.000 +0530
XXXX078X0182,3466.0,2026-04-05 10:33:00.000 +0530
XXXX078X0251,3133.0,2026-04-05 10:33:00.000 +0530
XXXX078X0327,5446.0,2026-04-05 10:33:00.000 +0530
XXXX078X0334,5297.0,2026-04-05 10:33:00.000 +0530
XXXX078X0351,3725.0,2026-04-05 10:33:00.000 +0530
XXXX078X0393,2826.0,2026-04-05 10:33:00.000 +0530
XXXX078X0395,3768.0,2026-04-05 10:33:00.000 +0530
XXXX078X0453,3419.0,2026-04-05 10:33:00.000 +0530
XXXX078X0570,4316.0,2026-04-05 10:33:00.000 +0530
XXXX078X0609,3655.0,2026-04-05 10:33:00.000 +0530
XXXX078X0867,2628.0,2026-04-05 10:33:00.000 +0530
XXXX078X0935,3408.0,2026-04-05 10:33:00.000 +0530
XXXX078X1070,4316.0,2026-04-05 10:33:00.000 +0530
XXXX078X1147,2929.0,2026-04-05 10:33:00.000 +0530
XXXX078X1327,4499.0,2026-04-05 10:33:00.000 +0530
XXXX078X1413,5154.0,2026-04-05 10:33:00.000 +0530
XXXX078X1465,3372.0,2026-04-05 10:33:00.000 +0530
XXXX078X1474,4410.0,2026-04-05 10:33:00.000 +0530
XXXX078X1521,4324.0,2026-04-05 10:33:00.000 +0530
XXXX078X1537,4399.0,2026-04-05 10:33:00.000 +0530
XXXX078X1559,4731.0,2026-04-05 10:33:00.000 +0530
XXXX078X1572,3475.0,2026-04-05 10:33:00.000 +0530
XXXX078X1715,3920.0,2026-04-05 10:33:00.000 +0530
XXXX078X1852,3269.0,2026-04-05 10:33:00.000 +0530
XXXX078X1872,4337.0,2026-04-05 10:33:00.000 +0530
XXXX078X1898,4089.0,2026-04-05 10:33:00.000 +0530
XXXX078X1943,3132.0,2026-04-05 10:33:00.000 +0530
XXXX078X2213,2957.0,2026-04-05 10:33:00.000 +0530
XXXX078X2228,4851.0,2026-04-05 10:33:00.000 +0530
XXXX078X2319,3054.0,2026-04-05 10:33:00.000 +0530
XXXX078X2440,3781.0,2026-04-05 10:33:00.000 +0530
XXXX078X2570,3957.0,2026-04-05 10:33:00.000 +0530
XXXX078X2591,3003.0,2026-04-05 10:33:00.000 +0530
XXXX078X2626,4783.0,2026-04-05 10:33:00.000 +0530
XXXX078X2642,3854.0,2026-04-05 10:33:00.000 +0530
XXXX078X2667,3185.0,2026-04-05 10:33:00.000 +0530
XXXX078X2668,3208.0,2026-04-05 10:33:00.000 +0530
XXXX078X2765,3899.0,2026-04-05 10:33:00.000 +0530
XXXX078X2785,3059.0,2026-04-05 10:33:00.000 +0530
XXXX078X2836,3032.0,2026-04-05 10:33:00.000 +0530
XXXX078X2931,3281.0,2026-04-05 10:33:00.000 +0530
XXXX078X3231,4347.0,2026-04-05 10:33:00.000 +0530
XXXX078X3460,5275.0,2026-04-05 10:33:00.000 +0530
XXXX078X3470,5006.0,2026-04-05 10:33:00.000 +0530
XXXX078X3539,2658.0,2026-04-05 10:33:00.000 +0530
XXXX078X3606,3338.0,2026-04-05 10:33:00.000 +0530
XXXX078X3639,4130.0,2026-04-05 10:33:00.000 +0530
XXXX078X3640,3891.0,2026-04-05 10:33:00.000 +0530
XXXX078X3774,3768.0,2026-04-05 10:33:00.000 +0530
XXXX078X3780,3389.0,2026-04-05 10:33:00.000 +0530
XXXX078X4160,3278.0,2026-04-05 10:33:00.000 +0530
XXXX078X4337,2146.0,2026-04-05 10:33:00.000 +0530
XXXX078X4639,3376.0,2026-04-05 10:33:00.000 +0530
XXXX078X4646,2649.0,2026-04-05 10:33:00.000 +0530
XXXX078X4675,2599.0,2026-04-05 10:33:00.000 +0530
XXXX078X4712,4781.0,2026-04-05 10:33:00.000 +0530
XXXX078X4716,4097.0,2026-04-05 10:33:00.000 +0530
XXXX078X4896,3170.0,2026-04-05 10:33:00.000 +0530
XXXX078X4971,3527.0,2026-04-05 10:33:00.000 +0530
XXXX078X5274,4773.0,2026-04-05 10:33:00.000 +0530
XXXX078X5281,3145.0,2026-04-05 10:33:00.000 +0530
XXXX078X5296,3265.0,2026-04-05 10:33:00.000 +0530
XXXX078X5352,3259.0,2026-04-05 10:33:00.000 +0530
XXXX078X5408,3017.0,2026-04-05 10:33:00.000 +0530
XXXX078X5434,5188.0,2026-04-05 10:33:00.000 +0530
XXXX078X5451,4721.0,2026-04-05 10:33:00.000 +0530
XXXX078X5480,3112.0,2026-04-05 10:33:00.000 +0530
XXXX078X5513,3117.0,2026-04-05 10:33:00.000 +0530
XXXX078X5546,3640.0,2026-04-05 10:33:00.000 +0530
XXXX078X5553,4960.0,2026-04-05 10:33:00.000 +0530
XXXX078X5678,4196.0,2026-04-05 10:33:00.000 +0530
XXXX078X5680,4861.0,2026-04-05 10:33:00.000 +0530
XXXX078X5706,3035.0,2026-04-05 10:33:00.000 +0530
XXXX078X5750,3342.0,2026-04-05 10:33:00.000 +0530
XXXX078X5818,5644.0,2026-04-05 10:33:00.000 +0530
XXXX078X5884,2995.0,2026-04-05 10:33:00.000 +0530
XXXX078X5887,3531.0,2026-04-05 10:33:00.000 +0530
XXXX078X5988,4630.0,2026-04-05 10:33:00.000 +0530
XXXX078X5993,4721.0,2026-04-05 10:33:00.000 +0530
XXXX078X6043,3995.0,2026-04-05 10:33:00.000 +0530
XXXX078X6165,3368.0,2026-04-05 10:33:00.000 +0530
XXXX078X6366,4316.0,2026-04-05 10:33:00.000 +0530
XXXX078X6380,3430.0,2026-04-05 10:33:00.000 +0530
XXXX078X6394,3102.0,2026-04-05 10:33:00.000 +0530
XXXX078X6504,4614.0,2026-04-05 10:33:00.000 +0530
XXXX078X6530,3492.0,2026-04-05 10:33:00.000 +0530
XXXX078X6568,3403.0,2026-04-05 10:33:00.000 +0530
XXXX078X6686,3483.0,2026-04-05 10:33:00.000 +0530
XXXX078X6923,4224.0,2026-04-05 10:33:00.000 +0530
XXXX078X7115,2864.0,2026-04-05 10:33:00.000 +0530
XXXX078X7135,3515.0,2026-04-05 10:33:00.000 +0530
XXXX078X7552,3886.0,2026-04-05 10:33:00.000 +0530
XXXX078X7699,2872.0,2026-04-05 10:33:00.000 +0530
XXXX078X7841,4691.0,2026-04-05 10:33:00.000 +0530
XXXX078X7849,4036.0,2026-04-05 10:33:00.000 +0530
XXXX078X7852,3410.0,2026-04-05 10:33:00.000 +0530
XXXX078X7862,4476.0,2026-04-05 10:33:00.000 +0530
XXXX078X7889,3845.0,2026-04-05 10:33:00.000 +0530
XXXX078X7966,3289.0,2026-04-05 10:33:00.000 +0530
XXXX078X7989,3029.0,2026-04-05 10:33:00.000 +0530
XXXX078X7992,5136.0,2026-04-05 10:33:00.000 +0530
XXXX078X8047,3597.0,2026-04-05 10:33:00.000 +0530
XXXX078X8118,5224.0,2026-04-05 10:33:00.000 +0530
XXXX078X8141,3390.0,2026-04-05 10:33:00.000 +0530
XXXX078X8385,3625.0,2026-04-05 10:33:00.000 +0530
XXXX078X8536,3404.0,2026-04-05 10:33:00.000 +0530
XXXX078X8550,5074.0,2026-04-05 10:33:00.000 +0530
XXXX078X8644,3202.0,2026-04-05 10:33:00.000 +0530
XXXX078X8646,3539.0,2026-04-05 10:33:00.000 +0530
XXXX078X8833,3730.0,2026-04-05 10:33:00.000 +0530
XXXX078X8859,3922.0,2026-04-05 10:33:00.000 +0530
XXXX078X8961,4029.0,2026-04-05 10:33:00.000 +0530
XXXX078X9121,3364.0,2026-04-05 10:33:00.000 +0530
XXXX078X9122,3918.0,2026-04-05 10:33:00.000 +0530
XXXX078X9152,4121.0,2026-04-05 10:33:00.000 +0530
XXXX078X9251,9985.0,2026-04-05 10:33:00.000 +0530
XXXX078X9257,3819.0,2026-04-05 10:33:00.000 +0530
XXXX078X9414,2601.0,2026-04-05 10:33:00.000 +0530
XXXX078X9464,3211.0,2026-04-05 10:33:00.000 +0530
XXXX078X9536,2682.0,2026-04-05 10:33:00.000 +0530
XXXX078X9579,3679.0,2026-04-05 10:33:00.000 +0530
XXXX078X9726,5188.0,2026-04-05 10:33:00.000 +0530
XXXX078X9884,3424.0,2026-04-05 10:33:00.000 +0530
XXXX078X9921,3009.0,2026-04-05 10:33:00.000 +0530
XXXX078X9985,3219.0,2026-04-05 10:33:00.000 +0530
XXXX079X0170,3995.0,2026-04-05 10:33:00.000 +0530
XXXX079X0183,3164.0,2026-04-05 10:33:00.000 +0530
XXXX079X0306,2957.0,2026-04-05 10:33:00.000 +0530
XXXX079X0313,2994.0,2026-04-05 10:33:00.000 +0530
XXXX079X0474,3542.0,2026-04-05 10:33:00.000 +0530
XXXX079X0544,3015.0,2026-04-05 10:33:00.000 +0530
XXXX079X0610,3962.0,2026-04-05 10:33:00.000 +0530
XXXX079X0646,3135.0,2026-04-05 10:33:00.000 +0530
XXXX079X0684,3770.0,2026-04-05 10:33:00.000 +0530
XXXX079X0763,4980.0,2026-04-05 10:33:00.000 +0530
XXXX079X0803,3783.0,2026-04-05 10:33:00.000 +0530
XXXX079X0805,3242.0,2026-04-05 10:33:00.000 +0530
XXXX079X0851,3787.0,2026-04-05 10:33:00.000 +0530
XXXX079X0855,5099.0,2026-04-05 10:33:00.000 +0530
XXXX079X0990,4295.0,2026-04-05 10:33:00.000 +0530
XXXX079X1142,3357.0,2026-04-05 10:33:00.000 +0530
XXXX079X1265,4532.0,2026-04-05 10:33:00.000 +0530
XXXX079X1448,2932.0,2026-04-05 10:33:00.000 +0530
XXXX079X1460,4606.0,2026-04-05 10:33:00.000 +0530
XXXX079X1482,2852.0,2026-04-05 10:33:00.000 +0530
XXXX079X1515,10787.0,2026-04-05 10:33:00.000 +0530
XXXX079X1609,4078.0,2026-04-05 10:33:00.000 +0530
XXXX079X1663,3397.0,2026-04-05 10:33:00.000 +0530
XXXX079X1689,4301.0,2026-04-05 10:33:00.000 +0530
XXXX079X1819,3613.0,2026-04-05 10:33:00.000 +0530
XXXX079X1982,3839.0,2026-04-05 10:33:00.000 +0530
XXXX079X2074,3554.0,2026-04-05 10:33:00.000 +0530
XXXX079X2238,3495.0,2026-04-05 10:33:00.000 +0530
XXXX079X2700,2562.0,2026-04-05 10:33:00.000 +0530
XXXX079X2714,3187.0,2026-04-05 10:33:00.000 +0530
XXXX079X2814,3491.0,2026-04-05 10:33:00.000 +0530
XXXX079X2860,3607.0,2026-04-05 10:33:00.000 +0530
XXXX079X2904,4809.0,2026-04-05 10:33:00.000 +0530
XXXX079X3071,4419.0,2026-04-05 10:33:00.000 +0530
XXXX079X3112,3259.0,2026-04-05 10:33:00.000 +0530
XXXX079X3170,3156.0,2026-04-05 10:33:00.000 +0530
XXXX079X3317,2939.0,2026-04-05 10:33:00.000 +0530
XXXX079X3381,2616.0,2026-04-05 10:33:00.000 +0530
XXXX079X3426,2387.0,2026-04-05 10:33:00.000 +0530
XXXX079X3526,3639.0,2026-04-05 10:33:00.000 +0530
XXXX079X3684,4254.0,2026-04-05 10:33:00.000 +0530
XXXX079X3837,3135.0,2026-04-05 10:33:00.000 +0530
XXXX079X4017,3863.0,2026-04-05 10:33:00.000 +0530
XXXX079X4024,3841.0,2026-04-05 10:33:00.000 +0530
XXXX079X4292,3199.0,2026-04-05 10:33:00.000 +0530
XXXX079X4374,3768.0,2026-04-05 10:33:00.000 +0530
XXXX079X4400,3751.0,2026-04-05 10:33:00.000 +0530
XXXX079X4485,3613.0,2026-04-05 10:33:00.000 +0530
XXXX079X4557,3735.0,2026-04-05 10:33:00.000 +0530
XXXX079X4589,4296.0,2026-04-05 10:33:00.000 +0530
XXXX079X4829,3766.0,2026-04-05 10:33:00.000 +0530
XXXX079X4877,3368.0,2026-04-05 10:33:00.000 +0530
XXXX079X4965,3408.0,2026-04-05 10:33:00.000 +0530
XXXX079X4970,2248.0,2026-04-05 10:33:00.000 +0530
XXXX079X5248,3165.0,2026-04-05 10:33:00.000 +0530
XXXX079X5274,5679.0,2026-04-05 10:33:00.000 +0530
XXXX079X5354,4125.0,2026-04-05 10:33:00.000 +0530
XXXX079X5355,4410.0,2026-04-05 10:33:00.000 +0530
XXXX079X5373,4377.0,2026-04-05 10:33:00.000 +0530
XXXX079X5433,3297.0,2026-04-05 10:33:00.000 +0530
XXXX079X5452,2890.0,2026-04-05 10:33:00.000 +0530
XXXX079X5501,3984.0,2026-04-05 10:33:00.000 +0530
XXXX079X5530,5183.0,2026-04-05 10:33:00.000 +0530
XXXX079X5558,5137.0,2026-04-05 10:33:00.000 +0530
XXXX079X5646,4306.0,2026-04-05 10:33:00.000 +0530
XXXX079X5696,2845.0,2026-04-05 10:33:00.000 +0530
XXXX079X5698,3834.0,2026-04-05 10:33:00.000 +0530
XXXX079X5738,3482.0,2026-04-05 10:33:00.000 +0530
XXXX079X5843,3819.0,2026-04-05 10:33:00.000 +0530
XXXX079X5848,3050.0,2026-04-05 10:33:00.000 +0530
XXXX079X5880,3639.0,2026-04-05 10:33:00.000 +0530
XXXX079X5985,4052.0,2026-04-05 10:33:00.000 +0530
XXXX079X6075,3876.0,2026-04-05 10:33:00.000 +0530
XXXX079X6105,5188.0,2026-04-05 10:33:00.000 +0530
XXXX079X6202,4988.0,2026-04-05 10:33:00.000 +0530
XXXX079X6251,3113.0,2026-04-05 10:33:00.000 +0530
XXXX079X6372,4908.0,2026-04-05 10:33:00.000 +0530
XXXX079X6532,3148.0,2026-04-05 10:33:00.000 +0530
XXXX079X6564,3534.0,2026-04-05 10:33:00.000 +0530
XXXX079X6683,3300.0,2026-04-05 10:33:00.000 +0530
XXXX079X6865,3823.0,2026-04-05 10:33:00.000 +0530
XXXX079X6915,4047.0,2026-04-05 10:33:00.000 +0530
XXXX079X6958,3323.0,2026-04-05 10:33:00.000 +0530
XXXX079X7016,4581.0,2026-04-05 10:33:00.000 +0530
XXXX079X7102,2788.0,2026-04-05 10:33:00.000 +0530
XXXX079X7122,3623.0,2026-04-05 10:33:00.000 +0530
XXXX079X7172,4428.0,2026-04-05 10:33:00.000 +0530
XXXX079X7213,4701.0,2026-04-05 10:33:00.000 +0530
XXXX079X7351,4416.0,2026-04-05 10:33:00.000 +0530
XXXX079X7479,3273.0,2026-04-05 10:33:00.000 +0530
XXXX079X7536,3447.0,2026-04-05 10:33:00.000 +0530
XXXX079X7764,3951.0,2026-04-05 10:33:00.000 +0530
XXXX079X7769,3057.0,2026-04-05 10:33:00.000 +0530
XXXX079X7780,3657.0,2026-04-05 10:33:00.000 +0530
XXXX079X7789,3709.0,2026-04-05 10:33:00.000 +0530
XXXX079X7869,3552.0,2026-04-05 10:33:00.000 +0530
XXXX079X7876,3594.0,2026-04-05 10:33:00.000 +0530
XXXX079X7912,4440.0,2026-04-05 10:33:00.000 +0530
XXXX079X7949,3819.0,2026-04-05 10:33:00.000 +0530
XXXX079X7988,3380.0,2026-04-05 10:33:00.000 +0530
XXXX079X8101,3811.0,2026-04-05 10:33:00.000 +0530
XXXX079X8120,3330.0,2026-04-05 10:33:00.000 +0530
XXXX079X8137,3796.0,2026-04-05 10:33:00.000 +0530
XXXX079X8181,3927.0,2026-04-05 10:33:00.000 +0530
XXXX079X8217,2582.0,2026-04-05 10:33:00.000 +0530
XXXX079X8246,3097.0,2026-04-05 10:33:00.000 +0530
XXXX079X8337,4008.0,2026-04-05 10:33:00.000 +0530
XXXX079X8387,3710.0,2026-04-05 10:33:00.000 +0530
XXXX079X8422,3535.0,2026-04-05 10:33:00.000 +0530
XXXX079X8499,4617.0,2026-04-05 10:33:00.000 +0530
XXXX079X8510,4047.0,2026-04-05 10:33:00.000 +0530
XXXX079X8530,3700.0,2026-04-05 10:33:00.000 +0530
XXXX079X8545,3300.0,2026-04-05 10:33:00.000 +0530
XXXX079X8547,4091.0,2026-04-05 10:33:00.000 +0530
XXXX079X8548,5831.0,2026-04-05 10:33:00.000 +0530
XXXX079X8637,3812.0,2026-04-05 10:33:00.000 +0530
XXXX079X8648,3304.0,2026-04-05 10:33:00.000 +0530
XXXX079X8658,3083.0,2026-04-05 10:33:00.000 +0530
XXXX079X8724,4533.0,2026-04-05 10:33:00.000 +0530
XXXX079X8747,4991.0,2026-04-05 10:33:00.000 +0530
XXXX079X8763,3191.0,2026-04-05 10:33:00.000 +0530
XXXX079X8971,3351.0,2026-04-05 10:33:00.000 +0530
XXXX079X9040,4363.0,2026-04-05 10:33:00.000 +0530
XXXX079X9360,3058.0,2026-04-05 10:33:00.000 +0530
XXXX079X9466,4739.0,2026-04-05 10:33:00.000 +0530
XXXX079X9676,3880.0,2026-04-05 10:33:00.000 +0530
XXXX079X9705,3605.0,2026-04-05 10:33:00.000 +0530
XXXX079X9750,4383.0,2026-04-05 10:33:00.000 +0530
XXXX079X9851,3044.0,2026-04-05 10:33:00.000 +0530
XXXX079X9969,3674.0,2026-04-05 10:33:00.000 +0530
XXXX080X0007,3048.0,2026-04-05 10:33:00.000 +0530
XXXX080X0379,4404.0,2026-04-05 10:33:00.000 +0530
XXXX080X0405,3982.0,2026-04-05 10:33:00.000 +0530
XXXX080X0427,3303.0,2026-04-05 10:33:00.000 +0530
XXXX080X0570,5090.0,2026-04-05 10:33:00.000 +0530
XXXX080X0631,3498.0,2026-04-05 10:33:00.000 +0530
XXXX080X0694,3628.0,2026-04-05 10:33:00.000 +0530
XXXX080X0719,4721.0,2026-04-05 10:33:00.000 +0530
XXXX080X1096,3246.0,2026-04-05 10:33:00.000 +0530
XXXX080X1291,4513.0,2026-04-05 10:33:00.000 +0530
XXXX080X1324,3891.0,2026-04-05 10:33:00.000 +0530
XXXX080X1369,3161.0,2026-04-05 10:33:00.000 +0530
XXXX080X1489,4690.0,2026-04-05 10:33:00.000 +0530
XXXX080X1510,3521.0,2026-04-05 10:33:00.000 +0530
XXXX080X1636,4358.0,2026-04-05 10:33:00.000 +0530
XXXX080X1700,3819.0,2026-04-05 10:33:00.000 +0530
XXXX080X1708,5867.0,2026-04-05 10:33:00.000 +0530
XXXX080X1710,3773.0,2026-04-05 10:33:00.000 +0530
XXXX080X1770,3242.0,2026-04-05 10:33:00.000 +0530
XXXX080X1827,4453.0,2026-04-05 10:33:00.000 +0530
XXXX080X1904,2915.0,2026-04-05 10:33:00.000 +0530
XXXX080X1924,3323.0,2026-04-05 10:33:00.000 +0530
XXXX080X1932,3749.0,2026-04-05 10:33:00.000 +0530
XXXX080X2006,2867.0,2026-04-05 10:33:00.000 +0530
XXXX080X2226,3654.0,2026-04-05 10:33:00.000 +0530
XXXX080X2272,3722.0,2026-04-05 10:33:00.000 +0530
XXXX080X2555,4595.0,2026-04-05 10:33:00.000 +0530
XXXX080X2972,3891.0,2026-04-05 10:33:00.000 +0530
XXXX080X3093,3345.0,2026-04-05 10:33:00.000 +0530
XXXX080X3192,3952.0,2026-04-05 10:33:00.000 +0530
XXXX080X3301,5473.0,2026-04-05 10:33:00.000 +0530
XXXX080X3313,3539.0,2026-04-05 10:33:00.000 +0530
XXXX080X3412,3198.0,2026-04-05 10:33:00.000 +0530
XXXX080X3562,2044.0,2026-04-05 10:33:00.000 +0530
XXXX080X3622,2957.0,2026-04-05 10:33:00.000 +0530
XXXX080X3685,3502.0,2026-04-05 10:33:00.000 +0530
XXXX080X3713,3940.0,2026-04-05 10:33:00.000 +0530
XXXX080X3769,4008.0,2026-04-05 10:33:00.000 +0530
XXXX080X3795,5180.0,2026-04-05 10:33:00.000 +0530
XXXX080X3824,3411.0,2026-04-05 10:33:00.000 +0530
XXXX080X3826,3418.0,2026-04-05 10:33:00.000 +0530
XXXX080X3827,3285.0,2026-04-05 10:33:00.000 +0530
XXXX080X3835,3197.0,2026-04-05 10:33:00.000 +0530
XXXX080X3886,3624.0,2026-04-05 10:33:00.000 +0530
XXXX080X3920,2975.0,2026-04-05 10:33:00.000 +0530
XXXX080X3948,3709.0,2026-04-05 10:33:00.000 +0530
XXXX080X3964,2812.0,2026-04-05 10:33:00.000 +0530
XXXX080X4068,4140.0,2026-04-05 10:33:00.000 +0530
XXXX080X4122,3353.0,2026-04-05 10:33:00.000 +0530
XXXX080X4225,3647.0,2026-04-05 10:33:00.000 +0530
XXXX080X4243,2916.0,2026-04-05 10:33:00.000 +0530
XXXX080X4270,4944.0,2026-04-05 10:33:00.000 +0530
XXXX080X4285,3841.0,2026-04-05 10:33:00.000 +0530
XXXX080X4326,3093.0,2026-04-05 10:33:00.000 +0530
XXXX080X4390,4659.0,2026-04-05 10:33:00.000 +0530
XXXX080X4399,5116.0,2026-04-05 10:33:00.000 +0530
XXXX080X4605,3342.0,2026-04-05 10:33:00.000 +0530
XXXX080X4719,2100.0,2026-04-05 10:33:00.000 +0530
XXXX080X4808,2960.0,2026-04-05 10:33:00.000 +0530
XXXX080X4927,3616.0,2026-04-05 10:33:00.000 +0530
XXXX080X4947,4842.0,2026-04-05 10:33:00.000 +0530
XXXX080X5066,4245.0,2026-04-05 10:33:00.000 +0530
XXXX080X5113,4086.0,2026-04-05 10:33:00.000 +0530
XXXX080X5121,3323.0,2026-04-05 10:33:00.000 +0530
XXXX080X5169,4161.0,2026-04-05 10:33:00.000 +0530
XXXX080X5285,3819.0,2026-04-05 10:33:00.000 +0530
XXXX080X5331,3748.0,2026-04-05 10:33:00.000 +0530
XXXX080X5494,3995.0,2026-04-05 10:33:00.000 +0530
XXXX080X5554,3436.0,2026-04-05 10:33:00.000 +0530
XXXX080X5759,5339.0,2026-04-05 10:33:00.000 +0530
XXXX080X5803,3552.0,2026-04-05 10:33:00.000 +0530
XXXX080X5982,5191.0,2026-04-05 10:33:00.000 +0530
XXXX080X6031,3848.0,2026-04-05 10:33:00.000 +0530
XXXX080X6084,5162.0,2026-04-05 10:33:00.000 +0530
XXXX080X6124,3580.0,2026-04-05 10:33:00.000 +0530
XXXX080X6144,3601.0,2026-04-05 10:33:00.000 +0530
XXXX080X6247,3055.0,2026-04-05 10:33:00.000 +0530
XXXX080X6266,3489.0,2026-04-05 10:33:00.000 +0530
XXXX080X6281,3629.0,2026-04-05 10:33:00.000 +0530
XXXX080X6319,3227.0,2026-04-05 10:33:00.000 +0530
XXXX080X6412,4352.0,2026-04-05 10:33:00.000 +0530
XXXX080X6447,3592.0,2026-04-05 10:33:00.000 +0530
XXXX080X6454,4908.0,2026-04-05 10:33:00.000 +0530
XXXX080X6480,3628.0,2026-04-05 10:33:00.000 +0530
XXXX080X6552,3535.0,2026-04-05 10:33:00.000 +0530
XXXX080X6561,4109.0,2026-04-05 10:33:00.000 +0530
XXXX080X6618,3679.0,2026-04-05 10:33:00.000 +0530
XXXX080X6663,4908.0,2026-04-05 10:33:00.000 +0530
XXXX080X6763,4363.0,2026-04-05 10:33:00.000 +0530
XXXX080X6797,3300.0,2026-04-05 10:33:00.000 +0530
XXXX080X6836,3813.0,2026-04-05 10:33:00.000 +0530
XXXX080X6881,3725.0,2026-04-05 10:33:00.000 +0530
XXXX080X6998,2532.0,2026-04-05 10:33:00.000 +0530
XXXX080X7157,2569.0,2026-04-05 10:33:00.000 +0530
XXXX080X7218,2438.0,2026-04-05 10:33:00.000 +0530
XXXX080X7222,3424.0,2026-04-05 10:33:00.000 +0530
XXXX080X7231,3491.0,2026-04-05 10:33:00.000 +0530
XXXX080X7262,1997.0,2026-04-05 10:33:00.000 +0530
XXXX080X7270,3786.0,2026-04-05 10:33:00.000 +0530
XXXX080X7394,4058.0,2026-04-05 10:33:00.000 +0530
XXXX080X7413,4111.0,2026-04-05 10:33:00.000 +0530
XXXX080X7414,3144.0,2026-04-05 10:33:00.000 +0530
XXXX080X7415,3521.0,2026-04-05 10:33:00.000 +0530
XXXX080X7457,4153.0,2026-04-05 10:33:00.000 +0530
XXXX080X7553,3399.0,2026-04-05 10:33:00.000 +0530
XXXX080X7564,3437.0,2026-04-05 10:33:00.000 +0530
XXXX080X7620,3104.0,2026-04-05 10:33:00.000 +0530
XXXX080X7623,3274.0,2026-04-05 10:33:00.000 +0530
XXXX080X7640,3419.0,2026-04-05 10:33:00.000 +0530
XXXX080X7701,3227.0,2026-04-05 10:33:00.000 +0530
XXXX080X8117,3059.0,2026-04-05 10:33:00.000 +0530
XXXX080X8272,2637.0,2026-04-05 10:33:00.000 +0530
XXXX080X8342,2999.0,2026-04-05 10:33:00.000 +0530
XXXX080X8494,3009.0,2026-04-05 10:33:00.000 +0530
XXXX080X8722,2600.0,2026-04-05 10:33:00.000 +0530
XXXX080X8795,4807.0,2026-04-05 10:33:00.000 +0530
XXXX080X9072,3943.0,2026-04-05 10:33:00.000 +0530
XXXX080X9102,3274.0,2026-04-05 10:33:00.000 +0530
XXXX080X9121,4769.0,2026-04-05 10:33:00.000 +0530
XXXX080X9235,2692.0,2026-04-05 10:33:00.000 +0530
XXXX080X9256,3428.0,2026-04-05 10:33:00.000 +0530
XXXX080X9287,5398.0,2026-04-05 10:33:00.000 +0530
XXXX080X9353,3768.0,2026-04-05 10:33:00.000 +0530
XXXX080X9398,4021.0,2026-04-05 10:33:00.000 +0530
XXXX080X9492,3709.0,2026-04-05 10:33:00.000 +0530
XXXX080X9532,4727.0,2026-04-05 10:33:00.000 +0530
XXXX080X9692,4583.0,2026-04-05 10:33:00.000 +0530
XXXX080X9716,4202.0,2026-04-05 10:33:00.000 +0530
XXXX080X9723,3139.0,2026-04-05 10:33:00.000 +0530
XXXX080X9775,2864.0,2026-04-05 10:33:00.000 +0530
XXXX080X9989,5680.0,2026-04-05 10:33:00.000 +0530
XXXX081X0357,3943.0,2026-04-05 10:33:00.000 +0530
XXXX081X0455,3631.0,2026-04-05 10:33:00.000 +0530
XXXX081X0496,4408.0,2026-04-05 10:33:00.000 +0530
XXXX081X0537,3226.0,2026-04-05 10:33:00.000 +0530
XXXX081X0578,3125.0,2026-04-05 10:33:00.000 +0530
XXXX081X0664,2731.0,2026-04-05 10:33:00.000 +0530
XXXX081X0670,5028.0,2026-04-05 10:33:00.000 +0530
XXXX081X0707,5414.0,2026-04-05 10:33:00.000 +0530
XXXX081X0714,4674.0,2026-04-05 10:33:00.000 +0530
XXXX081X0912,3113.0,2026-04-05 10:33:00.000 +0530
XXXX081X0985,3838.0,2026-04-05 10:33:00.000 +0530
XXXX081X1260,4306.0,2026-04-05 10:33:00.000 +0530
XXXX081X1290,4170.0,2026-04-05 10:33:00.000 +0530
XXXX081X1351,2880.0,2026-04-05 10:33:00.000 +0530
XXXX081X1392,3706.0,2026-04-05 10:33:00.000 +0530
XXXX081X1568,3340.0,2026-04-05 10:33:00.000 +0530
XXXX081X1744,4513.0,2026-04-05 10:33:00.000 +0530
XXXX081X1769,4451.0,2026-04-05 10:33:00.000 +0530
XXXX081X1790,3186.0,2026-04-05 10:33:00.000 +0530
XXXX081X1857,4625.0,2026-04-05 10:33:00.000 +0530
XXXX081X1864,4479.0,2026-04-05 10:33:00.000 +0530
XXXX081X1927,3890.0,2026-04-05 10:33:00.000 +0530
XXXX081X1985,3658.0,2026-04-05 10:33:00.000 +0530
XXXX081X2021,3976.0,2026-04-05 10:33:00.000 +0530
XXXX081X2068,5958.0,2026-04-05 10:33:00.000 +0530
XXXX081X2106,4589.0,2026-04-05 10:33:00.000 +0530
XXXX081X2167,3787.0,2026-04-05 10:33:00.000 +0530
XXXX081X2248,4117.0,2026-04-05 10:33:00.000 +0530
XXXX081X2364,4260.0,2026-04-05 10:33:00.000 +0530
XXXX081X2555,3101.0,2026-04-05 10:33:00.000 +0530
XXXX081X2669,3140.0,2026-04-05 10:33:00.000 +0530
XXXX081X2708,4270.0,2026-04-05 10:33:00.000 +0530
XXXX081X2799,3206.0,2026-04-05 10:33:00.000 +0530
XXXX081X2812,7551.0,2026-04-05 10:33:00.000 +0530
XXXX081X2852,2758.0,2026-04-05 10:33:00.000 +0530
XXXX081X2904,3353.0,2026-04-05 10:33:00.000 +0530
XXXX081X2910,5350.0,2026-04-05 10:33:00.000 +0530
XXXX081X3040,3032.0,2026-04-05 10:33:00.000 +0530
XXXX081X3140,4991.0,2026-04-05 10:33:00.000 +0530
XXXX081X3231,3756.0,2026-04-05 10:33:00.000 +0530
XXXX081X3274,4228.0,2026-04-05 10:33:00.000 +0530
XXXX081X3298,4321.0,2026-04-05 10:33:00.000 +0530
XXXX081X3454,3390.0,2026-04-05 10:33:00.000 +0530
XXXX081X3458,4371.0,2026-04-05 10:33:00.000 +0530
XXXX081X3461,3097.0,2026-04-05 10:33:00.000 +0530
XXXX081X3617,3342.0,2026-04-05 10:33:00.000 +0530
XXXX081X3892,3124.0,2026-04-05 10:33:00.000 +0530
XXXX081X4041,5971.0,2026-04-05 10:33:00.000 +0530
XXXX081X4360,3665.0,2026-04-05 10:33:00.000 +0530
XXXX081X4380,3096.0,2026-04-05 10:33:00.000 +0530
XXXX081X4387,3838.0,2026-04-05 10:33:00.000 +0530
XXXX081X4404,4088.0,2026-04-05 10:33:00.000 +0530
XXXX081X4410,4456.0,2026-04-05 10:33:00.000 +0530
XXXX081X4471,4353.0,2026-04-05 10:33:00.000 +0530
XXXX081X4484,7112.0,2026-04-05 10:33:00.000 +0530
XXXX081X4572,4212.0,2026-04-05 10:33:00.000 +0530
XXXX081X4584,3315.0,2026-04-05 10:33:00.000 +0530
XXXX081X4590,3637.0,2026-04-05 10:33:00.000 +0530
XXXX081X4615,3724.0,2026-04-05 10:33:00.000 +0530
XXXX081X4660,3927.0,2026-04-05 10:33:00.000 +0530
XXXX081X4678,4301.0,2026-04-05 10:33:00.000 +0530
XXXX081X4978,3911.0,2026-04-05 10:33:00.000 +0530
XXXX081X4990,3970.0,2026-04-05 10:33:00.000 +0530
XXXX081X5315,3475.0,2026-04-05 10:33:00.000 +0530
XXXX081X5397,5829.0,2026-04-05 10:33:00.000 +0530
XXXX081X5557,3208.0,2026-04-05 10:33:00.000 +0530
XXXX081X5601,4861.0,2026-04-05 10:33:00.000 +0530
XXXX081X5788,7561.0,2026-04-05 10:33:00.000 +0530
XXXX081X5899,2984.0,2026-04-05 10:33:00.000 +0530
XXXX081X5911,3303.0,2026-04-05 10:33:00.000 +0530
XXXX081X5982,3743.0,2026-04-05 10:33:00.000 +0530
XXXX081X6030,4078.0,2026-04-05 10:33:00.000 +0530
XXXX081X6116,3293.0,2026-04-05 10:33:00.000 +0530
XXXX081X6264,4645.0,2026-04-05 10:33:00.000 +0530
XXXX081X6284,3839.0,2026-04-05 10:33:00.000 +0530
XXXX081X6288,3119.0,2026-04-05 10:33:00.000 +0530
XXXX081X6329,4770.0,2026-04-05 10:33:00.000 +0530
XXXX081X6341,3461.0,2026-04-05 10:33:00.000 +0530
XXXX081X6495,4508.0,2026-04-05 10:33:00.000 +0530
XXXX081X6544,4115.0,2026-04-05 10:33:00.000 +0530
XXXX081X6597,4058.0,2026-04-05 10:33:00.000 +0530
XXXX081X6603,5651.0,2026-04-05 10:33:00.000 +0530
XXXX081X6859,4272.0,2026-04-05 10:33:00.000 +0530
XXXX081X6900,3019.0,2026-04-05 10:33:00.000 +0530
XXXX081X6953,3165.0,2026-04-05 10:33:00.000 +0530
XXXX081X7002,3720.0,2026-04-05 10:33:00.000 +0530
XXXX081X7344,3340.0,2026-04-05 10:33:00.000 +0530
XXXX081X7379,3972.0,2026-04-05 10:33:00.000 +0530
XXXX081X7458,3865.0,2026-04-05 10:33:00.000 +0530
XXXX081X7465,4358.0,2026-04-05 10:33:00.000 +0530
XXXX081X7537,3501.0,2026-04-05 10:33:00.000 +0530
XXXX081X7690,4451.0,2026-04-05 10:33:00.000 +0530
XXXX081X7728,6495.0,2026-04-05 10:33:00.000 +0530
XXXX081X8054,4155.0,2026-04-05 10:33:00.000 +0530
XXXX081X8133,4669.0,2026-04-05 10:33:00.000 +0530
XXXX081X8214,3257.0,2026-04-05 10:33:00.000 +0530
XXXX081X8251,6310.0,2026-04-05 10:33:00.000 +0530
XXXX081X8350,3349.0,2026-04-05 10:33:00.000 +0530
XXXX081X8357,4610.0,2026-04-05 10:33:00.000 +0530
XXXX081X8360,3101.0,2026-04-05 10:33:00.000 +0530
XXXX081X8382,4123.0,2026-04-05 10:33:00.000 +0530
XXXX081X8473,3197.0,2026-04-05 10:33:00.000 +0530
XXXX081X8510,3597.0,2026-04-05 10:33:00.000 +0530
XXXX081X8613,3097.0,2026-04-05 10:33:00.000 +0530
XXXX081X8653,4001.0,2026-04-05 10:33:00.000 +0530
XXXX081X8976,3137.0,2026-04-05 10:33:00.000 +0530
XXXX081X9017,3957.0,2026-04-05 10:33:00.000 +0530
XXXX081X9104,4804.0,2026-04-05 10:33:00.000 +0530
XXXX081X9135,5646.0,2026-04-05 10:33:00.000 +0530
XXXX081X9225,4254.0,2026-04-05 10:33:00.000 +0530
XXXX081X9398,4690.0,2026-04-05 10:33:00.000 +0530
XXXX081X9459,3289.0,2026-04-05 10:33:00.000 +0530
XXXX081X9588,2720.0,2026-04-05 10:33:00.000 +0530
XXXX081X9768,3455.0,2026-04-05 10:33:00.000 +0530
XXXX081X9866,5870.0,2026-04-05 10:33:00.000 +0530
XXXX081X9903,3391.0,2026-04-05 10:33:00.000 +0530
XXXX081X9930,4130.0,2026-04-05 10:33:00.000 +0530
XXXX081X9947,4934.0,2026-04-05 10:33:00.000 +0530
XXXX081X9973,2812.0,2026-04-05 10:33:00.000 +0530
XXXX082X0006,4119.0,2026-04-05 10:33:00.000 +0530
XXXX082X0015,3659.0,2026-04-05 10:33:00.000 +0530
XXXX082X0039,3741.0,2026-04-05 10:33:00.000 +0530
XXXX082X0074,3059.0,2026-04-05 10:33:00.000 +0530
XXXX082X0119,5002.0,2026-04-05 10:33:00.000 +0530
XXXX082X0158,6531.0,2026-04-05 10:33:00.000 +0530
XXXX082X0176,3501.0,2026-04-05 10:33:00.000 +0530
XXXX082X0207,4902.0,2026-04-05 10:33:00.000 +0530
XXXX082X0285,3875.0,2026-04-05 10:33:00.000 +0530
XXXX082X0368,3735.0,2026-04-05 10:33:00.000 +0530
XXXX082X0369,2973.0,2026-04-05 10:33:00.000 +0530
XXXX082X0372,4083.0,2026-04-05 10:33:00.000 +0530
XXXX082X0447,8197.0,2026-04-05 10:33:00.000 +0530
XXXX082X0589,3085.0,2026-04-05 10:33:00.000 +0530
XXXX082X0594,3109.0,2026-04-05 10:33:00.000 +0530
XXXX082X0598,2979.0,2026-04-05 10:33:00.000 +0530
XXXX082X0613,3014.0,2026-04-05 10:33:00.000 +0530
XXXX082X0730,4642.0,2026-04-05 10:33:00.000 +0530
XXXX082X0734,4486.0,2026-04-05 10:33:00.000 +0530
XXXX082X0744,3430.0,2026-04-05 10:33:00.000 +0530
XXXX082X0746,5625.0,2026-04-05 10:33:00.000 +0530
XXXX082X0773,5817.0,2026-04-05 10:33:00.000 +0530
XXXX082X0804,3270.0,2026-04-05 10:33:00.000 +0530
XXXX082X0853,3326.0,2026-04-05 10:33:00.000 +0530
XXXX082X0916,3528.0,2026-04-05 10:33:00.000 +0530
XXXX082X1057,4860.0,2026-04-05 10:33:00.000 +0530
XXXX082X1169,4178.0,2026-04-05 10:33:00.000 +0530
XXXX082X1212,3080.0,2026-04-05 10:33:00.000 +0530
XXXX082X1250,3222.0,2026-04-05 10:33:00.000 +0530
XXXX082X1350,5541.0,2026-04-05 10:33:00.000 +0530
XXXX082X1484,2963.0,2026-04-05 10:33:00.000 +0530
XXXX082X1492,3293.0,2026-04-05 10:33:00.000 +0530
XXXX082X1508,3396.0,2026-04-05 10:33:00.000 +0530
XXXX082X1545,6181.0,2026-04-05 10:33:00.000 +0530
XXXX082X1577,3595.0,2026-04-05 10:33:00.000 +0530
XXXX082X1600,3316.0,2026-04-05 10:33:00.000 +0530
XXXX082X1621,7782.0,2026-04-05 10:33:00.000 +0530
XXXX082X1650,3498.0,2026-04-05 10:33:00.000 +0530
XXXX082X1666,3756.0,2026-04-05 10:33:00.000 +0530
XXXX082X1740,3055.0,2026-04-05 10:33:00.000 +0530
XXXX082X1750,3349.0,2026-04-05 10:33:00.000 +0530
XXXX082X1770,3132.0,2026-04-05 10:33:00.000 +0530
XXXX082X1800,5396.0,2026-04-05 10:33:00.000 +0530
XXXX082X1864,3908.0,2026-04-05 10:33:00.000 +0530
XXXX082X1872,5699.0,2026-04-05 10:33:00.000 +0530
XXXX082X1888,2440.0,2026-04-05 10:33:00.000 +0530
XXXX082X1907,3029.0,2026-04-05 10:33:00.000 +0530
XXXX082X1969,5501.0,2026-04-05 10:33:00.000 +0530
XXXX082X2059,3674.0,2026-04-05 10:33:00.000 +0530
XXXX082X2072,4327.0,2026-04-05 10:33:00.000 +0530
XXXX082X2158,3410.0,2026-04-05 10:33:00.000 +0530
XXXX082X2166,3181.0,2026-04-05 10:33:00.000 +0530
XXXX082X2318,6120.0,2026-04-05 10:33:00.000 +0530
XXXX082X2505,4204.0,2026-04-05 10:33:00.000 +0530
XXXX082X2571,5087.0,2026-04-05 10:33:00.000 +0530
XXXX082X2624,2681.0,2026-04-05 10:33:00.000 +0530
XXXX082X2630,3278.0,2026-04-05 10:33:00.000 +0530
XXXX082X2860,4450.0,2026-04-05 10:33:00.000 +0530
XXXX082X2862,3525.0,2026-04-05 10:33:00.000 +0530
XXXX082X2887,3502.0,2026-04-05 10:33:00.000 +0530
XXXX082X3074,3242.0,2026-04-05 10:33:00.000 +0530
XXXX082X3099,3449.0,2026-04-05 10:33:00.000 +0530
XXXX082X3166,3936.0,2026-04-05 10:33:00.000 +0530
XXXX082X3243,3715.0,2026-04-05 10:33:00.000 +0530
XXXX082X3352,3595.0,2026-04-05 10:33:00.000 +0530
XXXX082X3378,3605.0,2026-04-05 10:33:00.000 +0530
XXXX082X3410,3201.0,2026-04-05 10:33:00.000 +0530
XXXX082X3431,3231.0,2026-04-05 10:33:00.000 +0530
XXXX082X3439,3713.0,2026-04-05 10:33:00.000 +0530
XXXX082X3458,3571.0,2026-04-05 10:33:00.000 +0530
XXXX082X3479,2922.0,2026-04-05 10:33:00.000 +0530
XXXX082X3489,3271.0,2026-04-05 10:33:00.000 +0530
XXXX082X3494,3787.0,2026-04-05 10:33:00.000 +0530
XXXX082X3530,3223.0,2026-04-05 10:33:00.000 +0530
XXXX082X3548,3165.0,2026-04-05 10:33:00.000 +0530
XXXX082X3552,2862.0,2026-04-05 10:33:00.000 +0530
XXXX082X3583,3597.0,2026-04-05 10:33:00.000 +0530
XXXX082X3617,3125.0,2026-04-05 10:33:00.000 +0530
XXXX082X3647,3074.0,2026-04-05 10:33:00.000 +0530
XXXX082X3661,3391.0,2026-04-05 10:33:00.000 +0530
XXXX082X3742,3716.0,2026-04-05 10:33:00.000 +0530
XXXX082X3744,3394.0,2026-04-05 10:33:00.000 +0530
XXXX082X3844,5183.0,2026-04-05 10:33:00.000 +0530
XXXX082X3881,5390.0,2026-04-05 10:33:00.000 +0530
XXXX082X3901,3343.0,2026-04-05 10:33:00.000 +0530
XXXX082X3936,7585.0,2026-04-05 10:33:00.000 +0530
XXXX082X4025,4581.0,2026-04-05 10:33:00.000 +0530
XXXX082X4085,3368.0,2026-04-05 10:33:00.000 +0530
XXXX082X4102,3273.0,2026-04-05 10:33:00.000 +0530
XXXX082X4161,8129.0,2026-04-05 10:33:00.000 +0530
XXXX082X4168,4840.0,2026-04-05 10:33:00.000 +0530
XXXX082X4233,4317.0,2026-04-05 10:33:00.000 +0530
XXXX082X4240,3511.0,2026-04-05 10:33:00.000 +0530
XXXX082X4263,3635.0,2026-04-05 10:33:00.000 +0530
XXXX082X4381,4624.0,2026-04-05 10:33:00.000 +0530
XXXX082X4401,4415.0,2026-04-05 10:33:00.000 +0530
XXXX082X4417,3068.0,2026-04-05 10:33:00.000 +0530
XXXX082X4431,3850.0,2026-04-05 10:33:00.000 +0530
XXXX082X4515,3342.0,2026-04-05 10:33:00.000 +0530
XXXX082X4619,3160.0,2026-04-05 10:33:00.000 +0530
XXXX082X4649,3995.0,2026-04-05 10:33:00.000 +0530
XXXX082X4660,3843.0,2026-04-05 10:33:00.000 +0530
XXXX082X4668,4637.0,2026-04-05 10:33:00.000 +0530
XXXX082X4677,4023.0,2026-04-05 10:33:00.000 +0530
XXXX082X4731,3554.0,2026-04-05 10:33:00.000 +0530
XXXX082X4753,4285.0,2026-04-05 10:33:00.000 +0530
XXXX082X4776,5978.0,2026-04-05 10:33:00.000 +0530
XXXX082X4779,3964.0,2026-04-05 10:33:00.000 +0530
XXXX082X4830,2910.0,2026-04-05 10:33:00.000 +0530
XXXX082X4865,3777.0,2026-04-05 10:33:00.000 +0530
XXXX082X4937,4154.0,2026-04-05 10:33:00.000 +0530
XXXX082X5051,6027.0,2026-04-05 10:33:00.000 +0530
XXXX082X5110,3382.0,2026-04-05 10:33:00.000 +0530
XXXX082X5158,4301.0,2026-04-05 10:33:00.000 +0530
XXXX082X5248,3661.0,2026-04-05 10:33:00.000 +0530
XXXX082X5356,4072.0,2026-04-05 10:33:00.000 +0530
XXXX082X5367,5183.0,2026-04-05 10:33:00.000 +0530
XXXX082X5376,4078.0,2026-04-05 10:33:00.000 +0530
XXXX082X5442,3568.0,2026-04-05 10:33:00.000 +0530
XXXX082X5473,4612.0,2026-04-05 10:33:00.000 +0530
XXXX082X5525,4697.0,2026-04-05 10:33:00.000 +0530
XXXX082X5544,4335.0,2026-04-05 10:33:00.000 +0530
XXXX082X5602,2750.0,2026-04-05 10:33:00.000 +0530
XXXX082X5605,5212.0,2026-04-05 10:33:00.000 +0530
XXXX082X5664,4975.0,2026-04-05 10:33:00.000 +0530
XXXX082X5726,3563.0,2026-04-05 10:33:00.000 +0530
XXXX082X5742,5706.0,2026-04-05 10:33:00.000 +0530
XXXX082X5743,4342.0,2026-04-05 10:33:00.000 +0530
XXXX082X5795,3667.0,2026-04-05 10:33:00.000 +0530
XXXX082X5856,5850.0,2026-04-05 10:33:00.000 +0530
XXXX082X5884,3261.0,2026-04-05 10:33:00.000 +0530
XXXX082X5888,5278.0,2026-04-05 10:33:00.000 +0530
XXXX082X5915,4409.0,2026-04-05 10:33:00.000 +0530
XXXX082X5961,3265.0,2026-04-05 10:33:00.000 +0530
XXXX082X5979,3503.0,2026-04-05 10:33:00.000 +0530
XXXX082X5994,5087.0,2026-04-05 10:33:00.000 +0530
XXXX082X6195,3054.0,2026-04-05 10:33:00.000 +0530
XXXX082X6531,3414.0,2026-04-05 10:33:00.000 +0530
XXXX082X6558,3806.0,2026-04-05 10:33:00.000 +0530
XXXX082X6647,2617.0,2026-04-05 10:33:00.000 +0530
XXXX082X6668,2883.0,2026-04-05 10:33:00.000 +0530
XXXX082X6713,2750.0,2026-04-05 10:33:00.000 +0530
XXXX082X6722,3980.0,2026-04-05 10:33:00.000 +0530
XXXX082X6791,3752.0,2026-04-05 10:33:00.000 +0530
XXXX082X6814,3549.0,2026-04-05 10:33:00.000 +0530
XXXX082X6858,4667.0,2026-04-05 10:33:00.000 +0530
XXXX082X6916,3113.0,2026-04-05 10:33:00.000 +0530
XXXX082X7002,3391.0,2026-04-05 10:33:00.000 +0530
XXXX082X7024,4187.0,2026-04-05 10:33:00.000 +0530
XXXX082X7051,4298.0,2026-04-05 10:33:00.000 +0530
XXXX082X7057,3743.0,2026-04-05 10:33:00.000 +0530
XXXX082X7133,2960.0,2026-04-05 10:33:00.000 +0530
XXXX082X7162,5873.0,2026-04-05 10:33:00.000 +0530
XXXX082X7200,3666.0,2026-04-05 10:33:00.000 +0530
XXXX082X7223,3771.0,2026-04-05 10:33:00.000 +0530
XXXX082X7235,6554.0,2026-04-05 10:33:00.000 +0530
XXXX082X7248,3097.0,2026-04-05 10:33:00.000 +0530
XXXX082X7334,5676.0,2026-04-05 10:33:00.000 +0530
XXXX082X7341,5269.0,2026-04-05 10:33:00.000 +0530
XXXX082X7451,4377.0,2026-04-05 10:33:00.000 +0530
XXXX082X7495,3995.0,2026-04-05 10:33:00.000 +0530
XXXX082X7515,4135.0,2026-04-05 10:33:00.000 +0530
XXXX082X7598,4781.0,2026-04-05 10:33:00.000 +0530
XXXX082X7630,4280.0,2026-04-05 10:33:00.000 +0530
XXXX082X7716,2932.0,2026-04-05 10:33:00.000 +0530
XXXX082X7730,2784.0,2026-04-05 10:33:00.000 +0530
XXXX082X7837,3142.0,2026-04-05 10:33:00.000 +0530
XXXX082X7845,4809.0,2026-04-05 10:33:00.000 +0530
XXXX082X7945,4628.0,2026-04-05 10:33:00.000 +0530
XXXX082X8010,3683.0,2026-04-05 10:33:00.000 +0530
XXXX082X8016,4126.0,2026-04-05 10:33:00.000 +0530
XXXX082X8081,4581.0,2026-04-05 10:33:00.000 +0530
XXXX082X8245,3808.0,2026-04-05 10:33:00.000 +0530
XXXX082X8290,3293.0,2026-04-05 10:33:00.000 +0530
XXXX082X8321,4332.0,2026-04-05 10:33:00.000 +0530
XXXX082X8378,4192.0,2026-04-05 10:33:00.000 +0530
XXXX082X8411,4163.0,2026-04-05 10:33:00.000 +0530
XXXX082X8472,5120.0,2026-04-05 10:33:00.000 +0530
XXXX082X8498,5473.0,2026-04-05 10:33:00.000 +0530
XXXX082X8514,4852.0,2026-04-05 10:33:00.000 +0530
XXXX082X8525,5914.0,2026-04-05 10:33:00.000 +0530
XXXX082X8529,3085.0,2026-04-05 10:33:00.000 +0530
XXXX082X8546,2987.0,2026-04-05 10:33:00.000 +0530
XXXX082X8577,3273.0,2026-04-05 10:33:00.000 +0530
XXXX082X8610,3922.0,2026-04-05 10:33:00.000 +0530
XXXX082X8613,5120.0,2026-04-05 10:33:00.000 +0530
XXXX082X8631,3159.0,2026-04-05 10:33:00.000 +0530
XXXX082X8661,4150.0,2026-04-05 10:33:00.000 +0530
XXXX082X8667,4593.0,2026-04-05 10:33:00.000 +0530
XXXX082X8669,2905.0,2026-04-05 10:33:00.000 +0530
XXXX082X8687,3801.0,2026-04-05 10:33:00.000 +0530
XXXX082X8713,4296.0,2026-04-05 10:33:00.000 +0530
XXXX082X8717,4946.0,2026-04-05 10:33:00.000 +0530
XXXX082X8760,4555.0,2026-04-05 10:33:00.000 +0530
XXXX082X8872,3319.0,2026-04-05 10:33:00.000 +0530
XXXX082X8873,6228.0,2026-04-05 10:33:00.000 +0530
XXXX082X8897,3201.0,2026-04-05 10:33:00.000 +0530
XXXX082X8928,5229.0,2026-04-05 10:33:00.000 +0530
XXXX082X8969,4462.0,2026-04-05 10:33:00.000 +0530
XXXX082X9082,4702.0,2026-04-05 10:33:00.000 +0530
XXXX082X9096,3731.0,2026-04-05 10:33:00.000 +0530
XXXX082X9104,2929.0,2026-04-05 10:33:00.000 +0530
XXXX082X9123,3679.0,2026-04-05 10:33:00.000 +0530
XXXX082X9154,3357.0,2026-04-05 10:33:00.000 +0530
XXXX082X9277,5729.0,2026-04-05 10:33:00.000 +0530
XXXX082X9429,5142.0,2026-04-05 10:33:00.000 +0530
XXXX082X9474,3284.0,2026-04-05 10:33:00.000 +0530
XXXX082X9648,4974.0,2026-04-05 10:33:00.000 +0530
XXXX082X9808,3463.0,2026-04-05 10:33:00.000 +0530
XXXX082X9918,3665.0,2026-04-05 10:33:00.000 +0530
XXXX082X9929,4590.0,2026-04-05 10:33:00.000 +0530
XXXX082X9939,4995.0,2026-04-05 10:33:00.000 +0530
XXXX083X0006,3226.0,2026-04-05 10:33:00.000 +0530
XXXX083X0019,3953.0,2026-04-05 10:33:00.000 +0530
XXXX083X0125,3563.0,2026-04-05 10:33:00.000 +0530
XXXX083X0276,3408.0,2026-04-05 10:33:00.000 +0530
XXXX083X0310,5764.0,2026-04-05 10:33:00.000 +0530
XXXX083X0368,6391.0,2026-04-05 10:33:00.000 +0530
XXXX083X0422,5002.0,2026-04-05 10:33:00.000 +0530
XXXX083X0535,3554.0,2026-04-05 10:33:00.000 +0530
XXXX083X0556,3704.0,2026-04-05 10:33:00.000 +0530
XXXX083X0657,4326.0,2026-04-05 10:33:00.000 +0530
XXXX083X0688,5005.0,2026-04-05 10:33:00.000 +0530
XXXX083X0716,4327.0,2026-04-05 10:33:00.000 +0530
XXXX083X0767,5478.0,2026-04-05 10:33:00.000 +0530
XXXX083X0784,4047.0,2026-04-05 10:33:00.000 +0530
XXXX083X0826,5850.0,2026-04-05 10:33:00.000 +0530
XXXX083X0847,3883.0,2026-04-05 10:33:00.000 +0530
XXXX083X0856,4555.0,2026-04-05 10:33:00.000 +0530
XXXX083X0876,6184.0,2026-04-05 10:33:00.000 +0530
XXXX083X0909,3381.0,2026-04-05 10:33:00.000 +0530
XXXX083X0924,3849.0,2026-04-05 10:33:00.000 +0530
XXXX083X1001,3430.0,2026-04-05 10:33:00.000 +0530
XXXX083X1004,3284.0,2026-04-05 10:33:00.000 +0530
XXXX083X1049,5253.0,2026-04-05 10:33:00.000 +0530
XXXX083X1116,5447.0,2026-04-05 10:33:00.000 +0530
XXXX083X1236,6390.0,2026-04-05 10:33:00.000 +0530
XXXX083X1265,4657.0,2026-04-05 10:33:00.000 +0530
XXXX083X1318,5644.0,2026-04-05 10:33:00.000 +0530
XXXX083X1341,3962.0,2026-04-05 10:33:00.000 +0530
XXXX083X1346,3771.0,2026-04-05 10:33:00.000 +0530
XXXX083X1371,4558.0,2026-04-05 10:33:00.000 +0530
XXXX083X1433,4974.0,2026-04-05 10:33:00.000 +0530
XXXX083X1489,3935.0,2026-04-05 10:33:00.000 +0530
XXXX083X1511,4428.0,2026-04-05 10:33:00.000 +0530
XXXX083X1629,5546.0,2026-04-05 10:33:00.000 +0530
XXXX083X1694,4083.0,2026-04-05 10:33:00.000 +0530
XXXX083X1734,5139.0,2026-04-05 10:33:00.000 +0530
XXXX083X1744,2463.0,2026-04-05 10:33:00.000 +0530
XXXX083X1750,3552.0,2026-04-05 10:33:00.000 +0530
XXXX083X1819,3444.0,2026-04-05 10:33:00.000 +0530
XXXX083X1825,3372.0,2026-04-05 10:33:00.000 +0530
XXXX083X1833,3556.0,2026-04-05 10:33:00.000 +0530
XXXX083X1889,3528.0,2026-04-05 10:33:00.000 +0530
XXXX083X1900,4455.0,2026-04-05 10:33:00.000 +0530
XXXX083X1912,2761.0,2026-04-05 10:33:00.000 +0530
XXXX083X1936,3183.0,2026-04-05 10:33:00.000 +0530
XXXX083X1960,5266.0,2026-04-05 10:33:00.000 +0530
XXXX083X2008,3526.0,2026-04-05 10:33:00.000 +0530
XXXX083X2073,4280.0,2026-04-05 10:33:00.000 +0530
XXXX083X2089,3970.0,2026-04-05 10:33:00.000 +0530
XXXX083X2113,3248.0,2026-04-05 10:33:00.000 +0530
XXXX083X2134,3055.0,2026-04-05 10:33:00.000 +0530
XXXX083X2138,3777.0,2026-04-05 10:33:00.000 +0530
XXXX083X2141,4026.0,2026-04-05 10:33:00.000 +0530
XXXX083X2195,3045.0,2026-04-05 10:33:00.000 +0530
XXXX083X2247,2676.0,2026-04-05 10:33:00.000 +0530
XXXX083X2303,3923.0,2026-04-05 10:33:00.000 +0530
XXXX083X2309,2784.0,2026-04-05 10:33:00.000 +0530
XXXX083X2315,3340.0,2026-04-05 10:33:00.000 +0530
XXXX083X2336,2722.0,2026-04-05 10:33:00.000 +0530
XXXX083X2337,4095.0,2026-04-05 10:33:00.000 +0530
XXXX083X2396,6341.0,2026-04-05 10:33:00.000 +0530
XXXX083X2413,3009.0,2026-04-05 10:33:00.000 +0530
XXXX083X2462,3917.0,2026-04-05 10:33:00.000 +0530
XXXX083X2502,3552.0,2026-04-05 10:33:00.000 +0530
XXXX083X2571,4602.0,2026-04-05 10:33:00.000 +0530
XXXX083X2582,4883.0,2026-04-05 10:33:00.000 +0530
XXXX083X2604,3785.0,2026-04-05 10:33:00.000 +0530
XXXX083X2606,3891.0,2026-04-05 10:33:00.000 +0530
XXXX083X2637,3191.0,2026-04-05 10:33:00.000 +0530
XXXX083X2663,5184.0,2026-04-05 10:33:00.000 +0530
XXXX083X2693,2927.0,2026-04-05 10:33:00.000 +0530
XXXX083X2710,3233.0,2026-04-05 10:33:00.000 +0530
XXXX083X2780,2940.0,2026-04-05 10:33:00.000 +0530
XXXX083X2792,4255.0,2026-04-05 10:33:00.000 +0530
XXXX083X2846,3976.0,2026-04-05 10:33:00.000 +0530
XXXX083X2875,3744.0,2026-04-05 10:33:00.000 +0530
XXXX083X2878,3995.0,2026-04-05 10:33:00.000 +0530
XXXX083X2905,3399.0,2026-04-05 10:33:00.000 +0530
XXXX083X2912,5370.0,2026-04-05 10:33:00.000 +0530
XXXX083X2958,4695.0,2026-04-05 10:33:00.000 +0530
XXXX083X3076,3766.0,2026-04-05 10:33:00.000 +0530
XXXX083X3287,3751.0,2026-04-05 10:33:00.000 +0530
XXXX083X3304,3047.0,2026-04-05 10:33:00.000 +0530
XXXX083X3315,5252.0,2026-04-05 10:33:00.000 +0530
XXXX083X3381,3423.0,2026-04-05 10:33:00.000 +0530
XXXX083X3458,3635.0,2026-04-05 10:33:00.000 +0530
XXXX083X3463,5606.0,2026-04-05 10:33:00.000 +0530
XXXX083X3475,3417.0,2026-04-05 10:33:00.000 +0530
XXXX083X3488,3590.0,2026-04-05 10:33:00.000 +0530
XXXX083X3601,3538.0,2026-04-05 10:33:00.000 +0530
XXXX083X3604,3400.0,2026-04-05 10:33:00.000 +0530
XXXX083X3636,6198.0,2026-04-05 10:33:00.000 +0530
XXXX083X3709,2999.0,2026-04-05 10:33:00.000 +0530
XXXX083X3828,4560.0,2026-04-05 10:33:00.000 +0530
XXXX083X3865,4724.0,2026-04-05 10:33:00.000 +0530
XXXX083X3880,4182.0,2026-04-05 10:33:00.000 +0530
XXXX083X3887,3345.0,2026-04-05 10:33:00.000 +0530
XXXX083X3913,4632.0,2026-04-05 10:33:00.000 +0530
XXXX083X3928,2862.0,2026-04-05 10:33:00.000 +0530
XXXX083X3962,3408.0,2026-04-05 10:33:00.000 +0530
XXXX083X3980,5262.0,2026-04-05 10:33:00.000 +0530
XXXX083X4017,3691.0,2026-04-05 10:33:00.000 +0530
XXXX083X4023,2801.0,2026-04-05 10:33:00.000 +0530
XXXX083X4108,2559.0,2026-04-05 10:33:00.000 +0530
XXXX083X4168,4072.0,2026-04-05 10:33:00.000 +0530
XXXX083X4281,4342.0,2026-04-05 10:33:00.000 +0530
XXXX083X4345,4123.0,2026-04-05 10:33:00.000 +0530
XXXX083X4352,3413.0,2026-04-05 10:33:00.000 +0530
XXXX083X4359,3338.0,2026-04-05 10:33:00.000 +0530
XXXX083X4398,3645.0,2026-04-05 10:33:00.000 +0530
XXXX083X4404,3269.0,2026-04-05 10:33:00.000 +0530
XXXX083X4443,4111.0,2026-04-05 10:33:00.000 +0530
XXXX083X4505,3286.0,2026-04-05 10:33:00.000 +0530
XXXX083X4526,3083.0,2026-04-05 10:33:00.000 +0530
XXXX083X4628,3410.0,2026-04-05 10:33:00.000 +0530
XXXX083X4664,4326.0,2026-04-05 10:33:00.000 +0530
XXXX083X4691,4469.0,2026-04-05 10:33:00.000 +0530
XXXX083X4846,5157.0,2026-04-05 10:33:00.000 +0530
XXXX083X4885,4016.0,2026-04-05 10:33:00.000 +0530
XXXX083X4901,4021.0,2026-04-05 10:33:00.000 +0530
XXXX083X4950,3863.0,2026-04-05 10:33:00.000 +0530
XXXX083X4953,5173.0,2026-04-05 10:33:00.000 +0530
XXXX083X4990,2960.0,2026-04-05 10:33:00.000 +0530
XXXX083X4999,4285.0,2026-04-05 10:33:00.000 +0530
XXXX083X5036,5074.0,2026-04-05 10:33:00.000 +0530
XXXX083X5089,2694.0,2026-04-05 10:33:00.000 +0530
XXXX083X5159,2893.0,2026-04-05 10:33:00.000 +0530
XXXX083X5164,5701.0,2026-04-05 10:33:00.000 +0530
XXXX083X5166,4140.0,2026-04-05 10:33:00.000 +0530
XXXX083X5210,3197.0,2026-04-05 10:33:00.000 +0530
XXXX083X5249,4868.0,2026-04-05 10:33:00.000 +0530
XXXX083X5281,2669.0,2026-04-05 10:33:00.000 +0530
XXXX083X5312,6685.0,2026-04-05 10:33:00.000 +0530
XXXX083X5331,2943.0,2026-04-05 10:33:00.000 +0530
XXXX083X5386,3857.0,2026-04-05 10:33:00.000 +0530
XXXX083X5400,3338.0,2026-04-05 10:33:00.000 +0530
XXXX083X5423,3628.0,2026-04-05 10:33:00.000 +0530
XXXX083X5433,3006.0,2026-04-05 10:33:00.000 +0530
XXXX083X5454,4765.0,2026-04-05 10:33:00.000 +0530
XXXX083X5470,2876.0,2026-04-05 10:33:00.000 +0530
XXXX083X5479,4169.0,2026-04-05 10:33:00.000 +0530
XXXX083X5518,3402.0,2026-04-05 10:33:00.000 +0530
XXXX083X5519,3481.0,2026-04-05 10:33:00.000 +0530
XXXX083X5548,4140.0,2026-04-05 10:33:00.000 +0530
XXXX083X5644,2480.0,2026-04-05 10:33:00.000 +0530
XXXX083X5669,3834.0,2026-04-05 10:33:00.000 +0530
XXXX083X5676,3226.0,2026-04-05 10:33:00.000 +0530
XXXX083X5714,3177.0,2026-04-05 10:33:00.000 +0530
XXXX083X5751,5628.0,2026-04-05 10:33:00.000 +0530
XXXX083X5827,4816.0,2026-04-05 10:33:00.000 +0530
XXXX083X5837,3880.0,2026-04-05 10:33:00.000 +0530
XXXX083X5884,4416.0,2026-04-05 10:33:00.000 +0530
XXXX083X5951,4585.0,2026-04-05 10:33:00.000 +0530
XXXX083X5984,3120.0,2026-04-05 10:33:00.000 +0530
XXXX083X6010,3476.0,2026-04-05 10:33:00.000 +0530
XXXX083X6050,6028.0,2026-04-05 10:33:00.000 +0530
XXXX083X6072,3734.0,2026-04-05 10:33:00.000 +0530
XXXX083X6142,3284.0,2026-04-05 10:33:00.000 +0530
XXXX083X6143,3938.0,2026-04-05 10:33:00.000 +0530
XXXX083X6147,3713.0,2026-04-05 10:33:00.000 +0530
XXXX083X6263,3603.0,2026-04-05 10:33:00.000 +0530
XXXX083X6331,2658.0,2026-04-05 10:33:00.000 +0530
XXXX083X6344,3071.0,2026-04-05 10:33:00.000 +0530
XXXX083X6411,5240.0,2026-04-05 10:33:00.000 +0530
XXXX083X6487,5220.0,2026-04-05 10:33:00.000 +0530
XXXX083X6510,4052.0,2026-04-05 10:33:00.000 +0530
XXXX083X6537,4373.0,2026-04-05 10:33:00.000 +0530
XXXX083X6551,3440.0,2026-04-05 10:33:00.000 +0530
XXXX083X6595,4468.0,2026-04-05 10:33:00.000 +0530
XXXX083X6654,3265.0,2026-04-05 10:33:00.000 +0530
XXXX083X6662,3440.0,2026-04-05 10:33:00.000 +0530
XXXX083X6710,4272.0,2026-04-05 10:33:00.000 +0530
XXXX083X6753,2986.0,2026-04-05 10:33:00.000 +0530
XXXX083X6803,3047.0,2026-04-05 10:33:00.000 +0530
XXXX083X6820,3609.0,2026-04-05 10:33:00.000 +0530
XXXX083X6860,3868.0,2026-04-05 10:33:00.000 +0530
XXXX083X6905,3825.0,2026-04-05 10:33:00.000 +0530
XXXX083X6960,5096.0,2026-04-05 10:33:00.000 +0530
XXXX083X7012,5083.0,2026-04-05 10:33:00.000 +0530
XXXX083X7015,3995.0,2026-04-05 10:33:00.000 +0530
XXXX083X7042,3934.0,2026-04-05 10:33:00.000 +0530
XXXX083X7063,4254.0,2026-04-05 10:33:00.000 +0530
XXXX083X7108,3268.0,2026-04-05 10:33:00.000 +0530
XXXX083X7148,3204.0,2026-04-05 10:33:00.000 +0530
XXXX083X7228,3979.0,2026-04-05 10:33:00.000 +0530
XXXX083X7263,3428.0,2026-04-05 10:33:00.000 +0530
XXXX083X7290,4472.0,2026-04-05 10:33:00.000 +0530
XXXX083X7436,3915.0,2026-04-05 10:33:00.000 +0530
XXXX083X7471,2597.0,2026-04-05 10:33:00.000 +0530
XXXX083X7503,1795.0,2026-04-05 10:33:00.000 +0530
XXXX083X7507,5136.0,2026-04-05 10:33:00.000 +0530
XXXX083X7512,3246.0,2026-04-05 10:33:00.000 +0530
XXXX083X7564,5672.0,2026-04-05 10:33:00.000 +0530
XXXX083X7592,3579.0,2026-04-05 10:33:00.000 +0530
XXXX083X7632,5183.0,2026-04-05 10:33:00.000 +0530
XXXX083X7642,3497.0,2026-04-05 10:33:00.000 +0530
XXXX083X7684,5001.0,2026-04-05 10:33:00.000 +0530
XXXX083X7730,3122.0,2026-04-05 10:33:00.000 +0530
XXXX083X7766,4250.0,2026-04-05 10:33:00.000 +0530
XXXX083X7790,4202.0,2026-04-05 10:33:00.000 +0530
XXXX083X7816,3289.0,2026-04-05 10:33:00.000 +0530
XXXX083X7825,2910.0,2026-04-05 10:33:00.000 +0530
XXXX083X7840,4181.0,2026-04-05 10:33:00.000 +0530
XXXX083X7864,3554.0,2026-04-05 10:33:00.000 +0530
XXXX083X7916,3730.0,2026-04-05 10:33:00.000 +0530
XXXX083X7919,3756.0,2026-04-05 10:33:00.000 +0530
XXXX083X7928,4355.0,2026-04-05 10:33:00.000 +0530
XXXX083X7951,2768.0,2026-04-05 10:33:00.000 +0530
XXXX083X7985,3410.0,2026-04-05 10:33:00.000 +0530
XXXX083X8013,3613.0,2026-04-05 10:33:00.000 +0530
XXXX083X8039,3185.0,2026-04-05 10:33:00.000 +0530
XXXX083X8051,4105.0,2026-04-05 10:33:00.000 +0530
XXXX083X8060,2601.0,2026-04-05 10:33:00.000 +0530
XXXX083X8075,4041.0,2026-04-05 10:33:00.000 +0530
XXXX083X8158,1620.0,2026-04-05 10:33:00.000 +0530
XXXX083X8198,3300.0,2026-04-05 10:33:00.000 +0530
XXXX083X8262,3352.0,2026-04-05 10:33:00.000 +0530
XXXX083X8341,3387.0,2026-04-05 10:33:00.000 +0530
XXXX083X8345,3647.0,2026-04-05 10:33:00.000 +0530
XXXX083X8358,4047.0,2026-04-05 10:33:00.000 +0530
XXXX083X8370,4682.0,2026-04-05 10:33:00.000 +0530
XXXX083X8382,3170.0,2026-04-05 10:33:00.000 +0530
XXXX083X8385,3943.0,2026-04-05 10:33:00.000 +0530
XXXX083X8393,3282.0,2026-04-05 10:33:00.000 +0530
XXXX083X8402,3559.0,2026-04-05 10:33:00.000 +0530
XXXX083X8485,6055.0,2026-04-05 10:33:00.000 +0530
XXXX083X8496,2985.0,2026-04-05 10:33:00.000 +0530
XXXX083X8500,4254.0,2026-04-05 10:33:00.000 +0530
XXXX083X8588,4998.0,2026-04-05 10:33:00.000 +0530
XXXX083X8646,2081.0,2026-04-05 10:33:00.000 +0530
XXXX083X8678,4943.0,2026-04-05 10:33:00.000 +0530
XXXX083X8686,4441.0,2026-04-05 10:33:00.000 +0530
XXXX083X8689,3918.0,2026-04-05 10:33:00.000 +0530
XXXX083X8692,3342.0,2026-04-05 10:33:00.000 +0530
XXXX083X8850,2969.0,2026-04-05 10:33:00.000 +0530
XXXX083X8891,6079.0,2026-04-05 10:33:00.000 +0530
XXXX083X8919,4923.0,2026-04-05 10:33:00.000 +0530
XXXX083X8977,3616.0,2026-04-05 10:33:00.000 +0530
XXXX083X9032,3170.0,2026-04-05 10:33:00.000 +0530
XXXX083X9047,3944.0,2026-04-05 10:33:00.000 +0530
XXXX083X9061,3917.0,2026-04-05 10:33:00.000 +0530
XXXX083X9109,5874.0,2026-04-05 10:33:00.000 +0530
XXXX083X9120,4167.0,2026-04-05 10:33:00.000 +0530
XXXX083X9155,2917.0,2026-04-05 10:33:00.000 +0530
XXXX083X9171,3274.0,2026-04-05 10:33:00.000 +0530
XXXX083X9233,5751.0,2026-04-05 10:33:00.000 +0530
XXXX083X9289,4760.0,2026-04-05 10:33:00.000 +0530
XXXX083X9487,3592.0,2026-04-05 10:33:00.000 +0530
XXXX083X9497,5241.0,2026-04-05 10:33:00.000 +0530
XXXX083X9569,5742.0,2026-04-05 10:33:00.000 +0530
XXXX083X9638,4159.0,2026-04-05 10:33:00.000 +0530
XXXX083X9664,4928.0,2026-04-05 10:33:00.000 +0530
XXXX083X9691,5220.0,2026-04-05 10:33:00.000 +0530
XXXX083X9891,7451.0,2026-04-05 10:33:00.000 +0530
XXXX083X9915,4672.0,2026-04-05 10:33:00.000 +0530
XXXX083X9984,3177.0,2026-04-05 10:33:00.000 +0530
XXXX084X0078,4033.0,2026-04-05 10:33:00.000 +0530
XXXX084X0291,3892.0,2026-04-05 10:33:00.000 +0530
XXXX084X0300,3386.0,2026-04-05 10:33:00.000 +0530
XXXX084X0332,3233.0,2026-04-05 10:33:00.000 +0530
XXXX084X0336,3425.0,2026-04-05 10:33:00.000 +0530
XXXX084X0423,3796.0,2026-04-05 10:33:00.000 +0530
XXXX084X0627,4408.0,2026-04-05 10:33:00.000 +0530
XXXX084X0628,4389.0,2026-04-05 10:33:00.000 +0530
XXXX084X0708,3707.0,2026-04-05 10:33:00.000 +0530
XXXX084X0845,4483.0,2026-04-05 10:33:00.000 +0530
XXXX084X0874,3246.0,2026-04-05 10:33:00.000 +0530
XXXX084X0974,3437.0,2026-04-05 10:33:00.000 +0530
XXXX084X0998,3781.0,2026-04-05 10:33:00.000 +0530
XXXX084X1073,4864.0,2026-04-05 10:33:00.000 +0530
XXXX084X1096,4150.0,2026-04-05 10:33:00.000 +0530
XXXX084X1149,5784.0,2026-04-05 10:33:00.000 +0530
XXXX084X1206,3560.0,2026-04-05 10:33:00.000 +0530
XXXX084X1270,4820.0,2026-04-05 10:33:00.000 +0530
XXXX084X1274,3170.0,2026-04-05 10:33:00.000 +0530
XXXX084X1281,2692.0,2026-04-05 10:33:00.000 +0530
XXXX084X1380,4581.0,2026-04-05 10:33:00.000 +0530
XXXX084X1506,3093.0,2026-04-05 10:33:00.000 +0530
XXXX084X1671,6047.0,2026-04-05 10:33:00.000 +0530
XXXX084X1753,4161.0,2026-04-05 10:33:00.000 +0530
XXXX084X1851,5660.0,2026-04-05 10:33:00.000 +0530
XXXX084X1943,2969.0,2026-04-05 10:33:00.000 +0530
XXXX084X1974,4779.0,2026-04-05 10:33:00.000 +0530
XXXX084X2015,3777.0,2026-04-05 10:33:00.000 +0530
XXXX084X2222,3865.0,2026-04-05 10:33:00.000 +0530
XXXX084X2257,3293.0,2026-04-05 10:33:00.000 +0530
XXXX084X2448,3649.0,2026-04-05 10:33:00.000 +0530
XXXX084X2493,4354.0,2026-04-05 10:33:00.000 +0530
XXXX084X2551,4246.0,2026-04-05 10:33:00.000 +0530
XXXX084X2562,6809.0,2026-04-05 10:33:00.000 +0530
XXXX084X2613,5521.0,2026-04-05 10:33:00.000 +0530
XXXX084X2726,2818.0,2026-04-05 10:33:00.000 +0530
XXXX084X2778,3004.0,2026-04-05 10:33:00.000 +0530
XXXX084X2937,3939.0,2026-04-05 10:33:00.000 +0530
XXXX084X2950,6137.0,2026-04-05 10:33:00.000 +0530
XXXX084X2951,3769.0,2026-04-05 10:33:00.000 +0530
XXXX084X3130,3266.0,2026-04-05 10:33:00.000 +0530
XXXX084X3367,3085.0,2026-04-05 10:33:00.000 +0530
XXXX084X3379,2941.0,2026-04-05 10:33:00.000 +0530
XXXX084X3387,3163.0,2026-04-05 10:33:00.000 +0530
XXXX084X3604,2644.0,2026-04-05 10:33:00.000 +0530
XXXX084X3789,4240.0,2026-04-05 10:33:00.000 +0530
XXXX084X3949,5981.0,2026-04-05 10:33:00.000 +0530
XXXX084X3985,3600.0,2026-04-05 10:33:00.000 +0530
XXXX084X4016,4410.0,2026-04-05 10:33:00.000 +0530
XXXX084X4065,7045.0,2026-04-05 10:33:00.000 +0530
XXXX084X4078,5298.0,2026-04-05 10:33:00.000 +0530
XXXX084X4084,4020.0,2026-04-05 10:33:00.000 +0530
XXXX084X4085,5311.0,2026-04-05 10:33:00.000 +0530
XXXX084X4086,2876.0,2026-04-05 10:33:00.000 +0530
XXXX084X4095,4498.0,2026-04-05 10:33:00.000 +0530
XXXX084X4110,5317.0,2026-04-05 10:33:00.000 +0530
XXXX084X4231,4024.0,2026-04-05 10:33:00.000 +0530
XXXX084X4251,3259.0,2026-04-05 10:33:00.000 +0530
XXXX084X4325,4098.0,2026-04-05 10:33:00.000 +0530
XXXX084X4452,6100.0,2026-04-05 10:33:00.000 +0530
XXXX084X4634,4404.0,2026-04-05 10:33:00.000 +0530
XXXX084X4647,4462.0,2026-04-05 10:33:00.000 +0530
XXXX084X4654,3605.0,2026-04-05 10:33:00.000 +0530
XXXX084X4715,3709.0,2026-04-05 10:33:00.000 +0530
XXXX084X4776,5531.0,2026-04-05 10:33:00.000 +0530
XXXX084X4777,2861.0,2026-04-05 10:33:00.000 +0530
XXXX084X4882,3082.0,2026-04-05 10:33:00.000 +0530
XXXX084X4893,5976.0,2026-04-05 10:33:00.000 +0530
XXXX084X4924,3474.0,2026-04-05 10:33:00.000 +0530
XXXX084X4998,6763.0,2026-04-05 10:33:00.000 +0530
XXXX084X5038,4843.0,2026-04-05 10:33:00.000 +0530
XXXX084X5124,6172.0,2026-04-05 10:33:00.000 +0530
XXXX084X5187,3101.0,2026-04-05 10:33:00.000 +0530
XXXX084X5476,2720.0,2026-04-05 10:33:00.000 +0530
XXXX084X5518,3647.0,2026-04-05 10:33:00.000 +0530
XXXX084X5584,2984.0,2026-04-05 10:33:00.000 +0530
XXXX084X5600,4321.0,2026-04-05 10:33:00.000 +0530
XXXX084X5651,3880.0,2026-04-05 10:33:00.000 +0530
XXXX084X5672,2685.0,2026-04-05 10:33:00.000 +0530
XXXX084X5853,2475.0,2026-04-05 10:33:00.000 +0530
XXXX084X5890,4908.0,2026-04-05 10:33:00.000 +0530
XXXX084X6038,8138.0,2026-04-05 10:33:00.000 +0530
XXXX084X6076,2863.0,2026-04-05 10:33:00.000 +0530
XXXX084X6107,4265.0,2026-04-05 10:33:00.000 +0530
XXXX084X6139,4924.0,2026-04-05 10:33:00.000 +0530
XXXX084X6145,2940.0,2026-04-05 10:33:00.000 +0530
XXXX084X6180,4231.0,2026-04-05 10:33:00.000 +0530
XXXX084X6283,2623.0,2026-04-05 10:33:00.000 +0530
XXXX084X6463,5778.0,2026-04-05 10:33:00.000 +0530
XXXX084X6485,4645.0,2026-04-05 10:33:00.000 +0530
XXXX084X6828,3749.0,2026-04-05 10:33:00.000 +0530
XXXX084X7037,2876.0,2026-04-05 10:33:00.000 +0530
XXXX084X7386,4713.0,2026-04-05 10:33:00.000 +0530
XXXX084X7464,4238.0,2026-04-05 10:33:00.000 +0530
XXXX084X7621,4161.0,2026-04-05 10:33:00.000 +0530
XXXX084X7657,4043.0,2026-04-05 10:33:00.000 +0530
XXXX084X7703,6412.0,2026-04-05 10:33:00.000 +0530
XXXX084X7755,3288.0,2026-04-05 10:33:00.000 +0530
XXXX084X7809,4220.0,2026-04-05 10:33:00.000 +0530
XXXX084X7943,3641.0,2026-04-05 10:33:00.000 +0530
XXXX084X7944,3017.0,2026-04-05 10:33:00.000 +0530
XXXX084X7953,4662.0,2026-04-05 10:33:00.000 +0530
XXXX084X8018,4262.0,2026-04-05 10:33:00.000 +0530
XXXX084X8102,3482.0,2026-04-05 10:33:00.000 +0530
XXXX084X8118,3334.0,2026-04-05 10:33:00.000 +0530
XXXX084X8257,3227.0,2026-04-05 10:33:00.000 +0530
XXXX084X8273,3594.0,2026-04-05 10:33:00.000 +0530
XXXX084X8300,5260.0,2026-04-05 10:33:00.000 +0530
XXXX084X8393,2709.0,2026-04-05 10:33:00.000 +0530
XXXX084X8454,3274.0,2026-04-05 10:33:00.000 +0530
XXXX084X8713,4574.0,2026-04-05 10:33:00.000 +0530
XXXX084X8765,3146.0,2026-04-05 10:33:00.000 +0530
XXXX084X8805,5136.0,2026-04-05 10:33:00.000 +0530
XXXX084X8968,5179.0,2026-04-05 10:33:00.000 +0530
XXXX084X8999,3683.0,2026-04-05 10:33:00.000 +0530
XXXX084X9144,4151.0,2026-04-05 10:33:00.000 +0530
XXXX084X9148,3891.0,2026-04-05 10:33:00.000 +0530
XXXX084X9152,2438.0,2026-04-05 10:33:00.000 +0530
XXXX084X9251,3120.0,2026-04-05 10:33:00.000 +0530
XXXX084X9385,4931.0,2026-04-05 10:33:00.000 +0530
XXXX084X9419,3847.0,2026-04-05 10:33:00.000 +0530
XXXX084X9503,5916.0,2026-04-05 10:33:00.000 +0530
XXXX084X9655,2827.0,2026-04-05 10:33:00.000 +0530
XXXX084X9691,3995.0,2026-04-05 10:33:00.000 +0530
XXXX084X9713,2727.0,2026-04-05 10:33:00.000 +0530
XXXX084X9818,6744.0,2026-04-05 10:33:00.000 +0530
XXXX084X9954,5460.0,2026-04-05 10:33:00.000 +0530
XXXX084X9970,5634.0,2026-04-05 10:33:00.000 +0530
XXXX084X9985,4739.0,2026-04-05 10:33:00.000 +0530
XXXX085X0006,4299.0,2026-04-05 10:33:00.000 +0530
XXXX085X0060,3914.0,2026-04-05 10:33:00.000 +0530
XXXX085X0089,4576.0,2026-04-05 10:33:00.000 +0530
XXXX085X0367,4053.0,2026-04-05 10:33:00.000 +0530
XXXX085X0449,6284.0,2026-04-05 10:33:00.000 +0530
XXXX085X0560,4306.0,2026-04-05 10:33:00.000 +0530
XXXX085X0572,3424.0,2026-04-05 10:33:00.000 +0530
XXXX085X0612,3493.0,2026-04-05 10:33:00.000 +0530
XXXX085X0626,7054.0,2026-04-05 10:33:00.000 +0530
XXXX085X0680,4700.0,2026-04-05 10:33:00.000 +0530
XXXX085X0695,4009.0,2026-04-05 10:33:00.000 +0530
XXXX085X0789,5139.0,2026-04-05 10:33:00.000 +0530
XXXX085X0835,3038.0,2026-04-05 10:33:00.000 +0530
XXXX085X0869,3811.0,2026-04-05 10:33:00.000 +0530
XXXX085X0871,2922.0,2026-04-05 10:33:00.000 +0530
XXXX085X0885,4368.0,2026-04-05 10:33:00.000 +0530
XXXX085X0946,4555.0,2026-04-05 10:33:00.000 +0530
XXXX085X1115,6392.0,2026-04-05 10:33:00.000 +0530
XXXX085X1197,4959.0,2026-04-05 10:33:00.000 +0530
XXXX085X1253,3905.0,2026-04-05 10:33:00.000 +0530
XXXX085X1296,4779.0,2026-04-05 10:33:00.000 +0530
XXXX085X1308,5396.0,2026-04-05 10:33:00.000 +0530
XXXX085X1422,5596.0,2026-04-05 10:33:00.000 +0530
XXXX085X1487,3560.0,2026-04-05 10:33:00.000 +0530
XXXX085X1541,5810.0,2026-04-05 10:33:00.000 +0530
XXXX085X1612,5298.0,2026-04-05 10:33:00.000 +0530
XXXX085X1633,4347.0,2026-04-05 10:33:00.000 +0530
XXXX085X1646,4842.0,2026-04-05 10:33:00.000 +0530
XXXX085X1664,3132.0,2026-04-05 10:33:00.000 +0530
XXXX085X1693,5048.0,2026-04-05 10:33:00.000 +0530
XXXX085X1738,4442.0,2026-04-05 10:33:00.000 +0530
XXXX085X1766,5447.0,2026-04-05 10:33:00.000 +0530
XXXX085X1813,4373.0,2026-04-05 10:33:00.000 +0530
XXXX085X1925,5521.0,2026-04-05 10:33:00.000 +0530
XXXX085X2003,3828.0,2026-04-05 10:33:00.000 +0530
XXXX085X2218,4284.0,2026-04-05 10:33:00.000 +0530
XXXX085X2248,3485.0,2026-04-05 10:33:00.000 +0530
XXXX085X2292,3680.0,2026-04-05 10:33:00.000 +0530
XXXX085X2320,4304.0,2026-04-05 10:33:00.000 +0530
XXXX085X2381,6454.0,2026-04-05 10:33:00.000 +0530
XXXX085X2637,5032.0,2026-04-05 10:33:00.000 +0530
XXXX085X2725,4363.0,2026-04-05 10:33:00.000 +0530
XXXX085X2744,5758.0,2026-04-05 10:33:00.000 +0530
XXXX085X2833,4167.0,2026-04-05 10:33:00.000 +0530
XXXX085X2925,3528.0,2026-04-05 10:33:00.000 +0530
XXXX085X2980,5672.0,2026-04-05 10:33:00.000 +0530
XXXX085X2991,4358.0,2026-04-05 10:33:00.000 +0530
XXXX085X3095,6767.0,2026-04-05 10:33:00.000 +0530
XXXX085X3145,4969.0,2026-04-05 10:33:00.000 +0530
XXXX085X3172,3760.0,2026-04-05 10:33:00.000 +0530
XXXX085X3232,3921.0,2026-04-05 10:33:00.000 +0530
XXXX085X3324,3873.0,2026-04-05 10:33:00.000 +0530
XXXX085X3472,5423.0,2026-04-05 10:33:00.000 +0530
XXXX085X3547,4636.0,2026-04-05 10:33:00.000 +0530
XXXX085X3639,4995.0,2026-04-05 10:33:00.000 +0530
XXXX085X3752,4125.0,2026-04-05 10:33:00.000 +0530
XXXX085X3799,5667.0,2026-04-05 10:33:00.000 +0530
XXXX085X4165,5784.0,2026-04-05 10:33:00.000 +0530
XXXX085X4175,5123.0,2026-04-05 10:33:00.000 +0530
XXXX085X4241,5843.0,2026-04-05 10:33:00.000 +0530
XXXX085X4333,3240.0,2026-04-05 10:33:00.000 +0530
XXXX085X4405,5826.0,2026-04-05 10:33:00.000 +0530
XXXX085X4436,3749.0,2026-04-05 10:33:00.000 +0530
XXXX085X4444,3124.0,2026-04-05 10:33:00.000 +0530
XXXX085X4585,5116.0,2026-04-05 10:33:00.000 +0530
XXXX085X4669,4726.0,2026-04-05 10:33:00.000 +0530
XXXX085X4750,3578.0,2026-04-05 10:33:00.000 +0530
XXXX085X4770,3184.0,2026-04-05 10:33:00.000 +0530
XXXX085X4784,2609.0,2026-04-05 10:33:00.000 +0530
XXXX085X4907,3200.0,2026-04-05 10:33:00.000 +0530
XXXX085X4993,4321.0,2026-04-05 10:33:00.000 +0530
XXXX085X5078,3428.0,2026-04-05 10:33:00.000 +0530
XXXX085X5188,2864.0,2026-04-05 10:33:00.000 +0530
XXXX085X5199,2826.0,2026-04-05 10:33:00.000 +0530
XXXX085X5215,4163.0,2026-04-05 10:33:00.000 +0530
XXXX085X5289,3494.0,2026-04-05 10:33:00.000 +0530
XXXX085X5349,4464.0,2026-04-05 10:33:00.000 +0530
XXXX085X5351,4202.0,2026-04-05 10:33:00.000 +0530
XXXX085X5384,4581.0,2026-04-05 10:33:00.000 +0530
XXXX085X5473,3405.0,2026-04-05 10:33:00.000 +0530
XXXX085X5481,2758.0,2026-04-05 10:33:00.000 +0530
XXXX085X5493,4419.0,2026-04-05 10:33:00.000 +0530
XXXX085X5642,3121.0,2026-04-05 10:33:00.000 +0530
XXXX085X5739,4086.0,2026-04-05 10:33:00.000 +0530
XXXX085X6104,4565.0,2026-04-05 10:33:00.000 +0530
XXXX085X6266,3246.0,2026-04-05 10:33:00.000 +0530
XXXX085X6324,2807.0,2026-04-05 10:33:00.000 +0530
XXXX085X6325,3784.0,2026-04-05 10:33:00.000 +0530
XXXX085X6391,2588.0,2026-04-05 10:33:00.000 +0530
XXXX085X6392,7291.0,2026-04-05 10:33:00.000 +0530
XXXX085X6451,3895.0,2026-04-05 10:33:00.000 +0530
XXXX085X6456,3159.0,2026-04-05 10:33:00.000 +0530
XXXX085X6487,2967.0,2026-04-05 10:33:00.000 +0530
XXXX085X6508,5420.0,2026-04-05 10:33:00.000 +0530
XXXX085X6525,3813.0,2026-04-05 10:33:00.000 +0530
XXXX085X6551,3028.0,2026-04-05 10:33:00.000 +0530
XXXX085X6597,3895.0,2026-04-05 10:33:00.000 +0530
XXXX085X6697,4564.0,2026-04-05 10:33:00.000 +0530
XXXX085X6699,4664.0,2026-04-05 10:33:00.000 +0530
XXXX085X6733,3834.0,2026-04-05 10:33:00.000 +0530
XXXX085X6740,4545.0,2026-04-05 10:33:00.000 +0530
XXXX085X6792,4700.0,2026-04-05 10:33:00.000 +0530
XXXX085X6796,5105.0,2026-04-05 10:33:00.000 +0530
XXXX085X6839,4008.0,2026-04-05 10:33:00.000 +0530
XXXX085X6882,3460.0,2026-04-05 10:33:00.000 +0530
XXXX085X6884,4513.0,2026-04-05 10:33:00.000 +0530
XXXX085X6906,4048.0,2026-04-05 10:33:00.000 +0530
XXXX085X6915,3575.0,2026-04-05 10:33:00.000 +0530
XXXX085X6967,3666.0,2026-04-05 10:33:00.000 +0530
XXXX085X7074,3858.0,2026-04-05 10:33:00.000 +0530
XXXX085X7170,5367.0,2026-04-05 10:33:00.000 +0530
XXXX085X7248,3731.0,2026-04-05 10:33:00.000 +0530
XXXX085X7324,3926.0,2026-04-05 10:33:00.000 +0530
XXXX085X7372,4429.0,2026-04-05 10:33:00.000 +0530
XXXX085X7393,6454.0,2026-04-05 10:33:00.000 +0530
XXXX085X7408,4908.0,2026-04-05 10:33:00.000 +0530
XXXX085X7460,2502.0,2026-04-05 10:33:00.000 +0530
XXXX085X7474,3135.0,2026-04-05 10:33:00.000 +0530
XXXX085X7514,5208.0,2026-04-05 10:33:00.000 +0530
XXXX085X7526,3208.0,2026-04-05 10:33:00.000 +0530
XXXX085X7591,5850.0,2026-04-05 10:33:00.000 +0530
XXXX085X7708,4595.0,2026-04-05 10:33:00.000 +0530
XXXX085X7766,4193.0,2026-04-05 10:33:00.000 +0530
XXXX085X7835,3345.0,2026-04-05 10:33:00.000 +0530
XXXX085X7845,3323.0,2026-04-05 10:33:00.000 +0530
XXXX085X7853,3704.0,2026-04-05 10:33:00.000 +0530
XXXX085X7885,3315.0,2026-04-05 10:33:00.000 +0530
XXXX085X7947,3854.0,2026-04-05 10:33:00.000 +0530
XXXX085X7963,3701.0,2026-04-05 10:33:00.000 +0530
XXXX085X7967,3647.0,2026-04-05 10:33:00.000 +0530
XXXX085X8124,4817.0,2026-04-05 10:33:00.000 +0530
XXXX085X8155,3762.0,2026-04-05 10:33:00.000 +0530
XXXX085X8197,3345.0,2026-04-05 10:33:00.000 +0530
XXXX085X8202,3773.0,2026-04-05 10:33:00.000 +0530
XXXX085X8216,3165.0,2026-04-05 10:33:00.000 +0530
XXXX085X8300,4708.0,2026-04-05 10:33:00.000 +0530
XXXX085X8339,3361.0,2026-04-05 10:33:00.000 +0530
XXXX085X8390,5601.0,2026-04-05 10:33:00.000 +0530
XXXX085X8421,3716.0,2026-04-05 10:33:00.000 +0530
XXXX085X8461,3327.0,2026-04-05 10:33:00.000 +0530
XXXX085X8464,3612.0,2026-04-05 10:33:00.000 +0530
XXXX085X8522,4347.0,2026-04-05 10:33:00.000 +0530
XXXX085X8539,3704.0,2026-04-05 10:33:00.000 +0530
XXXX085X8564,3393.0,2026-04-05 10:33:00.000 +0530
XXXX085X8581,3715.0,2026-04-05 10:33:00.000 +0530
XXXX085X8591,3308.0,2026-04-05 10:33:00.000 +0530
XXXX085X8614,3266.0,2026-04-05 10:33:00.000 +0530
XXXX085X8625,4565.0,2026-04-05 10:33:00.000 +0530
XXXX085X8857,6033.0,2026-04-05 10:33:00.000 +0530
XXXX085X9007,4121.0,2026-04-05 10:33:00.000 +0530
XXXX085X9038,3113.0,2026-04-05 10:33:00.000 +0530
XXXX085X9055,4368.0,2026-04-05 10:33:00.000 +0530
XXXX085X9215,2350.0,2026-04-05 10:33:00.000 +0530
XXXX085X9311,2531.0,2026-04-05 10:33:00.000 +0530
XXXX085X9317,5380.0,2026-04-05 10:33:00.000 +0530
XXXX085X9353,5784.0,2026-04-05 10:33:00.000 +0530
XXXX085X9482,4178.0,2026-04-05 10:33:00.000 +0530
XXXX085X9494,4601.0,2026-04-05 10:33:00.000 +0530
XXXX085X9519,4665.0,2026-04-05 10:33:00.000 +0530
XXXX085X9529,4425.0,2026-04-05 10:33:00.000 +0530
XXXX085X9555,4075.0,2026-04-05 10:33:00.000 +0530
XXXX085X9693,4965.0,2026-04-05 10:33:00.000 +0530
XXXX085X9737,4502.0,2026-04-05 10:33:00.000 +0530
XXXX085X9762,3782.0,2026-04-05 10:33:00.000 +0530
XXXX085X9909,3781.0,2026-04-05 10:33:00.000 +0530
XXXX086X0261,3700.0,2026-04-05 10:33:00.000 +0530
XXXX086X0278,3400.0,2026-04-05 10:33:00.000 +0530
XXXX086X0414,4417.0,2026-04-05 10:33:00.000 +0530
XXXX086X0417,4272.0,2026-04-05 10:33:00.000 +0530
XXXX086X0530,3897.0,2026-04-05 10:33:00.000 +0530
XXXX086X0539,3424.0,2026-04-05 10:33:00.000 +0530
XXXX086X0806,3566.0,2026-04-05 10:33:00.000 +0530
XXXX086X0978,4288.0,2026-04-05 10:33:00.000 +0530
XXXX086X1009,3315.0,2026-04-05 10:33:00.000 +0530
XXXX086X1125,3453.0,2026-04-05 10:33:00.000 +0530
XXXX086X1456,3534.0,2026-04-05 10:33:00.000 +0530
XXXX086X1475,3822.0,2026-04-05 10:33:00.000 +0530
XXXX086X1484,4201.0,2026-04-05 10:33:00.000 +0530
XXXX086X1497,3325.0,2026-04-05 10:33:00.000 +0530
XXXX086X1608,3668.0,2026-04-05 10:33:00.000 +0530
XXXX086X1642,2544.0,2026-04-05 10:33:00.000 +0530
XXXX086X1681,3896.0,2026-04-05 10:33:00.000 +0530
XXXX086X1741,3517.0,2026-04-05 10:33:00.000 +0530
XXXX086X2038,4307.0,2026-04-05 10:33:00.000 +0530
XXXX086X2214,4664.0,2026-04-05 10:33:00.000 +0530
XXXX086X2245,4245.0,2026-04-05 10:33:00.000 +0530
XXXX086X2292,4039.0,2026-04-05 10:33:00.000 +0530
XXXX086X2501,3880.0,2026-04-05 10:33:00.000 +0530
XXXX086X2619,3790.0,2026-04-05 10:33:00.000 +0530
XXXX086X2622,4809.0,2026-04-05 10:33:00.000 +0530
XXXX086X2644,2804.0,2026-04-05 10:33:00.000 +0530
XXXX086X2886,5285.0,2026-04-05 10:33:00.000 +0530
XXXX086X2887,3781.0,2026-04-05 10:33:00.000 +0530
XXXX086X2977,3170.0,2026-04-05 10:33:00.000 +0530
XXXX086X3049,3135.0,2026-04-05 10:33:00.000 +0530
XXXX086X3070,2372.0,2026-04-05 10:33:00.000 +0530
XXXX086X3110,4155.0,2026-04-05 10:33:00.000 +0530
XXXX086X3149,5132.0,2026-04-05 10:33:00.000 +0530
XXXX086X3200,4555.0,2026-04-05 10:33:00.000 +0530
XXXX086X3525,4669.0,2026-04-05 10:33:00.000 +0530
XXXX086X3599,2980.0,2026-04-05 10:33:00.000 +0530
XXXX086X3897,4140.0,2026-04-05 10:33:00.000 +0530
XXXX086X3927,3101.0,2026-04-05 10:33:00.000 +0530
XXXX086X4222,3165.0,2026-04-05 10:33:00.000 +0530
XXXX086X4273,4014.0,2026-04-05 10:33:00.000 +0530
XXXX086X4287,3988.0,2026-04-05 10:33:00.000 +0530
XXXX086X4290,3112.0,2026-04-05 10:33:00.000 +0530
XXXX086X4341,5515.0,2026-04-05 10:33:00.000 +0530
XXXX086X4352,7121.0,2026-04-05 10:33:00.000 +0530
XXXX086X4624,4473.0,2026-04-05 10:33:00.000 +0530
XXXX086X4633,3635.0,2026-04-05 10:33:00.000 +0530
XXXX086X4678,4368.0,2026-04-05 10:33:00.000 +0530
XXXX086X4843,3788.0,2026-04-05 10:33:00.000 +0530
XXXX086X5128,2746.0,2026-04-05 10:33:00.000 +0530
XXXX086X5366,4145.0,2026-04-05 10:33:00.000 +0530
XXXX086X5430,4389.0,2026-04-05 10:33:00.000 +0530
XXXX086X5474,4148.0,2026-04-05 10:33:00.000 +0530
XXXX086X5648,3478.0,2026-04-05 10:33:00.000 +0530
XXXX086X5944,4216.0,2026-04-05 10:33:00.000 +0530
XXXX086X6298,2884.0,2026-04-05 10:33:00.000 +0530
XXXX086X6315,4304.0,2026-04-05 10:33:00.000 +0530
XXXX086X6348,2708.0,2026-04-05 10:33:00.000 +0530
XXXX086X6453,4002.0,2026-04-05 10:33:00.000 +0530
XXXX086X6472,3845.0,2026-04-05 10:33:00.000 +0530
XXXX086X6559,4353.0,2026-04-05 10:33:00.000 +0530
XXXX086X6584,4119.0,2026-04-05 10:33:00.000 +0530
XXXX086X6594,3929.0,2026-04-05 10:33:00.000 +0530
XXXX086X6788,3420.0,2026-04-05 10:33:00.000 +0530
XXXX086X6812,4109.0,2026-04-05 10:33:00.000 +0530
XXXX086X6849,4182.0,2026-04-05 10:33:00.000 +0530
XXXX086X7041,3685.0,2026-04-05 10:33:00.000 +0530
XXXX086X7335,5190.0,2026-04-05 10:33:00.000 +0530
XXXX086X7369,4327.0,2026-04-05 10:33:00.000 +0530
XXXX086X7390,3946.0,2026-04-05 10:33:00.000 +0530
XXXX086X7424,3681.0,2026-04-05 10:33:00.000 +0530
XXXX086X7466,2926.0,2026-04-05 10:33:00.000 +0530
XXXX086X7478,4508.0,2026-04-05 10:33:00.000 +0530
XXXX086X7672,3368.0,2026-04-05 10:33:00.000 +0530
XXXX086X7824,3848.0,2026-04-05 10:33:00.000 +0530
XXXX086X8039,4575.0,2026-04-05 10:33:00.000 +0530
XXXX086X8286,5494.0,2026-04-05 10:33:00.000 +0530
XXXX086X8299,4291.0,2026-04-05 10:33:00.000 +0530
XXXX086X8598,3418.0,2026-04-05 10:33:00.000 +0530
XXXX086X8710,4853.0,2026-04-05 10:33:00.000 +0530
XXXX086X8844,3994.0,2026-04-05 10:33:00.000 +0530
XXXX086X8892,6052.0,2026-04-05 10:33:00.000 +0530
XXXX086X8978,3511.0,2026-04-05 10:33:00.000 +0530
XXXX086X9085,4792.0,2026-04-05 10:33:00.000 +0530
XXXX086X9421,3349.0,2026-04-05 10:33:00.000 +0530
XXXX086X9523,4098.0,2026-04-05 10:33:00.000 +0530
XXXX086X9534,5463.0,2026-04-05 10:33:00.000 +0530
XXXX086X9556,6024.0,2026-04-05 10:33:00.000 +0530
XXXX086X9592,4010.0,2026-04-05 10:33:00.000 +0530
XXXX086X9783,4010.0,2026-04-05 10:33:00.000 +0530
XXXX086X9867,2971.0,2026-04-05 10:33:00.000 +0530
XXXX087X0001,2853.0,2026-04-05 10:33:00.000 +0530
XXXX087X0011,4327.0,2026-04-05 10:33:00.000 +0530
XXXX087X0116,3060.0,2026-04-05 10:33:00.000 +0530
XXXX087X0147,3521.0,2026-04-05 10:33:00.000 +0530
XXXX087X0265,2587.0,2026-04-05 10:33:00.000 +0530
XXXX087X0402,3700.0,2026-04-05 10:33:00.000 +0530
XXXX087X0520,3032.0,2026-04-05 10:33:00.000 +0530
XXXX087X0596,4316.0,2026-04-05 10:33:00.000 +0530
XXXX087X0608,2123.0,2026-04-05 10:33:00.000 +0530
XXXX087X0620,3588.0,2026-04-05 10:33:00.000 +0530
XXXX087X0672,5139.0,2026-04-05 10:33:00.000 +0530
XXXX087X0711,3094.0,2026-04-05 10:33:00.000 +0530
XXXX087X0737,4664.0,2026-04-05 10:33:00.000 +0530
XXXX087X0746,3695.0,2026-04-05 10:33:00.000 +0530
XXXX087X0772,4525.0,2026-04-05 10:33:00.000 +0530
XXXX087X0790,5184.0,2026-04-05 10:33:00.000 +0530
XXXX087X0868,3889.0,2026-04-05 10:33:00.000 +0530
XXXX087X0891,5893.0,2026-04-05 10:33:00.000 +0530
XXXX087X0899,3889.0,2026-04-05 10:33:00.000 +0530
XXXX087X0933,4078.0,2026-04-05 10:33:00.000 +0530
XXXX087X0943,3649.0,2026-04-05 10:33:00.000 +0530
XXXX087X0971,4510.0,2026-04-05 10:33:00.000 +0530
XXXX087X0979,3547.0,2026-04-05 10:33:00.000 +0530
XXXX087X0995,3640.0,2026-04-05 10:33:00.000 +0530
XXXX087X1134,3220.0,2026-04-05 10:33:00.000 +0530
XXXX087X1486,3420.0,2026-04-05 10:33:00.000 +0530
XXXX087X1504,3162.0,2026-04-05 10:33:00.000 +0530
XXXX087X1997,4819.0,2026-04-05 10:33:00.000 +0530
XXXX087X2253,3500.0,2026-04-05 10:33:00.000 +0530
XXXX087X2303,4211.0,2026-04-05 10:33:00.000 +0530
XXXX087X2313,5882.0,2026-04-05 10:33:00.000 +0530
XXXX087X2505,4105.0,2026-04-05 10:33:00.000 +0530
XXXX087X2523,4561.0,2026-04-05 10:33:00.000 +0530
XXXX087X2709,4747.0,2026-04-05 10:33:00.000 +0530
XXXX087X2895,3446.0,2026-04-05 10:33:00.000 +0530
XXXX087X2950,5127.0,2026-04-05 10:33:00.000 +0530
XXXX087X3044,5825.0,2026-04-05 10:33:00.000 +0530
XXXX087X3255,5461.0,2026-04-05 10:33:00.000 +0530
XXXX087X3312,5812.0,2026-04-05 10:33:00.000 +0530
XXXX087X3339,3395.0,2026-04-05 10:33:00.000 +0530
XXXX087X3462,3299.0,2026-04-05 10:33:00.000 +0530
XXXX087X3520,2670.0,2026-04-05 10:33:00.000 +0530
XXXX087X3644,5609.0,2026-04-05 10:33:00.000 +0530
XXXX087X3650,2956.0,2026-04-05 10:33:00.000 +0530
XXXX087X3694,4495.0,2026-04-05 10:33:00.000 +0530
XXXX087X3778,4778.0,2026-04-05 10:33:00.000 +0530
XXXX087X3914,5271.0,2026-04-05 10:33:00.000 +0530
XXXX087X3967,5037.0,2026-04-05 10:33:00.000 +0530
XXXX087X4052,5468.0,2026-04-05 10:33:00.000 +0530
XXXX087X4154,4234.0,2026-04-05 10:33:00.000 +0530
XXXX087X4179,3445.0,2026-04-05 10:33:00.000 +0530
XXXX087X4207,3640.0,2026-04-05 10:33:00.000 +0530
XXXX087X4236,4612.0,2026-04-05 10:33:00.000 +0530
XXXX087X4267,3797.0,2026-04-05 10:33:00.000 +0530
XXXX087X4290,5805.0,2026-04-05 10:33:00.000 +0530
XXXX087X4351,3792.0,2026-04-05 10:33:00.000 +0530
XXXX087X4365,4431.0,2026-04-05 10:33:00.000 +0530
XXXX087X4479,5302.0,2026-04-05 10:33:00.000 +0530
XXXX087X4509,3819.0,2026-04-05 10:33:00.000 +0530
XXXX087X4548,3717.0,2026-04-05 10:33:00.000 +0530
XXXX087X4772,5784.0,2026-04-05 10:33:00.000 +0530
XXXX087X4826,4342.0,2026-04-05 10:33:00.000 +0530
XXXX087X4859,4965.0,2026-04-05 10:33:00.000 +0530
XXXX087X4945,4446.0,2026-04-05 10:33:00.000 +0530
XXXX087X4971,7638.0,2026-04-05 10:33:00.000 +0530
XXXX087X5046,3778.0,2026-04-05 10:33:00.000 +0530
XXXX087X5144,3631.0,2026-04-05 10:33:00.000 +0530
XXXX087X5149,5139.0,2026-04-05 10:33:00.000 +0530
XXXX087X5239,3416.0,2026-04-05 10:33:00.000 +0530
XXXX087X5268,5033.0,2026-04-05 10:33:00.000 +0530
XXXX087X5348,4311.0,2026-04-05 10:33:00.000 +0530
XXXX087X5355,3679.0,2026-04-05 10:33:00.000 +0530
XXXX087X5402,3871.0,2026-04-05 10:33:00.000 +0530
XXXX087X5409,3333.0,2026-04-05 10:33:00.000 +0530
XXXX087X5473,3675.0,2026-04-05 10:33:00.000 +0530
XXXX087X5480,5765.0,2026-04-05 10:33:00.000 +0530
XXXX087X5510,5744.0,2026-04-05 10:33:00.000 +0530
XXXX087X5551,4358.0,2026-04-05 10:33:00.000 +0530
XXXX087X5827,3924.0,2026-04-05 10:33:00.000 +0530
XXXX087X6000,4506.0,2026-04-05 10:33:00.000 +0530
XXXX087X6048,3887.0,2026-04-05 10:33:00.000 +0530
XXXX087X6075,4243.0,2026-04-05 10:33:00.000 +0530
XXXX087X6081,3924.0,2026-04-05 10:33:00.000 +0530
XXXX087X6121,4508.0,2026-04-05 10:33:00.000 +0530
XXXX087X6136,4876.0,2026-04-05 10:33:00.000 +0530
XXXX087X6169,6449.0,2026-04-05 10:33:00.000 +0530
XXXX087X6177,5054.0,2026-04-05 10:33:00.000 +0530
XXXX087X6276,4604.0,2026-04-05 10:33:00.000 +0530
XXXX087X6440,4731.0,2026-04-05 10:33:00.000 +0530
XXXX087X6448,4150.0,2026-04-05 10:33:00.000 +0530
XXXX087X6466,3364.0,2026-04-05 10:33:00.000 +0530
XXXX087X6598,3997.0,2026-04-05 10:33:00.000 +0530
XXXX087X6613,3345.0,2026-04-05 10:33:00.000 +0530
XXXX087X6689,3387.0,2026-04-05 10:33:00.000 +0530
XXXX087X6835,7410.0,2026-04-05 10:33:00.000 +0530
XXXX087X6905,4850.0,2026-04-05 10:33:00.000 +0530
XXXX087X7012,3036.0,2026-04-05 10:33:00.000 +0530
XXXX087X7249,3161.0,2026-04-05 10:33:00.000 +0530
XXXX087X7506,3512.0,2026-04-05 10:33:00.000 +0530
XXXX087X7633,4708.0,2026-04-05 10:33:00.000 +0530
XXXX087X7690,4638.0,2026-04-05 10:33:00.000 +0530
XXXX087X7722,4202.0,2026-04-05 10:33:00.000 +0530
XXXX087X7881,3372.0,2026-04-05 10:33:00.000 +0530
XXXX087X7893,4680.0,2026-04-05 10:33:00.000 +0530
XXXX087X7901,3661.0,2026-04-05 10:33:00.000 +0530
XXXX087X7993,3636.0,2026-04-05 10:33:00.000 +0530
XXXX087X8037,4831.0,2026-04-05 10:33:00.000 +0530
XXXX087X8147,2193.0,2026-04-05 10:33:00.000 +0530
XXXX087X8229,3004.0,2026-04-05 10:33:00.000 +0530
XXXX087X8299,3275.0,2026-04-05 10:33:00.000 +0530
XXXX087X8544,6288.0,2026-04-05 10:33:00.000 +0530
XXXX087X8613,5127.0,2026-04-05 10:33:00.000 +0530
XXXX087X8730,5037.0,2026-04-05 10:33:00.000 +0530
XXXX087X8813,5059.0,2026-04-05 10:33:00.000 +0530
XXXX087X8827,3887.0,2026-04-05 10:33:00.000 +0530
XXXX087X9101,3660.0,2026-04-05 10:33:00.000 +0530
XXXX087X9123,3677.0,2026-04-05 10:33:00.000 +0530
XXXX087X9192,4619.0,2026-04-05 10:33:00.000 +0530
XXXX087X9344,5362.0,2026-04-05 10:33:00.000 +0530
XXXX087X9580,5200.0,2026-04-05 10:33:00.000 +0530
XXXX087X9583,6377.0,2026-04-05 10:33:00.000 +0530
XXXX087X9987,5200.0,2026-04-05 10:33:00.000 +0530
XXXX088X0013,5337.0,2026-04-05 10:33:00.000 +0530
XXXX088X0017,2858.0,2026-04-05 10:33:00.000 +0530
XXXX088X0054,4014.0,2026-04-05 10:33:00.000 +0530
XXXX088X0194,4764.0,2026-04-05 10:33:00.000 +0530
XXXX088X0226,4715.0,2026-04-05 10:33:00.000 +0530
XXXX088X0368,3453.0,2026-04-05 10:33:00.000 +0530
XXXX088X0371,4565.0,2026-04-05 10:33:00.000 +0530
XXXX088X0372,5547.0,2026-04-05 10:33:00.000 +0530
XXXX088X0387,4125.0,2026-04-05 10:33:00.000 +0530
XXXX088X0391,4086.0,2026-04-05 10:33:00.000 +0530
XXXX088X0469,3151.0,2026-04-05 10:33:00.000 +0530
XXXX088X0511,3768.0,2026-04-05 10:33:00.000 +0530
XXXX088X0712,5593.0,2026-04-05 10:33:00.000 +0530
XXXX088X0730,4460.0,2026-04-05 10:33:00.000 +0530
XXXX088X0793,4703.0,2026-04-05 10:33:00.000 +0530
XXXX088X0869,4048.0,2026-04-05 10:33:00.000 +0530
XXXX088X0897,4980.0,2026-04-05 10:33:00.000 +0530
XXXX088X0932,2260.0,2026-04-05 10:33:00.000 +0530
XXXX088X0974,3453.0,2026-04-05 10:33:00.000 +0530
XXXX088X0984,3449.0,2026-04-05 10:33:00.000 +0530
XXXX088X0991,5694.0,2026-04-05 10:33:00.000 +0530
XXXX088X1018,2451.0,2026-04-05 10:33:00.000 +0530
XXXX088X1045,4711.0,2026-04-05 10:33:00.000 +0530
XXXX088X1148,3326.0,2026-04-05 10:33:00.000 +0530
XXXX088X1209,5245.0,2026-04-05 10:33:00.000 +0530
XXXX088X1238,3960.0,2026-04-05 10:33:00.000 +0530
XXXX088X1394,2795.0,2026-04-05 10:33:00.000 +0530
XXXX088X1444,3911.0,2026-04-05 10:33:00.000 +0530
XXXX088X1675,4108.0,2026-04-05 10:33:00.000 +0530
XXXX088X1744,3165.0,2026-04-05 10:33:00.000 +0530
XXXX088X1785,3679.0,2026-04-05 10:33:00.000 +0530
XXXX088X1875,5026.0,2026-04-05 10:33:00.000 +0530
XXXX088X1913,2681.0,2026-04-05 10:33:00.000 +0530
XXXX088X1971,3434.0,2026-04-05 10:33:00.000 +0530
XXXX088X2191,4373.0,2026-04-05 10:33:00.000 +0530
XXXX088X2197,3633.0,2026-04-05 10:33:00.000 +0530
XXXX088X2225,4530.0,2026-04-05 10:33:00.000 +0530
XXXX088X2236,4948.0,2026-04-05 10:33:00.000 +0530
XXXX088X2267,3980.0,2026-04-05 10:33:00.000 +0530
XXXX088X2298,3106.0,2026-04-05 10:33:00.000 +0530
XXXX088X2312,4767.0,2026-04-05 10:33:00.000 +0530
XXXX088X2406,4068.0,2026-04-05 10:33:00.000 +0530
XXXX088X2416,2801.0,2026-04-05 10:33:00.000 +0530
XXXX088X2451,3881.0,2026-04-05 10:33:00.000 +0530
XXXX088X2484,4024.0,2026-04-05 10:33:00.000 +0530
XXXX088X2562,3803.0,2026-04-05 10:33:00.000 +0530
XXXX088X2576,3977.0,2026-04-05 10:33:00.000 +0530
XXXX088X2784,3538.0,2026-04-05 10:33:00.000 +0530
XXXX088X2895,3132.0,2026-04-05 10:33:00.000 +0530
XXXX088X2947,5678.0,2026-04-05 10:33:00.000 +0530
XXXX088X2977,3785.0,2026-04-05 10:33:00.000 +0530
XXXX088X3159,3453.0,2026-04-05 10:33:00.000 +0530
XXXX088X3266,3017.0,2026-04-05 10:33:00.000 +0530
XXXX088X3331,3023.0,2026-04-05 10:33:00.000 +0530
XXXX088X3382,8661.0,2026-04-05 10:33:00.000 +0530
XXXX088X3468,4605.0,2026-04-05 10:33:00.000 +0530
XXXX088X3482,5986.0,2026-04-05 10:33:00.000 +0530
XXXX088X3554,3273.0,2026-04-05 10:33:00.000 +0530
XXXX088X3668,6596.0,2026-04-05 10:33:00.000 +0530
XXXX088X3676,4869.0,2026-04-05 10:33:00.000 +0530
XXXX088X3682,5298.0,2026-04-05 10:33:00.000 +0530
XXXX088X3783,9305.0,2026-04-05 10:33:00.000 +0530
XXXX088X3808,5375.0,2026-04-05 10:33:00.000 +0530
XXXX088X3899,4286.0,2026-04-05 10:33:00.000 +0530
XXXX088X3911,4285.0,2026-04-05 10:33:00.000 +0530
XXXX088X3988,3496.0,2026-04-05 10:33:00.000 +0530
XXXX088X4070,7631.0,2026-04-05 10:33:00.000 +0530
XXXX088X4079,3600.0,2026-04-05 10:33:00.000 +0530
XXXX088X4124,3228.0,2026-04-05 10:33:00.000 +0530
XXXX088X4134,4000.0,2026-04-05 10:33:00.000 +0530
XXXX088X4184,6573.0,2026-04-05 10:33:00.000 +0530
XXXX088X4185,3892.0,2026-04-05 10:33:00.000 +0530
XXXX088X4225,5810.0,2026-04-05 10:33:00.000 +0530
XXXX088X4361,6406.0,2026-04-05 10:33:00.000 +0530
XXXX088X4458,5977.0,2026-04-05 10:33:00.000 +0530
XXXX088X4466,4042.0,2026-04-05 10:33:00.000 +0530
XXXX088X4521,3040.0,2026-04-05 10:33:00.000 +0530
XXXX088X4578,8900.0,2026-04-05 10:33:00.000 +0530
XXXX088X4585,6611.0,2026-04-05 10:33:00.000 +0530
XXXX088X4627,5608.0,2026-04-05 10:33:00.000 +0530
XXXX088X4669,3265.0,2026-04-05 10:33:00.000 +0530
XXXX088X4694,3692.0,2026-04-05 10:33:00.000 +0530
XXXX088X4912,3515.0,2026-04-05 10:33:00.000 +0530
XXXX088X5051,2978.0,2026-04-05 10:33:00.000 +0530
XXXX088X5090,5795.0,2026-04-05 10:33:00.000 +0530
XXXX088X5141,5343.0,2026-04-05 10:33:00.000 +0530
XXXX088X5201,4169.0,2026-04-05 10:33:00.000 +0530
XXXX088X5290,3433.0,2026-04-05 10:33:00.000 +0530
XXXX088X5579,3941.0,2026-04-05 10:33:00.000 +0530
XXXX088X5720,5129.0,2026-04-05 10:33:00.000 +0530
XXXX088X5763,3648.0,2026-04-05 10:33:00.000 +0530
XXXX088X6032,5483.0,2026-04-05 10:33:00.000 +0530
XXXX088X6155,4065.0,2026-04-05 10:33:00.000 +0530
XXXX088X6203,5666.0,2026-04-05 10:33:00.000 +0530
XXXX088X6280,2647.0,2026-04-05 10:33:00.000 +0530
XXXX088X6324,3228.0,2026-04-05 10:33:00.000 +0530
XXXX088X6402,2735.0,2026-04-05 10:33:00.000 +0530
XXXX088X6463,4266.0,2026-04-05 10:33:00.000 +0530
XXXX088X6480,7862.0,2026-04-05 10:33:00.000 +0530
XXXX088X6499,2772.0,2026-04-05 10:33:00.000 +0530
XXXX088X6537,2621.0,2026-04-05 10:33:00.000 +0530
XXXX088X6598,3115.0,2026-04-05 10:33:00.000 +0530
XXXX088X6712,2713.0,2026-04-05 10:33:00.000 +0530
XXXX088X6720,2646.0,2026-04-05 10:33:00.000 +0530
XXXX088X6826,5850.0,2026-04-05 10:33:00.000 +0530
XXXX088X6853,3347.0,2026-04-05 10:33:00.000 +0530
XXXX088X6931,3601.0,2026-04-05 10:33:00.000 +0530
XXXX088X6969,3647.0,2026-04-05 10:33:00.000 +0530
XXXX088X6987,5036.0,2026-04-05 10:33:00.000 +0530
XXXX088X6993,2784.0,2026-04-05 10:33:00.000 +0530
XXXX088X6998,3093.0,2026-04-05 10:33:00.000 +0530
XXXX088X7070,5578.0,2026-04-05 10:33:00.000 +0530
XXXX088X7220,5028.0,2026-04-05 10:33:00.000 +0530
XXXX088X7274,4872.0,2026-04-05 10:33:00.000 +0530
XXXX088X7305,4332.0,2026-04-05 10:33:00.000 +0530
XXXX088X7311,8764.0,2026-04-05 10:33:00.000 +0530
XXXX088X7343,4337.0,2026-04-05 10:33:00.000 +0530
XXXX088X7429,3627.0,2026-04-05 10:33:00.000 +0530
XXXX088X7458,5200.0,2026-04-05 10:33:00.000 +0530
XXXX088X7637,3882.0,2026-04-05 10:33:00.000 +0530
XXXX088X7680,4392.0,2026-04-05 10:33:00.000 +0530
XXXX088X7703,3268.0,2026-04-05 10:33:00.000 +0530
XXXX088X7898,4680.0,2026-04-05 10:33:00.000 +0530
XXXX088X8016,3779.0,2026-04-05 10:33:00.000 +0530
XXXX088X8029,4032.0,2026-04-05 10:33:00.000 +0530
XXXX088X8048,3559.0,2026-04-05 10:33:00.000 +0530
XXXX088X8092,3706.0,2026-04-05 10:33:00.000 +0530
XXXX088X8113,5988.0,2026-04-05 10:33:00.000 +0530
XXXX088X8115,5803.0,2026-04-05 10:33:00.000 +0530
XXXX088X8188,4311.0,2026-04-05 10:33:00.000 +0530
XXXX088X8260,3403.0,2026-04-05 10:33:00.000 +0530
XXXX088X8287,5041.0,2026-04-05 10:33:00.000 +0530
XXXX088X8316,3207.0,2026-04-05 10:33:00.000 +0530
XXXX088X8320,6645.0,2026-04-05 10:33:00.000 +0530
XXXX088X8368,4965.0,2026-04-05 10:33:00.000 +0530
XXXX088X8413,3605.0,2026-04-05 10:33:00.000 +0530
XXXX088X8468,3738.0,2026-04-05 10:33:00.000 +0530
XXXX088X8597,4876.0,2026-04-05 10:33:00.000 +0530
XXXX088X8733,4405.0,2026-04-05 10:33:00.000 +0530
XXXX088X8936,4680.0,2026-04-05 10:33:00.000 +0530
XXXX088X9053,7856.0,2026-04-05 10:33:00.000 +0530
XXXX088X9146,4182.0,2026-04-05 10:33:00.000 +0530
XXXX088X9205,2983.0,2026-04-05 10:33:00.000 +0530
XXXX088X9228,3990.0,2026-04-05 10:33:00.000 +0530
XXXX088X9353,4300.0,2026-04-05 10:33:00.000 +0530
XXXX088X9385,3524.0,2026-04-05 10:33:00.000 +0530
XXXX088X9531,3047.0,2026-04-05 10:33:00.000 +0530
XXXX088X9620,3651.0,2026-04-05 10:33:00.000 +0530
XXXX088X9686,2574.0,2026-04-05 10:33:00.000 +0530
XXXX088X9855,4778.0,2026-04-05 10:33:00.000 +0530
XXXX088X9873,6362.0,2026-04-05 10:33:00.000 +0530
XXXX088X9893,2992.0,2026-04-05 10:33:00.000 +0530
XXXX088X9902,5577.0,2026-04-05 10:33:00.000 +0530
XXXX088X9951,3473.0,2026-04-05 10:33:00.000 +0530
XXXX089X0073,3534.0,2026-04-05 10:33:00.000 +0530
XXXX089X0108,3956.0,2026-04-05 10:33:00.000 +0530
XXXX089X0206,4054.0,2026-04-05 10:33:00.000 +0530
XXXX089X0244,3623.0,2026-04-05 10:33:00.000 +0530
XXXX089X0285,4219.0,2026-04-05 10:33:00.000 +0530
XXXX089X0358,3364.0,2026-04-05 10:33:00.000 +0530
XXXX089X0360,4561.0,2026-04-05 10:33:00.000 +0530
XXXX089X0782,4224.0,2026-04-05 10:33:00.000 +0530
XXXX089X0969,3724.0,2026-04-05 10:33:00.000 +0530
XXXX089X1004,3211.0,2026-04-05 10:33:00.000 +0530
XXXX089X1072,2566.0,2026-04-05 10:33:00.000 +0530
XXXX089X1101,4238.0,2026-04-05 10:33:00.000 +0530
XXXX089X1195,3978.0,2026-04-05 10:33:00.000 +0530
XXXX089X1416,3013.0,2026-04-05 10:33:00.000 +0530
XXXX089X1492,3362.0,2026-04-05 10:33:00.000 +0530
XXXX089X1611,9634.0,2026-04-05 10:33:00.000 +0530
XXXX089X1761,4116.0,2026-04-05 10:33:00.000 +0530
XXXX089X1974,3337.0,2026-04-05 10:33:00.000 +0530
XXXX089X2287,5312.0,2026-04-05 10:33:00.000 +0530
XXXX089X2382,3902.0,2026-04-05 10:33:00.000 +0530
XXXX089X2416,6628.0,2026-04-05 10:33:00.000 +0530
XXXX089X2471,3318.0,2026-04-05 10:33:00.000 +0530
XXXX089X2597,4965.0,2026-04-05 10:33:00.000 +0530
XXXX089X2692,3951.0,2026-04-05 10:33:00.000 +0530
XXXX089X2715,3017.0,2026-04-05 10:33:00.000 +0530
XXXX089X2938,3232.0,2026-04-05 10:33:00.000 +0530
XXXX089X2955,3549.0,2026-04-05 10:33:00.000 +0530
XXXX089X3040,3843.0,2026-04-05 10:33:00.000 +0530
XXXX089X3187,8771.0,2026-04-05 10:33:00.000 +0530
XXXX089X3208,3021.0,2026-04-05 10:33:00.000 +0530
XXXX089X3408,3914.0,2026-04-05 10:33:00.000 +0530
XXXX089X3490,5291.0,2026-04-05 10:33:00.000 +0530
XXXX089X3589,4682.0,2026-04-05 10:33:00.000 +0530
XXXX089X3611,4201.0,2026-04-05 10:33:00.000 +0530
XXXX089X3935,3213.0,2026-04-05 10:33:00.000 +0530
XXXX089X3955,3646.0,2026-04-05 10:33:00.000 +0530
XXXX089X3956,4393.0,2026-04-05 10:33:00.000 +0530
XXXX089X4104,4700.0,2026-04-05 10:33:00.000 +0530
XXXX089X4283,7239.0,2026-04-05 10:33:00.000 +0530
XXXX089X4332,3568.0,2026-04-05 10:33:00.000 +0530
XXXX089X4349,7523.0,2026-04-05 10:33:00.000 +0530
XXXX089X4498,4744.0,2026-04-05 10:33:00.000 +0530
XXXX089X4656,3020.0,2026-04-05 10:33:00.000 +0530
XXXX089X4863,4864.0,2026-04-05 10:33:00.000 +0530
XXXX089X5136,3832.0,2026-04-05 10:33:00.000 +0530
XXXX089X5174,3794.0,2026-04-05 10:33:00.000 +0530
XXXX089X5210,5342.0,2026-04-05 10:33:00.000 +0530
XXXX089X5237,4964.0,2026-04-05 10:33:00.000 +0530
XXXX089X5442,3776.0,2026-04-05 10:33:00.000 +0530
XXXX089X5612,4083.0,2026-04-05 10:33:00.000 +0530
XXXX089X5692,3615.0,2026-04-05 10:33:00.000 +0530
XXXX089X5717,3600.0,2026-04-05 10:33:00.000 +0530
XXXX089X5728,5083.0,2026-04-05 10:33:00.000 +0530
XXXX089X5851,3863.0,2026-04-05 10:33:00.000 +0530
XXXX089X5935,3349.0,2026-04-05 10:33:00.000 +0530
XXXX089X6038,2784.0,2026-04-05 10:33:00.000 +0530
XXXX089X6111,3854.0,2026-04-05 10:33:00.000 +0530
XXXX089X6125,3926.0,2026-04-05 10:33:00.000 +0530
XXXX089X6142,4984.0,2026-04-05 10:33:00.000 +0530
XXXX089X6245,9004.0,2026-04-05 10:33:00.000 +0530
XXXX089X6336,3465.0,2026-04-05 10:33:00.000 +0530
XXXX089X6607,3803.0,2026-04-05 10:33:00.000 +0530
XXXX089X6620,4479.0,2026-04-05 10:33:00.000 +0530
XXXX089X6733,3116.0,2026-04-05 10:33:00.000 +0530
XXXX089X6805,2387.0,2026-04-05 10:33:00.000 +0530
XXXX089X6849,7033.0,2026-04-05 10:33:00.000 +0530
XXXX089X6955,5488.0,2026-04-05 10:33:00.000 +0530
XXXX089X7023,5537.0,2026-04-05 10:33:00.000 +0530
XXXX089X7029,3700.0,2026-04-05 10:33:00.000 +0530
XXXX089X7154,6973.0,2026-04-05 10:33:00.000 +0530
XXXX089X7160,3433.0,2026-04-05 10:33:00.000 +0530
XXXX089X7189,10305.0,2026-04-05 10:33:00.000 +0530
XXXX089X7272,5268.0,2026-04-05 10:33:00.000 +0530
XXXX089X7351,5551.0,2026-04-05 10:33:00.000 +0530
XXXX089X7375,2854.0,2026-04-05 10:33:00.000 +0530
XXXX089X7393,7066.0,2026-04-05 10:33:00.000 +0530
XXXX089X7522,4727.0,2026-04-05 10:33:00.000 +0530
XXXX089X7532,3443.0,2026-04-05 10:33:00.000 +0530
XXXX089X7592,3368.0,2026-04-05 10:33:00.000 +0530
XXXX089X7703,3372.0,2026-04-05 10:33:00.000 +0530
XXXX089X7743,4619.0,2026-04-05 10:33:00.000 +0530
XXXX089X7895,8484.0,2026-04-05 10:33:00.000 +0530
XXXX089X7958,3714.0,2026-04-05 10:33:00.000 +0530
XXXX089X8221,3837.0,2026-04-05 10:33:00.000 +0530
XXXX089X8306,3554.0,2026-04-05 10:33:00.000 +0530
XXXX089X8308,4534.0,2026-04-05 10:33:00.000 +0530
XXXX089X8315,3870.0,2026-04-05 10:33:00.000 +0530
XXXX089X8321,4122.0,2026-04-05 10:33:00.000 +0530
XXXX089X8398,5428.0,2026-04-05 10:33:00.000 +0530
XXXX089X8415,6383.0,2026-04-05 10:33:00.000 +0530
XXXX089X8474,4342.0,2026-04-05 10:33:00.000 +0530
XXXX089X8494,8683.0,2026-04-05 10:33:00.000 +0530
XXXX089X8588,3219.0,2026-04-05 10:33:00.000 +0530
XXXX089X8740,3127.0,2026-04-05 10:33:00.000 +0530
XXXX089X8783,4016.0,2026-04-05 10:33:00.000 +0530
XXXX089X8803,3255.0,2026-04-05 10:33:00.000 +0530
XXXX089X8845,5240.0,2026-04-05 10:33:00.000 +0530
XXXX089X8953,6455.0,2026-04-05 10:33:00.000 +0530
XXXX089X9078,3457.0,2026-04-05 10:33:00.000 +0530
XXXX089X9100,3773.0,2026-04-05 10:33:00.000 +0530
XXXX089X9185,3901.0,2026-04-05 10:33:00.000 +0530
XXXX089X9201,3480.0,2026-04-05 10:33:00.000 +0530
XXXX089X9218,4285.0,2026-04-05 10:33:00.000 +0530
XXXX089X9269,3512.0,2026-04-05 10:33:00.000 +0530
XXXX089X9329,4276.0,2026-04-05 10:33:00.000 +0530
XXXX089X9391,4042.0,2026-04-05 10:33:00.000 +0530
XXXX089X9393,4635.0,2026-04-05 10:33:00.000 +0530
XXXX089X9395,5981.0,2026-04-05 10:33:00.000 +0530
XXXX089X9430,4470.0,2026-04-05 10:33:00.000 +0530
XXXX089X9446,3489.0,2026-04-05 10:33:00.000 +0530
XXXX089X9468,2527.0,2026-04-05 10:33:00.000 +0530
XXXX089X9688,4327.0,2026-04-05 10:33:00.000 +0530
XXXX089X9810,3437.0,2026-04-05 10:33:00.000 +0530
XXXX090X0061,4332.0,2026-04-05 10:33:00.000 +0530
XXXX090X0361,3194.0,2026-04-05 10:33:00.000 +0530
XXXX090X0481,5615.0,2026-04-05 10:33:00.000 +0530
XXXX090X0615,2487.0,2026-04-05 10:33:00.000 +0530
XXXX090X0834,3585.0,2026-04-05 10:33:00.000 +0530
XXXX090X0969,4752.0,2026-04-05 10:33:00.000 +0530
XXXX090X0990,6383.0,2026-04-05 10:33:00.000 +0530
XXXX090X1225,3760.0,2026-04-05 10:33:00.000 +0530
XXXX090X1265,3613.0,2026-04-05 10:33:00.000 +0530
XXXX090X1379,6480.0,2026-04-05 10:33:00.000 +0530
XXXX090X1382,4052.0,2026-04-05 10:33:00.000 +0530
XXXX090X1504,4749.0,2026-04-05 10:33:00.000 +0530
XXXX090X1511,3078.0,2026-04-05 10:33:00.000 +0530
XXXX090X1544,4227.0,2026-04-05 10:33:00.000 +0530
XXXX090X1595,3708.0,2026-04-05 10:33:00.000 +0530
XXXX090X2014,4113.0,2026-04-05 10:33:00.000 +0530
XXXX090X2051,5785.0,2026-04-05 10:33:00.000 +0530
XXXX090X2159,3578.0,2026-04-05 10:33:00.000 +0530
XXXX090X2170,3811.0,2026-04-05 10:33:00.000 +0530
XXXX090X2215,5720.0,2026-04-05 10:33:00.000 +0530
XXXX090X2263,3478.0,2026-04-05 10:33:00.000 +0530
XXXX090X2731,4766.0,2026-04-05 10:33:00.000 +0530
XXXX090X2734,3605.0,2026-04-05 10:33:00.000 +0530
XXXX090X2819,4266.0,2026-04-05 10:33:00.000 +0530
XXXX090X2929,4452.0,2026-04-05 10:33:00.000 +0530
XXXX090X2977,3008.0,2026-04-05 10:33:00.000 +0530
XXXX090X2994,6501.0,2026-04-05 10:33:00.000 +0530
XXXX090X3055,6322.0,2026-04-05 10:33:00.000 +0530
XXXX090X3095,3742.0,2026-04-05 10:33:00.000 +0530
XXXX090X3194,4999.0,2026-04-05 10:33:00.000 +0530
XXXX090X3265,6728.0,2026-04-05 10:33:00.000 +0530
XXXX090X3316,5477.0,2026-04-05 10:33:00.000 +0530
XXXX090X3401,4476.0,2026-04-05 10:33:00.000 +0530
XXXX090X3425,5649.0,2026-04-05 10:33:00.000 +0530
XXXX090X3456,3623.0,2026-04-05 10:33:00.000 +0530
XXXX090X3487,3876.0,2026-04-05 10:33:00.000 +0530
XXXX090X3790,5395.0,2026-04-05 10:33:00.000 +0530
XXXX090X3937,4148.0,2026-04-05 10:33:00.000 +0530
XXXX090X3946,3631.0,2026-04-05 10:33:00.000 +0530
XXXX090X4061,3302.0,2026-04-05 10:33:00.000 +0530
XXXX090X4112,3739.0,2026-04-05 10:33:00.000 +0530
XXXX090X4143,3228.0,2026-04-05 10:33:00.000 +0530
XXXX090X4387,6985.0,2026-04-05 10:33:00.000 +0530
XXXX090X4423,5448.0,2026-04-05 10:33:00.000 +0530
XXXX090X4565,5022.0,2026-04-05 10:33:00.000 +0530
XXXX090X4756,4036.0,2026-04-05 10:33:00.000 +0530
XXXX090X4840,4208.0,2026-04-05 10:33:00.000 +0530
XXXX090X5036,4178.0,2026-04-05 10:33:00.000 +0530
XXXX090X5120,6146.0,2026-04-05 10:33:00.000 +0530
XXXX090X5129,6683.0,2026-04-05 10:33:00.000 +0530
XXXX090X5235,4428.0,2026-04-05 10:33:00.000 +0530
XXXX090X5311,6087.0,2026-04-05 10:33:00.000 +0530
XXXX090X5473,5559.0,2026-04-05 10:33:00.000 +0530
XXXX090X5475,4278.0,2026-04-05 10:33:00.000 +0530
XXXX090X5594,3881.0,2026-04-05 10:33:00.000 +0530
XXXX090X5724,4773.0,2026-04-05 10:33:00.000 +0530
XXXX090X5791,5172.0,2026-04-05 10:33:00.000 +0530
XXXX090X5854,4347.0,2026-04-05 10:33:00.000 +0530
XXXX090X5980,3494.0,2026-04-05 10:33:00.000 +0530
XXXX090X6198,3386.0,2026-04-05 10:33:00.000 +0530
XXXX090X6422,3055.0,2026-04-05 10:33:00.000 +0530
XXXX090X6442,4012.0,2026-04-05 10:33:00.000 +0530
XXXX090X6533,3777.0,2026-04-05 10:33:00.000 +0530
XXXX090X6875,3357.0,2026-04-05 10:33:00.000 +0530
XXXX090X6920,5909.0,2026-04-05 10:33:00.000 +0530
XXXX090X7127,3134.0,2026-04-05 10:33:00.000 +0530
XXXX090X7421,8209.0,2026-04-05 10:33:00.000 +0530
XXXX090X7485,4825.0,2026-04-05 10:33:00.000 +0530
XXXX090X7495,4140.0,2026-04-05 10:33:00.000 +0530
XXXX090X7560,6865.0,2026-04-05 10:33:00.000 +0530
XXXX090X7574,5853.0,2026-04-05 10:33:00.000 +0530
XXXX090X7905,5480.0,2026-04-05 10:33:00.000 +0530
XXXX090X7973,4048.0,2026-04-05 10:33:00.000 +0530
XXXX090X7977,2931.0,2026-04-05 10:33:00.000 +0530
XXXX090X8109,3191.0,2026-04-05 10:33:00.000 +0530
XXXX090X8154,2769.0,2026-04-05 10:33:00.000 +0530
XXXX090X8215,4992.0,2026-04-05 10:33:00.000 +0530
XXXX090X8269,3644.0,2026-04-05 10:33:00.000 +0530
XXXX090X8274,3403.0,2026-04-05 10:33:00.000 +0530
XXXX090X8289,3782.0,2026-04-05 10:33:00.000 +0530
XXXX090X8352,5575.0,2026-04-05 10:33:00.000 +0530
XXXX090X8364,8551.0,2026-04-05 10:33:00.000 +0530
XXXX090X8425,3248.0,2026-04-05 10:33:00.000 +0530
XXXX090X8458,2979.0,2026-04-05 10:33:00.000 +0530
XXXX090X8737,5180.0,2026-04-05 10:33:00.000 +0530
XXXX090X8894,5064.0,2026-04-05 10:33:00.000 +0530
XXXX090X8947,3604.0,2026-04-05 10:33:00.000 +0530
XXXX090X8948,3997.0,2026-04-05 10:33:00.000 +0530
XXXX090X9080,6277.0,2026-04-05 10:33:00.000 +0530
XXXX090X9172,5089.0,2026-04-05 10:33:00.000 +0530
XXXX090X9183,4728.0,2026-04-05 10:33:00.000 +0530
XXXX090X9203,6003.0,2026-04-05 10:33:00.000 +0530
XXXX090X9244,3334.0,2026-04-05 10:33:00.000 +0530
XXXX090X9577,3709.0,2026-04-05 10:33:00.000 +0530
XXXX090X9651,3735.0,2026-04-05 10:33:00.000 +0530
XXXX090X9693,2930.0,2026-04-05 10:33:00.000 +0530
XXXX090X9797,6651.0,2026-04-05 10:33:00.000 +0530
XXXX090X9805,4409.0,2026-04-05 10:33:00.000 +0530
XXXX090X9813,4081.0,2026-04-05 10:33:00.000 +0530
XXXX090X9843,2477.0,2026-04-05 10:33:00.000 +0530
XXXX090X9935,3227.0,2026-04-05 10:33:00.000 +0530
XXXX090X9952,3694.0,2026-04-05 10:33:00.000 +0530
XXXX091X0264,3222.0,2026-04-05 10:33:00.000 +0530
XXXX091X0292,5651.0,2026-04-05 10:33:00.000 +0530
XXXX091X0307,3450.0,2026-04-05 10:33:00.000 +0530
XXXX091X0320,5489.0,2026-04-05 10:33:00.000 +0530
XXXX091X0327,6594.0,2026-04-05 10:33:00.000 +0530
XXXX091X0529,3891.0,2026-04-05 10:33:00.000 +0530
XXXX091X0747,7077.0,2026-04-05 10:33:00.000 +0530
XXXX091X0896,5721.0,2026-04-05 10:33:00.000 +0530
XXXX091X0915,3699.0,2026-04-05 10:33:00.000 +0530
XXXX091X0926,4254.0,2026-04-05 10:33:00.000 +0530
XXXX091X0984,3975.0,2026-04-05 10:33:00.000 +0530
XXXX091X0991,2994.0,2026-04-05 10:33:00.000 +0530
XXXX091X1078,4008.0,2026-04-05 10:33:00.000 +0530
XXXX091X1091,3679.0,2026-04-05 10:33:00.000 +0530
XXXX091X1131,4752.0,2026-04-05 10:33:00.000 +0530
XXXX091X1165,3969.0,2026-04-05 10:33:00.000 +0530
XXXX091X1297,4001.0,2026-04-05 10:33:00.000 +0530
XXXX091X1299,2871.0,2026-04-05 10:33:00.000 +0530
XXXX091X1370,3969.0,2026-04-05 10:33:00.000 +0530
XXXX091X1411,2972.0,2026-04-05 10:33:00.000 +0530
XXXX091X1412,8380.0,2026-04-05 10:33:00.000 +0530
XXXX091X1516,3452.0,2026-04-05 10:33:00.000 +0530
XXXX091X1597,4667.0,2026-04-05 10:33:00.000 +0530
XXXX091X1608,2815.0,2026-04-05 10:33:00.000 +0530
XXXX091X1662,5960.0,2026-04-05 10:33:00.000 +0530
XXXX091X1664,4840.0,2026-04-05 10:33:00.000 +0530
XXXX091X1829,4809.0,2026-04-05 10:33:00.000 +0530
XXXX091X1905,3904.0,2026-04-05 10:33:00.000 +0530
XXXX091X1967,3058.0,2026-04-05 10:33:00.000 +0530
XXXX091X1995,4156.0,2026-04-05 10:33:00.000 +0530
XXXX091X2008,5539.0,2026-04-05 10:33:00.000 +0530
XXXX091X2070,3521.0,2026-04-05 10:33:00.000 +0530
XXXX091X2134,3586.0,2026-04-05 10:33:00.000 +0530
XXXX091X2168,3730.0,2026-04-05 10:33:00.000 +0530
XXXX091X2277,3529.0,2026-04-05 10:33:00.000 +0530
XXXX091X2331,3082.0,2026-04-05 10:33:00.000 +0530
XXXX091X2346,6112.0,2026-04-05 10:33:00.000 +0530
XXXX091X2352,4468.0,2026-04-05 10:33:00.000 +0530
XXXX091X2389,6153.0,2026-04-05 10:33:00.000 +0530
XXXX091X2486,3561.0,2026-04-05 10:33:00.000 +0530
XXXX091X2705,5320.0,2026-04-05 10:33:00.000 +0530
XXXX091X2850,3898.0,2026-04-05 10:33:00.000 +0530
XXXX091X2945,4333.0,2026-04-05 10:33:00.000 +0530
XXXX091X3090,3668.0,2026-04-05 10:33:00.000 +0530
XXXX091X3223,4540.0,2026-04-05 10:33:00.000 +0530
XXXX091X3294,5077.0,2026-04-05 10:33:00.000 +0530
XXXX091X3374,3466.0,2026-04-05 10:33:00.000 +0530
XXXX091X3413,4730.0,2026-04-05 10:33:00.000 +0530
XXXX091X3477,3662.0,2026-04-05 10:33:00.000 +0530
XXXX091X3505,4560.0,2026-04-05 10:33:00.000 +0530
XXXX091X3536,3198.0,2026-04-05 10:33:00.000 +0530
XXXX091X3645,4159.0,2026-04-05 10:33:00.000 +0530
XXXX091X3663,3124.0,2026-04-05 10:33:00.000 +0530
XXXX091X3717,3250.0,2026-04-05 10:33:00.000 +0530
XXXX091X3919,3960.0,2026-04-05 10:33:00.000 +0530
XXXX091X4160,5878.0,2026-04-05 10:33:00.000 +0530
XXXX091X4192,4368.0,2026-04-05 10:33:00.000 +0530
XXXX091X4338,3636.0,2026-04-05 10:33:00.000 +0530
XXXX091X4384,4524.0,2026-04-05 10:33:00.000 +0530
XXXX091X4410,6053.0,2026-04-05 10:33:00.000 +0530
XXXX091X4435,4502.0,2026-04-05 10:33:00.000 +0530
XXXX091X4496,3395.0,2026-04-05 10:33:00.000 +0530
XXXX091X4569,7123.0,2026-04-05 10:33:00.000 +0530
XXXX091X4572,4786.0,2026-04-05 10:33:00.000 +0530
XXXX091X4584,3172.0,2026-04-05 10:33:00.000 +0530
XXXX091X4602,3624.0,2026-04-05 10:33:00.000 +0530
XXXX091X4633,7715.0,2026-04-05 10:33:00.000 +0530
XXXX091X4635,5237.0,2026-04-05 10:33:00.000 +0530
XXXX091X4916,3824.0,2026-04-05 10:33:00.000 +0530
XXXX091X5005,3871.0,2026-04-05 10:33:00.000 +0530
XXXX091X5036,4622.0,2026-04-05 10:33:00.000 +0530
XXXX091X5039,3623.0,2026-04-05 10:33:00.000 +0530
XXXX091X5067,6230.0,2026-04-05 10:33:00.000 +0530
XXXX091X5079,3041.0,2026-04-05 10:33:00.000 +0530
XXXX091X5100,5375.0,2026-04-05 10:33:00.000 +0530
XXXX091X5160,3991.0,2026-04-05 10:33:00.000 +0530
XXXX091X5275,3648.0,2026-04-05 10:33:00.000 +0530
XXXX091X5308,6978.0,2026-04-05 10:33:00.000 +0530
XXXX091X5389,5017.0,2026-04-05 10:33:00.000 +0530
XXXX091X5438,3701.0,2026-04-05 10:33:00.000 +0530
XXXX091X5445,5077.0,2026-04-05 10:33:00.000 +0530
XXXX091X5580,4622.0,2026-04-05 10:33:00.000 +0530
XXXX091X5618,4134.0,2026-04-05 10:33:00.000 +0530
XXXX091X5632,3078.0,2026-04-05 10:33:00.000 +0530
XXXX091X5854,5596.0,2026-04-05 10:33:00.000 +0530
XXXX091X5993,5066.0,2026-04-05 10:33:00.000 +0530
XXXX091X6038,2956.0,2026-04-05 10:33:00.000 +0530
XXXX091X6047,3925.0,2026-04-05 10:33:00.000 +0530
XXXX091X6146,4791.0,2026-04-05 10:33:00.000 +0530
XXXX091X6303,4599.0,2026-04-05 10:33:00.000 +0530
XXXX091X6502,3277.0,2026-04-05 10:33:00.000 +0530
XXXX091X6597,3546.0,2026-04-05 10:33:00.000 +0530
XXXX091X6915,3843.0,2026-04-05 10:33:00.000 +0530
XXXX091X6946,5157.0,2026-04-05 10:33:00.000 +0530
XXXX091X7148,4933.0,2026-04-05 10:33:00.000 +0530
XXXX091X7160,4957.0,2026-04-05 10:33:00.000 +0530
XXXX091X7264,3516.0,2026-04-05 10:33:00.000 +0530
XXXX091X7365,4238.0,2026-04-05 10:33:00.000 +0530
XXXX091X7523,5189.0,2026-04-05 10:33:00.000 +0530
XXXX091X7620,2602.0,2026-04-05 10:33:00.000 +0530
XXXX091X7692,4633.0,2026-04-05 10:33:00.000 +0530
XXXX091X7866,3944.0,2026-04-05 10:33:00.000 +0530
XXXX091X7883,2879.0,2026-04-05 10:33:00.000 +0530
XXXX091X7889,3547.0,2026-04-05 10:33:00.000 +0530
XXXX091X7957,4842.0,2026-04-05 10:33:00.000 +0530
XXXX091X7989,5267.0,2026-04-05 10:33:00.000 +0530
XXXX091X7997,6250.0,2026-04-05 10:33:00.000 +0530
XXXX091X8040,3386.0,2026-04-05 10:33:00.000 +0530
XXXX091X8324,3304.0,2026-04-05 10:33:00.000 +0530
XXXX091X8526,6068.0,2026-04-05 10:33:00.000 +0530
XXXX091X8541,3398.0,2026-04-05 10:33:00.000 +0530
XXXX091X8570,5156.0,2026-04-05 10:33:00.000 +0530
XXXX091X8589,3013.0,2026-04-05 10:33:00.000 +0530
XXXX091X8599,4743.0,2026-04-05 10:33:00.000 +0530
XXXX091X8669,3461.0,2026-04-05 10:33:00.000 +0530
XXXX091X8802,4632.0,2026-04-05 10:33:00.000 +0530
XXXX091X8914,5078.0,2026-04-05 10:33:00.000 +0530
XXXX091X8979,4180.0,2026-04-05 10:33:00.000 +0530
XXXX091X9145,8191.0,2026-04-05 10:33:00.000 +0530
XXXX091X9164,5214.0,2026-04-05 10:33:00.000 +0530
XXXX091X9206,2244.0,2026-04-05 10:33:00.000 +0530
XXXX091X9218,4929.0,2026-04-05 10:33:00.000 +0530
XXXX091X9343,2475.0,2026-04-05 10:33:00.000 +0530
XXXX091X9454,3114.0,2026-04-05 10:33:00.000 +0530
XXXX091X9653,5407.0,2026-04-05 10:33:00.000 +0530
XXXX091X9673,2668.0,2026-04-05 10:33:00.000 +0530
XXXX091X9763,5764.0,2026-04-05 10:33:00.000 +0530
XXXX091X9775,6277.0,2026-04-05 10:33:00.000 +0530
XXXX091X9850,3255.0,2026-04-05 10:33:00.000 +0530
XXXX091X9901,3967.0,2026-04-05 10:33:00.000 +0530
XXXX092X2564,3433.0,2026-04-05 10:33:00.000 +0530
XXXX092X4285,3810.0,2026-04-05 10:33:00.000 +0530
XXXX092X4409,4372.0,2026-04-05 10:33:00.000 +0530
XXXX092X5472,5035.0,2026-04-05 10:33:00.000 +0530
XXXX092X5546,4871.0,2026-04-05 10:33:00.000 +0530
XXXX093X7839,4446.0,2026-04-05 10:33:00.000 +0530
XXXX096X9181,6911.0,2026-04-05 10:33:00.000 +0530
XXXX096X9373,4105.0,2026-04-05 10:33:00.000 +0530
XXXX096X9594,4482.0,2026-04-05 10:33:00.000 +0530
XXXX096X9761,5204.0,2026-04-05 10:33:00.000 +0530
XXXX097X0301,3334.0,2026-04-05 10:33:00.000 +0530
XXXX097X0363,3617.0,2026-04-05 10:33:00.000 +0530
XXXX097X0494,3419.0,2026-04-05 10:33:00.000 +0530
XXXX097X0590,5955.0,2026-04-05 10:33:00.000 +0530
XXXX097X0645,3851.0,2026-04-05 10:33:00.000 +0530
XXXX097X0866,7175.0,2026-04-05 10:33:00.000 +0530
XXXX097X0876,3265.0,2026-04-05 10:33:00.000 +0530
XXXX097X0877,3688.0,2026-04-05 10:33:00.000 +0530
XXXX097X0929,4508.0,2026-04-05 10:33:00.000 +0530
XXXX097X1079,7847.0,2026-04-05 10:33:00.000 +0530
XXXX097X1100,3356.0,2026-04-05 10:33:00.000 +0530
XXXX097X1170,7323.0,2026-04-05 10:33:00.000 +0530
XXXX097X1179,5102.0,2026-04-05 10:33:00.000 +0530
XXXX097X1223,5569.0,2026-04-05 10:33:00.000 +0530
XXXX097X1286,5997.0,2026-04-05 10:33:00.000 +0530
XXXX097X1391,7098.0,2026-04-05 10:33:00.000 +0530
XXXX097X1576,3181.0,2026-04-05 10:33:00.000 +0530
XXXX097X1896,3433.0,2026-04-05 10:33:00.000 +0530
XXXX097X2190,2329.0,2026-04-05 10:33:00.000 +0530
XXXX097X2257,3631.0,2026-04-05 10:33:00.000 +0530
XXXX097X2567,5284.0,2026-04-05 10:33:00.000 +0530
XXXX097X2886,6173.0,2026-04-05 10:33:00.000 +0530
XXXX097X2960,4154.0,2026-04-05 10:33:00.000 +0530
XXXX097X2994,4849.0,2026-04-05 10:33:00.000 +0530
XXXX097X3070,5029.0,2026-04-05 10:33:00.000 +0530
XXXX097X3098,5114.0,2026-04-05 10:33:00.000 +0530
XXXX097X3141,3760.0,2026-04-05 10:33:00.000 +0530
XXXX097X3168,4604.0,2026-04-05 10:33:00.000 +0530
XXXX097X3211,3453.0,2026-04-05 10:33:00.000 +0530
XXXX097X3259,3948.0,2026-04-05 10:33:00.000 +0530
XXXX097X3341,3575.0,2026-04-05 10:33:00.000 +0530
XXXX097X3479,3213.0,2026-04-05 10:33:00.000 +0530
XXXX097X3548,8942.0,2026-04-05 10:33:00.000 +0530
XXXX097X3905,4722.0,2026-04-05 10:33:00.000 +0530
XXXX097X4118,3575.0,2026-04-05 10:33:00.000 +0530
XXXX097X4145,4223.0,2026-04-05 10:33:00.000 +0530
XXXX097X4361,4585.0,2026-04-05 10:33:00.000 +0530
XXXX097X4439,3330.0,2026-04-05 10:33:00.000 +0530
XXXX097X4874,3220.0,2026-04-05 10:33:00.000 +0530
XXXX097X5124,3682.0,2026-04-05 10:33:00.000 +0530
XXXX097X5245,3236.0,2026-04-05 10:33:00.000 +0530
XXXX097X5254,5876.0,2026-04-05 10:33:00.000 +0530
XXXX097X5321,2659.0,2026-04-05 10:33:00.000 +0530
XXXX097X5339,4196.0,2026-04-05 10:33:00.000 +0530
XXXX097X5437,4702.0,2026-04-05 10:33:00.000 +0530
XXXX097X6007,2877.0,2026-04-05 10:33:00.000 +0530
XXXX097X6151,5130.0,2026-04-05 10:33:00.000 +0530
XXXX097X6280,3078.0,2026-04-05 10:33:00.000 +0530
XXXX097X6488,5159.0,2026-04-05 10:33:00.000 +0530
XXXX097X6570,3386.0,2026-04-05 10:33:00.000 +0530
XXXX097X6640,3828.0,2026-04-05 10:33:00.000 +0530
XXXX097X6883,3811.0,2026-04-05 10:33:00.000 +0530
XXXX097X7068,4368.0,2026-04-05 10:33:00.000 +0530
XXXX097X7327,4474.0,2026-04-05 10:33:00.000 +0530
XXXX097X7364,2653.0,2026-04-05 10:33:00.000 +0530
XXXX097X7395,2912.0,2026-04-05 10:33:00.000 +0530
XXXX097X7576,3298.0,2026-04-05 10:33:00.000 +0530
XXXX097X7608,4978.0,2026-04-05 10:33:00.000 +0530
XXXX097X7654,4927.0,2026-04-05 10:33:00.000 +0530
XXXX097X7812,3662.0,2026-04-05 10:33:00.000 +0530
XXXX097X8245,2560.0,2026-04-05 10:33:00.000 +0530
XXXX097X8369,4363.0,2026-04-05 10:33:00.000 +0530
XXXX097X8384,6711.0,2026-04-05 10:33:00.000 +0530
XXXX097X8482,5301.0,2026-04-05 10:33:00.000 +0530
XXXX097X8508,3988.0,2026-04-05 10:33:00.000 +0530
XXXX097X8529,6769.0,2026-04-05 10:33:00.000 +0530
XXXX097X8782,3445.0,2026-04-05 10:33:00.000 +0530
XXXX097X8865,4698.0,2026-04-05 10:33:00.000 +0530
XXXX097X8926,3990.0,2026-04-05 10:33:00.000 +0530
XXXX097X9077,4685.0,2026-04-05 10:33:00.000 +0530
XXXX097X9121,5410.0,2026-04-05 10:33:00.000 +0530
XXXX097X9236,5296.0,2026-04-05 10:33:00.000 +0530
XXXX097X9245,4327.0,2026-04-05 10:33:00.000 +0530
XXXX097X9481,4897.0,2026-04-05 10:33:00.000 +0530
XXXX097X9518,7171.0,2026-04-05 10:33:00.000 +0530
XXXX097X9595,3707.0,2026-04-05 10:33:00.000 +0530
XXXX097X9671,4523.0,2026-04-05 10:33:00.000 +0530
XXXX097X9817,4941.0,2026-04-05 10:33:00.000 +0530
XXXX097X9862,6618.0,2026-04-05 10:33:00.000 +0530
XXXX097X9908,5794.0,2026-04-05 10:33:00.000 +0530
XXXX097X9984,4003.0,2026-04-05 10:33:00.000 +0530
XXXX097X9994,5764.0,2026-04-05 10:33:00.000 +0530
XXXX098X0335,4721.0,2026-04-05 10:33:00.000 +0530
XXXX098X0853,4850.0,2026-04-05 10:33:00.000 +0530
XXXX098X3714,3951.0,2026-04-05 10:33:00.000 +0530
XXXX098X5215,3073.0,2026-04-05 10:33:00.000 +0530
XXXX098X5250,4441.0,2026-04-05 10:33:00.000 +0530
XXXX098X5557,3236.0,2026-04-05 10:33:00.000 +0530
XXXX098X6066,4007.0,2026-04-05 10:33:00.000 +0530
XXXX098X6363,4456.0,2026-04-05 10:33:00.000 +0530
XXXX098X6592,5008.0,2026-04-05 10:33:00.000 +0530
XXXX098X6653,5138.0,2026-04-05 10:33:00.000 +0530
XXXX098X6837,3380.0,2026-04-05 10:33:00.000 +0530
XXXX098X8974,4871.0,2026-04-05 10:33:00.000 +0530
XXXX098X9643,7876.0,2026-04-05 10:33:00.000 +0530
XXXX100X0285,4249.0,2026-04-05 10:33:00.000 +0530
XXXX100X0586,4585.0,2026-04-05 10:33:00.000 +0530
XXXX100X1071,4211.0,2026-04-05 10:33:00.000 +0530
XXXX100X1137,2674.0,2026-04-05 10:33:00.000 +0530
XXXX100X1142,4168.0,2026-04-05 10:33:00.000 +0530
XXXX100X1383,2464.0,2026-04-05 10:33:00.000 +0530
XXXX100X2598,9660.0,2026-04-05 10:33:00.000 +0530
XXXX100X2729,2972.0,2026-04-05 10:33:00.000 +0530
XXXX100X3117,4793.0,2026-04-05 10:33:00.000 +0530
XXXX100X3551,3700.0,2026-04-05 10:33:00.000 +0530
XXXX100X3994,4043.0,2026-04-05 10:33:00.000 +0530
XXXX100X4025,4898.0,2026-04-05 10:33:00.000 +0530
XXXX100X4417,3410.0,2026-04-05 10:33:00.000 +0530
XXXX100X4478,4624.0,2026-04-05 10:33:00.000 +0530
XXXX100X4596,3982.0,2026-04-05 10:33:00.000 +0530
XXXX100X4976,3723.0,2026-04-05 10:33:00.000 +0530
XXXX100X5090,2814.0,2026-04-05 10:33:00.000 +0530
XXXX100X5343,9574.0,2026-04-05 10:33:00.000 +0530
XXXX100X5373,3273.0,2026-04-05 10:33:00.000 +0530
XXXX100X5653,3518.0,2026-04-05 10:33:00.000 +0530
XXXX100X5778,3638.0,2026-04-05 10:33:00.000 +0530
XXXX100X5878,4307.0,2026-04-05 10:33:00.000 +0530
XXXX100X5920,4159.0,2026-04-05 10:33:00.000 +0530
XXXX100X5957,5481.0,2026-04-05 10:33:00.000 +0530
XXXX100X6768,6715.0,2026-04-05 10:33:00.000 +0530
XXXX100X6777,2826.0,2026-04-05 10:33:00.000 +0530
XXXX100X6804,3627.0,2026-04-05 10:33:00.000 +0530
XXXX100X6895,6921.0,2026-04-05 10:33:00.000 +0530
XXXX100X7208,4037.0,2026-04-05 10:33:00.000 +0530
XXXX100X7627,3673.0,2026-04-05 10:33:00.000 +0530
XXXX100X7697,7075.0,2026-04-05 10:33:00.000 +0530
XXXX100X7776,3448.0,2026-04-05 10:33:00.000 +0530
XXXX100X8097,5441.0,2026-04-05 10:33:00.000 +0530
XXXX100X8474,4969.0,2026-04-05 10:33:00.000 +0530
XXXX100X8711,5569.0,2026-04-05 10:33:00.000 +0530
XXXX100X9553,2144.0,2026-04-05 10:33:00.000 +0530
XXXX100X9817,9605.0,2026-04-05 10:33:00.000 +0530
XXXX100X9923,6349.0,2026-04-05 10:33:00.000 +0530
XXXX101X0539,3574.0,2026-04-05 10:33:00.000 +0530
XXXX101X0712,5596.0,2026-04-05 10:33:00.000 +0530
XXXX101X0843,5461.0,2026-04-05 10:33:00.000 +0530
XXXX101X1037,4799.0,2026-04-05 10:33:00.000 +0530
XXXX101X1100,3515.0,2026-04-05 10:33:00.000 +0530
XXXX101X1173,2908.0,2026-04-05 10:33:00.000 +0530
XXXX101X1191,5938.0,2026-04-05 10:33:00.000 +0530
XXXX101X1453,3217.0,2026-04-05 10:33:00.000 +0530
XXXX101X1592,5031.0,2026-04-05 10:33:00.000 +0530
XXXX101X1641,3292.0,2026-04-05 10:33:00.000 +0530
XXXX101X1684,4090.0,2026-04-05 10:33:00.000 +0530
XXXX101X1802,4609.0,2026-04-05 10:33:00.000 +0530
XXXX101X1881,2918.0,2026-04-05 10:33:00.000 +0530
XXXX101X2014,3687.0,2026-04-05 10:33:00.000 +0530
XXXX101X2421,3776.0,2026-04-05 10:33:00.000 +0530
XXXX101X2537,5285.0,2026-04-05 10:33:00.000 +0530
XXXX101X2853,3762.0,2026-04-05 10:33:00.000 +0530
XXXX101X3411,4429.0,2026-04-05 10:33:00.000 +0530
XXXX101X3533,3731.0,2026-04-05 10:33:00.000 +0530
XXXX101X3579,4733.0,2026-04-05 10:33:00.000 +0530
XXXX101X3624,3881.0,2026-04-05 10:33:00.000 +0530
XXXX101X3716,4303.0,2026-04-05 10:33:00.000 +0530
XXXX101X3965,3324.0,2026-04-05 10:33:00.000 +0530
XXXX101X4201,4169.0,2026-04-05 10:33:00.000 +0530
XXXX101X4268,5118.0,2026-04-05 10:33:00.000 +0530
XXXX101X4520,4259.0,2026-04-05 10:33:00.000 +0530
XXXX101X4532,3631.0,2026-04-05 10:33:00.000 +0530
XXXX101X4760,9353.0,2026-04-05 10:33:00.000 +0530
XXXX101X4772,3624.0,2026-04-05 10:33:00.000 +0530
XXXX101X5051,5494.0,2026-04-05 10:33:00.000 +0530
XXXX101X5307,4368.0,2026-04-05 10:33:00.000 +0530
XXXX101X5783,3917.0,2026-04-05 10:33:00.000 +0530
XXXX101X5978,5159.0,2026-04-05 10:33:00.000 +0530
XXXX101X6306,4249.0,2026-04-05 10:33:00.000 +0530
XXXX101X6372,4321.0,2026-04-05 10:33:00.000 +0530
XXXX101X6442,3586.0,2026-04-05 10:33:00.000 +0530
XXXX101X6449,3524.0,2026-04-05 10:33:00.000 +0530
XXXX101X6467,3670.0,2026-04-05 10:33:00.000 +0530
XXXX101X6847,4974.0,2026-04-05 10:33:00.000 +0530
XXXX101X6889,10101.0,2026-04-05 10:33:00.000 +0530
XXXX101X7532,5081.0,2026-04-05 10:33:00.000 +0530
XXXX101X7727,4196.0,2026-04-05 10:33:00.000 +0530
XXXX101X8036,4425.0,2026-04-05 10:33:00.000 +0530
XXXX101X8705,5042.0,2026-04-05 10:33:00.000 +0530
XXXX101X8975,3578.0,2026-04-05 10:33:00.000 +0530
XXXX101X9257,3971.0,2026-04-05 10:33:00.000 +0530
XXXX101X9397,6479.0,2026-04-05 10:33:00.000 +0530
XXXX101X9795,4106.0,2026-04-05 10:33:00.000 +0530
XXXX101X9974,3762.0,2026-04-05 10:33:00.000 +0530
XXXX103X0103,4079.0,2026-04-05 10:33:00.000 +0530
XXXX103X0527,3824.0,2026-04-05 10:33:00.000 +0530
XXXX103X0641,2797.0,2026-04-05 10:33:00.000 +0530
XXXX103X0744,2822.0,2026-04-05 10:33:00.000 +0530
XXXX103X0753,3461.0,2026-04-05 10:33:00.000 +0530
XXXX103X0833,3368.0,2026-04-05 10:33:00.000 +0530
XXXX103X1048,3920.0,2026-04-05 10:33:00.000 +0530
XXXX103X1096,3832.0,2026-04-05 10:33:00.000 +0530
XXXX103X1106,5384.0,2026-04-05 10:33:00.000 +0530
XXXX103X1157,3699.0,2026-04-05 10:33:00.000 +0530
XXXX103X1391,4039.0,2026-04-05 10:33:00.000 +0530
XXXX103X1469,4612.0,2026-04-05 10:33:00.000 +0530
XXXX103X1549,4905.0,2026-04-05 10:33:00.000 +0530
XXXX103X1561,3646.0,2026-04-05 10:33:00.000 +0530
XXXX103X1618,4070.0,2026-04-05 10:33:00.000 +0530
XXXX103X1663,7459.0,2026-04-05 10:33:00.000 +0530
XXXX103X1762,3063.0,2026-04-05 10:33:00.000 +0530
XXXX103X1796,6736.0,2026-04-05 10:33:00.000 +0530
XXXX103X1826,3090.0,2026-04-05 10:33:00.000 +0530
XXXX103X1918,6910.0,2026-04-05 10:33:00.000 +0530
XXXX103X1926,3767.0,2026-04-05 10:33:00.000 +0530
XXXX103X1928,5234.0,2026-04-05 10:33:00.000 +0530
XXXX103X1933,4481.0,2026-04-05 10:33:00.000 +0530
XXXX103X1971,3809.0,2026-04-05 10:33:00.000 +0530
XXXX103X1975,3222.0,2026-04-05 10:33:00.000 +0530
XXXX103X2130,3980.0,2026-04-05 10:33:00.000 +0530
XXXX103X2273,3175.0,2026-04-05 10:33:00.000 +0530
XXXX103X2433,3452.0,2026-04-05 10:33:00.000 +0530
XXXX103X2454,4434.0,2026-04-05 10:33:00.000 +0530
XXXX103X2491,5866.0,2026-04-05 10:33:00.000 +0530
XXXX103X2635,2741.0,2026-04-05 10:33:00.000 +0530
XXXX103X2733,7154.0,2026-04-05 10:33:00.000 +0530
XXXX103X2762,3440.0,2026-04-05 10:33:00.000 +0530
XXXX103X2989,4038.0,2026-04-05 10:33:00.000 +0530
XXXX103X3043,4196.0,2026-04-05 10:33:00.000 +0530
XXXX103X3071,3236.0,2026-04-05 10:33:00.000 +0530
XXXX103X3129,4306.0,2026-04-05 10:33:00.000 +0530
XXXX103X3146,5493.0,2026-04-05 10:33:00.000 +0530
XXXX103X3238,4544.0,2026-04-05 10:33:00.000 +0530
XXXX103X3381,3105.0,2026-04-05 10:33:00.000 +0530
XXXX103X3412,3615.0,2026-04-05 10:33:00.000 +0530
XXXX103X3439,5296.0,2026-04-05 10:33:00.000 +0530
XXXX103X3572,3399.0,2026-04-05 10:33:00.000 +0530
XXXX103X3592,3223.0,2026-04-05 10:33:00.000 +0530
XXXX103X3616,3433.0,2026-04-05 10:33:00.000 +0530
XXXX103X3879,3889.0,2026-04-05 10:33:00.000 +0530
XXXX103X3924,2976.0,2026-04-05 10:33:00.000 +0530
XXXX103X3973,4411.0,2026-04-05 10:33:00.000 +0530
XXXX103X4168,3461.0,2026-04-05 10:33:00.000 +0530
XXXX103X4272,7533.0,2026-04-05 10:33:00.000 +0530
XXXX103X4299,3857.0,2026-04-05 10:33:00.000 +0530
XXXX103X4325,4593.0,2026-04-05 10:33:00.000 +0530
XXXX103X4326,8904.0,2026-04-05 10:33:00.000 +0530
XXXX103X4340,5208.0,2026-04-05 10:33:00.000 +0530
XXXX103X4645,2347.0,2026-04-05 10:33:00.000 +0530
XXXX103X4712,5293.0,2026-04-05 10:33:00.000 +0530
XXXX103X4759,2826.0,2026-04-05 10:33:00.000 +0530
XXXX103X4819,5071.0,2026-04-05 10:33:00.000 +0530
XXXX103X4875,5117.0,2026-04-05 10:33:00.000 +0530
XXXX103X5009,2969.0,2026-04-05 10:33:00.000 +0530
XXXX103X5060,5285.0,2026-04-05 10:33:00.000 +0530
XXXX103X5062,3945.0,2026-04-05 10:33:00.000 +0530
XXXX103X5165,5565.0,2026-04-05 10:33:00.000 +0530
XXXX103X5249,3312.0,2026-04-05 10:33:00.000 +0530
XXXX103X5252,6139.0,2026-04-05 10:33:00.000 +0530
XXXX103X5276,4740.0,2026-04-05 10:33:00.000 +0530
XXXX103X5313,4653.0,2026-04-05 10:33:00.000 +0530
XXXX103X5447,4368.0,2026-04-05 10:33:00.000 +0530
XXXX103X5561,3793.0,2026-04-05 10:33:00.000 +0530
XXXX103X5574,5779.0,2026-04-05 10:33:00.000 +0530
XXXX103X5610,4956.0,2026-04-05 10:33:00.000 +0530
XXXX103X5621,5250.0,2026-04-05 10:33:00.000 +0530
XXXX103X5646,6869.0,2026-04-05 10:33:00.000 +0530
XXXX103X5677,3599.0,2026-04-05 10:33:00.000 +0530
XXXX103X5765,3578.0,2026-04-05 10:33:00.000 +0530
XXXX103X5952,4304.0,2026-04-05 10:33:00.000 +0530
XXXX103X5975,6025.0,2026-04-05 10:33:00.000 +0530
XXXX103X6003,5676.0,2026-04-05 10:33:00.000 +0530
XXXX103X6044,8774.0,2026-04-05 10:33:00.000 +0530
XXXX103X6067,5800.0,2026-04-05 10:33:00.000 +0530
XXXX103X6068,3960.0,2026-04-05 10:33:00.000 +0530
XXXX103X6099,4829.0,2026-04-05 10:33:00.000 +0530
XXXX103X6178,4609.0,2026-04-05 10:33:00.000 +0530
XXXX103X6235,3882.0,2026-04-05 10:33:00.000 +0530
XXXX103X6436,3527.0,2026-04-05 10:33:00.000 +0530
XXXX103X6465,6671.0,2026-04-05 10:33:00.000 +0530
XXXX103X6596,3170.0,2026-04-05 10:33:00.000 +0530
XXXX103X6636,4381.0,2026-04-05 10:33:00.000 +0530
XXXX103X6639,4405.0,2026-04-05 10:33:00.000 +0530
XXXX103X6837,4003.0,2026-04-05 10:33:00.000 +0530
XXXX103X7002,4456.0,2026-04-05 10:33:00.000 +0530
XXXX103X7130,3989.0,2026-04-05 10:33:00.000 +0530
XXXX103X7277,5607.0,2026-04-05 10:33:00.000 +0530
XXXX103X7365,3313.0,2026-04-05 10:33:00.000 +0530
XXXX103X7411,3761.0,2026-04-05 10:33:00.000 +0530
XXXX103X7477,4465.0,2026-04-05 10:33:00.000 +0530
XXXX103X7586,2575.0,2026-04-05 10:33:00.000 +0530
XXXX103X7590,3488.0,2026-04-05 10:33:00.000 +0530
XXXX103X7610,3841.0,2026-04-05 10:33:00.000 +0530
XXXX103X7624,4187.0,2026-04-05 10:33:00.000 +0530
XXXX103X7679,3259.0,2026-04-05 10:33:00.000 +0530
XXXX103X7776,5149.0,2026-04-05 10:33:00.000 +0530
XXXX103X7923,3871.0,2026-04-05 10:33:00.000 +0530
XXXX103X7930,5310.0,2026-04-05 10:33:00.000 +0530
XXXX103X7933,5598.0,2026-04-05 10:33:00.000 +0530
XXXX103X8165,3923.0,2026-04-05 10:33:00.000 +0530
XXXX103X8169,3557.0,2026-04-05 10:33:00.000 +0530
XXXX103X8199,2815.0,2026-04-05 10:33:00.000 +0530
XXXX103X8217,4289.0,2026-04-05 10:33:00.000 +0530
XXXX103X8246,6293.0,2026-04-05 10:33:00.000 +0530
XXXX103X8375,5280.0,2026-04-05 10:33:00.000 +0530
XXXX103X8486,3109.0,2026-04-05 10:33:00.000 +0530
XXXX103X8504,3789.0,2026-04-05 10:33:00.000 +0530
XXXX103X8580,3736.0,2026-04-05 10:33:00.000 +0530
XXXX103X8599,4920.0,2026-04-05 10:33:00.000 +0530
XXXX103X8621,5591.0,2026-04-05 10:33:00.000 +0530
XXXX103X8699,3131.0,2026-04-05 10:33:00.000 +0530
XXXX103X8747,6538.0,2026-04-05 10:33:00.000 +0530
XXXX103X8771,3380.0,2026-04-05 10:33:00.000 +0530
XXXX103X8868,4612.0,2026-04-05 10:33:00.000 +0530
XXXX103X9332,3461.0,2026-04-05 10:33:00.000 +0530
XXXX103X9448,5296.0,2026-04-05 10:33:00.000 +0530
XXXX103X9525,5897.0,2026-04-05 10:33:00.000 +0530
XXXX103X9534,3767.0,2026-04-05 10:33:00.000 +0530
XXXX103X9544,5480.0,2026-04-05 10:33:00.000 +0530
XXXX103X9551,3379.0,2026-04-05 10:33:00.000 +0530
XXXX103X9633,5520.0,2026-04-05 10:33:00.000 +0530
XXXX103X9703,5467.0,2026-04-05 10:33:00.000 +0530
XXXX103X9716,2876.0,2026-04-05 10:33:00.000 +0530
XXXX103X9727,3977.0,2026-04-05 10:33:00.000 +0530
XXXX103X9835,4191.0,2026-04-05 10:33:00.000 +0530
XXXX103X9928,3087.0,2026-04-05 10:33:00.000 +0530
XXXX103X9970,4229.0,2026-04-05 10:33:00.000 +0530
XXXX103X9985,4016.0,2026-04-05 10:33:00.000 +0530
XXXX104X0472,3654.0,2026-04-05 10:33:00.000 +0530
XXXX104X3132,5518.0,2026-04-05 10:33:00.000 +0530
XXXX104X3655,3612.0,2026-04-05 10:33:00.000 +0530
XXXX104X3938,2823.0,2026-04-05 10:33:00.000 +0530
XXXX104X5054,3672.0,2026-04-05 10:33:00.000 +0530
XXXX104X5106,4377.0,2026-04-05 10:33:00.000 +0530
XXXX104X5826,4366.0,2026-04-05 10:33:00.000 +0530
XXXX104X6977,2892.0,2026-04-05 10:33:00.000 +0530
XXXX104X7523,3939.0,2026-04-05 10:33:00.000 +0530
XXXX104X7849,3990.0,2026-04-05 10:33:00.000 +0530
XXXX104X7937,5078.0,2026-04-05 10:33:00.000 +0530
XXXX104X7946,5104.0,2026-04-05 10:33:00.000 +0530
XXXX104X8200,4549.0,2026-04-05 10:33:00.000 +0530
XXXX104X8294,3543.0,2026-04-05 10:33:00.000 +0530
XXXX104X8334,4923.0,2026-04-05 10:33:00.000 +0530
XXXX104X9150,3814.0,2026-04-05 10:33:00.000 +0530
XXXX105X0037,3360.0,2026-04-05 10:33:00.000 +0530
XXXX105X0053,4301.0,2026-04-05 10:33:00.000 +0530
XXXX105X0058,3273.0,2026-04-05 10:33:00.000 +0530
XXXX105X0077,3826.0,2026-04-05 10:33:00.000 +0530
XXXX105X0112,2841.0,2026-04-05 10:33:00.000 +0530
XXXX105X0131,4042.0,2026-04-05 10:33:00.000 +0530
XXXX105X0251,5050.0,2026-04-05 10:33:00.000 +0530
XXXX105X0286,3595.0,2026-04-05 10:33:00.000 +0530
XXXX105X0320,3800.0,2026-04-05 10:33:00.000 +0530
XXXX105X0353,4799.0,2026-04-05 10:33:00.000 +0530
XXXX105X0360,4075.0,2026-04-05 10:33:00.000 +0530
XXXX105X0462,4508.0,2026-04-05 10:33:00.000 +0530
XXXX105X0522,4368.0,2026-04-05 10:33:00.000 +0530
XXXX105X0560,5404.0,2026-04-05 10:33:00.000 +0530
XXXX105X0584,3650.0,2026-04-05 10:33:00.000 +0530
XXXX105X0638,3876.0,2026-04-05 10:33:00.000 +0530
XXXX105X0740,3924.0,2026-04-05 10:33:00.000 +0530
XXXX105X0815,4935.0,2026-04-05 10:33:00.000 +0530
XXXX105X0816,3296.0,2026-04-05 10:33:00.000 +0530
XXXX105X0830,3777.0,2026-04-05 10:33:00.000 +0530
XXXX105X0865,4150.0,2026-04-05 10:33:00.000 +0530
XXXX105X0978,2447.0,2026-04-05 10:33:00.000 +0530
XXXX105X0991,3967.0,2026-04-05 10:33:00.000 +0530
XXXX105X1009,5147.0,2026-04-05 10:33:00.000 +0530
XXXX105X1033,3478.0,2026-04-05 10:33:00.000 +0530
XXXX105X1053,2911.0,2026-04-05 10:33:00.000 +0530
XXXX105X1081,5389.0,2026-04-05 10:33:00.000 +0530
XXXX105X1085,3334.0,2026-04-05 10:33:00.000 +0530
XXXX105X1089,5337.0,2026-04-05 10:33:00.000 +0530
XXXX105X1139,4405.0,2026-04-05 10:33:00.000 +0530
XXXX105X1150,3627.0,2026-04-05 10:33:00.000 +0530
XXXX105X1168,2624.0,2026-04-05 10:33:00.000 +0530
XXXX105X1185,5710.0,2026-04-05 10:33:00.000 +0530
XXXX105X1265,3829.0,2026-04-05 10:33:00.000 +0530
XXXX105X1270,3705.0,2026-04-05 10:33:00.000 +0530
XXXX105X1317,3503.0,2026-04-05 10:33:00.000 +0530
XXXX105X1347,2933.0,2026-04-05 10:33:00.000 +0530
XXXX105X1386,3974.0,2026-04-05 10:33:00.000 +0530
XXXX105X1426,4112.0,2026-04-05 10:33:00.000 +0530
XXXX105X1440,4272.0,2026-04-05 10:33:00.000 +0530
XXXX105X1452,2792.0,2026-04-05 10:33:00.000 +0530
XXXX105X1489,3818.0,2026-04-05 10:33:00.000 +0530
XXXX105X1541,3588.0,2026-04-05 10:33:00.000 +0530
XXXX105X1550,3377.0,2026-04-05 10:33:00.000 +0530
XXXX105X1580,3612.0,2026-04-05 10:33:00.000 +0530
XXXX105X1620,3936.0,2026-04-05 10:33:00.000 +0530
XXXX105X1624,3390.0,2026-04-05 10:33:00.000 +0530
XXXX105X1625,3271.0,2026-04-05 10:33:00.000 +0530
XXXX105X1648,3158.0,2026-04-05 10:33:00.000 +0530
XXXX105X1669,3258.0,2026-04-05 10:33:00.000 +0530
XXXX105X1705,5188.0,2026-04-05 10:33:00.000 +0530
XXXX105X1795,3269.0,2026-04-05 10:33:00.000 +0530
XXXX105X1846,3871.0,2026-04-05 10:33:00.000 +0530
XXXX105X1876,4182.0,2026-04-05 10:33:00.000 +0530
XXXX105X1938,3386.0,2026-04-05 10:33:00.000 +0530
XXXX105X1952,4713.0,2026-04-05 10:33:00.000 +0530
XXXX105X2014,3097.0,2026-04-05 10:33:00.000 +0530
XXXX105X2032,2722.0,2026-04-05 10:33:00.000 +0530
XXXX105X2063,3679.0,2026-04-05 10:33:00.000 +0530
XXXX105X2109,2820.0,2026-04-05 10:33:00.000 +0530
XXXX105X2157,4044.0,2026-04-05 10:33:00.000 +0530
XXXX105X2188,3489.0,2026-04-05 10:33:00.000 +0530
XXXX105X2191,5029.0,2026-04-05 10:33:00.000 +0530
XXXX105X2260,4676.0,2026-04-05 10:33:00.000 +0530
XXXX105X2288,3875.0,2026-04-05 10:33:00.000 +0530
XXXX105X2306,8202.0,2026-04-05 10:33:00.000 +0530
XXXX105X2349,3015.0,2026-04-05 10:33:00.000 +0530
XXXX105X2352,3714.0,2026-04-05 10:33:00.000 +0530
XXXX105X2358,2822.0,2026-04-05 10:33:00.000 +0530
XXXX105X2478,3835.0,2026-04-05 10:33:00.000 +0530
XXXX105X2480,4923.0,2026-04-05 10:33:00.000 +0530
XXXX105X2503,3002.0,2026-04-05 10:33:00.000 +0530
XXXX105X2509,4253.0,2026-04-05 10:33:00.000 +0530
XXXX105X2680,4094.0,2026-04-05 10:33:00.000 +0530
XXXX105X2698,3386.0,2026-04-05 10:33:00.000 +0530
XXXX105X2699,5599.0,2026-04-05 10:33:00.000 +0530
XXXX105X2851,4143.0,2026-04-05 10:33:00.000 +0530
XXXX105X2854,4156.0,2026-04-05 10:33:00.000 +0530
XXXX105X2862,3944.0,2026-04-05 10:33:00.000 +0530
XXXX105X2893,3153.0,2026-04-05 10:33:00.000 +0530
XXXX105X2936,4101.0,2026-04-05 10:33:00.000 +0530
XXXX105X2945,2993.0,2026-04-05 10:33:00.000 +0530
XXXX105X2971,4076.0,2026-04-05 10:33:00.000 +0530
XXXX105X2979,2632.0,2026-04-05 10:33:00.000 +0530
XXXX105X3083,4290.0,2026-04-05 10:33:00.000 +0530
XXXX105X3195,5389.0,2026-04-05 10:33:00.000 +0530
XXXX105X3199,3528.0,2026-04-05 10:33:00.000 +0530
XXXX105X3274,3952.0,2026-04-05 10:33:00.000 +0530
XXXX105X3293,4161.0,2026-04-05 10:33:00.000 +0530
XXXX105X3309,3494.0,2026-04-05 10:33:00.000 +0530
XXXX105X3315,5747.0,2026-04-05 10:33:00.000 +0530
XXXX105X3335,3936.0,2026-04-05 10:33:00.000 +0530
XXXX105X3342,3575.0,2026-04-05 10:33:00.000 +0530
XXXX105X3466,6033.0,2026-04-05 10:33:00.000 +0530
XXXX105X3477,7191.0,2026-04-05 10:33:00.000 +0530
XXXX105X3478,2594.0,2026-04-05 10:33:00.000 +0530
XXXX105X3518,5441.0,2026-04-05 10:33:00.000 +0530
XXXX105X3558,4067.0,2026-04-05 10:33:00.000 +0530
XXXX105X3563,3700.0,2026-04-05 10:33:00.000 +0530
XXXX105X3604,3390.0,2026-04-05 10:33:00.000 +0530
XXXX105X3609,3247.0,2026-04-05 10:33:00.000 +0530
XXXX105X3686,2995.0,2026-04-05 10:33:00.000 +0530
XXXX105X3719,4244.0,2026-04-05 10:33:00.000 +0530
XXXX105X3817,3418.0,2026-04-05 10:33:00.000 +0530
XXXX105X3848,4393.0,2026-04-05 10:33:00.000 +0530
XXXX105X3971,4671.0,2026-04-05 10:33:00.000 +0530
XXXX105X3999,5805.0,2026-04-05 10:33:00.000 +0530
XXXX105X4021,4885.0,2026-04-05 10:33:00.000 +0530
XXXX105X4042,3856.0,2026-04-05 10:33:00.000 +0530
XXXX105X4050,3805.0,2026-04-05 10:33:00.000 +0530
XXXX105X4208,4055.0,2026-04-05 10:33:00.000 +0530
XXXX105X4228,4474.0,2026-04-05 10:33:00.000 +0530
XXXX105X4264,2937.0,2026-04-05 10:33:00.000 +0530
XXXX105X4290,3711.0,2026-04-05 10:33:00.000 +0530
XXXX105X4310,3632.0,2026-04-05 10:33:00.000 +0530
XXXX105X4440,3186.0,2026-04-05 10:33:00.000 +0530
XXXX105X4526,5103.0,2026-04-05 10:33:00.000 +0530
XXXX105X4654,3353.0,2026-04-05 10:33:00.000 +0530
XXXX105X4693,3273.0,2026-04-05 10:33:00.000 +0530
XXXX105X4745,6633.0,2026-04-05 10:33:00.000 +0530
XXXX105X4757,3990.0,2026-04-05 10:33:00.000 +0530
XXXX105X4767,3658.0,2026-04-05 10:33:00.000 +0530
XXXX105X4897,3482.0,2026-04-05 10:33:00.000 +0530
XXXX105X5079,8020.0,2026-04-05 10:33:00.000 +0530
XXXX105X5093,3984.0,2026-04-05 10:33:00.000 +0530
XXXX105X5139,8554.0,2026-04-05 10:33:00.000 +0530
XXXX105X5169,3360.0,2026-04-05 10:33:00.000 +0530
XXXX105X5188,2763.0,2026-04-05 10:33:00.000 +0530
XXXX105X5196,4184.0,2026-04-05 10:33:00.000 +0530
XXXX105X5212,3498.0,2026-04-05 10:33:00.000 +0530
XXXX105X5294,3387.0,2026-04-05 10:33:00.000 +0530
XXXX105X5306,5060.0,2026-04-05 10:33:00.000 +0530
XXXX105X5316,3555.0,2026-04-05 10:33:00.000 +0530
XXXX105X5351,4196.0,2026-04-05 10:33:00.000 +0530
XXXX105X5363,3887.0,2026-04-05 10:33:00.000 +0530
XXXX105X5368,5286.0,2026-04-05 10:33:00.000 +0530
XXXX105X5631,4814.0,2026-04-05 10:33:00.000 +0530
XXXX105X5692,3601.0,2026-04-05 10:33:00.000 +0530
XXXX105X5741,7192.0,2026-04-05 10:33:00.000 +0530
XXXX105X5800,3620.0,2026-04-05 10:33:00.000 +0530
XXXX105X5805,4457.0,2026-04-05 10:33:00.000 +0530
XXXX105X5827,3861.0,2026-04-05 10:33:00.000 +0530
XXXX105X5862,4698.0,2026-04-05 10:33:00.000 +0530
XXXX105X5909,3253.0,2026-04-05 10:33:00.000 +0530
XXXX105X5960,3387.0,2026-04-05 10:33:00.000 +0530
XXXX105X6032,4063.0,2026-04-05 10:33:00.000 +0530
XXXX105X6059,4610.0,2026-04-05 10:33:00.000 +0530
XXXX105X6071,3783.0,2026-04-05 10:33:00.000 +0530
XXXX105X6077,3509.0,2026-04-05 10:33:00.000 +0530
XXXX105X6238,3429.0,2026-04-05 10:33:00.000 +0530
XXXX105X6312,4515.0,2026-04-05 10:33:00.000 +0530
XXXX105X6344,6550.0,2026-04-05 10:33:00.000 +0530
XXXX105X6351,3532.0,2026-04-05 10:33:00.000 +0530
XXXX105X6374,5877.0,2026-04-05 10:33:00.000 +0530
XXXX105X6403,4290.0,2026-04-05 10:33:00.000 +0530
XXXX105X6428,2711.0,2026-04-05 10:33:00.000 +0530
XXXX105X6481,3166.0,2026-04-05 10:33:00.000 +0530
XXXX105X6494,4756.0,2026-04-05 10:33:00.000 +0530
XXXX105X6500,3835.0,2026-04-05 10:33:00.000 +0530
XXXX105X6560,4291.0,2026-04-05 10:33:00.000 +0530
XXXX105X6567,2547.0,2026-04-05 10:33:00.000 +0530
XXXX105X6616,4641.0,2026-04-05 10:33:00.000 +0530
XXXX105X6832,3319.0,2026-04-05 10:33:00.000 +0530
XXXX105X6859,5000.0,2026-04-05 10:33:00.000 +0530
XXXX105X6892,3755.0,2026-04-05 10:33:00.000 +0530
XXXX105X6906,4402.0,2026-04-05 10:33:00.000 +0530
XXXX105X6926,3838.0,2026-04-05 10:33:00.000 +0530
XXXX105X7017,4824.0,2026-04-05 10:33:00.000 +0530
XXXX105X7030,3198.0,2026-04-05 10:33:00.000 +0530
XXXX105X7050,2604.0,2026-04-05 10:33:00.000 +0530
XXXX105X7052,3319.0,2026-04-05 10:33:00.000 +0530
XXXX105X7082,4175.0,2026-04-05 10:33:00.000 +0530
XXXX105X7146,5855.0,2026-04-05 10:33:00.000 +0530
XXXX105X7414,5795.0,2026-04-05 10:33:00.000 +0530
XXXX105X7439,3005.0,2026-04-05 10:33:00.000 +0530
XXXX105X7472,2867.0,2026-04-05 10:33:00.000 +0530
XXXX105X7551,3069.0,2026-04-05 10:33:00.000 +0530
XXXX105X7553,3447.0,2026-04-05 10:33:00.000 +0530
XXXX105X7606,4376.0,2026-04-05 10:33:00.000 +0530
XXXX105X7612,3723.0,2026-04-05 10:33:00.000 +0530
XXXX105X7696,4341.0,2026-04-05 10:33:00.000 +0530
XXXX105X7738,2886.0,2026-04-05 10:33:00.000 +0530
XXXX105X7745,3663.0,2026-04-05 10:33:00.000 +0530
XXXX105X7771,4308.0,2026-04-05 10:33:00.000 +0530
XXXX105X7793,4636.0,2026-04-05 10:33:00.000 +0530
XXXX105X7804,3490.0,2026-04-05 10:33:00.000 +0530
XXXX105X7807,3849.0,2026-04-05 10:33:00.000 +0530
XXXX105X7862,3582.0,2026-04-05 10:33:00.000 +0530
XXXX105X7982,3391.0,2026-04-05 10:33:00.000 +0530
XXXX105X8027,3388.0,2026-04-05 10:33:00.000 +0530
XXXX105X8054,2615.0,2026-04-05 10:33:00.000 +0530
XXXX105X8063,3695.0,2026-04-05 10:33:00.000 +0530
XXXX105X8124,3832.0,2026-04-05 10:33:00.000 +0530
XXXX105X8179,3461.0,2026-04-05 10:33:00.000 +0530
XXXX105X8212,3933.0,2026-04-05 10:33:00.000 +0530
XXXX105X8215,6467.0,2026-04-05 10:33:00.000 +0530
XXXX105X8288,3607.0,2026-04-05 10:33:00.000 +0530
XXXX105X8297,4234.0,2026-04-05 10:33:00.000 +0530
XXXX105X8298,4042.0,2026-04-05 10:33:00.000 +0530
XXXX105X8402,3985.0,2026-04-05 10:33:00.000 +0530
XXXX105X8510,3753.0,2026-04-05 10:33:00.000 +0530
XXXX105X8537,5550.0,2026-04-05 10:33:00.000 +0530
XXXX105X8555,3342.0,2026-04-05 10:33:00.000 +0530
XXXX105X8564,3781.0,2026-04-05 10:33:00.000 +0530
XXXX105X8586,8179.0,2026-04-05 10:33:00.000 +0530
XXXX105X8596,5529.0,2026-04-05 10:33:00.000 +0530
XXXX105X8635,4761.0,2026-04-05 10:33:00.000 +0530
XXXX105X8640,7916.0,2026-04-05 10:33:00.000 +0530
XXXX105X8653,3762.0,2026-04-05 10:33:00.000 +0530
XXXX105X8714,4411.0,2026-04-05 10:33:00.000 +0530
XXXX105X8739,4146.0,2026-04-05 10:33:00.000 +0530
XXXX105X8769,6513.0,2026-04-05 10:33:00.000 +0530
XXXX105X8837,3237.0,2026-04-05 10:33:00.000 +0530
XXXX105X8884,4665.0,2026-04-05 10:33:00.000 +0530
XXXX105X8950,3271.0,2026-04-05 10:33:00.000 +0530
XXXX105X9167,3217.0,2026-04-05 10:33:00.000 +0530
XXXX105X9170,3070.0,2026-04-05 10:33:00.000 +0530
XXXX105X9184,3509.0,2026-04-05 10:33:00.000 +0530
XXXX105X9367,3681.0,2026-04-05 10:33:00.000 +0530
XXXX105X9392,3099.0,2026-04-05 10:33:00.000 +0530
XXXX105X9449,7202.0,2026-04-05 10:33:00.000 +0530
XXXX105X9451,3901.0,2026-04-05 10:33:00.000 +0530
XXXX105X9463,3772.0,2026-04-05 10:33:00.000 +0530
XXXX105X9615,4197.0,2026-04-05 10:33:00.000 +0530
XXXX105X9618,2972.0,2026-04-05 10:33:00.000 +0530
XXXX105X9637,3440.0,2026-04-05 10:33:00.000 +0530
XXXX105X9673,3305.0,2026-04-05 10:33:00.000 +0530
XXXX105X9722,3311.0,2026-04-05 10:33:00.000 +0530
XXXX105X9728,4626.0,2026-04-05 10:33:00.000 +0530
XXXX105X9746,4944.0,2026-04-05 10:33:00.000 +0530
XXXX105X9752,5283.0,2026-04-05 10:33:00.000 +0530
XXXX105X9872,2867.0,2026-04-05 10:33:00.000 +0530
XXXX105X9878,2726.0,2026-04-05 10:33:00.000 +0530
XXXX105X9891,4311.0,2026-04-05 10:33:00.000 +0530
XXXX105X9899,5627.0,2026-04-05 10:33:00.000 +0530
XXXX105X9917,3798.0,2026-04-05 10:33:00.000 +0530
XXXX105X9956,4290.0,2026-04-05 10:33:00.000 +0530
XXXX106X0312,5523.0,2026-04-05 10:33:00.000 +0530
XXXX106X0517,4342.0,2026-04-05 10:33:00.000 +0530
XXXX106X0599,4829.0,2026-04-05 10:33:00.000 +0530
XXXX106X0629,4301.0,2026-04-05 10:33:00.000 +0530
XXXX106X0792,2109.0,2026-04-05 10:33:00.000 +0530
XXXX106X0951,2877.0,2026-04-05 10:33:00.000 +0530
XXXX106X1771,3948.0,2026-04-05 10:33:00.000 +0530
XXXX106X1896,3954.0,2026-04-05 10:33:00.000 +0530
XXXX106X2125,4273.0,2026-04-05 10:33:00.000 +0530
XXXX106X2195,3552.0,2026-04-05 10:33:00.000 +0530
XXXX106X2309,4774.0,2026-04-05 10:33:00.000 +0530
XXXX106X2310,4593.0,2026-04-05 10:33:00.000 +0530
XXXX106X2499,4914.0,2026-04-05 10:33:00.000 +0530
XXXX106X2557,5556.0,2026-04-05 10:33:00.000 +0530
XXXX106X2734,3444.0,2026-04-05 10:33:00.000 +0530
XXXX106X2900,4336.0,2026-04-05 10:33:00.000 +0530
XXXX106X3197,2577.0,2026-04-05 10:33:00.000 +0530
XXXX106X3210,3572.0,2026-04-05 10:33:00.000 +0530
XXXX106X3267,4332.0,2026-04-05 10:33:00.000 +0530
XXXX106X3680,3242.0,2026-04-05 10:33:00.000 +0530
XXXX106X3732,3357.0,2026-04-05 10:33:00.000 +0530
XXXX106X4315,2819.0,2026-04-05 10:33:00.000 +0530
XXXX106X4412,4849.0,2026-04-05 10:33:00.000 +0530
XXXX106X4561,4929.0,2026-04-05 10:33:00.000 +0530
XXXX106X4617,2743.0,2026-04-05 10:33:00.000 +0530
XXXX106X4731,5682.0,2026-04-05 10:33:00.000 +0530
XXXX106X5174,3461.0,2026-04-05 10:33:00.000 +0530
XXXX106X5192,3309.0,2026-04-05 10:33:00.000 +0530
XXXX106X5846,2919.0,2026-04-05 10:33:00.000 +0530
XXXX106X5986,4388.0,2026-04-05 10:33:00.000 +0530
XXXX106X6098,4161.0,2026-04-05 10:33:00.000 +0530
XXXX106X6121,3875.0,2026-04-05 10:33:00.000 +0530
XXXX106X6156,4882.0,2026-04-05 10:33:00.000 +0530
XXXX106X6301,3699.0,2026-04-05 10:33:00.000 +0530
XXXX106X6736,3190.0,2026-04-05 10:33:00.000 +0530
XXXX106X6837,6500.0,2026-04-05 10:33:00.000 +0530
XXXX106X7075,3336.0,2026-04-05 10:33:00.000 +0530
XXXX106X7173,3450.0,2026-04-05 10:33:00.000 +0530
XXXX106X8749,3960.0,2026-04-05 10:33:00.000 +0530
XXXX106X8798,5568.0,2026-04-05 10:33:00.000 +0530
XXXX106X8837,4022.0,2026-04-05 10:33:00.000 +0530
XXXX106X8846,5200.0,2026-04-05 10:33:00.000 +0530
XXXX106X9043,3420.0,2026-04-05 10:33:00.000 +0530
XXXX106X9098,3349.0,2026-04-05 10:33:00.000 +0530
XXXX106X9623,3750.0,2026-04-05 10:33:00.000 +0530
XXXX106X9998,3218.0,2026-04-05 10:33:00.000 +0530
XXXX107X0587,4239.0,2026-04-05 10:33:00.000 +0530
XXXX107X0745,4057.0,2026-04-05 10:33:00.000 +0530
XXXX107X2135,4869.0,2026-04-05 10:33:00.000 +0530
XXXX107X3645,6250.0,2026-04-05 10:33:00.000 +0530
XXXX107X4601,3758.0,2026-04-05 10:33:00.000 +0530
XXXX107X5363,4603.0,2026-04-05 10:33:00.000 +0530
XXXX107X5497,4383.0,2026-04-05 10:33:00.000 +0530
XXXX107X5600,5455.0,2026-04-05 10:33:00.000 +0530
XXXX107X5962,6943.0,2026-04-05 10:33:00.000 +0530
XXXX107X5971,3433.0,2026-04-05 10:33:00.000 +0530
XXXX107X6183,5757.0,2026-04-05 10:33:00.000 +0530
XXXX107X6885,4801.0,2026-04-05 10:33:00.000 +0530
XXXX107X7413,4275.0,2026-04-05 10:33:00.000 +0530
XXXX107X8157,6547.0,2026-04-05 10:33:00.000 +0530
XXXX107X8209,3934.0,2026-04-05 10:33:00.000 +0530
XXXX107X9280,5132.0,2026-04-05 10:33:00.000 +0530
XXXX107X9299,4337.0,2026-04-05 10:33:00.000 +0530
XXXX107X9572,3601.0,2026-04-05 10:33:00.000 +0530
XXXX107X9819,4264.0,2026-04-05 10:33:00.000 +0530
XXXX108X0253,3556.0,2026-04-05 10:33:00.000 +0530
XXXX108X0384,3595.0,2026-04-05 10:33:00.000 +0530
XXXX108X0475,4316.0,2026-04-05 10:33:00.000 +0530
XXXX108X0494,3299.0,2026-04-05 10:33:00.000 +0530
XXXX108X0590,5511.0,2026-04-05 10:33:00.000 +0530
XXXX108X0620,3078.0,2026-04-05 10:33:00.000 +0530
XXXX108X0634,10069.0,2026-04-05 10:33:00.000 +0530
XXXX108X0758,6007.0,2026-04-05 10:33:00.000 +0530
XXXX108X0800,3548.0,2026-04-05 10:33:00.000 +0530
XXXX108X0855,3293.0,2026-04-05 10:33:00.000 +0530
XXXX108X0938,4460.0,2026-04-05 10:33:00.000 +0530
XXXX108X0996,3986.0,2026-04-05 10:33:00.000 +0530
XXXX108X1180,3265.0,2026-04-05 10:33:00.000 +0530
XXXX108X1295,3205.0,2026-04-05 10:33:00.000 +0530
XXXX108X1312,3495.0,2026-04-05 10:33:00.000 +0530
XXXX108X1400,5204.0,2026-04-05 10:33:00.000 +0530
XXXX108X1463,6253.0,2026-04-05 10:33:00.000 +0530
XXXX108X1482,4571.0,2026-04-05 10:33:00.000 +0530
XXXX108X1575,5351.0,2026-04-05 10:33:00.000 +0530
XXXX108X1598,2444.0,2026-04-05 10:33:00.000 +0530
XXXX108X1731,3255.0,2026-04-05 10:33:00.000 +0530
XXXX108X1914,2918.0,2026-04-05 10:33:00.000 +0530
XXXX108X1996,4744.0,2026-04-05 10:33:00.000 +0530
XXXX108X2001,3858.0,2026-04-05 10:33:00.000 +0530
XXXX108X2054,2357.0,2026-04-05 10:33:00.000 +0530
XXXX108X2613,4075.0,2026-04-05 10:33:00.000 +0530
XXXX108X2943,4245.0,2026-04-05 10:33:00.000 +0530
XXXX108X3000,3293.0,2026-04-05 10:33:00.000 +0530
XXXX108X3021,3230.0,2026-04-05 10:33:00.000 +0530
XXXX108X3248,3969.0,2026-04-05 10:33:00.000 +0530
XXXX108X3365,5480.0,2026-04-05 10:33:00.000 +0530
XXXX108X3446,4581.0,2026-04-05 10:33:00.000 +0530
XXXX108X3573,2899.0,2026-04-05 10:33:00.000 +0530
XXXX108X3578,3518.0,2026-04-05 10:33:00.000 +0530
XXXX108X3801,4579.0,2026-04-05 10:33:00.000 +0530
XXXX108X4373,3074.0,2026-04-05 10:33:00.000 +0530
XXXX108X4411,4941.0,2026-04-05 10:33:00.000 +0530
XXXX108X4443,3120.0,2026-04-05 10:33:00.000 +0530
XXXX108X4674,3524.0,2026-04-05 10:33:00.000 +0530
XXXX108X4736,3238.0,2026-04-05 10:33:00.000 +0530
XXXX108X4756,3055.0,2026-04-05 10:33:00.000 +0530
XXXX108X5125,6453.0,2026-04-05 10:33:00.000 +0530
XXXX108X5284,2966.0,2026-04-05 10:33:00.000 +0530
XXXX108X5297,2892.0,2026-04-05 10:33:00.000 +0530
XXXX108X5378,3585.0,2026-04-05 10:33:00.000 +0530
XXXX108X5383,3379.0,2026-04-05 10:33:00.000 +0530
XXXX108X5542,4076.0,2026-04-05 10:33:00.000 +0530
XXXX108X5550,4163.0,2026-04-05 10:33:00.000 +0530
XXXX108X5644,4227.0,2026-04-05 10:33:00.000 +0530
XXXX108X5744,4467.0,2026-04-05 10:33:00.000 +0530
XXXX108X6072,3176.0,2026-04-05 10:33:00.000 +0530
XXXX108X6254,3265.0,2026-04-05 10:33:00.000 +0530
XXXX108X6278,5073.0,2026-04-05 10:33:00.000 +0530
XXXX108X6300,4111.0,2026-04-05 10:33:00.000 +0530
XXXX108X6310,5425.0,2026-04-05 10:33:00.000 +0530
XXXX108X6345,3481.0,2026-04-05 10:33:00.000 +0530
XXXX108X6391,4086.0,2026-04-05 10:33:00.000 +0530
XXXX108X7043,3516.0,2026-04-05 10:33:00.000 +0530
XXXX108X7054,3725.0,2026-04-05 10:33:00.000 +0530
XXXX108X7059,8582.0,2026-04-05 10:33:00.000 +0530
XXXX108X7230,3311.0,2026-04-05 10:33:00.000 +0530
XXXX108X7286,7003.0,2026-04-05 10:33:00.000 +0530
XXXX108X7442,4269.0,2026-04-05 10:33:00.000 +0530
XXXX108X7446,2797.0,2026-04-05 10:33:00.000 +0530
XXXX108X7471,7071.0,2026-04-05 10:33:00.000 +0530
XXXX108X7626,2885.0,2026-04-05 10:33:00.000 +0530
XXXX108X7635,6869.0,2026-04-05 10:33:00.000 +0530
XXXX108X7646,3553.0,2026-04-05 10:33:00.000 +0530
XXXX108X7833,3843.0,2026-04-05 10:33:00.000 +0530
XXXX108X7847,3668.0,2026-04-05 10:33:00.000 +0530
XXXX108X7885,2890.0,2026-04-05 10:33:00.000 +0530
XXXX108X8262,3731.0,2026-04-05 10:33:00.000 +0530
XXXX108X8578,3539.0,2026-04-05 10:33:00.000 +0530
XXXX108X8806,2668.0,2026-04-05 10:33:00.000 +0530
XXXX108X8896,3006.0,2026-04-05 10:33:00.000 +0530
XXXX108X8955,3518.0,2026-04-05 10:33:00.000 +0530
XXXX108X9273,4850.0,2026-04-05 10:33:00.000 +0530
XXXX108X9752,3157.0,2026-04-05 10:33:00.000 +0530
XXXX108X9827,3584.0,2026-04-05 10:33:00.000 +0530
XXXX108X9938,3666.0,2026-04-05 10:33:00.000 +0530
XXXX108X9947,3969.0,2026-04-05 10:33:00.000 +0530
XXXX109X0028,5474.0,2026-04-05 10:33:00.000 +0530
XXXX109X0033,4368.0,2026-04-05 10:33:00.000 +0530
XXXX109X0219,4044.0,2026-04-05 10:33:00.000 +0530
XXXX109X0289,2838.0,2026-04-05 10:33:00.000 +0530
XXXX109X0413,4181.0,2026-04-05 10:33:00.000 +0530
XXXX109X0477,4389.0,2026-04-05 10:33:00.000 +0530
XXXX109X0488,4143.0,2026-04-05 10:33:00.000 +0530
XXXX109X0535,5921.0,2026-04-05 10:33:00.000 +0530
XXXX109X0574,4197.0,2026-04-05 10:33:00.000 +0530
XXXX109X0585,4063.0,2026-04-05 10:33:00.000 +0530
XXXX109X0604,3876.0,2026-04-05 10:33:00.000 +0530
XXXX109X0693,5570.0,2026-04-05 10:33:00.000 +0530
XXXX109X0936,3687.0,2026-04-05 10:33:00.000 +0530
XXXX109X0990,2616.0,2026-04-05 10:33:00.000 +0530
XXXX109X1018,3021.0,2026-04-05 10:33:00.000 +0530
XXXX109X1181,3120.0,2026-04-05 10:33:00.000 +0530
XXXX109X1242,2346.0,2026-04-05 10:33:00.000 +0530
XXXX109X1352,4586.0,2026-04-05 10:33:00.000 +0530
XXXX109X1695,4465.0,2026-04-05 10:33:00.000 +0530
XXXX109X1705,7536.0,2026-04-05 10:33:00.000 +0530
XXXX109X1731,4368.0,2026-04-05 10:33:00.000 +0530
XXXX109X1833,3143.0,2026-04-05 10:33:00.000 +0530
XXXX109X1835,3384.0,2026-04-05 10:33:00.000 +0530
XXXX109X1923,3383.0,2026-04-05 10:33:00.000 +0530
XXXX109X2023,3016.0,2026-04-05 10:33:00.000 +0530
XXXX109X2058,4487.0,2026-04-05 10:33:00.000 +0530
XXXX109X2071,5630.0,2026-04-05 10:33:00.000 +0530
XXXX109X2097,2548.0,2026-04-05 10:33:00.000 +0530
XXXX109X2213,4209.0,2026-04-05 10:33:00.000 +0530
XXXX109X2330,3547.0,2026-04-05 10:33:00.000 +0530
XXXX109X2493,4506.0,2026-04-05 10:33:00.000 +0530
XXXX109X2719,3821.0,2026-04-05 10:33:00.000 +0530
XXXX109X2726,3419.0,2026-04-05 10:33:00.000 +0530
XXXX109X3460,2861.0,2026-04-05 10:33:00.000 +0530
XXXX109X3464,3695.0,2026-04-05 10:33:00.000 +0530
XXXX109X3484,5911.0,2026-04-05 10:33:00.000 +0530
XXXX109X3563,8043.0,2026-04-05 10:33:00.000 +0530
XXXX109X3579,3531.0,2026-04-05 10:33:00.000 +0530
XXXX109X3587,2327.0,2026-04-05 10:33:00.000 +0530
XXXX109X3706,3871.0,2026-04-05 10:33:00.000 +0530
XXXX109X3763,3155.0,2026-04-05 10:33:00.000 +0530
XXXX109X3860,3958.0,2026-04-05 10:33:00.000 +0530
XXXX109X3925,4656.0,2026-04-05 10:33:00.000 +0530
XXXX109X3932,5545.0,2026-04-05 10:33:00.000 +0530
XXXX109X4075,3386.0,2026-04-05 10:33:00.000 +0530
XXXX109X4282,3924.0,2026-04-05 10:33:00.000 +0530
XXXX109X4391,4249.0,2026-04-05 10:33:00.000 +0530
XXXX109X4408,6579.0,2026-04-05 10:33:00.000 +0530
XXXX109X4455,3136.0,2026-04-05 10:33:00.000 +0530
XXXX109X4499,4184.0,2026-04-05 10:33:00.000 +0530
XXXX109X4569,3948.0,2026-04-05 10:33:00.000 +0530
XXXX109X4583,5531.0,2026-04-05 10:33:00.000 +0530
XXXX109X4613,3233.0,2026-04-05 10:33:00.000 +0530
XXXX109X4711,3357.0,2026-04-05 10:33:00.000 +0530
XXXX109X4875,3368.0,2026-04-05 10:33:00.000 +0530
XXXX109X5115,3036.0,2026-04-05 10:33:00.000 +0530
XXXX109X5145,2853.0,2026-04-05 10:33:00.000 +0530
XXXX109X5597,4223.0,2026-04-05 10:33:00.000 +0530
XXXX109X5731,3585.0,2026-04-05 10:33:00.000 +0530
XXXX109X5840,3815.0,2026-04-05 10:33:00.000 +0530
XXXX109X5958,3531.0,2026-04-05 10:33:00.000 +0530
XXXX109X6091,3499.0,2026-04-05 10:33:00.000 +0530
XXXX109X6575,4982.0,2026-04-05 10:33:00.000 +0530
XXXX109X6856,4388.0,2026-04-05 10:33:00.000 +0530
XXXX109X6929,4872.0,2026-04-05 10:33:00.000 +0530
XXXX109X6991,4593.0,2026-04-05 10:33:00.000 +0530
XXXX109X7025,8254.0,2026-04-05 10:33:00.000 +0530
XXXX109X7306,6335.0,2026-04-05 10:33:00.000 +0530
XXXX109X7416,4364.0,2026-04-05 10:33:00.000 +0530
XXXX109X8043,6901.0,2026-04-05 10:33:00.000 +0530
XXXX109X8068,3231.0,2026-04-05 10:33:00.000 +0530
XXXX109X8292,3394.0,2026-04-05 10:33:00.000 +0530
XXXX109X8317,2565.0,2026-04-05 10:33:00.000 +0530
XXXX109X8485,3990.0,2026-04-05 10:33:00.000 +0530
XXXX109X8647,3542.0,2026-04-05 10:33:00.000 +0530
XXXX109X8658,3109.0,2026-04-05 10:33:00.000 +0530
XXXX109X8794,3788.0,2026-04-05 10:33:00.000 +0530
XXXX109X8877,3845.0,2026-04-05 10:33:00.000 +0530
XXXX109X8938,7838.0,2026-04-05 10:33:00.000 +0530
XXXX109X9015,5939.0,2026-04-05 10:33:00.000 +0530
XXXX109X9080,3561.0,2026-04-05 10:33:00.000 +0530
XXXX109X9265,3979.0,2026-04-05 10:33:00.000 +0530
XXXX109X9505,3803.0,2026-04-05 10:33:00.000 +0530
XXXX109X9680,4847.0,2026-04-05 10:33:00.000 +0530
XXXX109X9723,4603.0,2026-04-05 10:33:00.000 +0530
XXXX109X9791,3189.0,2026-04-05 10:33:00.000 +0530
XXXX109X9812,6096.0,2026-04-05 10:33:00.000 +0530
XXXX109X9963,5665.0,2026-04-05 10:33:00.000 +0530
XXXX110X0275,4388.0,2026-04-05 10:33:00.000 +0530
XXXX110X5133,3761.0,2026-04-05 10:33:00.000 +0530
XXXX110X6430,3136.0,2026-04-05 10:33:00.000 +0530
XXXX110X8014,4287.0,2026-04-05 10:33:00.000 +0530
XXXX110X8535,3898.0,2026-04-05 10:33:00.000 +0530
XXXX110X8705,5182.0,2026-04-05 10:33:00.000 +0530
XXXX111X0354,3299.0,2026-04-05 10:33:00.000 +0530
XXXX111X1213,5055.0,2026-04-05 10:33:00.000 +0530
XXXX111X1982,6987.0,2026-04-05 10:33:00.000 +0530
XXXX111X2237,6158.0,2026-04-05 10:33:00.000 +0530
XXXX111X2850,3599.0,2026-04-05 10:33:00.000 +0530
XXXX111X4554,3366.0,2026-04-05 10:33:00.000 +0530
XXXX111X5605,4902.0,2026-04-05 10:33:00.000 +0530
XXXX111X5848,7060.0,2026-04-05 10:33:00.000 +0530
XXXX111X5872,3345.0,2026-04-05 10:33:00.000 +0530
XXXX111X6209,3774.0,2026-04-05 10:33:00.000 +0530
XXXX111X6546,5596.0,2026-04-05 10:33:00.000 +0530
XXXX111X7244,7512.0,2026-04-05 10:33:00.000 +0530
XXXX111X7633,3887.0,2026-04-05 10:33:00.000 +0530
XXXX112X1615,3337.0,2026-04-05 10:33:00.000 +0530
XXXX112X1692,4554.0,2026-04-05 10:33:00.000 +0530
XXXX112X1751,4074.0,2026-04-05 10:33:00.000 +0530
XXXX112X1845,3490.0,2026-04-05 10:33:00.000 +0530
XXXX112X1927,4806.0,2026-04-05 10:33:00.000 +0530
XXXX112X3031,6623.0,2026-04-05 10:33:00.000 +0530
XXXX112X5166,3220.0,2026-04-05 10:33:00.000 +0530
XXXX112X5540,3570.0,2026-04-05 10:33:00.000 +0530
XXXX112X6059,4217.0,2026-04-05 10:33:00.000 +0530
XXXX112X6485,5297.0,2026-04-05 10:33:00.000 +0530
XXXX112X6716,3824.0,2026-04-05 10:33:00.000 +0530
XXXX112X7217,3776.0,2026-04-05 10:33:00.000 +0530
XXXX112X7597,5244.0,2026-04-05 10:33:00.000 +0530
XXXX112X7836,5303.0,2026-04-05 10:33:00.000 +0530
XXXX112X8504,3531.0,2026-04-05 10:33:00.000 +0530
XXXX113X3585,3657.0,2026-04-05 10:33:00.000 +0530
XXXX113X5194,2935.0,2026-04-05 10:33:00.000 +0530
XXXX113X5748,3102.0,2026-04-05 10:33:00.000 +0530
XXXX113X6561,4440.0,2026-04-05 10:33:00.000 +0530
XXXX113X6871,3531.0,2026-04-05 10:33:00.000 +0530
XXXX113X7086,4109.0,2026-04-05 10:33:00.000 +0530
XXXX113X8116,3666.0,2026-04-05 10:33:00.000 +0530
XXXX114X0159,4190.0,2026-04-05 10:33:00.000 +0530
XXXX114X0371,3585.0,2026-04-05 10:33:00.000 +0530
XXXX114X0441,3706.0,2026-04-05 10:33:00.000 +0530
XXXX114X1000,4068.0,2026-04-05 10:33:00.000 +0530
XXXX114X1465,3266.0,2026-04-05 10:33:00.000 +0530
XXXX114X2267,5355.0,2026-04-05 10:33:00.000 +0530
XXXX114X3086,4135.0,2026-04-05 10:33:00.000 +0530
XXXX114X3424,3467.0,2026-04-05 10:33:00.000 +0530
XXXX114X4639,4145.0,2026-04-05 10:33:00.000 +0530
XXXX114X5708,3930.0,2026-04-05 10:33:00.000 +0530
XXXX114X5735,3183.0,2026-04-05 10:33:00.000 +0530
XXXX114X5939,2990.0,2026-04-05 10:33:00.000 +0530
XXXX114X6309,3871.0,2026-04-05 10:33:00.000 +0530
XXXX114X7423,6734.0,2026-04-05 10:33:00.000 +0530
XXXX114X8671,3424.0,2026-04-05 10:33:00.000 +0530
XXXX114X8805,2976.0,2026-04-05 10:33:00.000 +0530
XXXX114X9080,4091.0,2026-04-05 10:33:00.000 +0530
XXXX114X9260,5584.0,2026-04-05 10:33:00.000 +0530
XXXX114X9604,3741.0,2026-04-05 10:33:00.000 +0530
XXXX115X0014,4770.0,2026-04-05 10:33:00.000 +0530
XXXX115X0062,3310.0,2026-04-05 10:33:00.000 +0530
XXXX115X0528,4016.0,2026-04-05 10:33:00.000 +0530
XXXX115X0627,3729.0,2026-04-05 10:33:00.000 +0530
XXXX115X1059,2880.0,2026-04-05 10:33:00.000 +0530
XXXX115X1110,2655.0,2026-04-05 10:33:00.000 +0530
XXXX115X1208,4094.0,2026-04-05 10:33:00.000 +0530
XXXX115X1350,5596.0,2026-04-05 10:33:00.000 +0530
XXXX115X1461,4137.0,2026-04-05 10:33:00.000 +0530
XXXX115X1673,4156.0,2026-04-05 10:33:00.000 +0530
XXXX115X1749,5545.0,2026-04-05 10:33:00.000 +0530
XXXX115X1864,2293.0,2026-04-05 10:33:00.000 +0530
XXXX115X2003,4871.0,2026-04-05 10:33:00.000 +0530
XXXX115X2018,4621.0,2026-04-05 10:33:00.000 +0530
XXXX115X2137,3767.0,2026-04-05 10:33:00.000 +0530
XXXX115X2155,2902.0,2026-04-05 10:33:00.000 +0530
XXXX115X2164,4529.0,2026-04-05 10:33:00.000 +0530
XXXX115X2191,4101.0,2026-04-05 10:33:00.000 +0530
XXXX115X2377,4858.0,2026-04-05 10:33:00.000 +0530
XXXX115X2508,4254.0,2026-04-05 10:33:00.000 +0530
XXXX115X2544,3772.0,2026-04-05 10:33:00.000 +0530
XXXX115X2556,3976.0,2026-04-05 10:33:00.000 +0530
XXXX115X2562,3162.0,2026-04-05 10:33:00.000 +0530
XXXX115X2879,3196.0,2026-04-05 10:33:00.000 +0530
XXXX115X2921,3170.0,2026-04-05 10:33:00.000 +0530
XXXX115X3102,4568.0,2026-04-05 10:33:00.000 +0530
XXXX115X3672,3380.0,2026-04-05 10:33:00.000 +0530
XXXX115X4618,2591.0,2026-04-05 10:33:00.000 +0530
XXXX115X4787,4405.0,2026-04-05 10:33:00.000 +0530
XXXX115X6920,4171.0,2026-04-05 10:33:00.000 +0530
XXXX115X7581,6640.0,2026-04-05 10:33:00.000 +0530
XXXX115X7719,3353.0,2026-04-05 10:33:00.000 +0530
XXXX115X7922,4653.0,2026-04-05 10:33:00.000 +0530
XXXX115X7931,7909.0,2026-04-05 10:33:00.000 +0530
XXXX115X7944,3435.0,2026-04-05 10:33:00.000 +0530
XXXX115X7952,3890.0,2026-04-05 10:33:00.000 +0530
XXXX115X8000,3679.0,2026-04-05 10:33:00.000 +0530
XXXX115X8019,4137.0,2026-04-05 10:33:00.000 +0530
XXXX115X8365,8156.0,2026-04-05 10:33:00.000 +0530
XXXX115X8563,4323.0,2026-04-05 10:33:00.000 +0530
XXXX115X8727,4408.0,2026-04-05 10:33:00.000 +0530
XXXX115X8748,3509.0,2026-04-05 10:33:00.000 +0530
XXXX115X8835,4049.0,2026-04-05 10:33:00.000 +0530
XXXX115X9142,3259.0,2026-04-05 10:33:00.000 +0530
XXXX115X9179,3962.0,2026-04-05 10:33:00.000 +0530
XXXX115X9273,5783.0,2026-04-05 10:33:00.000 +0530
XXXX115X9559,5135.0,2026-04-05 10:33:00.000 +0530
XXXX115X9735,7073.0,2026-04-05 10:33:00.000 +0530
XXXX115X9780,3375.0,2026-04-05 10:33:00.000 +0530
XXXX115X9920,3758.0,2026-04-05 10:33:00.000 +0530
XXXX116X0634,3198.0,2026-04-05 10:33:00.000 +0530
XXXX116X3102,4158.0,2026-04-05 10:33:00.000 +0530
XXXX116X5924,5573.0,2026-04-05 10:33:00.000 +0530
XXXX116X6589,3400.0,2026-04-05 10:33:00.000 +0530
XXXX116X9127,4872.0,2026-04-05 10:33:00.000 +0530
XXXX117X4292,6425.0,2026-04-05 10:33:00.000 +0530
XXXX118X1583,3413.0,2026-04-05 10:33:00.000 +0530
XXXX118X1626,4408.0,2026-04-05 10:33:00.000 +0530
XXXX118X3328,2966.0,2026-04-05 10:33:00.000 +0530
XXXX118X4377,5732.0,2026-04-05 10:33:00.000 +0530
