apac_card_number,amount,payment_datetime
XXXX050X1633,5988.0,2026-07-16 16:29:29
XXXX050X2974,2788.0,2026-07-16 16:29:29
XXXX050X9845,3871.0,2026-07-16 16:29:29
XXXX054X0622,5326.0,2026-07-16 16:29:29
XXXX055X1180,3003.0,2026-07-16 16:29:29
XXXX055X1504,3716.0,2026-07-16 16:29:29
XXXX055X1682,3768.0,2026-07-16 16:29:29
XXXX055X2557,2971.0,2026-07-16 16:29:29
XXXX055X2793,3716.0,2026-07-16 16:29:29
XXXX055X3454,3285.0,2026-07-16 16:29:29
XXXX055X3828,3444.0,2026-07-16 16:29:29
XXXX055X5731,3112.0,2026-07-16 16:29:29
XXXX055X5849,3240.0,2026-07-16 16:29:29
XXXX055X6067,2807.0,2026-07-16 16:29:29
XXXX055X7827,3317.0,2026-07-16 16:29:29
XXXX055X8049,2414.0,2026-07-16 16:29:29
XXXX055X8575,3010.0,2026-07-16 16:29:29
XXXX055X9508,2885.0,2026-07-16 16:29:29
XXXX055X9549,6548.0,2026-07-16 16:29:29
XXXX055X9922,3647.0,2026-07-16 16:29:29
XXXX056X1836,3352.0,2026-07-16 16:29:29
XXXX056X3335,3716.0,2026-07-16 16:29:29
XXXX060X0808,3819.0,2026-07-16 16:29:29
XXXX060X0875,3773.0,2026-07-16 16:29:29
XXXX060X1539,2885.0,2026-07-16 16:29:29
XXXX060X1836,2739.0,2026-07-16 16:29:29
XXXX060X3730,3597.0,2026-07-16 16:29:29
XXXX060X3961,7433.0,2026-07-16 16:29:29
XXXX060X4660,2977.0,2026-07-16 16:29:29
XXXX060X5318,3259.0,2026-07-16 16:29:29
XXXX060X6427,3221.0,2026-07-16 16:29:29
XXXX060X6992,3598.0,2026-07-16 16:29:29
XXXX060X7268,2788.0,2026-07-16 16:29:29
XXXX060X8049,3419.0,2026-07-16 16:29:29
XXXX060X8058,3006.0,2026-07-16 16:29:29
XXXX060X8930,3079.0,2026-07-16 16:29:29
XXXX060X9108,2818.0,2026-07-16 16:29:29
XXXX060X9249,3353.0,2026-07-16 16:29:29
XXXX060X9879,2772.0,2026-07-16 16:29:29
XXXX060X9911,2850.0,2026-07-16 16:29:29
XXXX061X1473,3063.0,2026-07-16 16:29:29
XXXX063X0328,3076.0,2026-07-16 16:29:29
XXXX063X1103,3278.0,2026-07-16 16:29:29
XXXX063X2735,3127.0,2026-07-16 16:29:29
XXXX063X3191,3014.0,2026-07-16 16:29:29
XXXX063X4068,2788.0,2026-07-16 16:29:29
XXXX063X5072,3815.0,2026-07-16 16:29:29
XXXX063X6655,2408.0,2026-07-16 16:29:29
XXXX063X8615,2962.0,2026-07-16 16:29:29
XXXX063X9339,3393.0,2026-07-16 16:29:29
XXXX065X0086,3278.0,2026-07-16 16:29:29
XXXX065X0307,3692.0,2026-07-16 16:29:29
XXXX065X0406,4658.0,2026-07-16 16:29:29
XXXX065X0726,3768.0,2026-07-16 16:29:29
XXXX065X0849,2836.0,2026-07-16 16:29:29
XXXX065X1433,3146.0,2026-07-16 16:29:29
XXXX065X2128,2694.0,2026-07-16 16:29:29
XXXX065X2652,3342.0,2026-07-16 16:29:29
XXXX065X2669,3321.0,2026-07-16 16:29:29
XXXX065X3673,3768.0,2026-07-16 16:29:29
XXXX065X3734,3274.0,2026-07-16 16:29:29
XXXX065X4212,4589.0,2026-07-16 16:29:29
XXXX065X4374,3768.0,2026-07-16 16:29:29
XXXX065X5653,3997.0,2026-07-16 16:29:29
XXXX065X6575,3116.0,2026-07-16 16:29:29
XXXX065X7251,3742.0,2026-07-16 16:29:29
XXXX065X7627,3742.0,2026-07-16 16:29:29
XXXX065X9898,3606.0,2026-07-16 16:29:29
XXXX065X9980,3278.0,2026-07-16 16:29:29
XXXX066X0869,4800.0,2026-07-16 16:29:29
XXXX066X2435,4152.0,2026-07-16 16:29:29
XXXX066X4027,6292.0,2026-07-16 16:29:29
XXXX066X4096,2502.0,2026-07-16 16:29:29
XXXX066X4478,2607.0,2026-07-16 16:29:29
XXXX066X8377,2615.0,2026-07-16 16:29:29
XXXX069X0663,3654.0,2026-07-16 16:29:29
XXXX069X0878,2826.0,2026-07-16 16:29:29
XXXX069X0915,3930.0,2026-07-16 16:29:29
XXXX069X2654,4218.0,2026-07-16 16:29:29
XXXX069X3597,3200.0,2026-07-16 16:29:29
XXXX069X4272,3709.0,2026-07-16 16:29:29
XXXX069X7489,3342.0,2026-07-16 16:29:29
XXXX069X8203,2898.0,2026-07-16 16:29:29
XXXX072X0378,3315.0,2026-07-16 16:29:29
XXXX072X0491,3162.0,2026-07-16 16:29:29
XXXX072X1481,2950.0,2026-07-16 16:29:29
XXXX072X1542,3523.0,2026-07-16 16:29:29
XXXX072X2020,3504.0,2026-07-16 16:29:29
XXXX072X2433,3839.0,2026-07-16 16:29:29
XXXX072X4499,3240.0,2026-07-16 16:29:29
XXXX074X8974,4001.0,2026-07-16 16:29:29
XXXX075X0146,4352.0,2026-07-16 16:29:29
XXXX075X0193,4898.0,2026-07-16 16:29:29
XXXX075X0528,3768.0,2026-07-16 16:29:29
XXXX075X0589,3537.0,2026-07-16 16:29:29
XXXX075X0704,3349.0,2026-07-16 16:29:29
XXXX075X0816,2731.0,2026-07-16 16:29:29
XXXX075X1106,3410.0,2026-07-16 16:29:29
XXXX075X1196,3768.0,2026-07-16 16:29:29
XXXX075X1368,4028.0,2026-07-16 16:29:29
XXXX075X2067,3606.0,2026-07-16 16:29:29
XXXX075X2807,2863.0,2026-07-16 16:29:29
XXXX075X3177,3379.0,2026-07-16 16:29:29
XXXX075X3610,3623.0,2026-07-16 16:29:29
XXXX075X4055,4174.0,2026-07-16 16:29:29
XXXX075X4109,2880.0,2026-07-16 16:29:29
XXXX075X4407,3116.0,2026-07-16 16:29:29
XXXX075X4770,2880.0,2026-07-16 16:29:29
XXXX075X5021,2957.0,2026-07-16 16:29:29
XXXX075X5920,3447.0,2026-07-16 16:29:29
XXXX075X6157,3568.0,2026-07-16 16:29:29
XXXX075X6567,4906.0,2026-07-16 16:29:29
XXXX075X6576,3956.0,2026-07-16 16:29:29
XXXX075X7245,3560.0,2026-07-16 16:29:29
XXXX075X7313,3407.0,2026-07-16 16:29:29
XXXX075X8207,2824.0,2026-07-16 16:29:29
XXXX075X8717,3617.0,2026-07-16 16:29:29
XXXX075X8936,3751.0,2026-07-16 16:29:29
XXXX075X9523,3248.0,2026-07-16 16:29:29
XXXX075X9530,4521.0,2026-07-16 16:29:29
XXXX076X0143,5146.0,2026-07-16 16:29:29
XXXX076X0338,3313.0,2026-07-16 16:29:29
XXXX076X0518,3323.0,2026-07-16 16:29:29
XXXX076X0623,2750.0,2026-07-16 16:29:29
XXXX076X0653,4107.0,2026-07-16 16:29:29
XXXX076X1694,3348.0,2026-07-16 16:29:29
XXXX076X2133,3372.0,2026-07-16 16:29:29
XXXX076X2192,6216.0,2026-07-16 16:29:29
XXXX076X2326,2317.0,2026-07-16 16:29:29
XXXX076X2457,3972.0,2026-07-16 16:29:29
XXXX076X2661,5107.0,2026-07-16 16:29:29
XXXX076X2892,4050.0,2026-07-16 16:29:29
XXXX076X3076,3856.0,2026-07-16 16:29:29
XXXX076X3163,5275.0,2026-07-16 16:29:29
XXXX076X3313,2927.0,2026-07-16 16:29:29
XXXX076X3548,4365.0,2026-07-16 16:29:29
XXXX076X3793,3272.0,2026-07-16 16:29:29
XXXX076X4122,5176.0,2026-07-16 16:29:29
XXXX076X4295,3816.0,2026-07-16 16:29:29
XXXX076X4305,3323.0,2026-07-16 16:29:29
XXXX076X4323,3985.0,2026-07-16 16:29:29
XXXX076X4653,3025.0,2026-07-16 16:29:29
XXXX076X5345,3158.0,2026-07-16 16:29:29
XXXX076X5574,2989.0,2026-07-16 16:29:29
XXXX076X5648,3002.0,2026-07-16 16:29:29
XXXX076X5840,2744.0,2026-07-16 16:29:29
XXXX076X6016,3354.0,2026-07-16 16:29:29
XXXX076X6240,3531.0,2026-07-16 16:29:29
XXXX076X6609,2959.0,2026-07-16 16:29:29
XXXX076X6639,4137.0,2026-07-16 16:29:29
XXXX076X6647,3125.0,2026-07-16 16:29:29
XXXX076X6688,4167.0,2026-07-16 16:29:29
XXXX076X6844,2118.0,2026-07-16 16:29:29
XXXX076X7767,2999.0,2026-07-16 16:29:29
XXXX076X8108,3208.0,2026-07-16 16:29:29
XXXX076X8406,3127.0,2026-07-16 16:29:29
XXXX076X8694,3559.0,2026-07-16 16:29:29
XXXX076X8908,3067.0,2026-07-16 16:29:29
XXXX076X8953,8666.0,2026-07-16 16:29:29
XXXX076X9369,3006.0,2026-07-16 16:29:29
XXXX076X9435,2563.0,2026-07-16 16:29:29
XXXX076X9861,3628.0,2026-07-16 16:29:29
XXXX076X9946,3768.0,2026-07-16 16:29:29
XXXX077X0187,7509.0,2026-07-16 16:29:29
XXXX077X0300,3124.0,2026-07-16 16:29:29
XXXX077X0310,3391.0,2026-07-16 16:29:29
XXXX077X0591,4434.0,2026-07-16 16:29:29
XXXX077X0817,4027.0,2026-07-16 16:29:29
XXXX077X0893,3132.0,2026-07-16 16:29:29
XXXX077X0962,3348.0,2026-07-16 16:29:29
XXXX077X1111,3163.0,2026-07-16 16:29:29
XXXX077X1118,2731.0,2026-07-16 16:29:29
XXXX077X1768,3760.0,2026-07-16 16:29:29
XXXX077X1770,2803.0,2026-07-16 16:29:29
XXXX077X1881,4186.0,2026-07-16 16:29:29
XXXX077X2588,3942.0,2026-07-16 16:29:29
XXXX077X2857,4533.0,2026-07-16 16:29:29
XXXX077X2891,4374.0,2026-07-16 16:29:29
XXXX077X3020,3578.0,2026-07-16 16:29:29
XXXX077X3711,7511.0,2026-07-16 16:29:29
XXXX077X3889,3017.0,2026-07-16 16:29:29
XXXX077X4294,3293.0,2026-07-16 16:29:29
XXXX077X4419,4080.0,2026-07-16 16:29:29
XXXX077X4667,6028.0,2026-07-16 16:29:29
XXXX077X4688,2920.0,2026-07-16 16:29:29
XXXX077X5065,5984.0,2026-07-16 16:29:29
XXXX077X5125,2658.0,2026-07-16 16:29:29
XXXX077X5522,5647.0,2026-07-16 16:29:29
XXXX077X5528,2906.0,2026-07-16 16:29:29
XXXX077X5576,5585.0,2026-07-16 16:29:29
XXXX077X5629,4276.0,2026-07-16 16:29:29
XXXX077X6006,3469.0,2026-07-16 16:29:29
XXXX077X6032,2939.0,2026-07-16 16:29:29
XXXX077X6265,3377.0,2026-07-16 16:29:29
XXXX077X6281,3034.0,2026-07-16 16:29:29
XXXX077X6334,4201.0,2026-07-16 16:29:29
XXXX077X7001,2958.0,2026-07-16 16:29:29
XXXX077X7391,4216.0,2026-07-16 16:29:29
XXXX077X7589,5912.0,2026-07-16 16:29:29
XXXX077X7869,3086.0,2026-07-16 16:29:29
XXXX077X7898,3508.0,2026-07-16 16:29:29
XXXX077X7954,3116.0,2026-07-16 16:29:29
XXXX077X7965,3170.0,2026-07-16 16:29:29
XXXX077X8001,3670.0,2026-07-16 16:29:29
XXXX077X8019,4014.0,2026-07-16 16:29:29
XXXX077X8186,3330.0,2026-07-16 16:29:29
XXXX077X8371,3938.0,2026-07-16 16:29:29
XXXX077X8595,3152.0,2026-07-16 16:29:29
XXXX077X8796,3888.0,2026-07-16 16:29:29
XXXX077X8910,3368.0,2026-07-16 16:29:29
XXXX077X8973,3055.0,2026-07-16 16:29:29
XXXX077X9162,2849.0,2026-07-16 16:29:29
XXXX077X9342,3843.0,2026-07-16 16:29:29
XXXX077X9545,2967.0,2026-07-16 16:29:29
XXXX077X9563,3236.0,2026-07-16 16:29:29
XXXX077X9598,3614.0,2026-07-16 16:29:29
XXXX077X9644,4644.0,2026-07-16 16:29:29
XXXX077X9740,2910.0,2026-07-16 16:29:29
XXXX077X9754,5671.0,2026-07-16 16:29:29
XXXX077X9996,3819.0,2026-07-16 16:29:29
XXXX078X0214,3938.0,2026-07-16 16:29:29
XXXX078X0251,3133.0,2026-07-16 16:29:29
XXXX078X0314,3425.0,2026-07-16 16:29:29
XXXX078X0351,3725.0,2026-07-16 16:29:29
XXXX078X0395,3768.0,2026-07-16 16:29:29
XXXX078X0548,3624.0,2026-07-16 16:29:29
XXXX078X0843,3531.0,2026-07-16 16:29:29
XXXX078X1070,4316.0,2026-07-16 16:29:29
XXXX078X1143,4111.0,2026-07-16 16:29:29
XXXX078X1343,5290.0,2026-07-16 16:29:29
XXXX078X1367,3075.0,2026-07-16 16:29:29
XXXX078X1465,3372.0,2026-07-16 16:29:29
XXXX078X1572,3475.0,2026-07-16 16:29:29
XXXX078X1630,4197.0,2026-07-16 16:29:29
XXXX078X1727,3110.0,2026-07-16 16:29:29
XXXX078X1901,3514.0,2026-07-16 16:29:29
XXXX078X1902,2913.0,2026-07-16 16:29:29
XXXX078X1967,3373.0,2026-07-16 16:29:29
XXXX078X2196,3731.0,2026-07-16 16:29:29
XXXX078X2213,2957.0,2026-07-16 16:29:29
XXXX078X2570,3957.0,2026-07-16 16:29:29
XXXX078X2623,4389.0,2026-07-16 16:29:29
XXXX078X2692,4270.0,2026-07-16 16:29:29
XXXX078X2969,5423.0,2026-07-16 16:29:29
XXXX078X3392,3643.0,2026-07-16 16:29:29
XXXX078X3438,4070.0,2026-07-16 16:29:29
XXXX078X3539,2658.0,2026-07-16 16:29:29
XXXX078X3639,4130.0,2026-07-16 16:29:29
XXXX078X3651,3391.0,2026-07-16 16:29:29
XXXX078X3780,3389.0,2026-07-16 16:29:29
XXXX078X3863,3629.0,2026-07-16 16:29:29
XXXX078X4147,3268.0,2026-07-16 16:29:29
XXXX078X4379,3666.0,2026-07-16 16:29:29
XXXX078X4432,2965.0,2026-07-16 16:29:29
XXXX078X4565,6937.0,2026-07-16 16:29:29
XXXX078X4639,3376.0,2026-07-16 16:29:29
XXXX078X4741,3326.0,2026-07-16 16:29:29
XXXX078X4896,3170.0,2026-07-16 16:29:29
XXXX078X5004,7405.0,2026-07-16 16:29:29
XXXX078X5226,2908.0,2026-07-16 16:29:29
XXXX078X5274,4773.0,2026-07-16 16:29:29
XXXX078X5281,3145.0,2026-07-16 16:29:29
XXXX078X5352,3259.0,2026-07-16 16:29:29
XXXX078X5446,4993.0,2026-07-16 16:29:29
XXXX078X5684,3579.0,2026-07-16 16:29:29
XXXX078X5803,3679.0,2026-07-16 16:29:29
XXXX078X5861,3086.0,2026-07-16 16:29:29
XXXX078X5869,4014.0,2026-07-16 16:29:29
XXXX078X6080,4830.0,2026-07-16 16:29:29
XXXX078X6097,3360.0,2026-07-16 16:29:29
XXXX078X6165,3368.0,2026-07-16 16:29:29
XXXX078X6336,3017.0,2026-07-16 16:29:29
XXXX078X6347,3437.0,2026-07-16 16:29:29
XXXX078X6500,3217.0,2026-07-16 16:29:29
XXXX078X6568,3403.0,2026-07-16 16:29:29
XXXX078X6798,3216.0,2026-07-16 16:29:29
XXXX078X6850,3118.0,2026-07-16 16:29:29
XXXX078X6951,3146.0,2026-07-16 16:29:29
XXXX078X7142,3372.0,2026-07-16 16:29:29
XXXX078X7348,3819.0,2026-07-16 16:29:29
XXXX078X7699,2872.0,2026-07-16 16:29:29
XXXX078X7718,3941.0,2026-07-16 16:29:29
XXXX078X7797,3937.0,2026-07-16 16:29:29
XXXX078X7834,4766.0,2026-07-16 16:29:29
XXXX078X7850,3387.0,2026-07-16 16:29:29
XXXX078X7852,3410.0,2026-07-16 16:29:29
XXXX078X8644,3202.0,2026-07-16 16:29:29
XXXX078X8653,2999.0,2026-07-16 16:29:29
XXXX078X9170,3865.0,2026-07-16 16:29:29
XXXX078X9257,3819.0,2026-07-16 16:29:29
XXXX078X9456,2971.0,2026-07-16 16:29:29
XXXX078X9464,3211.0,2026-07-16 16:29:29
XXXX078X9614,3563.0,2026-07-16 16:29:29
XXXX078X9927,3098.0,2026-07-16 16:29:29
XXXX079X0168,3295.0,2026-07-16 16:29:29
XXXX079X0183,3164.0,2026-07-16 16:29:29
XXXX079X0219,4769.0,2026-07-16 16:29:29
XXXX079X0263,4513.0,2026-07-16 16:29:29
XXXX079X0286,4384.0,2026-07-16 16:29:29
XXXX079X0306,2957.0,2026-07-16 16:29:29
XXXX079X0474,3542.0,2026-07-16 16:29:29
XXXX079X0516,3407.0,2026-07-16 16:29:29
XXXX079X0544,3015.0,2026-07-16 16:29:29
XXXX079X0684,3770.0,2026-07-16 16:29:29
XXXX079X0763,4980.0,2026-07-16 16:29:29
XXXX079X0804,3669.0,2026-07-16 16:29:29
XXXX079X0848,3502.0,2026-07-16 16:29:29
XXXX079X0975,4116.0,2026-07-16 16:29:29
XXXX079X1031,4083.0,2026-07-16 16:29:29
XXXX079X1049,3223.0,2026-07-16 16:29:29
XXXX079X1054,3737.0,2026-07-16 16:29:29
XXXX079X1374,4946.0,2026-07-16 16:29:29
XXXX079X1379,4181.0,2026-07-16 16:29:29
XXXX079X1387,3697.0,2026-07-16 16:29:29
XXXX079X1467,2818.0,2026-07-16 16:29:29
XXXX079X1515,10787.0,2026-07-16 16:29:29
XXXX079X1663,3397.0,2026-07-16 16:29:29
XXXX079X1772,3657.0,2026-07-16 16:29:29
XXXX079X1966,4254.0,2026-07-16 16:29:29
XXXX079X1970,3002.0,2026-07-16 16:29:29
XXXX079X2238,3495.0,2026-07-16 16:29:29
XXXX079X2260,3709.0,2026-07-16 16:29:29
XXXX079X2269,3688.0,2026-07-16 16:29:29
XXXX079X2272,4404.0,2026-07-16 16:29:29
XXXX079X2748,3460.0,2026-07-16 16:29:29
XXXX079X2785,3705.0,2026-07-16 16:29:29
XXXX079X2852,3803.0,2026-07-16 16:29:29
XXXX079X2904,4809.0,2026-07-16 16:29:29
XXXX079X3011,5447.0,2026-07-16 16:29:29
XXXX079X3317,2939.0,2026-07-16 16:29:29
XXXX079X3441,2776.0,2026-07-16 16:29:29
XXXX079X3489,3300.0,2026-07-16 16:29:29
XXXX079X3589,3550.0,2026-07-16 16:29:29
XXXX079X3848,3109.0,2026-07-16 16:29:29
XXXX079X4038,2673.0,2026-07-16 16:29:29
XXXX079X4117,4083.0,2026-07-16 16:29:29
XXXX079X4120,2955.0,2026-07-16 16:29:29
XXXX079X4177,3699.0,2026-07-16 16:29:29
XXXX079X4190,3330.0,2026-07-16 16:29:29
XXXX079X4374,3768.0,2026-07-16 16:29:29
XXXX079X4443,3044.0,2026-07-16 16:29:29
XXXX079X4461,4538.0,2026-07-16 16:29:29
XXXX079X4666,3278.0,2026-07-16 16:29:29
XXXX079X4777,3381.0,2026-07-16 16:29:29
XXXX079X4793,3598.0,2026-07-16 16:29:29
XXXX079X4811,4275.0,2026-07-16 16:29:29
XXXX079X4952,4311.0,2026-07-16 16:29:29
XXXX079X5049,3899.0,2026-07-16 16:29:29
XXXX079X5318,4576.0,2026-07-16 16:29:29
XXXX079X5373,4377.0,2026-07-16 16:29:29
XXXX079X5452,2890.0,2026-07-16 16:29:29
XXXX079X5457,4638.0,2026-07-16 16:29:29
XXXX079X5466,2775.0,2026-07-16 16:29:29
XXXX079X5533,3227.0,2026-07-16 16:29:29
XXXX079X5568,3197.0,2026-07-16 16:29:29
XXXX079X5646,4306.0,2026-07-16 16:29:29
XXXX079X5683,4159.0,2026-07-16 16:29:29
XXXX079X5738,3482.0,2026-07-16 16:29:29
XXXX079X5801,3054.0,2026-07-16 16:29:29
XXXX079X5870,3165.0,2026-07-16 16:29:29
XXXX079X5988,3805.0,2026-07-16 16:29:29
XXXX079X5996,4326.0,2026-07-16 16:29:29
XXXX079X6091,3338.0,2026-07-16 16:29:29
XXXX079X6105,5188.0,2026-07-16 16:29:29
XXXX079X6202,4988.0,2026-07-16 16:29:29
XXXX079X6268,3465.0,2026-07-16 16:29:29
XXXX079X6452,3801.0,2026-07-16 16:29:29
XXXX079X6566,3409.0,2026-07-16 16:29:29
XXXX079X6740,3860.0,2026-07-16 16:29:29
XXXX079X6891,4059.0,2026-07-16 16:29:29
XXXX079X6903,2703.0,2026-07-16 16:29:29
XXXX079X7016,4581.0,2026-07-16 16:29:29
XXXX079X7043,3754.0,2026-07-16 16:29:29
XXXX079X7232,2943.0,2026-07-16 16:29:29
XXXX079X7257,3905.0,2026-07-16 16:29:29
XXXX079X7351,4416.0,2026-07-16 16:29:29
XXXX079X7375,3510.0,2026-07-16 16:29:29
XXXX079X7713,3817.0,2026-07-16 16:29:29
XXXX079X7789,3709.0,2026-07-16 16:29:29
XXXX079X7844,3097.0,2026-07-16 16:29:29
XXXX079X7903,2238.0,2026-07-16 16:29:29
XXXX079X7934,3193.0,2026-07-16 16:29:29
XXXX079X7982,4809.0,2026-07-16 16:29:29
XXXX079X8031,5188.0,2026-07-16 16:29:29
XXXX079X8120,3330.0,2026-07-16 16:29:29
XXXX079X8257,3414.0,2026-07-16 16:29:29
XXXX079X8422,3535.0,2026-07-16 16:29:29
XXXX079X8745,4363.0,2026-07-16 16:29:29
XXXX079X8747,4991.0,2026-07-16 16:29:29
XXXX079X8931,6918.0,2026-07-16 16:29:29
XXXX079X9107,5188.0,2026-07-16 16:29:29
XXXX079X9142,4625.0,2026-07-16 16:29:29
XXXX079X9452,2898.0,2026-07-16 16:29:29
XXXX079X9515,3242.0,2026-07-16 16:29:29
XXXX079X9522,5068.0,2026-07-16 16:29:29
XXXX079X9605,2569.0,2026-07-16 16:29:29
XXXX079X9879,4255.0,2026-07-16 16:29:29
XXXX079X9906,4150.0,2026-07-16 16:29:29
XXXX079X9984,3504.0,2026-07-16 16:29:29
XXXX080X0196,5681.0,2026-07-16 16:29:29
XXXX080X0295,3179.0,2026-07-16 16:29:29
XXXX080X0379,4404.0,2026-07-16 16:29:29
XXXX080X0461,3061.0,2026-07-16 16:29:29
XXXX080X0703,4599.0,2026-07-16 16:29:29
XXXX080X0758,4428.0,2026-07-16 16:29:29
XXXX080X1016,3966.0,2026-07-16 16:29:29
XXXX080X1133,4669.0,2026-07-16 16:29:29
XXXX080X1291,4513.0,2026-07-16 16:29:29
XXXX080X1325,3761.0,2026-07-16 16:29:29
XXXX080X1363,3529.0,2026-07-16 16:29:29
XXXX080X1438,3849.0,2026-07-16 16:29:29
XXXX080X1477,3319.0,2026-07-16 16:29:29
XXXX080X1510,3521.0,2026-07-16 16:29:29
XXXX080X1531,3567.0,2026-07-16 16:29:29
XXXX080X1711,4097.0,2026-07-16 16:29:29
XXXX080X1719,3735.0,2026-07-16 16:29:29
XXXX080X1770,3242.0,2026-07-16 16:29:29
XXXX080X1791,3006.0,2026-07-16 16:29:29
XXXX080X1861,3342.0,2026-07-16 16:29:29
XXXX080X1904,2915.0,2026-07-16 16:29:29
XXXX080X2007,4373.0,2026-07-16 16:29:29
XXXX080X2087,3157.0,2026-07-16 16:29:29
XXXX080X2175,6407.0,2026-07-16 16:29:29
XXXX080X2241,2456.0,2026-07-16 16:29:29
XXXX080X2555,4595.0,2026-07-16 16:29:29
XXXX080X2695,4966.0,2026-07-16 16:29:29
XXXX080X2730,3880.0,2026-07-16 16:29:29
XXXX080X2764,4248.0,2026-07-16 16:29:29
XXXX080X2898,4026.0,2026-07-16 16:29:29
XXXX080X3188,4238.0,2026-07-16 16:29:29
XXXX080X3191,8023.0,2026-07-16 16:29:29
XXXX080X3362,3296.0,2026-07-16 16:29:29
XXXX080X3405,3177.0,2026-07-16 16:29:29
XXXX080X3412,3198.0,2026-07-16 16:29:29
XXXX080X3436,4428.0,2026-07-16 16:29:29
XXXX080X3580,1877.0,2026-07-16 16:29:29
XXXX080X3740,3402.0,2026-07-16 16:29:29
XXXX080X3759,3208.0,2026-07-16 16:29:29
XXXX080X3839,3927.0,2026-07-16 16:29:29
XXXX080X3845,3560.0,2026-07-16 16:29:29
XXXX080X3886,3624.0,2026-07-16 16:29:29
XXXX080X3898,3398.0,2026-07-16 16:29:29
XXXX080X3938,4163.0,2026-07-16 16:29:29
XXXX080X4077,3932.0,2026-07-16 16:29:29
XXXX080X4113,2505.0,2026-07-16 16:29:29
XXXX080X4149,4140.0,2026-07-16 16:29:29
XXXX080X4154,2895.0,2026-07-16 16:29:29
XXXX080X4227,3674.0,2026-07-16 16:29:29
XXXX080X4276,3441.0,2026-07-16 16:29:29
XXXX080X4390,4659.0,2026-07-16 16:29:29
XXXX080X4405,3534.0,2026-07-16 16:29:29
XXXX080X4436,4192.0,2026-07-16 16:29:29
XXXX080X4525,3910.0,2026-07-16 16:29:29
XXXX080X4551,3739.0,2026-07-16 16:29:29
XXXX080X4605,3342.0,2026-07-16 16:29:29
XXXX080X4786,3863.0,2026-07-16 16:29:29
XXXX080X4845,4399.0,2026-07-16 16:29:29
XXXX080X4858,4617.0,2026-07-16 16:29:29
XXXX080X4927,3616.0,2026-07-16 16:29:29
XXXX080X4946,4119.0,2026-07-16 16:29:29
XXXX080X5096,2939.0,2026-07-16 16:29:29
XXXX080X5113,4086.0,2026-07-16 16:29:29
XXXX080X5194,4166.0,2026-07-16 16:29:29
XXXX080X5222,4083.0,2026-07-16 16:29:29
XXXX080X5465,3382.0,2026-07-16 16:29:29
XXXX080X5472,2902.0,2026-07-16 16:29:29
XXXX080X5566,4010.0,2026-07-16 16:29:29
XXXX080X5759,5339.0,2026-07-16 16:29:29
XXXX080X6047,3414.0,2026-07-16 16:29:29
XXXX080X6056,4625.0,2026-07-16 16:29:29
XXXX080X6104,5442.0,2026-07-16 16:29:29
XXXX080X6135,3552.0,2026-07-16 16:29:29
XXXX080X6266,3489.0,2026-07-16 16:29:29
XXXX080X6281,3629.0,2026-07-16 16:29:29
XXXX080X6292,5723.0,2026-07-16 16:29:29
XXXX080X6412,4352.0,2026-07-16 16:29:29
XXXX080X6510,3237.0,2026-07-16 16:29:29
XXXX080X6893,5375.0,2026-07-16 16:29:29
XXXX080X6981,4703.0,2026-07-16 16:29:29
XXXX080X7135,5758.0,2026-07-16 16:29:29
XXXX080X7262,1997.0,2026-07-16 16:29:29
XXXX080X7334,3932.0,2026-07-16 16:29:29
XXXX080X7394,4058.0,2026-07-16 16:29:29
XXXX080X7422,3571.0,2026-07-16 16:29:29
XXXX080X7575,4018.0,2026-07-16 16:29:29
XXXX080X7837,4352.0,2026-07-16 16:29:29
XXXX080X7863,5499.0,2026-07-16 16:29:29
XXXX080X7947,3135.0,2026-07-16 16:29:29
XXXX080X8127,2993.0,2026-07-16 16:29:29
XXXX080X8190,3710.0,2026-07-16 16:29:29
XXXX080X8204,6538.0,2026-07-16 16:29:29
XXXX080X8224,4399.0,2026-07-16 16:29:29
XXXX080X8332,4731.0,2026-07-16 16:29:29
XXXX080X8342,2999.0,2026-07-16 16:29:29
XXXX080X9077,4925.0,2026-07-16 16:29:29
XXXX080X9221,3600.0,2026-07-16 16:29:29
XXXX080X9336,4503.0,2026-07-16 16:29:29
XXXX080X9353,3768.0,2026-07-16 16:29:29
XXXX080X9398,4021.0,2026-07-16 16:29:29
XXXX080X9402,2385.0,2026-07-16 16:29:29
XXXX080X9488,3493.0,2026-07-16 16:29:29
XXXX080X9494,2998.0,2026-07-16 16:29:29
XXXX080X9500,3865.0,2026-07-16 16:29:29
XXXX080X9659,3386.0,2026-07-16 16:29:29
XXXX080X9723,3139.0,2026-07-16 16:29:29
XXXX080X9800,3315.0,2026-07-16 16:29:29
XXXX080X9898,2682.0,2026-07-16 16:29:29
XXXX080X9909,7535.0,2026-07-16 16:29:29
XXXX081X0158,5136.0,2026-07-16 16:29:29
XXXX081X0193,3425.0,2026-07-16 16:29:29
XXXX081X0271,4105.0,2026-07-16 16:29:29
XXXX081X0315,4882.0,2026-07-16 16:29:29
XXXX081X0449,2984.0,2026-07-16 16:29:29
XXXX081X0544,2747.0,2026-07-16 16:29:29
XXXX081X0562,3965.0,2026-07-16 16:29:29
XXXX081X0633,3101.0,2026-07-16 16:29:29
XXXX081X0670,5028.0,2026-07-16 16:29:29
XXXX081X0674,3529.0,2026-07-16 16:29:29
XXXX081X0732,3621.0,2026-07-16 16:29:29
XXXX081X0757,3299.0,2026-07-16 16:29:29
XXXX081X0813,3620.0,2026-07-16 16:29:29
XXXX081X0820,4866.0,2026-07-16 16:29:29
XXXX081X0872,3213.0,2026-07-16 16:29:29
XXXX081X0899,3777.0,2026-07-16 16:29:29
XXXX081X1068,3739.0,2026-07-16 16:29:29
XXXX081X1100,3244.0,2026-07-16 16:29:29
XXXX081X1209,3466.0,2026-07-16 16:29:29
XXXX081X1290,4170.0,2026-07-16 16:29:29
XXXX081X1351,2880.0,2026-07-16 16:29:29
XXXX081X1353,6110.0,2026-07-16 16:29:29
XXXX081X1444,3701.0,2026-07-16 16:29:29
XXXX081X1626,4714.0,2026-07-16 16:29:29
XXXX081X1853,3024.0,2026-07-16 16:29:29
XXXX081X1864,4479.0,2026-07-16 16:29:29
XXXX081X1985,3658.0,2026-07-16 16:29:29
XXXX081X2144,3044.0,2026-07-16 16:29:29
XXXX081X2348,3009.0,2026-07-16 16:29:29
XXXX081X2438,3762.0,2026-07-16 16:29:29
XXXX081X2515,3982.0,2026-07-16 16:29:29
XXXX081X2558,5664.0,2026-07-16 16:29:29
XXXX081X2616,3419.0,2026-07-16 16:29:29
XXXX081X2706,7674.0,2026-07-16 16:29:29
XXXX081X2722,4148.0,2026-07-16 16:29:29
XXXX081X2799,3206.0,2026-07-16 16:29:29
XXXX081X2853,2937.0,2026-07-16 16:29:29
XXXX081X3151,2979.0,2026-07-16 16:29:29
XXXX081X3158,3227.0,2026-07-16 16:29:29
XXXX081X3189,2928.0,2026-07-16 16:29:29
XXXX081X3231,3756.0,2026-07-16 16:29:29
XXXX081X3448,2750.0,2026-07-16 16:29:29
XXXX081X4041,5971.0,2026-07-16 16:29:29
XXXX081X4052,3552.0,2026-07-16 16:29:29
XXXX081X4069,4522.0,2026-07-16 16:29:29
XXXX081X4181,3300.0,2026-07-16 16:29:29
XXXX081X4380,3096.0,2026-07-16 16:29:29
XXXX081X4404,4088.0,2026-07-16 16:29:29
XXXX081X4471,4353.0,2026-07-16 16:29:29
XXXX081X4606,3821.0,2026-07-16 16:29:29
XXXX081X4651,3504.0,2026-07-16 16:29:29
XXXX081X4660,3927.0,2026-07-16 16:29:29
XXXX081X4879,5255.0,2026-07-16 16:29:29
XXXX081X4920,5498.0,2026-07-16 16:29:29
XXXX081X4965,3400.0,2026-07-16 16:29:29
XXXX081X4990,3970.0,2026-07-16 16:29:29
XXXX081X5059,3724.0,2026-07-16 16:29:29
XXXX081X5141,4373.0,2026-07-16 16:29:29
XXXX081X5271,4503.0,2026-07-16 16:29:29
XXXX081X5300,4392.0,2026-07-16 16:29:29
XXXX081X5315,3475.0,2026-07-16 16:29:29
XXXX081X5360,3678.0,2026-07-16 16:29:29
XXXX081X5374,3796.0,2026-07-16 16:29:29
XXXX081X5557,3208.0,2026-07-16 16:29:29
XXXX081X5606,4070.0,2026-07-16 16:29:29
XXXX081X5899,2984.0,2026-07-16 16:29:29
XXXX081X6019,3907.0,2026-07-16 16:29:29
XXXX081X6080,5223.0,2026-07-16 16:29:29
XXXX081X6111,3055.0,2026-07-16 16:29:29
XXXX081X6213,3808.0,2026-07-16 16:29:29
XXXX081X6227,3204.0,2026-07-16 16:29:29
XXXX081X6310,3597.0,2026-07-16 16:29:29
XXXX081X6402,2599.0,2026-07-16 16:29:29
XXXX081X6616,4167.0,2026-07-16 16:29:29
XXXX081X6708,3387.0,2026-07-16 16:29:29
XXXX081X6772,3773.0,2026-07-16 16:29:29
XXXX081X6889,3715.0,2026-07-16 16:29:29
XXXX081X7191,4084.0,2026-07-16 16:29:29
XXXX081X7213,4530.0,2026-07-16 16:29:29
XXXX081X7355,4203.0,2026-07-16 16:29:29
XXXX081X7379,3972.0,2026-07-16 16:29:29
XXXX081X7458,3865.0,2026-07-16 16:29:29
XXXX081X7527,3803.0,2026-07-16 16:29:29
XXXX081X7537,3501.0,2026-07-16 16:29:29
XXXX081X7690,4451.0,2026-07-16 16:29:29
XXXX081X7860,2618.0,2026-07-16 16:29:29
XXXX081X8080,3029.0,2026-07-16 16:29:29
XXXX081X8105,4394.0,2026-07-16 16:29:29
XXXX081X8133,4669.0,2026-07-16 16:29:29
XXXX081X8228,3521.0,2026-07-16 16:29:29
XXXX081X8360,3101.0,2026-07-16 16:29:29
XXXX081X8528,5139.0,2026-07-16 16:29:29
XXXX081X8582,3320.0,2026-07-16 16:29:29
XXXX081X8691,3829.0,2026-07-16 16:29:29
XXXX081X8749,2944.0,2026-07-16 16:29:29
XXXX081X9017,3957.0,2026-07-16 16:29:29
XXXX081X9140,3475.0,2026-07-16 16:29:29
XXXX081X9225,4254.0,2026-07-16 16:29:29
XXXX081X9381,3413.0,2026-07-16 16:29:29
XXXX081X9410,3849.0,2026-07-16 16:29:29
XXXX081X9446,4207.0,2026-07-16 16:29:29
XXXX081X9534,3282.0,2026-07-16 16:29:29
XXXX081X9718,4367.0,2026-07-16 16:29:29
XXXX081X9760,4368.0,2026-07-16 16:29:29
XXXX081X9768,3455.0,2026-07-16 16:29:29
XXXX081X9805,3331.0,2026-07-16 16:29:29
XXXX082X0039,3741.0,2026-07-16 16:29:29
XXXX082X0123,5028.0,2026-07-16 16:29:29
XXXX082X0158,6531.0,2026-07-16 16:29:29
XXXX082X0183,4991.0,2026-07-16 16:29:29
XXXX082X0372,4083.0,2026-07-16 16:29:29
XXXX082X0447,8197.0,2026-07-16 16:29:29
XXXX082X0529,4193.0,2026-07-16 16:29:29
XXXX082X0594,3109.0,2026-07-16 16:29:29
XXXX082X0620,4088.0,2026-07-16 16:29:29
XXXX082X0730,4642.0,2026-07-16 16:29:29
XXXX082X0736,4460.0,2026-07-16 16:29:29
XXXX082X0774,3483.0,2026-07-16 16:29:29
XXXX082X0815,3327.0,2026-07-16 16:29:29
XXXX082X0888,3646.0,2026-07-16 16:29:29
XXXX082X0935,5084.0,2026-07-16 16:29:29
XXXX082X0947,4362.0,2026-07-16 16:29:29
XXXX082X1250,3222.0,2026-07-16 16:29:29
XXXX082X1508,3396.0,2026-07-16 16:29:29
XXXX082X1518,3703.0,2026-07-16 16:29:29
XXXX082X1600,3316.0,2026-07-16 16:29:29
XXXX082X1621,7782.0,2026-07-16 16:29:29
XXXX082X1666,3756.0,2026-07-16 16:29:29
XXXX082X1697,4184.0,2026-07-16 16:29:29
XXXX082X1836,2694.0,2026-07-16 16:29:29
XXXX082X2059,3674.0,2026-07-16 16:29:29
XXXX082X2158,3410.0,2026-07-16 16:29:29
XXXX082X2364,3449.0,2026-07-16 16:29:29
XXXX082X2376,3609.0,2026-07-16 16:29:29
XXXX082X2434,3110.0,2026-07-16 16:29:29
XXXX082X2505,4204.0,2026-07-16 16:29:29
XXXX082X2543,3266.0,2026-07-16 16:29:29
XXXX082X2600,4311.0,2026-07-16 16:29:29
XXXX082X2673,8754.0,2026-07-16 16:29:29
XXXX082X2679,4213.0,2026-07-16 16:29:29
XXXX082X2870,4319.0,2026-07-16 16:29:29
XXXX082X2991,3164.0,2026-07-16 16:29:29
XXXX082X3097,5621.0,2026-07-16 16:29:29
XXXX082X3110,5344.0,2026-07-16 16:29:29
XXXX082X3259,2540.0,2026-07-16 16:29:29
XXXX082X3431,3231.0,2026-07-16 16:29:29
XXXX082X3444,3208.0,2026-07-16 16:29:29
XXXX082X3479,2922.0,2026-07-16 16:29:29
XXXX082X3494,3787.0,2026-07-16 16:29:29
XXXX082X3530,3223.0,2026-07-16 16:29:29
XXXX082X3552,2862.0,2026-07-16 16:29:29
XXXX082X3571,4446.0,2026-07-16 16:29:29
XXXX082X3748,5032.0,2026-07-16 16:29:29
XXXX082X3759,4004.0,2026-07-16 16:29:29
XXXX082X3838,2477.0,2026-07-16 16:29:29
XXXX082X3859,3780.0,2026-07-16 16:29:29
XXXX082X3905,3803.0,2026-07-16 16:29:29
XXXX082X3935,4069.0,2026-07-16 16:29:29
XXXX082X4130,5095.0,2026-07-16 16:29:29
XXXX082X4210,3086.0,2026-07-16 16:29:29
XXXX082X4309,4742.0,2026-07-16 16:29:29
XXXX082X4373,3117.0,2026-07-16 16:29:29
XXXX082X4401,4415.0,2026-07-16 16:29:29
XXXX082X4432,4428.0,2026-07-16 16:29:29
XXXX082X4453,3958.0,2026-07-16 16:29:29
XXXX082X4509,2899.0,2026-07-16 16:29:29
XXXX082X4644,4573.0,2026-07-16 16:29:29
XXXX082X4657,3117.0,2026-07-16 16:29:29
XXXX082X4912,3766.0,2026-07-16 16:29:29
XXXX082X4920,3196.0,2026-07-16 16:29:29
XXXX082X4955,4097.0,2026-07-16 16:29:29
XXXX082X5046,3361.0,2026-07-16 16:29:29
XXXX082X5083,3815.0,2026-07-16 16:29:29
XXXX082X5152,2826.0,2026-07-16 16:29:29
XXXX082X5248,3661.0,2026-07-16 16:29:29
XXXX082X5337,2864.0,2026-07-16 16:29:29
XXXX082X5404,2313.0,2026-07-16 16:29:29
XXXX082X5422,3982.0,2026-07-16 16:29:29
XXXX082X5544,4335.0,2026-07-16 16:29:29
XXXX082X5566,4770.0,2026-07-16 16:29:29
XXXX082X5620,5432.0,2026-07-16 16:29:29
XXXX082X5702,4622.0,2026-07-16 16:29:29
XXXX082X5726,3563.0,2026-07-16 16:29:29
XXXX082X5759,4632.0,2026-07-16 16:29:29
XXXX082X5785,5343.0,2026-07-16 16:29:29
XXXX082X5962,3866.0,2026-07-16 16:29:29
XXXX082X5975,2406.0,2026-07-16 16:29:29
XXXX082X6042,3266.0,2026-07-16 16:29:29
XXXX082X6189,5603.0,2026-07-16 16:29:29
XXXX082X6228,4938.0,2026-07-16 16:29:29
XXXX082X6344,3849.0,2026-07-16 16:29:29
XXXX082X6504,2899.0,2026-07-16 16:29:29
XXXX082X6791,3752.0,2026-07-16 16:29:29
XXXX082X6814,3549.0,2026-07-16 16:29:29
XXXX082X6858,4667.0,2026-07-16 16:29:29
XXXX082X6867,3382.0,2026-07-16 16:29:29
XXXX082X6975,3716.0,2026-07-16 16:29:29
XXXX082X7006,3962.0,2026-07-16 16:29:29
XXXX082X7118,3717.0,2026-07-16 16:29:29
XXXX082X7290,2984.0,2026-07-16 16:29:29
XXXX082X7300,4046.0,2026-07-16 16:29:29
XXXX082X7352,3189.0,2026-07-16 16:29:29
XXXX082X7364,3285.0,2026-07-16 16:29:29
XXXX082X7388,3341.0,2026-07-16 16:29:29
XXXX082X7418,2941.0,2026-07-16 16:29:29
XXXX082X7532,3391.0,2026-07-16 16:29:29
XXXX082X7580,3542.0,2026-07-16 16:29:29
XXXX082X7716,2932.0,2026-07-16 16:29:29
XXXX082X7821,3206.0,2026-07-16 16:29:29
XXXX082X7838,3581.0,2026-07-16 16:29:29
XXXX082X7856,3476.0,2026-07-16 16:29:29
XXXX082X7882,4499.0,2026-07-16 16:29:29
XXXX082X8057,4061.0,2026-07-16 16:29:29
XXXX082X8094,4538.0,2026-07-16 16:29:29
XXXX082X8126,3372.0,2026-07-16 16:29:29
XXXX082X8227,3240.0,2026-07-16 16:29:29
XXXX082X8287,4581.0,2026-07-16 16:29:29
XXXX082X8321,4332.0,2026-07-16 16:29:29
XXXX082X8339,4258.0,2026-07-16 16:29:29
XXXX082X8461,2928.0,2026-07-16 16:29:29
XXXX082X8514,4852.0,2026-07-16 16:29:29
XXXX082X8610,3922.0,2026-07-16 16:29:29
XXXX082X8631,3159.0,2026-07-16 16:29:29
XXXX082X8687,3801.0,2026-07-16 16:29:29
XXXX082X8690,3085.0,2026-07-16 16:29:29
XXXX082X8975,3338.0,2026-07-16 16:29:29
XXXX082X9071,2683.0,2026-07-16 16:29:29
XXXX082X9074,4931.0,2026-07-16 16:29:29
XXXX082X9175,5064.0,2026-07-16 16:29:29
XXXX082X9221,5022.0,2026-07-16 16:29:29
XXXX082X9234,2639.0,2026-07-16 16:29:29
XXXX082X9268,3105.0,2026-07-16 16:29:29
XXXX082X9290,3468.0,2026-07-16 16:29:29
XXXX082X9313,4083.0,2026-07-16 16:29:29
XXXX082X9504,3328.0,2026-07-16 16:29:29
XXXX082X9523,6794.0,2026-07-16 16:29:29
XXXX082X9548,3575.0,2026-07-16 16:29:29
XXXX082X9692,4067.0,2026-07-16 16:29:29
XXXX082X9806,3644.0,2026-07-16 16:29:29
XXXX082X9953,2716.0,2026-07-16 16:29:29
XXXX082X9987,4545.0,2026-07-16 16:29:29
XXXX083X0019,3953.0,2026-07-16 16:29:29
XXXX083X0214,4965.0,2026-07-16 16:29:29
XXXX083X0326,4130.0,2026-07-16 16:29:29
XXXX083X0347,5408.0,2026-07-16 16:29:29
XXXX083X0361,4636.0,2026-07-16 16:29:29
XXXX083X0368,6391.0,2026-07-16 16:29:29
XXXX083X0502,3678.0,2026-07-16 16:29:29
XXXX083X0733,3172.0,2026-07-16 16:29:29
XXXX083X0736,4669.0,2026-07-16 16:29:29
XXXX083X0739,3491.0,2026-07-16 16:29:29
XXXX083X0856,4555.0,2026-07-16 16:29:29
XXXX083X0862,5177.0,2026-07-16 16:29:29
XXXX083X0969,3357.0,2026-07-16 16:29:29
XXXX083X1004,3284.0,2026-07-16 16:29:29
XXXX083X1061,3246.0,2026-07-16 16:29:29
XXXX083X1109,4109.0,2026-07-16 16:29:29
XXXX083X1116,5447.0,2026-07-16 16:29:29
XXXX083X1239,3632.0,2026-07-16 16:29:29
XXXX083X1246,5680.0,2026-07-16 16:29:29
XXXX083X1265,4657.0,2026-07-16 16:29:29
XXXX083X1286,4440.0,2026-07-16 16:29:29
XXXX083X1308,3426.0,2026-07-16 16:29:29
XXXX083X1341,3962.0,2026-07-16 16:29:29
XXXX083X1427,3116.0,2026-07-16 16:29:29
XXXX083X1457,4181.0,2026-07-16 16:29:29
XXXX083X1494,4083.0,2026-07-16 16:29:29
XXXX083X1594,3588.0,2026-07-16 16:29:29
XXXX083X1644,4714.0,2026-07-16 16:29:29
XXXX083X1819,3444.0,2026-07-16 16:29:29
XXXX083X1836,3629.0,2026-07-16 16:29:29
XXXX083X1846,4166.0,2026-07-16 16:29:29
XXXX083X1889,3528.0,2026-07-16 16:29:29
XXXX083X1900,4455.0,2026-07-16 16:29:29
XXXX083X1926,4864.0,2026-07-16 16:29:29
XXXX083X1935,5449.0,2026-07-16 16:29:29
XXXX083X1955,3709.0,2026-07-16 16:29:29
XXXX083X1996,4399.0,2026-07-16 16:29:29
XXXX083X2073,4280.0,2026-07-16 16:29:29
XXXX083X2162,4301.0,2026-07-16 16:29:29
XXXX083X2303,3923.0,2026-07-16 16:29:29
XXXX083X2361,3992.0,2026-07-16 16:29:29
XXXX083X2396,6341.0,2026-07-16 16:29:29
XXXX083X2492,3585.0,2026-07-16 16:29:29
XXXX083X2502,3552.0,2026-07-16 16:29:29
XXXX083X2523,3768.0,2026-07-16 16:29:29
XXXX083X2561,3478.0,2026-07-16 16:29:29
XXXX083X2598,3470.0,2026-07-16 16:29:29
XXXX083X2660,3017.0,2026-07-16 16:29:29
XXXX083X2694,3709.0,2026-07-16 16:29:29
XXXX083X2717,3483.0,2026-07-16 16:29:29
XXXX083X2745,2814.0,2026-07-16 16:29:29
XXXX083X2792,4255.0,2026-07-16 16:29:29
XXXX083X3253,3254.0,2026-07-16 16:29:29
XXXX083X3287,3751.0,2026-07-16 16:29:29
XXXX083X3314,5268.0,2026-07-16 16:29:29
XXXX083X3393,4721.0,2026-07-16 16:29:29
XXXX083X3403,3491.0,2026-07-16 16:29:29
XXXX083X3416,3782.0,2026-07-16 16:29:29
XXXX083X3417,2966.0,2026-07-16 16:29:29
XXXX083X3485,3179.0,2026-07-16 16:29:29
XXXX083X3604,3400.0,2026-07-16 16:29:29
XXXX083X3709,2999.0,2026-07-16 16:29:29
XXXX083X3788,3670.0,2026-07-16 16:29:29
XXXX083X3828,4560.0,2026-07-16 16:29:29
XXXX083X3887,3345.0,2026-07-16 16:29:29
XXXX083X3913,4632.0,2026-07-16 16:29:29
XXXX083X3938,2888.0,2026-07-16 16:29:29
XXXX083X3980,5262.0,2026-07-16 16:29:29
XXXX083X4007,3372.0,2026-07-16 16:29:29
XXXX083X4085,4687.0,2026-07-16 16:29:29
XXXX083X4114,3709.0,2026-07-16 16:29:29
XXXX083X4198,3311.0,2026-07-16 16:29:29
XXXX083X4217,6266.0,2026-07-16 16:29:29
XXXX083X4241,2502.0,2026-07-16 16:29:29
XXXX083X4281,4342.0,2026-07-16 16:29:29
XXXX083X4361,3506.0,2026-07-16 16:29:29
XXXX083X4368,3410.0,2026-07-16 16:29:29
XXXX083X4410,3229.0,2026-07-16 16:29:29
XXXX083X4446,4669.0,2026-07-16 16:29:29
XXXX083X4476,2587.0,2026-07-16 16:29:29
XXXX083X4486,3469.0,2026-07-16 16:29:29
XXXX083X4719,3588.0,2026-07-16 16:29:29
XXXX083X4833,4436.0,2026-07-16 16:29:29
XXXX083X4846,5157.0,2026-07-16 16:29:29
XXXX083X4876,3487.0,2026-07-16 16:29:29
XXXX083X4881,4584.0,2026-07-16 16:29:29
XXXX083X4885,4016.0,2026-07-16 16:29:29
XXXX083X4976,3174.0,2026-07-16 16:29:29
XXXX083X5089,2694.0,2026-07-16 16:29:29
XXXX083X5105,3563.0,2026-07-16 16:29:29
XXXX083X5160,3628.0,2026-07-16 16:29:29
XXXX083X5164,5701.0,2026-07-16 16:29:29
XXXX083X5210,3197.0,2026-07-16 16:29:29
XXXX083X5238,3992.0,2026-07-16 16:29:29
XXXX083X5280,3308.0,2026-07-16 16:29:29
XXXX083X5308,4901.0,2026-07-16 16:29:29
XXXX083X5393,4420.0,2026-07-16 16:29:29
XXXX083X5584,3132.0,2026-07-16 16:29:29
XXXX083X5644,2480.0,2026-07-16 16:29:29
XXXX083X5667,4097.0,2026-07-16 16:29:29
XXXX083X5692,3632.0,2026-07-16 16:29:29
XXXX083X5714,3177.0,2026-07-16 16:29:29
XXXX083X5731,3315.0,2026-07-16 16:29:29
XXXX083X5780,3716.0,2026-07-16 16:29:29
XXXX083X5808,4937.0,2026-07-16 16:29:29
XXXX083X5823,4296.0,2026-07-16 16:29:29
XXXX083X5845,5128.0,2026-07-16 16:29:29
XXXX083X5852,2811.0,2026-07-16 16:29:29
XXXX083X5899,4321.0,2026-07-16 16:29:29
XXXX083X5973,5720.0,2026-07-16 16:29:29
XXXX083X6143,3938.0,2026-07-16 16:29:29
XXXX083X6147,3713.0,2026-07-16 16:29:29
XXXX083X6181,3675.0,2026-07-16 16:29:29
XXXX083X6252,3788.0,2026-07-16 16:29:29
XXXX083X6275,4238.0,2026-07-16 16:29:29
XXXX083X6331,2658.0,2026-07-16 16:29:29
XXXX083X6498,2998.0,2026-07-16 16:29:29
XXXX083X6537,4373.0,2026-07-16 16:29:29
XXXX083X6553,3715.0,2026-07-16 16:29:29
XXXX083X6613,6574.0,2026-07-16 16:29:29
XXXX083X6635,5575.0,2026-07-16 16:29:29
XXXX083X6660,3600.0,2026-07-16 16:29:29
XXXX083X6664,4220.0,2026-07-16 16:29:29
XXXX083X6699,4802.0,2026-07-16 16:29:29
XXXX083X6803,3047.0,2026-07-16 16:29:29
XXXX083X6988,4647.0,2026-07-16 16:29:29
XXXX083X7018,4342.0,2026-07-16 16:29:29
XXXX083X7023,3239.0,2026-07-16 16:29:29
XXXX083X7152,4389.0,2026-07-16 16:29:29
XXXX083X7290,4472.0,2026-07-16 16:29:29
XXXX083X7296,5292.0,2026-07-16 16:29:29
XXXX083X7364,3426.0,2026-07-16 16:29:29
XXXX083X7386,3643.0,2026-07-16 16:29:29
XXXX083X7396,7041.0,2026-07-16 16:29:29
XXXX083X7436,3915.0,2026-07-16 16:29:29
XXXX083X7459,4961.0,2026-07-16 16:29:29
XXXX083X7473,4568.0,2026-07-16 16:29:29
XXXX083X7506,4145.0,2026-07-16 16:29:29
XXXX083X7507,5136.0,2026-07-16 16:29:29
XXXX083X7531,3208.0,2026-07-16 16:29:29
XXXX083X7581,4140.0,2026-07-16 16:29:29
XXXX083X7587,4172.0,2026-07-16 16:29:29
XXXX083X7592,3579.0,2026-07-16 16:29:29
XXXX083X7642,3497.0,2026-07-16 16:29:29
XXXX083X7698,3631.0,2026-07-16 16:29:29
XXXX083X7777,3093.0,2026-07-16 16:29:29
XXXX083X7794,3533.0,2026-07-16 16:29:29
XXXX083X7825,2910.0,2026-07-16 16:29:29
XXXX083X7840,4181.0,2026-07-16 16:29:29
XXXX083X7878,3184.0,2026-07-16 16:29:29
XXXX083X7924,3242.0,2026-07-16 16:29:29
XXXX083X7928,4355.0,2026-07-16 16:29:29
XXXX083X7933,3185.0,2026-07-16 16:29:29
XXXX083X7941,4263.0,2026-07-16 16:29:29
XXXX083X7979,3905.0,2026-07-16 16:29:29
XXXX083X8013,3613.0,2026-07-16 16:29:29
XXXX083X8051,4105.0,2026-07-16 16:29:29
XXXX083X8078,3835.0,2026-07-16 16:29:29
XXXX083X8125,3259.0,2026-07-16 16:29:29
XXXX083X8158,1620.0,2026-07-16 16:29:29
XXXX083X8198,3300.0,2026-07-16 16:29:29
XXXX083X8215,3636.0,2026-07-16 16:29:29
XXXX083X8255,5183.0,2026-07-16 16:29:29
XXXX083X8262,3352.0,2026-07-16 16:29:29
XXXX083X8284,3651.0,2026-07-16 16:29:29
XXXX083X8342,3502.0,2026-07-16 16:29:29
XXXX083X8345,3647.0,2026-07-16 16:29:29
XXXX083X8358,4047.0,2026-07-16 16:29:29
XXXX083X8410,3736.0,2026-07-16 16:29:29
XXXX083X8441,3273.0,2026-07-16 16:29:29
XXXX083X8526,4435.0,2026-07-16 16:29:29
XXXX083X8529,5955.0,2026-07-16 16:29:29
XXXX083X8552,4005.0,2026-07-16 16:29:29
XXXX083X8622,4628.0,2026-07-16 16:29:29
XXXX083X8637,4486.0,2026-07-16 16:29:29
XXXX083X8646,2081.0,2026-07-16 16:29:29
XXXX083X8649,3273.0,2026-07-16 16:29:29
XXXX083X8689,3918.0,2026-07-16 16:29:29
XXXX083X8850,2969.0,2026-07-16 16:29:29
XXXX083X8854,3419.0,2026-07-16 16:29:29
XXXX083X8984,4235.0,2026-07-16 16:29:29
XXXX083X9056,4652.0,2026-07-16 16:29:29
XXXX083X9109,5874.0,2026-07-16 16:29:29
XXXX083X9110,4506.0,2026-07-16 16:29:29
XXXX083X9126,3971.0,2026-07-16 16:29:29
XXXX083X9134,3699.0,2026-07-16 16:29:29
XXXX083X9157,3208.0,2026-07-16 16:29:29
XXXX083X9160,3478.0,2026-07-16 16:29:29
XXXX083X9171,3274.0,2026-07-16 16:29:29
XXXX083X9215,4631.0,2026-07-16 16:29:29
XXXX083X9277,3760.0,2026-07-16 16:29:29
XXXX083X9331,3683.0,2026-07-16 16:29:29
XXXX083X9470,3620.0,2026-07-16 16:29:29
XXXX083X9479,3180.0,2026-07-16 16:29:29
XXXX083X9493,3779.0,2026-07-16 16:29:29
XXXX083X9497,5241.0,2026-07-16 16:29:29
XXXX083X9509,4047.0,2026-07-16 16:29:29
XXXX083X9958,3659.0,2026-07-16 16:29:29
XXXX083X9973,4605.0,2026-07-16 16:29:29
XXXX083X9974,3534.0,2026-07-16 16:29:29
XXXX084X0069,3430.0,2026-07-16 16:29:29
XXXX084X0163,4204.0,2026-07-16 16:29:29
XXXX084X0291,3892.0,2026-07-16 16:29:29
XXXX084X0332,3233.0,2026-07-16 16:29:29
XXXX084X0375,3067.0,2026-07-16 16:29:29
XXXX084X0493,4446.0,2026-07-16 16:29:29
XXXX084X0645,3410.0,2026-07-16 16:29:29
XXXX084X0874,3246.0,2026-07-16 16:29:29
XXXX084X0912,4244.0,2026-07-16 16:29:29
XXXX084X0913,3491.0,2026-07-16 16:29:29
XXXX084X0974,3437.0,2026-07-16 16:29:29
XXXX084X1125,4254.0,2026-07-16 16:29:29
XXXX084X1157,3360.0,2026-07-16 16:29:29
XXXX084X1295,3803.0,2026-07-16 16:29:29
XXXX084X1380,4581.0,2026-07-16 16:29:29
XXXX084X1383,4583.0,2026-07-16 16:29:29
XXXX084X1472,4411.0,2026-07-16 16:29:29
XXXX084X1480,4266.0,2026-07-16 16:29:29
XXXX084X1754,3414.0,2026-07-16 16:29:29
XXXX084X1782,3419.0,2026-07-16 16:29:29
XXXX084X1851,5660.0,2026-07-16 16:29:29
XXXX084X1861,5525.0,2026-07-16 16:29:29
XXXX084X1923,5802.0,2026-07-16 16:29:29
XXXX084X1988,3156.0,2026-07-16 16:29:29
XXXX084X2015,3777.0,2026-07-16 16:29:29
XXXX084X2160,5227.0,2026-07-16 16:29:29
XXXX084X2222,3865.0,2026-07-16 16:29:29
XXXX084X2512,8813.0,2026-07-16 16:29:29
XXXX084X2562,6809.0,2026-07-16 16:29:29
XXXX084X2726,2818.0,2026-07-16 16:29:29
XXXX084X2815,6744.0,2026-07-16 16:29:29
XXXX084X2862,4197.0,2026-07-16 16:29:29
XXXX084X2879,3512.0,2026-07-16 16:29:29
XXXX084X2881,3476.0,2026-07-16 16:29:29
XXXX084X2950,6137.0,2026-07-16 16:29:29
XXXX084X2968,5292.0,2026-07-16 16:29:29
XXXX084X3012,3407.0,2026-07-16 16:29:29
XXXX084X3334,3434.0,2026-07-16 16:29:29
XXXX084X3630,2836.0,2026-07-16 16:29:29
XXXX084X3678,4508.0,2026-07-16 16:29:29
XXXX084X3704,6018.0,2026-07-16 16:29:29
XXXX084X3753,4249.0,2026-07-16 16:29:29
XXXX084X3798,3235.0,2026-07-16 16:29:29
XXXX084X3985,3600.0,2026-07-16 16:29:29
XXXX084X4059,4010.0,2026-07-16 16:29:29
XXXX084X4088,4742.0,2026-07-16 16:29:29
XXXX084X4208,3307.0,2026-07-16 16:29:29
XXXX084X4231,4024.0,2026-07-16 16:29:29
XXXX084X4298,3716.0,2026-07-16 16:29:29
XXXX084X4421,4223.0,2026-07-16 16:29:29
XXXX084X4622,3967.0,2026-07-16 16:29:29
XXXX084X4647,4462.0,2026-07-16 16:29:29
XXXX084X4654,3605.0,2026-07-16 16:29:29
XXXX084X4777,2861.0,2026-07-16 16:29:29
XXXX084X4802,3605.0,2026-07-16 16:29:29
XXXX084X4924,3474.0,2026-07-16 16:29:29
XXXX084X5069,3428.0,2026-07-16 16:29:29
XXXX084X5476,2720.0,2026-07-16 16:29:29
XXXX084X5518,3647.0,2026-07-16 16:29:29
XXXX084X5563,4106.0,2026-07-16 16:29:29
XXXX084X5651,3880.0,2026-07-16 16:29:29
XXXX084X5853,2475.0,2026-07-16 16:29:29
XXXX084X5866,4399.0,2026-07-16 16:29:29
XXXX084X5890,4908.0,2026-07-16 16:29:29
XXXX084X6031,4514.0,2026-07-16 16:29:29
XXXX084X6107,4265.0,2026-07-16 16:29:29
XXXX084X6122,3162.0,2026-07-16 16:29:29
XXXX084X6145,2940.0,2026-07-16 16:29:29
XXXX084X6275,5483.0,2026-07-16 16:29:29
XXXX084X6560,4828.0,2026-07-16 16:29:29
XXXX084X6595,3701.0,2026-07-16 16:29:29
XXXX084X6849,3193.0,2026-07-16 16:29:29
XXXX084X6958,3212.0,2026-07-16 16:29:29
XXXX084X7138,4270.0,2026-07-16 16:29:29
XXXX084X7139,2567.0,2026-07-16 16:29:29
XXXX084X7235,4326.0,2026-07-16 16:29:29
XXXX084X7379,3601.0,2026-07-16 16:29:29
XXXX084X7464,4238.0,2026-07-16 16:29:29
XXXX084X7608,3410.0,2026-07-16 16:29:29
XXXX084X7621,4161.0,2026-07-16 16:29:29
XXXX084X7899,3685.0,2026-07-16 16:29:29
XXXX084X8027,3135.0,2026-07-16 16:29:29
XXXX084X8150,3204.0,2026-07-16 16:29:29
XXXX084X8364,3204.0,2026-07-16 16:29:29
XXXX084X8393,2709.0,2026-07-16 16:29:29
XXXX084X8454,3274.0,2026-07-16 16:29:29
XXXX084X8545,3146.0,2026-07-16 16:29:29
XXXX084X8741,5162.0,2026-07-16 16:29:29
XXXX084X8772,5152.0,2026-07-16 16:29:29
XXXX084X8966,4001.0,2026-07-16 16:29:29
XXXX084X9052,3523.0,2026-07-16 16:29:29
XXXX084X9075,3938.0,2026-07-16 16:29:29
XXXX084X9655,2827.0,2026-07-16 16:29:29
XXXX084X9812,1918.0,2026-07-16 16:29:29
XXXX084X9822,3709.0,2026-07-16 16:29:29
XXXX084X9988,4643.0,2026-07-16 16:29:29
XXXX085X0001,4485.0,2026-07-16 16:29:29
XXXX085X0003,3774.0,2026-07-16 16:29:29
XXXX085X0033,4669.0,2026-07-16 16:29:29
XXXX085X0089,4576.0,2026-07-16 16:29:29
XXXX085X0102,4377.0,2026-07-16 16:29:29
XXXX085X0134,3565.0,2026-07-16 16:29:29
XXXX085X0145,4503.0,2026-07-16 16:29:29
XXXX085X0212,4034.0,2026-07-16 16:29:29
XXXX085X0294,3277.0,2026-07-16 16:29:29
XXXX085X0445,5613.0,2026-07-16 16:29:29
XXXX085X0496,3681.0,2026-07-16 16:29:29
XXXX085X0592,4339.0,2026-07-16 16:29:29
XXXX085X0691,3408.0,2026-07-16 16:29:29
XXXX085X0699,3331.0,2026-07-16 16:29:29
XXXX085X0819,6492.0,2026-07-16 16:29:29
XXXX085X0869,3811.0,2026-07-16 16:29:29
XXXX085X0887,5385.0,2026-07-16 16:29:29
XXXX085X0894,3853.0,2026-07-16 16:29:29
XXXX085X0946,4555.0,2026-07-16 16:29:29
XXXX085X0987,3597.0,2026-07-16 16:29:29
XXXX085X0999,3294.0,2026-07-16 16:29:29
XXXX085X1152,3865.0,2026-07-16 16:29:29
XXXX085X1166,4194.0,2026-07-16 16:29:29
XXXX085X1237,4285.0,2026-07-16 16:29:29
XXXX085X1241,3621.0,2026-07-16 16:29:29
XXXX085X1282,3811.0,2026-07-16 16:29:29
XXXX085X1299,4311.0,2026-07-16 16:29:29
XXXX085X1337,4368.0,2026-07-16 16:29:29
XXXX085X1343,4327.0,2026-07-16 16:29:29
XXXX085X1402,4627.0,2026-07-16 16:29:29
XXXX085X1404,4264.0,2026-07-16 16:29:29
XXXX085X1442,3425.0,2026-07-16 16:29:29
XXXX085X1490,5385.0,2026-07-16 16:29:29
XXXX085X1523,9859.0,2026-07-16 16:29:29
XXXX085X1544,3132.0,2026-07-16 16:29:29
XXXX085X1567,3048.0,2026-07-16 16:29:29
XXXX085X1580,4276.0,2026-07-16 16:29:29
XXXX085X1646,4842.0,2026-07-16 16:29:29
XXXX085X1658,5624.0,2026-07-16 16:29:29
XXXX085X1763,4974.0,2026-07-16 16:29:29
XXXX085X1770,4731.0,2026-07-16 16:29:29
XXXX085X1813,4373.0,2026-07-16 16:29:29
XXXX085X1925,5521.0,2026-07-16 16:29:29
XXXX085X2248,3485.0,2026-07-16 16:29:29
XXXX085X2287,3839.0,2026-07-16 16:29:29
XXXX085X2294,5070.0,2026-07-16 16:29:29
XXXX085X2296,2726.0,2026-07-16 16:29:29
XXXX085X2320,4304.0,2026-07-16 16:29:29
XXXX085X2401,3610.0,2026-07-16 16:29:29
XXXX085X2442,5250.0,2026-07-16 16:29:29
XXXX085X2476,4347.0,2026-07-16 16:29:29
XXXX085X2482,6088.0,2026-07-16 16:29:29
XXXX085X2552,3651.0,2026-07-16 16:29:29
XXXX085X2637,5032.0,2026-07-16 16:29:29
XXXX085X2638,3202.0,2026-07-16 16:29:29
XXXX085X2833,4167.0,2026-07-16 16:29:29
XXXX085X2850,4107.0,2026-07-16 16:29:29
XXXX085X2907,3667.0,2026-07-16 16:29:29
XXXX085X2980,5672.0,2026-07-16 16:29:29
XXXX085X3068,3551.0,2026-07-16 16:29:29
XXXX085X3074,4861.0,2026-07-16 16:29:29
XXXX085X3145,4969.0,2026-07-16 16:29:29
XXXX085X3232,3921.0,2026-07-16 16:29:29
XXXX085X3330,4425.0,2026-07-16 16:29:29
XXXX085X3356,5473.0,2026-07-16 16:29:29
XXXX085X3369,3181.0,2026-07-16 16:29:29
XXXX085X3428,5377.0,2026-07-16 16:29:29
XXXX085X3448,3328.0,2026-07-16 16:29:29
XXXX085X3476,2284.0,2026-07-16 16:29:29
XXXX085X3547,4636.0,2026-07-16 16:29:29
XXXX085X3610,5240.0,2026-07-16 16:29:29
XXXX085X3682,5370.0,2026-07-16 16:29:29
XXXX085X3757,3754.0,2026-07-16 16:29:29
XXXX085X3759,3192.0,2026-07-16 16:29:29
XXXX085X3767,4471.0,2026-07-16 16:29:29
XXXX085X3788,3552.0,2026-07-16 16:29:29
XXXX085X3816,1884.0,2026-07-16 16:29:29
XXXX085X3836,4024.0,2026-07-16 16:29:29
XXXX085X4113,4568.0,2026-07-16 16:29:29
XXXX085X4245,2890.0,2026-07-16 16:29:29
XXXX085X4333,3240.0,2026-07-16 16:29:29
XXXX085X4405,5826.0,2026-07-16 16:29:29
XXXX085X4441,3367.0,2026-07-16 16:29:29
XXXX085X4488,3889.0,2026-07-16 16:29:29
XXXX085X4549,3677.0,2026-07-16 16:29:29
XXXX085X4669,4726.0,2026-07-16 16:29:29
XXXX085X4671,4239.0,2026-07-16 16:29:29
XXXX085X4754,4513.0,2026-07-16 16:29:29
XXXX085X4758,4477.0,2026-07-16 16:29:29
XXXX085X4770,3184.0,2026-07-16 16:29:29
XXXX085X4901,4564.0,2026-07-16 16:29:29
XXXX085X4907,3200.0,2026-07-16 16:29:29
XXXX085X5044,3209.0,2026-07-16 16:29:29
XXXX085X5115,4570.0,2026-07-16 16:29:29
XXXX085X5175,3258.0,2026-07-16 16:29:29
XXXX085X5188,2864.0,2026-07-16 16:29:29
XXXX085X5193,4564.0,2026-07-16 16:29:29
XXXX085X5198,3293.0,2026-07-16 16:29:29
XXXX085X5199,2826.0,2026-07-16 16:29:29
XXXX085X5348,3905.0,2026-07-16 16:29:29
XXXX085X5354,4442.0,2026-07-16 16:29:29
XXXX085X5378,3552.0,2026-07-16 16:29:29
XXXX085X5493,4419.0,2026-07-16 16:29:29
XXXX085X5642,3121.0,2026-07-16 16:29:29
XXXX085X5684,3227.0,2026-07-16 16:29:29
XXXX085X5708,3229.0,2026-07-16 16:29:29
XXXX085X5773,4066.0,2026-07-16 16:29:29
XXXX085X6030,4501.0,2026-07-16 16:29:29
XXXX085X6188,3932.0,2026-07-16 16:29:29
XXXX085X6261,4438.0,2026-07-16 16:29:29
XXXX085X6325,3784.0,2026-07-16 16:29:29
XXXX085X6392,7291.0,2026-07-16 16:29:29
XXXX085X6414,4501.0,2026-07-16 16:29:29
XXXX085X6421,4524.0,2026-07-16 16:29:29
XXXX085X6456,3159.0,2026-07-16 16:29:29
XXXX085X6500,3456.0,2026-07-16 16:29:29
XXXX085X6637,3603.0,2026-07-16 16:29:29
XXXX085X6697,4564.0,2026-07-16 16:29:29
XXXX085X6792,4700.0,2026-07-16 16:29:29
XXXX085X6839,4008.0,2026-07-16 16:29:29
XXXX085X6851,3919.0,2026-07-16 16:29:29
XXXX085X6906,4048.0,2026-07-16 16:29:29
XXXX085X6967,3666.0,2026-07-16 16:29:29
XXXX085X6975,3323.0,2026-07-16 16:29:29
XXXX085X7064,3285.0,2026-07-16 16:29:29
XXXX085X7407,3097.0,2026-07-16 16:29:29
XXXX085X7436,3622.0,2026-07-16 16:29:29
XXXX085X7489,3229.0,2026-07-16 16:29:29
XXXX085X7517,3553.0,2026-07-16 16:29:29
XXXX085X7598,3223.0,2026-07-16 16:29:29
XXXX085X7603,3361.0,2026-07-16 16:29:29
XXXX085X7657,5099.0,2026-07-16 16:29:29
XXXX085X7708,4595.0,2026-07-16 16:29:29
XXXX085X7908,3873.0,2026-07-16 16:29:29
XXXX085X8032,5103.0,2026-07-16 16:29:29
XXXX085X8037,4054.0,2026-07-16 16:29:29
XXXX085X8216,3165.0,2026-07-16 16:29:29
XXXX085X8317,3809.0,2026-07-16 16:29:29
XXXX085X8339,3361.0,2026-07-16 16:29:29
XXXX085X8393,3746.0,2026-07-16 16:29:29
XXXX085X8403,4392.0,2026-07-16 16:29:29
XXXX085X8426,4360.0,2026-07-16 16:29:29
XXXX085X8520,3900.0,2026-07-16 16:29:29
XXXX085X8537,4163.0,2026-07-16 16:29:29
XXXX085X8625,4565.0,2026-07-16 16:29:29
XXXX085X8635,3715.0,2026-07-16 16:29:29
XXXX085X8706,2717.0,2026-07-16 16:29:29
XXXX085X8785,3882.0,2026-07-16 16:29:29
XXXX085X8793,4457.0,2026-07-16 16:29:29
XXXX085X8854,3666.0,2026-07-16 16:29:29
XXXX085X9026,3120.0,2026-07-16 16:29:29
XXXX085X9041,9373.0,2026-07-16 16:29:29
XXXX085X9076,3792.0,2026-07-16 16:29:29
XXXX085X9083,3651.0,2026-07-16 16:29:29
XXXX085X9094,4666.0,2026-07-16 16:29:29
XXXX085X9113,4438.0,2026-07-16 16:29:29
XXXX085X9147,3936.0,2026-07-16 16:29:29
XXXX085X9215,2350.0,2026-07-16 16:29:29
XXXX085X9275,3140.0,2026-07-16 16:29:29
XXXX085X9321,4828.0,2026-07-16 16:29:29
XXXX085X9401,4189.0,2026-07-16 16:29:29
XXXX085X9438,3011.0,2026-07-16 16:29:29
XXXX085X9444,4166.0,2026-07-16 16:29:29
XXXX085X9513,3286.0,2026-07-16 16:29:29
XXXX085X9555,4075.0,2026-07-16 16:29:29
XXXX085X9693,4965.0,2026-07-16 16:29:29
XXXX085X9699,3440.0,2026-07-16 16:29:29
XXXX086X0132,2798.0,2026-07-16 16:29:29
XXXX086X0271,4192.0,2026-07-16 16:29:29
XXXX086X0320,3679.0,2026-07-16 16:29:29
XXXX086X0379,3628.0,2026-07-16 16:29:29
XXXX086X0414,4417.0,2026-07-16 16:29:29
XXXX086X0463,7679.0,2026-07-16 16:29:29
XXXX086X0539,3424.0,2026-07-16 16:29:29
XXXX086X0682,4534.0,2026-07-16 16:29:29
XXXX086X0714,5027.0,2026-07-16 16:29:29
XXXX086X0736,4562.0,2026-07-16 16:29:29
XXXX086X0776,5494.0,2026-07-16 16:29:29
XXXX086X0880,4878.0,2026-07-16 16:29:29
XXXX086X0978,4288.0,2026-07-16 16:29:29
XXXX086X1075,3513.0,2026-07-16 16:29:29
XXXX086X1125,3453.0,2026-07-16 16:29:29
XXXX086X1166,3672.0,2026-07-16 16:29:29
XXXX086X1283,4472.0,2026-07-16 16:29:29
XXXX086X1320,3059.0,2026-07-16 16:29:29
XXXX086X1475,3822.0,2026-07-16 16:29:29
XXXX086X1497,3325.0,2026-07-16 16:29:29
XXXX086X1543,4485.0,2026-07-16 16:29:29
XXXX086X1733,3486.0,2026-07-16 16:29:29
XXXX086X1741,3517.0,2026-07-16 16:29:29
XXXX086X1868,3938.0,2026-07-16 16:29:29
XXXX086X1955,3433.0,2026-07-16 16:29:29
XXXX086X2281,3433.0,2026-07-16 16:29:29
XXXX086X2350,2985.0,2026-07-16 16:29:29
XXXX086X2403,3045.0,2026-07-16 16:29:29
XXXX086X2431,3082.0,2026-07-16 16:29:29
XXXX086X2469,3789.0,2026-07-16 16:29:29
XXXX086X2516,3730.0,2026-07-16 16:29:29
XXXX086X2594,5050.0,2026-07-16 16:29:29
XXXX086X2631,3506.0,2026-07-16 16:29:29
XXXX086X2778,5069.0,2026-07-16 16:29:29
XXXX086X3100,3994.0,2026-07-16 16:29:29
XXXX086X3110,4155.0,2026-07-16 16:29:29
XXXX086X3188,5607.0,2026-07-16 16:29:29
XXXX086X3599,2980.0,2026-07-16 16:29:29
XXXX086X3623,3270.0,2026-07-16 16:29:29
XXXX086X3741,4572.0,2026-07-16 16:29:29
XXXX086X4256,5026.0,2026-07-16 16:29:29
XXXX086X4283,3977.0,2026-07-16 16:29:29
XXXX086X4290,3112.0,2026-07-16 16:29:29
XXXX086X4352,7121.0,2026-07-16 16:29:29
XXXX086X4488,4125.0,2026-07-16 16:29:29
XXXX086X4576,3275.0,2026-07-16 16:29:29
XXXX086X4796,3883.0,2026-07-16 16:29:29
XXXX086X5226,3769.0,2026-07-16 16:29:29
XXXX086X5366,4145.0,2026-07-16 16:29:29
XXXX086X5504,3650.0,2026-07-16 16:29:29
XXXX086X5521,2818.0,2026-07-16 16:29:29
XXXX086X5683,6108.0,2026-07-16 16:29:29
XXXX086X5762,5797.0,2026-07-16 16:29:29
XXXX086X5897,3093.0,2026-07-16 16:29:29
XXXX086X6037,4935.0,2026-07-16 16:29:29
XXXX086X6233,3170.0,2026-07-16 16:29:29
XXXX086X6262,2921.0,2026-07-16 16:29:29
XXXX086X6277,3990.0,2026-07-16 16:29:29
XXXX086X6298,2884.0,2026-07-16 16:29:29
XXXX086X6638,4672.0,2026-07-16 16:29:29
XXXX086X6942,5370.0,2026-07-16 16:29:29
XXXX086X7112,3386.0,2026-07-16 16:29:29
XXXX086X7206,4870.0,2026-07-16 16:29:29
XXXX086X7915,4783.0,2026-07-16 16:29:29
XXXX086X8200,3584.0,2026-07-16 16:29:29
XXXX086X8286,5494.0,2026-07-16 16:29:29
XXXX086X8359,3907.0,2026-07-16 16:29:29
XXXX086X8496,3494.0,2026-07-16 16:29:29
XXXX086X8513,3166.0,2026-07-16 16:29:29
XXXX086X8738,5373.0,2026-07-16 16:29:29
XXXX086X8844,3994.0,2026-07-16 16:29:29
XXXX086X8851,3279.0,2026-07-16 16:29:29
XXXX086X9002,4794.0,2026-07-16 16:29:29
XXXX086X9085,4792.0,2026-07-16 16:29:29
XXXX086X9563,4713.0,2026-07-16 16:29:29
XXXX086X9786,2873.0,2026-07-16 16:29:29
XXXX086X9801,3793.0,2026-07-16 16:29:29
XXXX086X9821,5601.0,2026-07-16 16:29:29
XXXX086X9883,4825.0,2026-07-16 16:29:29
XXXX087X0157,3601.0,2026-07-16 16:29:29
XXXX087X0206,4501.0,2026-07-16 16:29:29
XXXX087X0242,4451.0,2026-07-16 16:29:29
XXXX087X0520,3032.0,2026-07-16 16:29:29
XXXX087X0572,3419.0,2026-07-16 16:29:29
XXXX087X0608,2123.0,2026-07-16 16:29:29
XXXX087X0620,3588.0,2026-07-16 16:29:29
XXXX087X0623,3719.0,2026-07-16 16:29:29
XXXX087X0678,2895.0,2026-07-16 16:29:29
XXXX087X0699,4370.0,2026-07-16 16:29:29
XXXX087X0708,6665.0,2026-07-16 16:29:29
XXXX087X0737,4664.0,2026-07-16 16:29:29
XXXX087X0772,4525.0,2026-07-16 16:29:29
XXXX087X0869,3504.0,2026-07-16 16:29:29
XXXX087X0995,3640.0,2026-07-16 16:29:29
XXXX087X1077,2951.0,2026-07-16 16:29:29
XXXX087X1190,3026.0,2026-07-16 16:29:29
XXXX087X1369,4214.0,2026-07-16 16:29:29
XXXX087X1510,5707.0,2026-07-16 16:29:29
XXXX087X2058,3400.0,2026-07-16 16:29:29
XXXX087X2394,3232.0,2026-07-16 16:29:29
XXXX087X2684,3714.0,2026-07-16 16:29:29
XXXX087X2895,3446.0,2026-07-16 16:29:29
XXXX087X3044,5825.0,2026-07-16 16:29:29
XXXX087X3285,4819.0,2026-07-16 16:29:29
XXXX087X3316,3740.0,2026-07-16 16:29:29
XXXX087X3462,3299.0,2026-07-16 16:29:29
XXXX087X3564,4393.0,2026-07-16 16:29:29
XXXX087X3889,2504.0,2026-07-16 16:29:29
XXXX087X4010,3120.0,2026-07-16 16:29:29
XXXX087X4163,3939.0,2026-07-16 16:29:29
XXXX087X4179,3445.0,2026-07-16 16:29:29
XXXX087X4207,3640.0,2026-07-16 16:29:29
XXXX087X4351,3792.0,2026-07-16 16:29:29
XXXX087X4378,2280.0,2026-07-16 16:29:29
XXXX087X4417,5190.0,2026-07-16 16:29:29
XXXX087X4513,5567.0,2026-07-16 16:29:29
XXXX087X4515,4736.0,2026-07-16 16:29:29
XXXX087X4537,3666.0,2026-07-16 16:29:29
XXXX087X4685,6692.0,2026-07-16 16:29:29
XXXX087X4826,4342.0,2026-07-16 16:29:29
XXXX087X4928,3006.0,2026-07-16 16:29:29
XXXX087X4954,4232.0,2026-07-16 16:29:29
XXXX087X4970,4187.0,2026-07-16 16:29:29
XXXX087X5025,3116.0,2026-07-16 16:29:29
XXXX087X5031,3277.0,2026-07-16 16:29:29
XXXX087X5033,5231.0,2026-07-16 16:29:29
XXXX087X5083,3702.0,2026-07-16 16:29:29
XXXX087X5144,3631.0,2026-07-16 16:29:29
XXXX087X5209,3735.0,2026-07-16 16:29:29
XXXX087X5348,4311.0,2026-07-16 16:29:29
XXXX087X5391,5185.0,2026-07-16 16:29:29
XXXX087X5437,4398.0,2026-07-16 16:29:29
XXXX087X5480,5765.0,2026-07-16 16:29:29
XXXX087X5731,4731.0,2026-07-16 16:29:29
XXXX087X5911,2701.0,2026-07-16 16:29:29
XXXX087X5924,3518.0,2026-07-16 16:29:29
XXXX087X5964,4173.0,2026-07-16 16:29:29
XXXX087X5989,3696.0,2026-07-16 16:29:29
XXXX087X5990,4118.0,2026-07-16 16:29:29
XXXX087X5996,4591.0,2026-07-16 16:29:29
XXXX087X6048,3887.0,2026-07-16 16:29:29
XXXX087X6061,2697.0,2026-07-16 16:29:29
XXXX087X6081,3924.0,2026-07-16 16:29:29
XXXX087X6137,3932.0,2026-07-16 16:29:29
XXXX087X6160,2732.0,2026-07-16 16:29:29
XXXX087X6217,3828.0,2026-07-16 16:29:29
XXXX087X6238,4501.0,2026-07-16 16:29:29
XXXX087X6269,3472.0,2026-07-16 16:29:29
XXXX087X6440,4731.0,2026-07-16 16:29:29
XXXX087X6501,4712.0,2026-07-16 16:29:29
XXXX087X6767,3636.0,2026-07-16 16:29:29
XXXX087X6786,4538.0,2026-07-16 16:29:29
XXXX087X6925,3600.0,2026-07-16 16:29:29
XXXX087X7127,5989.0,2026-07-16 16:29:29
XXXX087X7143,4349.0,2026-07-16 16:29:29
XXXX087X7633,4708.0,2026-07-16 16:29:29
XXXX087X7645,3787.0,2026-07-16 16:29:29
XXXX087X7690,4638.0,2026-07-16 16:29:29
XXXX087X7722,4202.0,2026-07-16 16:29:29
XXXX087X7755,5800.0,2026-07-16 16:29:29
XXXX087X7791,3403.0,2026-07-16 16:29:29
XXXX087X7882,3556.0,2026-07-16 16:29:29
XXXX087X7893,4680.0,2026-07-16 16:29:29
XXXX087X7955,3636.0,2026-07-16 16:29:29
XXXX087X8049,5235.0,2026-07-16 16:29:29
XXXX087X8146,4959.0,2026-07-16 16:29:29
XXXX087X8376,3681.0,2026-07-16 16:29:29
XXXX087X8556,3986.0,2026-07-16 16:29:29
XXXX087X8756,5935.0,2026-07-16 16:29:29
XXXX087X8789,4988.0,2026-07-16 16:29:29
XXXX087X8962,2614.0,2026-07-16 16:29:29
XXXX087X9097,3248.0,2026-07-16 16:29:29
XXXX087X9123,3677.0,2026-07-16 16:29:29
XXXX087X9145,3249.0,2026-07-16 16:29:29
XXXX087X9192,4619.0,2026-07-16 16:29:29
XXXX087X9580,5200.0,2026-07-16 16:29:29
XXXX087X9875,5624.0,2026-07-16 16:29:29
XXXX087X9940,3357.0,2026-07-16 16:29:29
XXXX088X0017,2858.0,2026-07-16 16:29:29
XXXX088X0226,4715.0,2026-07-16 16:29:29
XXXX088X0230,4213.0,2026-07-16 16:29:29
XXXX088X0274,4358.0,2026-07-16 16:29:29
XXXX088X0285,3289.0,2026-07-16 16:29:29
XXXX088X0346,4159.0,2026-07-16 16:29:29
XXXX088X0363,4214.0,2026-07-16 16:29:29
XXXX088X0402,5157.0,2026-07-16 16:29:29
XXXX088X0497,2289.0,2026-07-16 16:29:29
XXXX088X0531,4405.0,2026-07-16 16:29:29
XXXX088X0544,5184.0,2026-07-16 16:29:29
XXXX088X0592,4467.0,2026-07-16 16:29:29
XXXX088X0641,4145.0,2026-07-16 16:29:29
XXXX088X0730,4460.0,2026-07-16 16:29:29
XXXX088X0832,3280.0,2026-07-16 16:29:29
XXXX088X0984,3449.0,2026-07-16 16:29:29
XXXX088X1040,2924.0,2026-07-16 16:29:29
XXXX088X1128,3932.0,2026-07-16 16:29:29
XXXX088X1139,4930.0,2026-07-16 16:29:29
XXXX088X1155,3441.0,2026-07-16 16:29:29
XXXX088X1156,6485.0,2026-07-16 16:29:29
XXXX088X1196,2841.0,2026-07-16 16:29:29
XXXX088X1199,2612.0,2026-07-16 16:29:29
XXXX088X1238,3960.0,2026-07-16 16:29:29
XXXX088X1513,5169.0,2026-07-16 16:29:29
XXXX088X1600,5806.0,2026-07-16 16:29:29
XXXX088X1645,5529.0,2026-07-16 16:29:29
XXXX088X1715,4052.0,2026-07-16 16:29:29
XXXX088X1785,3679.0,2026-07-16 16:29:29
XXXX088X1913,2681.0,2026-07-16 16:29:29
XXXX088X1991,3816.0,2026-07-16 16:29:29
XXXX088X2014,3944.0,2026-07-16 16:29:29
XXXX088X2031,3578.0,2026-07-16 16:29:29
XXXX088X2088,3372.0,2026-07-16 16:29:29
XXXX088X2090,2858.0,2026-07-16 16:29:29
XXXX088X2105,2571.0,2026-07-16 16:29:29
XXXX088X2191,4373.0,2026-07-16 16:29:29
XXXX088X2197,3633.0,2026-07-16 16:29:29
XXXX088X2215,5657.0,2026-07-16 16:29:29
XXXX088X2265,3849.0,2026-07-16 16:29:29
XXXX088X2319,5481.0,2026-07-16 16:29:29
XXXX088X2416,2801.0,2026-07-16 16:29:29
XXXX088X2422,5112.0,2026-07-16 16:29:29
XXXX088X2451,3881.0,2026-07-16 16:29:29
XXXX088X2672,3010.0,2026-07-16 16:29:29
XXXX088X2700,3610.0,2026-07-16 16:29:29
XXXX088X2890,3675.0,2026-07-16 16:29:29
XXXX088X2908,4269.0,2026-07-16 16:29:29
XXXX088X3010,3821.0,2026-07-16 16:29:29
XXXX088X3019,2934.0,2026-07-16 16:29:29
XXXX088X3127,4025.0,2026-07-16 16:29:29
XXXX088X3159,3453.0,2026-07-16 16:29:29
XXXX088X3238,4421.0,2026-07-16 16:29:29
XXXX088X3309,3752.0,2026-07-16 16:29:29
XXXX088X3482,5986.0,2026-07-16 16:29:29
XXXX088X3486,3628.0,2026-07-16 16:29:29
XXXX088X3560,3792.0,2026-07-16 16:29:29
XXXX088X3767,5032.0,2026-07-16 16:29:29
XXXX088X3935,3945.0,2026-07-16 16:29:29
XXXX088X4024,3555.0,2026-07-16 16:29:29
XXXX088X4058,5722.0,2026-07-16 16:29:29
XXXX088X4070,7631.0,2026-07-16 16:29:29
XXXX088X4079,3600.0,2026-07-16 16:29:29
XXXX088X4124,3228.0,2026-07-16 16:29:29
XXXX088X4496,4112.0,2026-07-16 16:29:29
XXXX088X4521,3040.0,2026-07-16 16:29:29
XXXX088X4900,4555.0,2026-07-16 16:29:29
XXXX088X4901,2210.0,2026-07-16 16:29:29
XXXX088X5141,5343.0,2026-07-16 16:29:29
XXXX088X5581,3784.0,2026-07-16 16:29:29
XXXX088X5654,6448.0,2026-07-16 16:29:29
XXXX088X5655,3134.0,2026-07-16 16:29:29
XXXX088X5732,3863.0,2026-07-16 16:29:29
XXXX088X5799,5209.0,2026-07-16 16:29:29
XXXX088X6070,4089.0,2026-07-16 16:29:29
XXXX088X6155,4065.0,2026-07-16 16:29:29
XXXX088X6203,5666.0,2026-07-16 16:29:29
XXXX088X6315,3724.0,2026-07-16 16:29:29
XXXX088X6337,3963.0,2026-07-16 16:29:29
XXXX088X6535,3421.0,2026-07-16 16:29:29
XXXX088X6712,2713.0,2026-07-16 16:29:29
XXXX088X6750,3239.0,2026-07-16 16:29:29
XXXX088X7038,3198.0,2026-07-16 16:29:29
XXXX088X7094,5796.0,2026-07-16 16:29:29
XXXX088X7174,6290.0,2026-07-16 16:29:29
XXXX088X7343,4337.0,2026-07-16 16:29:29
XXXX088X7429,3627.0,2026-07-16 16:29:29
XXXX088X7637,3882.0,2026-07-16 16:29:29
XXXX088X7822,2835.0,2026-07-16 16:29:29
XXXX088X7964,4088.0,2026-07-16 16:29:29
XXXX088X8023,3790.0,2026-07-16 16:29:29
XXXX088X8029,4032.0,2026-07-16 16:29:29
XXXX088X8047,5038.0,2026-07-16 16:29:29
XXXX088X8062,3189.0,2026-07-16 16:29:29
XXXX088X8179,4194.0,2026-07-16 16:29:29
XXXX088X8188,4311.0,2026-07-16 16:29:29
XXXX088X8283,3574.0,2026-07-16 16:29:29
XXXX088X8361,4730.0,2026-07-16 16:29:29
XXXX088X8410,4885.0,2026-07-16 16:29:29
XXXX088X8420,3606.0,2026-07-16 16:29:29
XXXX088X8429,5164.0,2026-07-16 16:29:29
XXXX088X8432,2885.0,2026-07-16 16:29:29
XXXX088X8463,3275.0,2026-07-16 16:29:29
XXXX088X8512,4092.0,2026-07-16 16:29:29
XXXX088X8603,5177.0,2026-07-16 16:29:29
XXXX088X8870,6217.0,2026-07-16 16:29:29
XXXX088X8971,4225.0,2026-07-16 16:29:29
XXXX088X9123,4265.0,2026-07-16 16:29:29
XXXX088X9161,3208.0,2026-07-16 16:29:29
XXXX088X9166,3797.0,2026-07-16 16:29:29
XXXX088X9196,3233.0,2026-07-16 16:29:29
XXXX088X9340,4707.0,2026-07-16 16:29:29
XXXX088X9353,4300.0,2026-07-16 16:29:29
XXXX088X9385,3524.0,2026-07-16 16:29:29
XXXX088X9620,3651.0,2026-07-16 16:29:29
XXXX088X9671,3685.0,2026-07-16 16:29:29
XXXX088X9873,6362.0,2026-07-16 16:29:29
XXXX088X9880,3994.0,2026-07-16 16:29:29
XXXX088X9896,5632.0,2026-07-16 16:29:29
XXXX088X9897,3712.0,2026-07-16 16:29:29
XXXX089X0073,3534.0,2026-07-16 16:29:29
XXXX089X0109,3883.0,2026-07-16 16:29:29
XXXX089X0110,4253.0,2026-07-16 16:29:29
XXXX089X0115,4532.0,2026-07-16 16:29:29
XXXX089X0116,3558.0,2026-07-16 16:29:29
XXXX089X0177,3781.0,2026-07-16 16:29:29
XXXX089X0206,4054.0,2026-07-16 16:29:29
XXXX089X0315,4244.0,2026-07-16 16:29:29
XXXX089X0326,3854.0,2026-07-16 16:29:29
XXXX089X0355,6475.0,2026-07-16 16:29:29
XXXX089X0358,3364.0,2026-07-16 16:29:29
XXXX089X0360,4561.0,2026-07-16 16:29:29
XXXX089X0450,5293.0,2026-07-16 16:29:29
XXXX089X0658,5162.0,2026-07-16 16:29:29
XXXX089X0782,4224.0,2026-07-16 16:29:29
XXXX089X1004,3211.0,2026-07-16 16:29:29
XXXX089X1010,4056.0,2026-07-16 16:29:29
XXXX089X1021,3128.0,2026-07-16 16:29:29
XXXX089X1068,3443.0,2026-07-16 16:29:29
XXXX089X1416,3013.0,2026-07-16 16:29:29
XXXX089X1538,3299.0,2026-07-16 16:29:29
XXXX089X1613,3721.0,2026-07-16 16:29:29
XXXX089X2119,3744.0,2026-07-16 16:29:29
XXXX089X2232,4747.0,2026-07-16 16:29:29
XXXX089X2399,4804.0,2026-07-16 16:29:29
XXXX089X2456,2699.0,2026-07-16 16:29:29
XXXX089X2524,3004.0,2026-07-16 16:29:29
XXXX089X2680,5916.0,2026-07-16 16:29:29
XXXX089X2697,4667.0,2026-07-16 16:29:29
XXXX089X2740,2937.0,2026-07-16 16:29:29
XXXX089X2766,3044.0,2026-07-16 16:29:29
XXXX089X2909,2756.0,2026-07-16 16:29:29
XXXX089X2938,3232.0,2026-07-16 16:29:29
XXXX089X2955,3549.0,2026-07-16 16:29:29
XXXX089X2973,3850.0,2026-07-16 16:29:29
XXXX089X3157,3387.0,2026-07-16 16:29:29
XXXX089X3175,3568.0,2026-07-16 16:29:29
XXXX089X3209,4234.0,2026-07-16 16:29:29
XXXX089X3225,5426.0,2026-07-16 16:29:29
XXXX089X3335,3198.0,2026-07-16 16:29:29
XXXX089X3373,3783.0,2026-07-16 16:29:29
XXXX089X3468,5586.0,2026-07-16 16:29:29
XXXX089X3492,5092.0,2026-07-16 16:29:29
XXXX089X3589,4682.0,2026-07-16 16:29:29
XXXX089X3611,4201.0,2026-07-16 16:29:29
XXXX089X3854,5319.0,2026-07-16 16:29:29
XXXX089X4192,4797.0,2026-07-16 16:29:29
XXXX089X4230,4316.0,2026-07-16 16:29:29
XXXX089X4498,4744.0,2026-07-16 16:29:29
XXXX089X4517,3630.0,2026-07-16 16:29:29
XXXX089X4658,5905.0,2026-07-16 16:29:29
XXXX089X4969,2635.0,2026-07-16 16:29:29
XXXX089X5306,3670.0,2026-07-16 16:29:29
XXXX089X5322,5104.0,2026-07-16 16:29:29
XXXX089X5331,3761.0,2026-07-16 16:29:29
XXXX089X5442,3776.0,2026-07-16 16:29:29
XXXX089X5523,3704.0,2026-07-16 16:29:29
XXXX089X5612,4083.0,2026-07-16 16:29:29
XXXX089X5670,2696.0,2026-07-16 16:29:29
XXXX089X5688,3051.0,2026-07-16 16:29:29
XXXX089X5717,3600.0,2026-07-16 16:29:29
XXXX089X5725,3662.0,2026-07-16 16:29:29
XXXX089X5790,3474.0,2026-07-16 16:29:29
XXXX089X6038,2784.0,2026-07-16 16:29:29
XXXX089X6088,3993.0,2026-07-16 16:29:29
XXXX089X6104,4482.0,2026-07-16 16:29:29
XXXX089X6108,4529.0,2026-07-16 16:29:29
XXXX089X6111,3854.0,2026-07-16 16:29:29
XXXX089X6226,2131.0,2026-07-16 16:29:29
XXXX089X6281,3750.0,2026-07-16 16:29:29
XXXX089X6285,6704.0,2026-07-16 16:29:29
XXXX089X6450,2750.0,2026-07-16 16:29:29
XXXX089X6494,4529.0,2026-07-16 16:29:29
XXXX089X6504,4222.0,2026-07-16 16:29:29
XXXX089X6533,3094.0,2026-07-16 16:29:29
XXXX089X6607,3803.0,2026-07-16 16:29:29
XXXX089X6733,3116.0,2026-07-16 16:29:29
XXXX089X6955,5488.0,2026-07-16 16:29:29
XXXX089X6986,3755.0,2026-07-16 16:29:29
XXXX089X7023,5537.0,2026-07-16 16:29:29
XXXX089X7178,5063.0,2026-07-16 16:29:29
XXXX089X7253,5067.0,2026-07-16 16:29:29
XXXX089X7353,3703.0,2026-07-16 16:29:29
XXXX089X7438,3163.0,2026-07-16 16:29:29
XXXX089X7592,3368.0,2026-07-16 16:29:29
XXXX089X7693,4243.0,2026-07-16 16:29:29
XXXX089X7854,4075.0,2026-07-16 16:29:29
XXXX089X7963,5163.0,2026-07-16 16:29:29
XXXX089X8122,3895.0,2026-07-16 16:29:29
XXXX089X8141,3422.0,2026-07-16 16:29:29
XXXX089X8279,3892.0,2026-07-16 16:29:29
XXXX089X8304,3461.0,2026-07-16 16:29:29
XXXX089X8316,3574.0,2026-07-16 16:29:29
XXXX089X8412,4207.0,2026-07-16 16:29:29
XXXX089X8417,3637.0,2026-07-16 16:29:29
XXXX089X8522,5177.0,2026-07-16 16:29:29
XXXX089X8598,4379.0,2026-07-16 16:29:29
XXXX089X8601,3906.0,2026-07-16 16:29:29
XXXX089X8878,4852.0,2026-07-16 16:29:29
XXXX089X8960,3617.0,2026-07-16 16:29:29
XXXX089X9078,3457.0,2026-07-16 16:29:29
XXXX089X9100,3773.0,2026-07-16 16:29:29
XXXX089X9233,3170.0,2026-07-16 16:29:29
XXXX089X9275,3648.0,2026-07-16 16:29:29
XXXX089X9284,4176.0,2026-07-16 16:29:29
XXXX089X9306,3554.0,2026-07-16 16:29:29
XXXX089X9329,4276.0,2026-07-16 16:29:29
XXXX089X9356,3638.0,2026-07-16 16:29:29
XXXX089X9381,3515.0,2026-07-16 16:29:29
XXXX089X9810,3437.0,2026-07-16 16:29:29
XXXX089X9819,3475.0,2026-07-16 16:29:29
XXXX089X9886,4347.0,2026-07-16 16:29:29
XXXX090X0061,4332.0,2026-07-16 16:29:29
XXXX090X0077,4593.0,2026-07-16 16:29:29
XXXX090X0479,4937.0,2026-07-16 16:29:29
XXXX090X0655,5672.0,2026-07-16 16:29:29
XXXX090X0733,5114.0,2026-07-16 16:29:29
XXXX090X0836,4751.0,2026-07-16 16:29:29
XXXX090X0873,3886.0,2026-07-16 16:29:29
XXXX090X0967,2998.0,2026-07-16 16:29:29
XXXX090X1140,4358.0,2026-07-16 16:29:29
XXXX090X1225,3760.0,2026-07-16 16:29:29
XXXX090X1247,4017.0,2026-07-16 16:29:29
XXXX090X1379,6480.0,2026-07-16 16:29:29
XXXX090X1504,4749.0,2026-07-16 16:29:29
XXXX090X1511,3078.0,2026-07-16 16:29:29
XXXX090X2110,3837.0,2026-07-16 16:29:29
XXXX090X2159,3578.0,2026-07-16 16:29:29
XXXX090X2170,3811.0,2026-07-16 16:29:29
XXXX090X2475,4342.0,2026-07-16 16:29:29
XXXX090X2516,3774.0,2026-07-16 16:29:29
XXXX090X2555,5854.0,2026-07-16 16:29:29
XXXX090X2623,4196.0,2026-07-16 16:29:29
XXXX090X2632,4219.0,2026-07-16 16:29:29
XXXX090X2748,3611.0,2026-07-16 16:29:29
XXXX090X2755,3381.0,2026-07-16 16:29:29
XXXX090X2769,4709.0,2026-07-16 16:29:29
XXXX090X2824,6906.0,2026-07-16 16:29:29
XXXX090X2892,3598.0,2026-07-16 16:29:29
XXXX090X2952,3595.0,2026-07-16 16:29:29
XXXX090X2968,4260.0,2026-07-16 16:29:29
XXXX090X2977,3008.0,2026-07-16 16:29:29
XXXX090X3205,4573.0,2026-07-16 16:29:29
XXXX090X3316,5477.0,2026-07-16 16:29:29
XXXX090X3339,3154.0,2026-07-16 16:29:29
XXXX090X3434,3482.0,2026-07-16 16:29:29
XXXX090X3456,3623.0,2026-07-16 16:29:29
XXXX090X3636,3943.0,2026-07-16 16:29:29
XXXX090X3673,3799.0,2026-07-16 16:29:29
XXXX090X3896,4279.0,2026-07-16 16:29:29
XXXX090X3949,4225.0,2026-07-16 16:29:29
XXXX090X3993,2464.0,2026-07-16 16:29:29
XXXX090X4009,4016.0,2026-07-16 16:29:29
XXXX090X4013,3646.0,2026-07-16 16:29:29
XXXX090X4387,6985.0,2026-07-16 16:29:29
XXXX090X4552,2980.0,2026-07-16 16:29:29
XXXX090X4643,3673.0,2026-07-16 16:29:29
XXXX090X4679,4773.0,2026-07-16 16:29:29
XXXX090X4707,6654.0,2026-07-16 16:29:29
XXXX090X4921,4730.0,2026-07-16 16:29:29
XXXX090X4941,5545.0,2026-07-16 16:29:29
XXXX090X5036,4178.0,2026-07-16 16:29:29
XXXX090X5434,3356.0,2026-07-16 16:29:29
XXXX090X5475,4278.0,2026-07-16 16:29:29
XXXX090X5549,5348.0,2026-07-16 16:29:29
XXXX090X5724,4773.0,2026-07-16 16:29:29
XXXX090X6116,2743.0,2026-07-16 16:29:29
XXXX090X6147,4301.0,2026-07-16 16:29:29
XXXX090X6920,5909.0,2026-07-16 16:29:29
XXXX090X6963,4341.0,2026-07-16 16:29:29
XXXX090X6968,4054.0,2026-07-16 16:29:29
XXXX090X6989,3456.0,2026-07-16 16:29:29
XXXX090X7002,3636.0,2026-07-16 16:29:29
XXXX090X7016,4800.0,2026-07-16 16:29:29
XXXX090X7127,3134.0,2026-07-16 16:29:29
XXXX090X7205,3425.0,2026-07-16 16:29:29
XXXX090X7212,4636.0,2026-07-16 16:29:29
XXXX090X7312,3323.0,2026-07-16 16:29:29
XXXX090X7384,5071.0,2026-07-16 16:29:29
XXXX090X7501,3800.0,2026-07-16 16:29:29
XXXX090X7868,4138.0,2026-07-16 16:29:29
XXXX090X7899,4092.0,2026-07-16 16:29:29
XXXX090X7904,4174.0,2026-07-16 16:29:29
XXXX090X7919,4568.0,2026-07-16 16:29:29
XXXX090X7942,5550.0,2026-07-16 16:29:29
XXXX090X7977,2931.0,2026-07-16 16:29:29
XXXX090X8017,3154.0,2026-07-16 16:29:29
XXXX090X8031,3233.0,2026-07-16 16:29:29
XXXX090X8070,5771.0,2026-07-16 16:29:29
XXXX090X8098,5034.0,2026-07-16 16:29:29
XXXX090X8185,2679.0,2026-07-16 16:29:29
XXXX090X8215,4992.0,2026-07-16 16:29:29
XXXX090X8269,3644.0,2026-07-16 16:29:29
XXXX090X8332,3651.0,2026-07-16 16:29:29
XXXX090X8338,4153.0,2026-07-16 16:29:29
XXXX090X8358,5240.0,2026-07-16 16:29:29
XXXX090X8466,6081.0,2026-07-16 16:29:29
XXXX090X8619,3255.0,2026-07-16 16:29:29
XXXX090X8709,3449.0,2026-07-16 16:29:29
XXXX090X8737,5180.0,2026-07-16 16:29:29
XXXX090X8815,5246.0,2026-07-16 16:29:29
XXXX090X8894,5064.0,2026-07-16 16:29:29
XXXX090X9077,3047.0,2026-07-16 16:29:29
XXXX090X9080,6277.0,2026-07-16 16:29:29
XXXX090X9219,3779.0,2026-07-16 16:29:29
XXXX090X9264,3090.0,2026-07-16 16:29:29
XXXX090X9598,3749.0,2026-07-16 16:29:29
XXXX090X9760,5499.0,2026-07-16 16:29:29
XXXX090X9797,6651.0,2026-07-16 16:29:29
XXXX090X9806,3308.0,2026-07-16 16:29:29
XXXX090X9812,5089.0,2026-07-16 16:29:29
XXXX091X0124,4306.0,2026-07-16 16:29:29
XXXX091X0383,3570.0,2026-07-16 16:29:29
XXXX091X0556,4711.0,2026-07-16 16:29:29
XXXX091X0786,5498.0,2026-07-16 16:29:29
XXXX091X0844,5181.0,2026-07-16 16:29:29
XXXX091X0915,3699.0,2026-07-16 16:29:29
XXXX091X0926,4254.0,2026-07-16 16:29:29
XXXX091X1001,3680.0,2026-07-16 16:29:29
XXXX091X1069,5710.0,2026-07-16 16:29:29
XXXX091X1091,3679.0,2026-07-16 16:29:29
XXXX091X1122,4204.0,2026-07-16 16:29:29
XXXX091X1136,3827.0,2026-07-16 16:29:29
XXXX091X1172,6626.0,2026-07-16 16:29:29
XXXX091X1299,2871.0,2026-07-16 16:29:29
XXXX091X1370,3969.0,2026-07-16 16:29:29
XXXX091X1462,7893.0,2026-07-16 16:29:29
XXXX091X1541,5825.0,2026-07-16 16:29:29
XXXX091X1582,4125.0,2026-07-16 16:29:29
XXXX091X1662,5960.0,2026-07-16 16:29:29
XXXX091X1670,4109.0,2026-07-16 16:29:29
XXXX091X1775,4291.0,2026-07-16 16:29:29
XXXX091X1783,4016.0,2026-07-16 16:29:29
XXXX091X1806,2879.0,2026-07-16 16:29:29
XXXX091X1813,5769.0,2026-07-16 16:29:29
XXXX091X1829,4809.0,2026-07-16 16:29:29
XXXX091X1946,3604.0,2026-07-16 16:29:29
XXXX091X1990,4713.0,2026-07-16 16:29:29
XXXX091X1991,4721.0,2026-07-16 16:29:29
XXXX091X2008,5539.0,2026-07-16 16:29:29
XXXX091X2028,3605.0,2026-07-16 16:29:29
XXXX091X2070,3521.0,2026-07-16 16:29:29
XXXX091X2093,3945.0,2026-07-16 16:29:29
XXXX091X2147,3697.0,2026-07-16 16:29:29
XXXX091X2209,5588.0,2026-07-16 16:29:29
XXXX091X2289,5622.0,2026-07-16 16:29:29
XXXX091X2301,6335.0,2026-07-16 16:29:29
XXXX091X2322,5467.0,2026-07-16 16:29:29
XXXX091X2340,3739.0,2026-07-16 16:29:29
XXXX091X2455,4291.0,2026-07-16 16:29:29
XXXX091X2546,3690.0,2026-07-16 16:29:29
XXXX091X2599,3128.0,2026-07-16 16:29:29
XXXX091X2678,7713.0,2026-07-16 16:29:29
XXXX091X2705,5320.0,2026-07-16 16:29:29
XXXX091X2797,3543.0,2026-07-16 16:29:29
XXXX091X2951,6174.0,2026-07-16 16:29:29
XXXX091X2981,3792.0,2026-07-16 16:29:29
XXXX091X3146,4577.0,2026-07-16 16:29:29
XXXX091X3223,4540.0,2026-07-16 16:29:29
XXXX091X3259,4856.0,2026-07-16 16:29:29
XXXX091X3273,5961.0,2026-07-16 16:29:29
XXXX091X3324,4855.0,2026-07-16 16:29:29
XXXX091X3395,5394.0,2026-07-16 16:29:29
XXXX091X3410,3407.0,2026-07-16 16:29:29
XXXX091X3499,5828.0,2026-07-16 16:29:29
XXXX091X3599,8604.0,2026-07-16 16:29:29
XXXX091X3663,3124.0,2026-07-16 16:29:29
XXXX091X3727,3901.0,2026-07-16 16:29:29
XXXX091X3742,2994.0,2026-07-16 16:29:29
XXXX091X3763,5203.0,2026-07-16 16:29:29
XXXX091X3828,4234.0,2026-07-16 16:29:29
XXXX091X3919,3960.0,2026-07-16 16:29:29
XXXX091X4010,3729.0,2026-07-16 16:29:29
XXXX091X4050,2863.0,2026-07-16 16:29:29
XXXX091X4160,5878.0,2026-07-16 16:29:29
XXXX091X4192,4368.0,2026-07-16 16:29:29
XXXX091X4290,3725.0,2026-07-16 16:29:29
XXXX091X4338,3636.0,2026-07-16 16:29:29
XXXX091X4384,4524.0,2026-07-16 16:29:29
XXXX091X4435,4502.0,2026-07-16 16:29:29
XXXX091X4482,3685.0,2026-07-16 16:29:29
XXXX091X4496,3395.0,2026-07-16 16:29:29
XXXX091X4515,3578.0,2026-07-16 16:29:29
XXXX091X4595,4971.0,2026-07-16 16:29:29
XXXX091X4691,3154.0,2026-07-16 16:29:29
XXXX091X5100,5375.0,2026-07-16 16:29:29
XXXX091X5108,2624.0,2026-07-16 16:29:29
XXXX091X5176,3036.0,2026-07-16 16:29:29
XXXX091X5259,3552.0,2026-07-16 16:29:29
XXXX091X5395,7145.0,2026-07-16 16:29:29
XXXX091X5410,5338.0,2026-07-16 16:29:29
XXXX091X5438,3701.0,2026-07-16 16:29:29
XXXX091X5562,3990.0,2026-07-16 16:29:29
XXXX091X5632,3078.0,2026-07-16 16:29:29
XXXX091X5686,3809.0,2026-07-16 16:29:29
XXXX091X5793,4799.0,2026-07-16 16:29:29
XXXX091X5854,5596.0,2026-07-16 16:29:29
XXXX091X5969,4553.0,2026-07-16 16:29:29
XXXX091X6040,4638.0,2026-07-16 16:29:29
XXXX091X6082,4539.0,2026-07-16 16:29:29
XXXX091X6146,4791.0,2026-07-16 16:29:29
XXXX091X6245,3891.0,2026-07-16 16:29:29
XXXX091X6276,5337.0,2026-07-16 16:29:29
XXXX091X6394,3541.0,2026-07-16 16:29:29
XXXX091X6494,4603.0,2026-07-16 16:29:29
XXXX091X6501,3405.0,2026-07-16 16:29:29
XXXX091X6915,3843.0,2026-07-16 16:29:29
XXXX091X6946,5157.0,2026-07-16 16:29:29
XXXX091X6996,4277.0,2026-07-16 16:29:29
XXXX091X7082,5113.0,2026-07-16 16:29:29
XXXX091X7148,4933.0,2026-07-16 16:29:29
XXXX091X7171,5611.0,2026-07-16 16:29:29
XXXX091X7351,4968.0,2026-07-16 16:29:29
XXXX091X7365,4238.0,2026-07-16 16:29:29
XXXX091X7371,3033.0,2026-07-16 16:29:29
XXXX091X7494,3588.0,2026-07-16 16:29:29
XXXX091X7535,3951.0,2026-07-16 16:29:29
XXXX091X7563,5111.0,2026-07-16 16:29:29
XXXX091X7692,4633.0,2026-07-16 16:29:29
XXXX091X7702,5030.0,2026-07-16 16:29:29
XXXX091X7866,3944.0,2026-07-16 16:29:29
XXXX091X7957,4842.0,2026-07-16 16:29:29
XXXX091X7989,5267.0,2026-07-16 16:29:29
XXXX091X8023,4761.0,2026-07-16 16:29:29
XXXX091X8177,3492.0,2026-07-16 16:29:29
XXXX091X8599,4743.0,2026-07-16 16:29:29
XXXX091X8802,4632.0,2026-07-16 16:29:29
XXXX091X8853,4236.0,2026-07-16 16:29:29
XXXX091X9294,3574.0,2026-07-16 16:29:29
XXXX091X9455,5762.0,2026-07-16 16:29:29
XXXX091X9553,6341.0,2026-07-16 16:29:29
XXXX091X9607,3627.0,2026-07-16 16:29:29
XXXX091X9653,5407.0,2026-07-16 16:29:29
XXXX091X9673,2668.0,2026-07-16 16:29:29
XXXX091X9775,6277.0,2026-07-16 16:29:29
XXXX091X9850,3255.0,2026-07-16 16:29:29
XXXX091X9994,4548.0,2026-07-16 16:29:29
XXXX092X2564,3433.0,2026-07-16 16:29:29
XXXX092X3068,3025.0,2026-07-16 16:29:29
XXXX092X4797,3410.0,2026-07-16 16:29:29
XXXX092X9333,3668.0,2026-07-16 16:29:29
XXXX093X6734,5197.0,2026-07-16 16:29:29
XXXX093X7839,4446.0,2026-07-16 16:29:29
XXXX096X6500,3563.0,2026-07-16 16:29:29
XXXX096X6708,4791.0,2026-07-16 16:29:29
XXXX096X8047,4206.0,2026-07-16 16:29:29
XXXX096X8412,4203.0,2026-07-16 16:29:29
XXXX096X8528,8396.0,2026-07-16 16:29:29
XXXX096X8634,4038.0,2026-07-16 16:29:29
XXXX096X9274,3539.0,2026-07-16 16:29:29
XXXX096X9419,5177.0,2026-07-16 16:29:29
XXXX096X9761,5204.0,2026-07-16 16:29:29
XXXX097X0105,3693.0,2026-07-16 16:29:29
XXXX097X0265,2750.0,2026-07-16 16:29:29
XXXX097X0301,3334.0,2026-07-16 16:29:29
XXXX097X0349,3986.0,2026-07-16 16:29:29
XXXX097X0363,3617.0,2026-07-16 16:29:29
XXXX097X0396,3715.0,2026-07-16 16:29:29
XXXX097X0500,2438.0,2026-07-16 16:29:29
XXXX097X0613,4905.0,2026-07-16 16:29:29
XXXX097X0838,4208.0,2026-07-16 16:29:29
XXXX097X0874,3873.0,2026-07-16 16:29:29
XXXX097X1031,4087.0,2026-07-16 16:29:29
XXXX097X1170,7323.0,2026-07-16 16:29:29
XXXX097X1223,5569.0,2026-07-16 16:29:29
XXXX097X1391,7098.0,2026-07-16 16:29:29
XXXX097X1522,3882.0,2026-07-16 16:29:29
XXXX097X1964,4402.0,2026-07-16 16:29:29
XXXX097X2239,3643.0,2026-07-16 16:29:29
XXXX097X2465,3322.0,2026-07-16 16:29:29
XXXX097X2567,5284.0,2026-07-16 16:29:29
XXXX097X2640,3303.0,2026-07-16 16:29:29
XXXX097X3247,3050.0,2026-07-16 16:29:29
XXXX097X3259,3948.0,2026-07-16 16:29:29
XXXX097X3396,3950.0,2026-07-16 16:29:29
XXXX097X3540,4372.0,2026-07-16 16:29:29
XXXX097X3716,4005.0,2026-07-16 16:29:29
XXXX097X3791,3433.0,2026-07-16 16:29:29
XXXX097X3957,4126.0,2026-07-16 16:29:29
XXXX097X4064,3585.0,2026-07-16 16:29:29
XXXX097X4145,4223.0,2026-07-16 16:29:29
XXXX097X4619,9258.0,2026-07-16 16:29:29
XXXX097X4699,4418.0,2026-07-16 16:29:29
XXXX097X4718,4368.0,2026-07-16 16:29:29
XXXX097X4767,4563.0,2026-07-16 16:29:29
XXXX097X4803,4165.0,2026-07-16 16:29:29
XXXX097X4896,3107.0,2026-07-16 16:29:29
XXXX097X4910,4040.0,2026-07-16 16:29:29
XXXX097X5528,6749.0,2026-07-16 16:29:29
XXXX097X5659,3202.0,2026-07-16 16:29:29
XXXX097X5757,4949.0,2026-07-16 16:29:29
XXXX097X5819,3888.0,2026-07-16 16:29:29
XXXX097X6099,4914.0,2026-07-16 16:29:29
XXXX097X6180,5569.0,2026-07-16 16:29:29
XXXX097X6358,3357.0,2026-07-16 16:29:29
XXXX097X6528,3113.0,2026-07-16 16:29:29
XXXX097X6572,5351.0,2026-07-16 16:29:29
XXXX097X6623,4534.0,2026-07-16 16:29:29
XXXX097X6807,5788.0,2026-07-16 16:29:29
XXXX097X6839,4916.0,2026-07-16 16:29:29
XXXX097X6883,3811.0,2026-07-16 16:29:29
XXXX097X7003,3305.0,2026-07-16 16:29:29
XXXX097X7228,4570.0,2026-07-16 16:29:29
XXXX097X7327,4474.0,2026-07-16 16:29:29
XXXX097X7364,2653.0,2026-07-16 16:29:29
XXXX097X7479,3249.0,2026-07-16 16:29:29
XXXX097X7514,3386.0,2026-07-16 16:29:29
XXXX097X7608,4978.0,2026-07-16 16:29:29
XXXX097X7654,4927.0,2026-07-16 16:29:29
XXXX097X7678,2975.0,2026-07-16 16:29:29
XXXX097X7744,5405.0,2026-07-16 16:29:29
XXXX097X8123,7081.0,2026-07-16 16:29:29
XXXX097X8245,2560.0,2026-07-16 16:29:29
XXXX097X8307,2720.0,2026-07-16 16:29:29
XXXX097X8390,4373.0,2026-07-16 16:29:29
XXXX097X8485,2994.0,2026-07-16 16:29:29
XXXX097X8529,6769.0,2026-07-16 16:29:29
XXXX097X8628,6326.0,2026-07-16 16:29:29
XXXX097X8859,3509.0,2026-07-16 16:29:29
XXXX097X8919,8262.0,2026-07-16 16:29:29
XXXX097X9037,4052.0,2026-07-16 16:29:29
XXXX097X9079,3263.0,2026-07-16 16:29:29
XXXX097X9139,3897.0,2026-07-16 16:29:29
XXXX097X9213,3034.0,2026-07-16 16:29:29
XXXX097X9236,5296.0,2026-07-16 16:29:29
XXXX097X9327,7746.0,2026-07-16 16:29:29
XXXX097X9352,4291.0,2026-07-16 16:29:29
XXXX097X9459,3322.0,2026-07-16 16:29:29
XXXX097X9662,3885.0,2026-07-16 16:29:29
XXXX097X9817,4941.0,2026-07-16 16:29:29
XXXX097X9831,4106.0,2026-07-16 16:29:29
XXXX097X9908,5794.0,2026-07-16 16:29:29
XXXX097X9948,4086.0,2026-07-16 16:29:29
XXXX097X9962,2978.0,2026-07-16 16:29:29
XXXX097X9994,5764.0,2026-07-16 16:29:29
XXXX098X0267,4306.0,2026-07-16 16:29:29
XXXX098X0281,2359.0,2026-07-16 16:29:29
XXXX098X5215,3073.0,2026-07-16 16:29:29
XXXX098X5564,5226.0,2026-07-16 16:29:29
XXXX098X6066,4007.0,2026-07-16 16:29:29
XXXX098X6783,6857.0,2026-07-16 16:29:29
XXXX098X6837,3380.0,2026-07-16 16:29:29
XXXX098X7988,3257.0,2026-07-16 16:29:29
XXXX100X0285,4249.0,2026-07-16 16:29:29
XXXX100X0762,4702.0,2026-07-16 16:29:29
XXXX100X1383,2464.0,2026-07-16 16:29:29
XXXX100X1426,4664.0,2026-07-16 16:29:29
XXXX100X1567,4635.0,2026-07-16 16:29:29
XXXX100X1602,4192.0,2026-07-16 16:29:29
XXXX100X1994,3149.0,2026-07-16 16:29:29
XXXX100X2260,2935.0,2026-07-16 16:29:29
XXXX100X2708,3737.0,2026-07-16 16:29:29
XXXX100X2780,4151.0,2026-07-16 16:29:29
XXXX100X3117,4793.0,2026-07-16 16:29:29
XXXX100X3737,2511.0,2026-07-16 16:29:29
XXXX100X4025,4898.0,2026-07-16 16:29:29
XXXX100X4301,4715.0,2026-07-16 16:29:29
XXXX100X4596,3982.0,2026-07-16 16:29:29
XXXX100X4706,4977.0,2026-07-16 16:29:29
XXXX100X4715,5350.0,2026-07-16 16:29:29
XXXX100X4736,5061.0,2026-07-16 16:29:29
XXXX100X4900,4223.0,2026-07-16 16:29:29
XXXX100X5009,4914.0,2026-07-16 16:29:29
XXXX100X5124,2630.0,2026-07-16 16:29:29
XXXX100X5133,6182.0,2026-07-16 16:29:29
XXXX100X5228,4842.0,2026-07-16 16:29:29
XXXX100X5316,5644.0,2026-07-16 16:29:29
XXXX100X5814,4240.0,2026-07-16 16:29:29
XXXX100X5887,3731.0,2026-07-16 16:29:29
XXXX100X6758,5995.0,2026-07-16 16:29:29
XXXX100X6895,6921.0,2026-07-16 16:29:29
XXXX100X7122,3242.0,2026-07-16 16:29:29
XXXX100X7335,5597.0,2026-07-16 16:29:29
XXXX100X7645,5213.0,2026-07-16 16:29:29
XXXX100X7697,7075.0,2026-07-16 16:29:29
XXXX100X7900,5033.0,2026-07-16 16:29:29
XXXX100X7943,4671.0,2026-07-16 16:29:29
XXXX100X8130,6503.0,2026-07-16 16:29:29
XXXX100X8158,4799.0,2026-07-16 16:29:29
XXXX100X8395,4371.0,2026-07-16 16:29:29
XXXX100X8614,4877.0,2026-07-16 16:29:29
XXXX100X9340,6693.0,2026-07-16 16:29:29
XXXX101X0101,4690.0,2026-07-16 16:29:29
XXXX101X0135,3488.0,2026-07-16 16:29:29
XXXX101X0712,5596.0,2026-07-16 16:29:29
XXXX101X0797,8025.0,2026-07-16 16:29:29
XXXX101X1173,2908.0,2026-07-16 16:29:29
XXXX101X1505,5648.0,2026-07-16 16:29:29
XXXX101X1592,5031.0,2026-07-16 16:29:29
XXXX101X1641,3292.0,2026-07-16 16:29:29
XXXX101X1741,3924.0,2026-07-16 16:29:29
XXXX101X2014,3687.0,2026-07-16 16:29:29
XXXX101X2139,5071.0,2026-07-16 16:29:29
XXXX101X2446,5248.0,2026-07-16 16:29:29
XXXX101X2565,4248.0,2026-07-16 16:29:29
XXXX101X2607,3467.0,2026-07-16 16:29:29
XXXX101X3029,3652.0,2026-07-16 16:29:29
XXXX101X3248,3238.0,2026-07-16 16:29:29
XXXX101X3275,2763.0,2026-07-16 16:29:29
XXXX101X3716,4303.0,2026-07-16 16:29:29
XXXX101X3770,3453.0,2026-07-16 16:29:29
XXXX101X3910,6978.0,2026-07-16 16:29:29
XXXX101X4046,3492.0,2026-07-16 16:29:29
XXXX101X4562,6108.0,2026-07-16 16:29:29
XXXX101X4618,5537.0,2026-07-16 16:29:29
XXXX101X4627,4316.0,2026-07-16 16:29:29
XXXX101X4812,7594.0,2026-07-16 16:29:29
XXXX101X5343,6978.0,2026-07-16 16:29:29
XXXX101X5792,2594.0,2026-07-16 16:29:29
XXXX101X6148,6394.0,2026-07-16 16:29:29
XXXX101X6290,4824.0,2026-07-16 16:29:29
XXXX101X6339,3981.0,2026-07-16 16:29:29
XXXX101X6442,3586.0,2026-07-16 16:29:29
XXXX101X6840,3952.0,2026-07-16 16:29:29
XXXX101X6847,4974.0,2026-07-16 16:29:29
XXXX101X7028,7053.0,2026-07-16 16:29:29
XXXX101X7140,3375.0,2026-07-16 16:29:29
XXXX101X7550,5188.0,2026-07-16 16:29:29
XXXX101X8486,3456.0,2026-07-16 16:29:29
XXXX101X8522,4853.0,2026-07-16 16:29:29
XXXX101X8656,3329.0,2026-07-16 16:29:29
XXXX101X8735,5505.0,2026-07-16 16:29:29
XXXX101X9318,5135.0,2026-07-16 16:29:29
XXXX101X9379,4586.0,2026-07-16 16:29:29
XXXX101X9397,6479.0,2026-07-16 16:29:29
XXXX101X9468,2397.0,2026-07-16 16:29:29
XXXX101X9537,3552.0,2026-07-16 16:29:29
XXXX101X9558,4197.0,2026-07-16 16:29:29
XXXX101X9655,3520.0,2026-07-16 16:29:29
XXXX103X0137,5376.0,2026-07-16 16:29:29
XXXX103X0176,4264.0,2026-07-16 16:29:29
XXXX103X0256,3109.0,2026-07-16 16:29:29
XXXX103X0381,4829.0,2026-07-16 16:29:29
XXXX103X0417,4871.0,2026-07-16 16:29:29
XXXX103X0513,3244.0,2026-07-16 16:29:29
XXXX103X0523,5467.0,2026-07-16 16:29:29
XXXX103X0681,5044.0,2026-07-16 16:29:29
XXXX103X0833,3368.0,2026-07-16 16:29:29
XXXX103X0839,5410.0,2026-07-16 16:29:29
XXXX103X1106,5384.0,2026-07-16 16:29:29
XXXX103X1111,4257.0,2026-07-16 16:29:29
XXXX103X1131,6433.0,2026-07-16 16:29:29
XXXX103X1157,3699.0,2026-07-16 16:29:29
XXXX103X1176,3085.0,2026-07-16 16:29:29
XXXX103X1236,3676.0,2026-07-16 16:29:29
XXXX103X1265,3426.0,2026-07-16 16:29:29
XXXX103X1346,3901.0,2026-07-16 16:29:29
XXXX103X1406,3448.0,2026-07-16 16:29:29
XXXX103X1774,3620.0,2026-07-16 16:29:29
XXXX103X1796,6736.0,2026-07-16 16:29:29
XXXX103X1850,2882.0,2026-07-16 16:29:29
XXXX103X1918,6910.0,2026-07-16 16:29:29
XXXX103X1928,5234.0,2026-07-16 16:29:29
XXXX103X1933,4481.0,2026-07-16 16:29:29
XXXX103X1992,3093.0,2026-07-16 16:29:29
XXXX103X1993,3712.0,2026-07-16 16:29:29
XXXX103X2005,3356.0,2026-07-16 16:29:29
XXXX103X2071,4631.0,2026-07-16 16:29:29
XXXX103X2224,5577.0,2026-07-16 16:29:29
XXXX103X2445,4310.0,2026-07-16 16:29:29
XXXX103X2503,3819.0,2026-07-16 16:29:29
XXXX103X2516,2185.0,2026-07-16 16:29:29
XXXX103X2635,2741.0,2026-07-16 16:29:29
XXXX103X2644,4454.0,2026-07-16 16:29:29
XXXX103X2663,9353.0,2026-07-16 16:29:29
XXXX103X2859,4440.0,2026-07-16 16:29:29
XXXX103X2861,4167.0,2026-07-16 16:29:29
XXXX103X2918,5166.0,2026-07-16 16:29:29
XXXX103X2925,6531.0,2026-07-16 16:29:29
XXXX103X3116,4157.0,2026-07-16 16:29:29
XXXX103X3129,4306.0,2026-07-16 16:29:29
XXXX103X3144,4398.0,2026-07-16 16:29:29
XXXX103X3227,4311.0,2026-07-16 16:29:29
XXXX103X3268,5456.0,2026-07-16 16:29:29
XXXX103X3275,6969.0,2026-07-16 16:29:29
XXXX103X3441,3730.0,2026-07-16 16:29:29
XXXX103X3486,3242.0,2026-07-16 16:29:29
XXXX103X3679,4276.0,2026-07-16 16:29:29
XXXX103X3732,7816.0,2026-07-16 16:29:29
XXXX103X3776,4135.0,2026-07-16 16:29:29
XXXX103X3810,3461.0,2026-07-16 16:29:29
XXXX103X3879,3889.0,2026-07-16 16:29:29
XXXX103X4022,4195.0,2026-07-16 16:29:29
XXXX103X4124,5976.0,2026-07-16 16:29:29
XXXX103X4127,3655.0,2026-07-16 16:29:29
XXXX103X4168,3461.0,2026-07-16 16:29:29
XXXX103X4207,3285.0,2026-07-16 16:29:29
XXXX103X4322,5650.0,2026-07-16 16:29:29
XXXX103X4380,5904.0,2026-07-16 16:29:29
XXXX103X4405,6857.0,2026-07-16 16:29:29
XXXX103X4450,4869.0,2026-07-16 16:29:29
XXXX103X4461,3675.0,2026-07-16 16:29:29
XXXX103X4466,4859.0,2026-07-16 16:29:29
XXXX103X4613,4168.0,2026-07-16 16:29:29
XXXX103X4925,3600.0,2026-07-16 16:29:29
XXXX103X4937,3357.0,2026-07-16 16:29:29
XXXX103X4991,4737.0,2026-07-16 16:29:29
XXXX103X5006,4506.0,2026-07-16 16:29:29
XXXX103X5010,5249.0,2026-07-16 16:29:29
XXXX103X5066,3552.0,2026-07-16 16:29:29
XXXX103X5165,5565.0,2026-07-16 16:29:29
XXXX103X5313,4653.0,2026-07-16 16:29:29
XXXX103X5325,5104.0,2026-07-16 16:29:29
XXXX103X5447,4368.0,2026-07-16 16:29:29
XXXX103X5561,3793.0,2026-07-16 16:29:29
XXXX103X5591,5671.0,2026-07-16 16:29:29
XXXX103X5642,7098.0,2026-07-16 16:29:29
XXXX103X5646,6869.0,2026-07-16 16:29:29
XXXX103X5698,5556.0,2026-07-16 16:29:29
XXXX103X5896,5303.0,2026-07-16 16:29:29
XXXX103X5952,4304.0,2026-07-16 16:29:29
XXXX103X6007,4791.0,2026-07-16 16:29:29
XXXX103X6047,5428.0,2026-07-16 16:29:29
XXXX103X6178,4609.0,2026-07-16 16:29:29
XXXX103X6278,3533.0,2026-07-16 16:29:29
XXXX103X6279,2978.0,2026-07-16 16:29:29
XXXX103X6292,4026.0,2026-07-16 16:29:29
XXXX103X6305,3869.0,2026-07-16 16:29:29
XXXX103X6335,8448.0,2026-07-16 16:29:29
XXXX103X6399,4767.0,2026-07-16 16:29:29
XXXX103X6465,6671.0,2026-07-16 16:29:29
XXXX103X6471,6869.0,2026-07-16 16:29:29
XXXX103X6532,4142.0,2026-07-16 16:29:29
XXXX103X6558,6257.0,2026-07-16 16:29:29
XXXX103X6666,3367.0,2026-07-16 16:29:29
XXXX103X6689,3034.0,2026-07-16 16:29:29
XXXX103X6746,5182.0,2026-07-16 16:29:29
XXXX103X6751,3692.0,2026-07-16 16:29:29
XXXX103X6754,7001.0,2026-07-16 16:29:29
XXXX103X6837,4003.0,2026-07-16 16:29:29
XXXX103X7077,2498.0,2026-07-16 16:29:29
XXXX103X7174,2824.0,2026-07-16 16:29:29
XXXX103X7294,4106.0,2026-07-16 16:29:29
XXXX103X7477,4465.0,2026-07-16 16:29:29
XXXX103X7882,2735.0,2026-07-16 16:29:29
XXXX103X7915,3314.0,2026-07-16 16:29:29
XXXX103X7918,3533.0,2026-07-16 16:29:29
XXXX103X7923,3871.0,2026-07-16 16:29:29
XXXX103X8029,3275.0,2026-07-16 16:29:29
XXXX103X8031,3604.0,2026-07-16 16:29:29
XXXX103X8165,3923.0,2026-07-16 16:29:29
XXXX103X8169,3557.0,2026-07-16 16:29:29
XXXX103X8172,6908.0,2026-07-16 16:29:29
XXXX103X8217,4289.0,2026-07-16 16:29:29
XXXX103X8510,7224.0,2026-07-16 16:29:29
XXXX103X8558,4498.0,2026-07-16 16:29:29
XXXX103X8771,3380.0,2026-07-16 16:29:29
XXXX103X8809,3776.0,2026-07-16 16:29:29
XXXX103X8868,4612.0,2026-07-16 16:29:29
XXXX103X8889,3654.0,2026-07-16 16:29:29
XXXX103X9242,3548.0,2026-07-16 16:29:29
XXXX103X9252,7095.0,2026-07-16 16:29:29
XXXX103X9417,7250.0,2026-07-16 16:29:29
XXXX103X9423,3207.0,2026-07-16 16:29:29
XXXX103X9455,3701.0,2026-07-16 16:29:29
XXXX103X9462,5183.0,2026-07-16 16:29:29
XXXX103X9507,3980.0,2026-07-16 16:29:29
XXXX103X9525,5897.0,2026-07-16 16:29:29
XXXX103X9545,3843.0,2026-07-16 16:29:29
XXXX103X9615,3260.0,2026-07-16 16:29:29
XXXX103X9928,3087.0,2026-07-16 16:29:29
XXXX103X9985,4016.0,2026-07-16 16:29:29
XXXX104X0004,4209.0,2026-07-16 16:29:29
XXXX104X2039,3337.0,2026-07-16 16:29:29
XXXX104X2577,3919.0,2026-07-16 16:29:29
XXXX104X3132,5518.0,2026-07-16 16:29:29
XXXX104X3558,6246.0,2026-07-16 16:29:29
XXXX104X3655,3612.0,2026-07-16 16:29:29
XXXX104X5106,4377.0,2026-07-16 16:29:29
XXXX104X5459,6331.0,2026-07-16 16:29:29
XXXX104X5461,4949.0,2026-07-16 16:29:29
XXXX104X5826,4366.0,2026-07-16 16:29:29
XXXX104X5939,4310.0,2026-07-16 16:29:29
XXXX104X7086,3480.0,2026-07-16 16:29:29
XXXX105X0008,3069.0,2026-07-16 16:29:29
XXXX105X0024,4420.0,2026-07-16 16:29:29
XXXX105X0027,3819.0,2026-07-16 16:29:29
XXXX105X0129,4863.0,2026-07-16 16:29:29
XXXX105X0197,5558.0,2026-07-16 16:29:29
XXXX105X0251,5050.0,2026-07-16 16:29:29
XXXX105X0303,3578.0,2026-07-16 16:29:29
XXXX105X0312,4253.0,2026-07-16 16:29:29
XXXX105X0462,4508.0,2026-07-16 16:29:29
XXXX105X0481,3688.0,2026-07-16 16:29:29
XXXX105X0491,6494.0,2026-07-16 16:29:29
XXXX105X0584,3650.0,2026-07-16 16:29:29
XXXX105X0674,4907.0,2026-07-16 16:29:29
XXXX105X0701,4060.0,2026-07-16 16:29:29
XXXX105X0705,6217.0,2026-07-16 16:29:29
XXXX105X0753,4619.0,2026-07-16 16:29:29
XXXX105X0827,3078.0,2026-07-16 16:29:29
XXXX105X0830,3777.0,2026-07-16 16:29:29
XXXX105X0865,4150.0,2026-07-16 16:29:29
XXXX105X0918,3457.0,2026-07-16 16:29:29
XXXX105X0948,4397.0,2026-07-16 16:29:29
XXXX105X0981,4209.0,2026-07-16 16:29:29
XXXX105X1103,3296.0,2026-07-16 16:29:29
XXXX105X1121,6389.0,2026-07-16 16:29:29
XXXX105X1187,3547.0,2026-07-16 16:29:29
XXXX105X1190,6645.0,2026-07-16 16:29:29
XXXX105X1200,3368.0,2026-07-16 16:29:29
XXXX105X1212,3992.0,2026-07-16 16:29:29
XXXX105X1345,5264.0,2026-07-16 16:29:29
XXXX105X1351,4237.0,2026-07-16 16:29:29
XXXX105X1366,2331.0,2026-07-16 16:29:29
XXXX105X1422,3954.0,2026-07-16 16:29:29
XXXX105X1469,4099.0,2026-07-16 16:29:29
XXXX105X1505,4234.0,2026-07-16 16:29:29
XXXX105X1541,3588.0,2026-07-16 16:29:29
XXXX105X1599,4254.0,2026-07-16 16:29:29
XXXX105X1614,4461.0,2026-07-16 16:29:29
XXXX105X1624,3390.0,2026-07-16 16:29:29
XXXX105X1691,4161.0,2026-07-16 16:29:29
XXXX105X1779,6593.0,2026-07-16 16:29:29
XXXX105X1823,3663.0,2026-07-16 16:29:29
XXXX105X1907,3596.0,2026-07-16 16:29:29
XXXX105X1908,5236.0,2026-07-16 16:29:29
XXXX105X1938,3386.0,2026-07-16 16:29:29
XXXX105X1974,3395.0,2026-07-16 16:29:29
XXXX105X1975,3698.0,2026-07-16 16:29:29
XXXX105X2034,4048.0,2026-07-16 16:29:29
XXXX105X2207,3414.0,2026-07-16 16:29:29
XXXX105X2238,5050.0,2026-07-16 16:29:29
XXXX105X2245,3616.0,2026-07-16 16:29:29
XXXX105X2260,4676.0,2026-07-16 16:29:29
XXXX105X2270,3952.0,2026-07-16 16:29:29
XXXX105X2295,4943.0,2026-07-16 16:29:29
XXXX105X2344,6566.0,2026-07-16 16:29:29
XXXX105X2376,3653.0,2026-07-16 16:29:29
XXXX105X2456,2880.0,2026-07-16 16:29:29
XXXX105X2509,4253.0,2026-07-16 16:29:29
XXXX105X2512,3666.0,2026-07-16 16:29:29
XXXX105X2544,6327.0,2026-07-16 16:29:29
XXXX105X2600,4238.0,2026-07-16 16:29:29
XXXX105X2680,4094.0,2026-07-16 16:29:29
XXXX105X2723,5757.0,2026-07-16 16:29:29
XXXX105X2824,3962.0,2026-07-16 16:29:29
XXXX105X2884,4756.0,2026-07-16 16:29:29
XXXX105X2903,3772.0,2026-07-16 16:29:29
XXXX105X2945,2993.0,2026-07-16 16:29:29
XXXX105X2965,6205.0,2026-07-16 16:29:29
XXXX105X2971,4076.0,2026-07-16 16:29:29
XXXX105X3044,3280.0,2026-07-16 16:29:29
XXXX105X3274,3952.0,2026-07-16 16:29:29
XXXX105X3289,4664.0,2026-07-16 16:29:29
XXXX105X3293,4161.0,2026-07-16 16:29:29
XXXX105X3309,3494.0,2026-07-16 16:29:29
XXXX105X3384,7124.0,2026-07-16 16:29:29
XXXX105X3446,4337.0,2026-07-16 16:29:29
XXXX105X3477,7191.0,2026-07-16 16:29:29
XXXX105X3486,5178.0,2026-07-16 16:29:29
XXXX105X3518,5441.0,2026-07-16 16:29:29
XXXX105X3533,3180.0,2026-07-16 16:29:29
XXXX105X3585,4770.0,2026-07-16 16:29:29
XXXX105X3619,4702.0,2026-07-16 16:29:29
XXXX105X3686,2995.0,2026-07-16 16:29:29
XXXX105X3695,3511.0,2026-07-16 16:29:29
XXXX105X3817,3418.0,2026-07-16 16:29:29
XXXX105X3848,4393.0,2026-07-16 16:29:29
XXXX105X3954,3668.0,2026-07-16 16:29:29
XXXX105X4042,3856.0,2026-07-16 16:29:29
XXXX105X4076,4440.0,2026-07-16 16:29:29
XXXX105X4112,4487.0,2026-07-16 16:29:29
XXXX105X4228,4474.0,2026-07-16 16:29:29
XXXX105X4233,4111.0,2026-07-16 16:29:29
XXXX105X4254,3395.0,2026-07-16 16:29:29
XXXX105X4339,3311.0,2026-07-16 16:29:29
XXXX105X4460,3643.0,2026-07-16 16:29:29
XXXX105X4463,6363.0,2026-07-16 16:29:29
XXXX105X4554,3627.0,2026-07-16 16:29:29
XXXX105X4557,4700.0,2026-07-16 16:29:29
XXXX105X4584,4978.0,2026-07-16 16:29:29
XXXX105X4678,2937.0,2026-07-16 16:29:29
XXXX105X4689,3985.0,2026-07-16 16:29:29
XXXX105X4741,3840.0,2026-07-16 16:29:29
XXXX105X4776,3937.0,2026-07-16 16:29:29
XXXX105X4789,3128.0,2026-07-16 16:29:29
XXXX105X4798,2651.0,2026-07-16 16:29:29
XXXX105X4810,3144.0,2026-07-16 16:29:29
XXXX105X4824,3574.0,2026-07-16 16:29:29
XXXX105X4942,3725.0,2026-07-16 16:29:29
XXXX105X5093,3984.0,2026-07-16 16:29:29
XXXX105X5116,4573.0,2026-07-16 16:29:29
XXXX105X5117,3466.0,2026-07-16 16:29:29
XXXX105X5169,3360.0,2026-07-16 16:29:29
XXXX105X5173,4664.0,2026-07-16 16:29:29
XXXX105X5205,4467.0,2026-07-16 16:29:29
XXXX105X5236,3033.0,2026-07-16 16:29:29
XXXX105X5363,3887.0,2026-07-16 16:29:29
XXXX105X5411,5395.0,2026-07-16 16:29:29
XXXX105X5447,3932.0,2026-07-16 16:29:29
XXXX105X5541,3575.0,2026-07-16 16:29:29
XXXX105X5653,6324.0,2026-07-16 16:29:29
XXXX105X5805,4457.0,2026-07-16 16:29:29
XXXX105X5995,3689.0,2026-07-16 16:29:29
XXXX105X6044,6922.0,2026-07-16 16:29:29
XXXX105X6055,4714.0,2026-07-16 16:29:29
XXXX105X6071,3783.0,2026-07-16 16:29:29
XXXX105X6100,3240.0,2026-07-16 16:29:29
XXXX105X6117,2884.0,2026-07-16 16:29:29
XXXX105X6178,6801.0,2026-07-16 16:29:29
XXXX105X6234,3368.0,2026-07-16 16:29:29
XXXX105X6259,4432.0,2026-07-16 16:29:29
XXXX105X6432,2370.0,2026-07-16 16:29:29
XXXX105X6437,3618.0,2026-07-16 16:29:29
XXXX105X6444,5477.0,2026-07-16 16:29:29
XXXX105X6470,3929.0,2026-07-16 16:29:29
XXXX105X6481,3166.0,2026-07-16 16:29:29
XXXX105X6500,3835.0,2026-07-16 16:29:29
XXXX105X6559,2841.0,2026-07-16 16:29:29
XXXX105X6567,2547.0,2026-07-16 16:29:29
XXXX105X6587,4928.0,2026-07-16 16:29:29
XXXX105X6607,3835.0,2026-07-16 16:29:29
XXXX105X6622,7389.0,2026-07-16 16:29:29
XXXX105X6685,4213.0,2026-07-16 16:29:29
XXXX105X6702,5750.0,2026-07-16 16:29:29
XXXX105X6730,4101.0,2026-07-16 16:29:29
XXXX105X6757,3357.0,2026-07-16 16:29:29
XXXX105X6771,2888.0,2026-07-16 16:29:29
XXXX105X6818,3344.0,2026-07-16 16:29:29
XXXX105X6832,3319.0,2026-07-16 16:29:29
XXXX105X6835,3090.0,2026-07-16 16:29:29
XXXX105X6847,4497.0,2026-07-16 16:29:29
XXXX105X6853,3746.0,2026-07-16 16:29:29
XXXX105X6878,3725.0,2026-07-16 16:29:29
XXXX105X6902,3776.0,2026-07-16 16:29:29
XXXX105X6917,5302.0,2026-07-16 16:29:29
XXXX105X6981,3835.0,2026-07-16 16:29:29
XXXX105X7028,3990.0,2026-07-16 16:29:29
XXXX105X7073,4212.0,2026-07-16 16:29:29
XXXX105X7087,2861.0,2026-07-16 16:29:29
XXXX105X7142,5711.0,2026-07-16 16:29:29
XXXX105X7150,4554.0,2026-07-16 16:29:29
XXXX105X7241,3202.0,2026-07-16 16:29:29
XXXX105X7257,2664.0,2026-07-16 16:29:29
XXXX105X7345,3079.0,2026-07-16 16:29:29
XXXX105X7367,3871.0,2026-07-16 16:29:29
XXXX105X7403,4474.0,2026-07-16 16:29:29
XXXX105X7414,5795.0,2026-07-16 16:29:29
XXXX105X7436,3345.0,2026-07-16 16:29:29
XXXX105X7472,2867.0,2026-07-16 16:29:29
XXXX105X7530,3856.0,2026-07-16 16:29:29
XXXX105X7536,5487.0,2026-07-16 16:29:29
XXXX105X7543,3854.0,2026-07-16 16:29:29
XXXX105X7549,2706.0,2026-07-16 16:29:29
XXXX105X7564,4276.0,2026-07-16 16:29:29
XXXX105X7604,3207.0,2026-07-16 16:29:29
XXXX105X7621,5388.0,2026-07-16 16:29:29
XXXX105X7636,3116.0,2026-07-16 16:29:29
XXXX105X7662,4778.0,2026-07-16 16:29:29
XXXX105X7738,2886.0,2026-07-16 16:29:29
XXXX105X7739,2788.0,2026-07-16 16:29:29
XXXX105X7771,4308.0,2026-07-16 16:29:29
XXXX105X7793,4636.0,2026-07-16 16:29:29
XXXX105X7887,4902.0,2026-07-16 16:29:29
XXXX105X7932,3377.0,2026-07-16 16:29:29
XXXX105X7940,6268.0,2026-07-16 16:29:29
XXXX105X8051,4341.0,2026-07-16 16:29:29
XXXX105X8137,3864.0,2026-07-16 16:29:29
XXXX105X8149,2746.0,2026-07-16 16:29:29
XXXX105X8215,6467.0,2026-07-16 16:29:29
XXXX105X8217,6494.0,2026-07-16 16:29:29
XXXX105X8273,4185.0,2026-07-16 16:29:29
XXXX105X8386,3619.0,2026-07-16 16:29:29
XXXX105X8429,4876.0,2026-07-16 16:29:29
XXXX105X8469,5959.0,2026-07-16 16:29:29
XXXX105X8510,3753.0,2026-07-16 16:29:29
XXXX105X8537,5550.0,2026-07-16 16:29:29
XXXX105X8540,3788.0,2026-07-16 16:29:29
XXXX105X8564,3781.0,2026-07-16 16:29:29
XXXX105X8572,3952.0,2026-07-16 16:29:29
XXXX105X8627,3311.0,2026-07-16 16:29:29
XXXX105X8653,3762.0,2026-07-16 16:29:29
XXXX105X8724,3868.0,2026-07-16 16:29:29
XXXX105X8811,5116.0,2026-07-16 16:29:29
XXXX105X8876,2884.0,2026-07-16 16:29:29
XXXX105X8930,3003.0,2026-07-16 16:29:29
XXXX105X9049,3511.0,2026-07-16 16:29:29
XXXX105X9198,4871.0,2026-07-16 16:29:29
XXXX105X9272,4570.0,2026-07-16 16:29:29
XXXX105X9315,4031.0,2026-07-16 16:29:29
XXXX105X9327,3835.0,2026-07-16 16:29:29
XXXX105X9392,3099.0,2026-07-16 16:29:29
XXXX105X9400,5156.0,2026-07-16 16:29:29
XXXX105X9424,3395.0,2026-07-16 16:29:29
XXXX105X9495,3017.0,2026-07-16 16:29:29
XXXX105X9502,9705.0,2026-07-16 16:29:29
XXXX105X9514,3368.0,2026-07-16 16:29:29
XXXX105X9726,3903.0,2026-07-16 16:29:29
XXXX105X9791,3657.0,2026-07-16 16:29:29
XXXX105X9798,2594.0,2026-07-16 16:29:29
XXXX105X9852,3507.0,2026-07-16 16:29:29
XXXX105X9872,2867.0,2026-07-16 16:29:29
XXXX105X9892,3800.0,2026-07-16 16:29:29
XXXX105X9947,5258.0,2026-07-16 16:29:29
XXXX106X0019,2955.0,2026-07-16 16:29:29
XXXX106X0085,2579.0,2026-07-16 16:29:29
XXXX106X0094,3505.0,2026-07-16 16:29:29
XXXX106X0115,4828.0,2026-07-16 16:29:29
XXXX106X0154,5699.0,2026-07-16 16:29:29
XXXX106X0185,3277.0,2026-07-16 16:29:29
XXXX106X0198,4638.0,2026-07-16 16:29:29
XXXX106X0529,4789.0,2026-07-16 16:29:29
XXXX106X0802,3010.0,2026-07-16 16:29:29
XXXX106X0820,3217.0,2026-07-16 16:29:29
XXXX106X0918,6603.0,2026-07-16 16:29:29
XXXX106X0941,4982.0,2026-07-16 16:29:29
XXXX106X1023,5066.0,2026-07-16 16:29:29
XXXX106X1080,4773.0,2026-07-16 16:29:29
XXXX106X1160,4609.0,2026-07-16 16:29:29
XXXX106X1333,3090.0,2026-07-16 16:29:29
XXXX106X1342,2525.0,2026-07-16 16:29:29
XXXX106X1503,5120.0,2026-07-16 16:29:29
XXXX106X1533,4427.0,2026-07-16 16:29:29
XXXX106X1649,2803.0,2026-07-16 16:29:29
XXXX106X1782,4337.0,2026-07-16 16:29:29
XXXX106X1791,4167.0,2026-07-16 16:29:29
XXXX106X1831,4063.0,2026-07-16 16:29:29
XXXX106X1999,4145.0,2026-07-16 16:29:29
XXXX106X2022,3215.0,2026-07-16 16:29:29
XXXX106X2025,2680.0,2026-07-16 16:29:29
XXXX106X2046,4892.0,2026-07-16 16:29:29
XXXX106X2107,4112.0,2026-07-16 16:29:29
XXXX106X2178,3013.0,2026-07-16 16:29:29
XXXX106X2310,4593.0,2026-07-16 16:29:29
XXXX106X2316,5630.0,2026-07-16 16:29:29
XXXX106X2329,6000.0,2026-07-16 16:29:29
XXXX106X2371,3085.0,2026-07-16 16:29:29
XXXX106X2380,3660.0,2026-07-16 16:29:29
XXXX106X2453,3374.0,2026-07-16 16:29:29
XXXX106X2466,3237.0,2026-07-16 16:29:29
XXXX106X2478,3877.0,2026-07-16 16:29:29
XXXX106X2481,4326.0,2026-07-16 16:29:29
XXXX106X2499,4914.0,2026-07-16 16:29:29
XXXX106X2523,2444.0,2026-07-16 16:29:29
XXXX106X2581,4375.0,2026-07-16 16:29:29
XXXX106X2686,2861.0,2026-07-16 16:29:29
XXXX106X2760,6957.0,2026-07-16 16:29:29
XXXX106X2761,4839.0,2026-07-16 16:29:29
XXXX106X2779,3278.0,2026-07-16 16:29:29
XXXX106X2910,2816.0,2026-07-16 16:29:29
XXXX106X3416,3599.0,2026-07-16 16:29:29
XXXX106X3486,3480.0,2026-07-16 16:29:29
XXXX106X3623,3384.0,2026-07-16 16:29:29
XXXX106X3641,6596.0,2026-07-16 16:29:29
XXXX106X3647,4188.0,2026-07-16 16:29:29
XXXX106X3663,4072.0,2026-07-16 16:29:29
XXXX106X3680,3242.0,2026-07-16 16:29:29
XXXX106X3732,3357.0,2026-07-16 16:29:29
XXXX106X3784,2653.0,2026-07-16 16:29:29
XXXX106X3921,2773.0,2026-07-16 16:29:29
XXXX106X4066,4520.0,2026-07-16 16:29:29
XXXX106X4072,4063.0,2026-07-16 16:29:29
XXXX106X4090,5124.0,2026-07-16 16:29:29
XXXX106X4233,2784.0,2026-07-16 16:29:29
XXXX106X4263,3479.0,2026-07-16 16:29:29
XXXX106X4412,4849.0,2026-07-16 16:29:29
XXXX106X4415,4491.0,2026-07-16 16:29:29
XXXX106X4451,3398.0,2026-07-16 16:29:29
XXXX106X4619,3133.0,2026-07-16 16:29:29
XXXX106X4643,3446.0,2026-07-16 16:29:29
XXXX106X4677,5132.0,2026-07-16 16:29:29
XXXX106X4682,4501.0,2026-07-16 16:29:29
XXXX106X4705,3368.0,2026-07-16 16:29:29
XXXX106X4777,3911.0,2026-07-16 16:29:29
XXXX106X4974,3152.0,2026-07-16 16:29:29
XXXX106X5129,4112.0,2026-07-16 16:29:29
XXXX106X5296,3849.0,2026-07-16 16:29:29
XXXX106X5309,4612.0,2026-07-16 16:29:29
XXXX106X5324,3198.0,2026-07-16 16:29:29
XXXX106X5341,4491.0,2026-07-16 16:29:29
XXXX106X5466,3596.0,2026-07-16 16:29:29
XXXX106X5475,3034.0,2026-07-16 16:29:29
XXXX106X5649,3420.0,2026-07-16 16:29:29
XXXX106X5676,3048.0,2026-07-16 16:29:29
XXXX106X5688,3829.0,2026-07-16 16:29:29
XXXX106X5791,5583.0,2026-07-16 16:29:29
XXXX106X5794,3616.0,2026-07-16 16:29:29
XXXX106X5821,6659.0,2026-07-16 16:29:29
XXXX106X5846,2919.0,2026-07-16 16:29:29
XXXX106X5889,3345.0,2026-07-16 16:29:29
XXXX106X5891,3539.0,2026-07-16 16:29:29
XXXX106X6058,3511.0,2026-07-16 16:29:29
XXXX106X6091,4967.0,2026-07-16 16:29:29
XXXX106X6194,3769.0,2026-07-16 16:29:29
XXXX106X6222,2455.0,2026-07-16 16:29:29
XXXX106X6301,3699.0,2026-07-16 16:29:29
XXXX106X6399,3257.0,2026-07-16 16:29:29
XXXX106X6650,4371.0,2026-07-16 16:29:29
XXXX106X6653,2803.0,2026-07-16 16:29:29
XXXX106X6666,6988.0,2026-07-16 16:29:29
XXXX106X6742,3416.0,2026-07-16 16:29:29
XXXX106X6754,3480.0,2026-07-16 16:29:29
XXXX106X6796,8560.0,2026-07-16 16:29:29
XXXX106X6990,2993.0,2026-07-16 16:29:29
XXXX106X6998,4746.0,2026-07-16 16:29:29
XXXX106X7119,3757.0,2026-07-16 16:29:29
XXXX106X7173,3450.0,2026-07-16 16:29:29
XXXX106X7181,3139.0,2026-07-16 16:29:29
XXXX106X7300,3776.0,2026-07-16 16:29:29
XXXX106X7482,3849.0,2026-07-16 16:29:29
XXXX106X7491,3051.0,2026-07-16 16:29:29
XXXX106X7555,3174.0,2026-07-16 16:29:29
XXXX106X7762,4342.0,2026-07-16 16:29:29
XXXX106X8205,4405.0,2026-07-16 16:29:29
XXXX106X8266,3813.0,2026-07-16 16:29:29
XXXX106X8327,5042.0,2026-07-16 16:29:29
XXXX106X8567,5257.0,2026-07-16 16:29:29
XXXX106X8901,2861.0,2026-07-16 16:29:29
XXXX106X9070,3433.0,2026-07-16 16:29:29
XXXX106X9076,3463.0,2026-07-16 16:29:29
XXXX106X9098,3349.0,2026-07-16 16:29:29
XXXX106X9119,3055.0,2026-07-16 16:29:29
XXXX106X9183,3059.0,2026-07-16 16:29:29
XXXX106X9286,3477.0,2026-07-16 16:29:29
XXXX106X9317,6011.0,2026-07-16 16:29:29
XXXX106X9331,4166.0,2026-07-16 16:29:29
XXXX106X9401,7566.0,2026-07-16 16:29:29
XXXX106X9757,4016.0,2026-07-16 16:29:29
XXXX106X9766,3316.0,2026-07-16 16:29:29
XXXX106X9794,4214.0,2026-07-16 16:29:29
XXXX106X9815,3390.0,2026-07-16 16:29:29
XXXX106X9885,3818.0,2026-07-16 16:29:29
XXXX106X9934,5184.0,2026-07-16 16:29:29
XXXX106X9994,4410.0,2026-07-16 16:29:29
XXXX106X9998,3218.0,2026-07-16 16:29:29
XXXX107X0374,6290.0,2026-07-16 16:29:29
XXXX107X0514,4536.0,2026-07-16 16:29:29
XXXX107X0587,4239.0,2026-07-16 16:29:29
XXXX107X0675,4750.0,2026-07-16 16:29:29
XXXX107X1018,5816.0,2026-07-16 16:29:29
XXXX107X1258,4234.0,2026-07-16 16:29:29
XXXX107X1294,4133.0,2026-07-16 16:29:29
XXXX107X1346,4098.0,2026-07-16 16:29:29
XXXX107X1799,8467.0,2026-07-16 16:29:29
XXXX107X2178,3128.0,2026-07-16 16:29:29
XXXX107X2558,4162.0,2026-07-16 16:29:29
XXXX107X2576,2884.0,2026-07-16 16:29:29
XXXX107X2600,2784.0,2026-07-16 16:29:29
XXXX107X2637,5770.0,2026-07-16 16:29:29
XXXX107X2904,4005.0,2026-07-16 16:29:29
XXXX107X3043,4838.0,2026-07-16 16:29:29
XXXX107X3055,2704.0,2026-07-16 16:29:29
XXXX107X3645,6250.0,2026-07-16 16:29:29
XXXX107X3821,5567.0,2026-07-16 16:29:29
XXXX107X3842,3386.0,2026-07-16 16:29:29
XXXX107X4601,3758.0,2026-07-16 16:29:29
XXXX107X4610,2904.0,2026-07-16 16:29:29
XXXX107X4769,2708.0,2026-07-16 16:29:29
XXXX107X4927,4819.0,2026-07-16 16:29:29
XXXX107X5157,4105.0,2026-07-16 16:29:29
XXXX107X5218,4127.0,2026-07-16 16:29:29
XXXX107X5497,4383.0,2026-07-16 16:29:29
XXXX107X5795,4799.0,2026-07-16 16:29:29
XXXX107X6040,2980.0,2026-07-16 16:29:29
XXXX107X6129,4278.0,2026-07-16 16:29:29
XXXX107X6229,2880.0,2026-07-16 16:29:29
XXXX107X6697,2975.0,2026-07-16 16:29:29
XXXX107X6779,4372.0,2026-07-16 16:29:29
XXXX107X6885,4801.0,2026-07-16 16:29:29
XXXX107X6925,4327.0,2026-07-16 16:29:29
XXXX107X6964,3493.0,2026-07-16 16:29:29
XXXX107X7030,5225.0,2026-07-16 16:29:29
XXXX107X7298,3798.0,2026-07-16 16:29:29
XXXX107X7529,2626.0,2026-07-16 16:29:29
XXXX107X7665,3190.0,2026-07-16 16:29:29
XXXX107X7669,3721.0,2026-07-16 16:29:29
XXXX107X7671,3813.0,2026-07-16 16:29:29
XXXX107X7702,3430.0,2026-07-16 16:29:29
XXXX107X8139,3943.0,2026-07-16 16:29:29
XXXX107X8175,3123.0,2026-07-16 16:29:29
XXXX107X8209,3934.0,2026-07-16 16:29:29
XXXX107X8236,4132.0,2026-07-16 16:29:29
XXXX107X8254,6625.0,2026-07-16 16:29:29
XXXX107X8307,8774.0,2026-07-16 16:29:29
XXXX107X8458,2843.0,2026-07-16 16:29:29
XXXX107X8619,3449.0,2026-07-16 16:29:29
XXXX107X8897,3191.0,2026-07-16 16:29:29
XXXX107X8908,4655.0,2026-07-16 16:29:29
XXXX107X9280,5132.0,2026-07-16 16:29:29
XXXX107X9493,4978.0,2026-07-16 16:29:29
XXXX107X9590,6566.0,2026-07-16 16:29:29
XXXX107X9934,3950.0,2026-07-16 16:29:29
XXXX107X9973,3924.0,2026-07-16 16:29:29
XXXX108X0013,3209.0,2026-07-16 16:29:29
XXXX108X0021,3576.0,2026-07-16 16:29:29
XXXX108X0033,4782.0,2026-07-16 16:29:29
XXXX108X0053,4967.0,2026-07-16 16:29:29
XXXX108X0141,5121.0,2026-07-16 16:29:29
XXXX108X0153,4643.0,2026-07-16 16:29:29
XXXX108X0179,6314.0,2026-07-16 16:29:29
XXXX108X0217,4163.0,2026-07-16 16:29:29
XXXX108X0225,3499.0,2026-07-16 16:29:29
XXXX108X0270,3221.0,2026-07-16 16:29:29
XXXX108X0296,3885.0,2026-07-16 16:29:29
XXXX108X0298,7482.0,2026-07-16 16:29:29
XXXX108X0299,4803.0,2026-07-16 16:29:29
XXXX108X0368,3968.0,2026-07-16 16:29:29
XXXX108X0391,3330.0,2026-07-16 16:29:29
XXXX108X0416,3547.0,2026-07-16 16:29:29
XXXX108X0436,4142.0,2026-07-16 16:29:29
XXXX108X0467,4798.0,2026-07-16 16:29:29
XXXX108X0481,3601.0,2026-07-16 16:29:29
XXXX108X0497,3700.0,2026-07-16 16:29:29
XXXX108X0612,3021.0,2026-07-16 16:29:29
XXXX108X0620,3078.0,2026-07-16 16:29:29
XXXX108X0688,4498.0,2026-07-16 16:29:29
XXXX108X0810,3106.0,2026-07-16 16:29:29
XXXX108X0855,3293.0,2026-07-16 16:29:29
XXXX108X0861,4094.0,2026-07-16 16:29:29
XXXX108X0968,4249.0,2026-07-16 16:29:29
XXXX108X0970,3357.0,2026-07-16 16:29:29
XXXX108X0996,3986.0,2026-07-16 16:29:29
XXXX108X1028,3596.0,2026-07-16 16:29:29
XXXX108X1093,8352.0,2026-07-16 16:29:29
XXXX108X1180,3265.0,2026-07-16 16:29:29
XXXX108X1199,4378.0,2026-07-16 16:29:29
XXXX108X1265,4052.0,2026-07-16 16:29:29
XXXX108X1312,3495.0,2026-07-16 16:29:29
XXXX108X1358,3666.0,2026-07-16 16:29:29
XXXX108X1386,3513.0,2026-07-16 16:29:29
XXXX108X1537,3317.0,2026-07-16 16:29:29
XXXX108X1575,5351.0,2026-07-16 16:29:29
XXXX108X1590,6530.0,2026-07-16 16:29:29
XXXX108X1611,4639.0,2026-07-16 16:29:29
XXXX108X1633,3509.0,2026-07-16 16:29:29
XXXX108X1693,4550.0,2026-07-16 16:29:29
XXXX108X1711,4638.0,2026-07-16 16:29:29
XXXX108X1763,3194.0,2026-07-16 16:29:29
XXXX108X1800,3320.0,2026-07-16 16:29:29
XXXX108X1862,2140.0,2026-07-16 16:29:29
XXXX108X1873,4978.0,2026-07-16 16:29:29
XXXX108X1921,5240.0,2026-07-16 16:29:29
XXXX108X1938,4055.0,2026-07-16 16:29:29
XXXX108X1996,4744.0,2026-07-16 16:29:29
XXXX108X2001,3858.0,2026-07-16 16:29:29
XXXX108X2088,6980.0,2026-07-16 16:29:29
XXXX108X2117,4970.0,2026-07-16 16:29:29
XXXX108X2201,5306.0,2026-07-16 16:29:29
XXXX108X2205,6270.0,2026-07-16 16:29:29
XXXX108X2240,3755.0,2026-07-16 16:29:29
XXXX108X2264,5592.0,2026-07-16 16:29:29
XXXX108X2349,2927.0,2026-07-16 16:29:29
XXXX108X2391,3505.0,2026-07-16 16:29:29
XXXX108X2419,4082.0,2026-07-16 16:29:29
XXXX108X2510,3875.0,2026-07-16 16:29:29
XXXX108X2613,4075.0,2026-07-16 16:29:29
XXXX108X2632,5022.0,2026-07-16 16:29:29
XXXX108X2697,4547.0,2026-07-16 16:29:29
XXXX108X2780,3489.0,2026-07-16 16:29:29
XXXX108X2811,3772.0,2026-07-16 16:29:29
XXXX108X2862,5724.0,2026-07-16 16:29:29
XXXX108X2864,3078.0,2026-07-16 16:29:29
XXXX108X2890,2927.0,2026-07-16 16:29:29
XXXX108X2900,2842.0,2026-07-16 16:29:29
XXXX108X2907,3340.0,2026-07-16 16:29:29
XXXX108X2923,5226.0,2026-07-16 16:29:29
XXXX108X3000,3293.0,2026-07-16 16:29:29
XXXX108X3002,3860.0,2026-07-16 16:29:29
XXXX108X3014,3818.0,2026-07-16 16:29:29
XXXX108X3021,3230.0,2026-07-16 16:29:29
XXXX108X3141,3748.0,2026-07-16 16:29:29
XXXX108X3216,3638.0,2026-07-16 16:29:29
XXXX108X3281,3395.0,2026-07-16 16:29:29
XXXX108X3293,3505.0,2026-07-16 16:29:29
XXXX108X3372,3731.0,2026-07-16 16:29:29
XXXX108X3417,3530.0,2026-07-16 16:29:29
XXXX108X3421,4383.0,2026-07-16 16:29:29
XXXX108X3426,3344.0,2026-07-16 16:29:29
XXXX108X3435,5011.0,2026-07-16 16:29:29
XXXX108X3462,3593.0,2026-07-16 16:29:29
XXXX108X3532,3878.0,2026-07-16 16:29:29
XXXX108X3562,3310.0,2026-07-16 16:29:29
XXXX108X3573,2899.0,2026-07-16 16:29:29
XXXX108X3592,5310.0,2026-07-16 16:29:29
XXXX108X3622,4911.0,2026-07-16 16:29:29
XXXX108X3668,5880.0,2026-07-16 16:29:29
XXXX108X3686,7929.0,2026-07-16 16:29:29
XXXX108X3718,3860.0,2026-07-16 16:29:29
XXXX108X3771,5812.0,2026-07-16 16:29:29
XXXX108X3798,3788.0,2026-07-16 16:29:29
XXXX108X3801,4579.0,2026-07-16 16:29:29
XXXX108X3815,2758.0,2026-07-16 16:29:29
XXXX108X3947,3486.0,2026-07-16 16:29:29
XXXX108X3948,5170.0,2026-07-16 16:29:29
XXXX108X3959,5583.0,2026-07-16 16:29:29
XXXX108X3977,4664.0,2026-07-16 16:29:29
XXXX108X3992,4918.0,2026-07-16 16:29:29
XXXX108X4017,3499.0,2026-07-16 16:29:29
XXXX108X4065,3924.0,2026-07-16 16:29:29
XXXX108X4073,3835.0,2026-07-16 16:29:29
XXXX108X4115,3458.0,2026-07-16 16:29:29
XXXX108X4138,3033.0,2026-07-16 16:29:29
XXXX108X4151,3421.0,2026-07-16 16:29:29
XXXX108X4153,3525.0,2026-07-16 16:29:29
XXXX108X4233,3886.0,2026-07-16 16:29:29
XXXX108X4260,5762.0,2026-07-16 16:29:29
XXXX108X4320,3953.0,2026-07-16 16:29:29
XXXX108X4443,3120.0,2026-07-16 16:29:29
XXXX108X4498,5648.0,2026-07-16 16:29:29
XXXX108X4506,4756.0,2026-07-16 16:29:29
XXXX108X4552,3085.0,2026-07-16 16:29:29
XXXX108X4602,3367.0,2026-07-16 16:29:29
XXXX108X4645,3599.0,2026-07-16 16:29:29
XXXX108X4749,2761.0,2026-07-16 16:29:29
XXXX108X4767,3063.0,2026-07-16 16:29:29
XXXX108X4826,4187.0,2026-07-16 16:29:29
XXXX108X4840,4440.0,2026-07-16 16:29:29
XXXX108X4894,4500.0,2026-07-16 16:29:29
XXXX108X4914,3511.0,2026-07-16 16:29:29
XXXX108X5036,4630.0,2026-07-16 16:29:29
XXXX108X5042,4424.0,2026-07-16 16:29:29
XXXX108X5081,3446.0,2026-07-16 16:29:29
XXXX108X5099,4866.0,2026-07-16 16:29:29
XXXX108X5119,5543.0,2026-07-16 16:29:29
XXXX108X5180,8653.0,2026-07-16 16:29:29
XXXX108X5194,5952.0,2026-07-16 16:29:29
XXXX108X5203,3469.0,2026-07-16 16:29:29
XXXX108X5212,3469.0,2026-07-16 16:29:29
XXXX108X5248,4097.0,2026-07-16 16:29:29
XXXX108X5251,3871.0,2026-07-16 16:29:29
XXXX108X5284,2966.0,2026-07-16 16:29:29
XXXX108X5297,2892.0,2026-07-16 16:29:29
XXXX108X5340,3337.0,2026-07-16 16:29:29
XXXX108X5345,2901.0,2026-07-16 16:29:29
XXXX108X5349,5441.0,2026-07-16 16:29:29
XXXX108X5359,5337.0,2026-07-16 16:29:29
XXXX108X5386,3725.0,2026-07-16 16:29:29
XXXX108X5425,4850.0,2026-07-16 16:29:29
XXXX108X5478,3198.0,2026-07-16 16:29:29
XXXX108X5534,3213.0,2026-07-16 16:29:29
XXXX108X5538,7912.0,2026-07-16 16:29:29
XXXX108X5568,3613.0,2026-07-16 16:29:29
XXXX108X5585,4794.0,2026-07-16 16:29:29
XXXX108X5589,4507.0,2026-07-16 16:29:29
XXXX108X5628,5527.0,2026-07-16 16:29:29
XXXX108X5684,4670.0,2026-07-16 16:29:29
XXXX108X5726,3172.0,2026-07-16 16:29:29
XXXX108X5823,3187.0,2026-07-16 16:29:29
XXXX108X5824,5132.0,2026-07-16 16:29:29
XXXX108X5922,4250.0,2026-07-16 16:29:29
XXXX108X5931,2359.0,2026-07-16 16:29:29
XXXX108X5936,4935.0,2026-07-16 16:29:29
XXXX108X5940,4686.0,2026-07-16 16:29:29
XXXX108X5981,3990.0,2026-07-16 16:29:29
XXXX108X5984,4238.0,2026-07-16 16:29:29
XXXX108X5989,3377.0,2026-07-16 16:29:29
XXXX108X6000,3265.0,2026-07-16 16:29:29
XXXX108X6002,4104.0,2026-07-16 16:29:29
XXXX108X6024,3147.0,2026-07-16 16:29:29
XXXX108X6069,5511.0,2026-07-16 16:29:29
XXXX108X6071,4045.0,2026-07-16 16:29:29
XXXX108X6186,3031.0,2026-07-16 16:29:29
XXXX108X6278,5073.0,2026-07-16 16:29:29
XXXX108X6281,3819.0,2026-07-16 16:29:29
XXXX108X6302,2540.0,2026-07-16 16:29:29
XXXX108X6315,6318.0,2026-07-16 16:29:29
XXXX108X6357,2591.0,2026-07-16 16:29:29
XXXX108X6388,3541.0,2026-07-16 16:29:29
XXXX108X6391,4086.0,2026-07-16 16:29:29
XXXX108X6403,4191.0,2026-07-16 16:29:29
XXXX108X6419,3745.0,2026-07-16 16:29:29
XXXX108X6424,4693.0,2026-07-16 16:29:29
XXXX108X6431,2801.0,2026-07-16 16:29:29
XXXX108X6499,4010.0,2026-07-16 16:29:29
XXXX108X6739,4475.0,2026-07-16 16:29:29
XXXX108X6778,3092.0,2026-07-16 16:29:29
XXXX108X6928,3617.0,2026-07-16 16:29:29
XXXX108X6948,3266.0,2026-07-16 16:29:29
XXXX108X6955,4737.0,2026-07-16 16:29:29
XXXX108X6969,2877.0,2026-07-16 16:29:29
XXXX108X6978,5302.0,2026-07-16 16:29:29
XXXX108X6987,3938.0,2026-07-16 16:29:29
XXXX108X7007,6678.0,2026-07-16 16:29:29
XXXX108X7054,3725.0,2026-07-16 16:29:29
XXXX108X7167,3499.0,2026-07-16 16:29:29
XXXX108X7176,2780.0,2026-07-16 16:29:29
XXXX108X7194,3965.0,2026-07-16 16:29:29
XXXX108X7286,7003.0,2026-07-16 16:29:29
XXXX108X7295,6769.0,2026-07-16 16:29:29
XXXX108X7334,4368.0,2026-07-16 16:29:29
XXXX108X7346,6253.0,2026-07-16 16:29:29
XXXX108X7388,4953.0,2026-07-16 16:29:29
XXXX108X7434,4619.0,2026-07-16 16:29:29
XXXX108X7439,3513.0,2026-07-16 16:29:29
XXXX108X7442,4269.0,2026-07-16 16:29:29
XXXX108X7477,3210.0,2026-07-16 16:29:29
XXXX108X7479,9843.0,2026-07-16 16:29:29
XXXX108X7577,5276.0,2026-07-16 16:29:29
XXXX108X7673,3988.0,2026-07-16 16:29:29
XXXX108X7685,6571.0,2026-07-16 16:29:29
XXXX108X7738,3849.0,2026-07-16 16:29:29
XXXX108X7749,3788.0,2026-07-16 16:29:29
XXXX108X7760,2548.0,2026-07-16 16:29:29
XXXX108X7860,4708.0,2026-07-16 16:29:29
XXXX108X7865,3918.0,2026-07-16 16:29:29
XXXX108X7912,4456.0,2026-07-16 16:29:29
XXXX108X7921,4381.0,2026-07-16 16:29:29
XXXX108X7987,4279.0,2026-07-16 16:29:29
XXXX108X7992,2460.0,2026-07-16 16:29:29
XXXX108X8008,3473.0,2026-07-16 16:29:29
XXXX108X8034,3714.0,2026-07-16 16:29:29
XXXX108X8143,6104.0,2026-07-16 16:29:29
XXXX108X8304,3151.0,2026-07-16 16:29:29
XXXX108X8305,5090.0,2026-07-16 16:29:29
XXXX108X8318,3556.0,2026-07-16 16:29:29
XXXX108X8322,4745.0,2026-07-16 16:29:29
XXXX108X8406,5622.0,2026-07-16 16:29:29
XXXX108X8420,6477.0,2026-07-16 16:29:29
XXXX108X8443,3530.0,2026-07-16 16:29:29
XXXX108X8447,2783.0,2026-07-16 16:29:29
XXXX108X8461,3624.0,2026-07-16 16:29:29
XXXX108X8475,3205.0,2026-07-16 16:29:29
XXXX108X8481,3711.0,2026-07-16 16:29:29
XXXX108X8513,2392.0,2026-07-16 16:29:29
XXXX108X8540,3706.0,2026-07-16 16:29:29
XXXX108X8687,3579.0,2026-07-16 16:29:29
XXXX108X8690,2972.0,2026-07-16 16:29:29
XXXX108X8694,4784.0,2026-07-16 16:29:29
XXXX108X8697,4090.0,2026-07-16 16:29:29
XXXX108X8699,3980.0,2026-07-16 16:29:29
XXXX108X8721,2969.0,2026-07-16 16:29:29
XXXX108X8794,3725.0,2026-07-16 16:29:29
XXXX108X8833,4153.0,2026-07-16 16:29:29
XXXX108X8854,3743.0,2026-07-16 16:29:29
XXXX108X8878,3529.0,2026-07-16 16:29:29
XXXX108X8900,3437.0,2026-07-16 16:29:29
XXXX108X8904,4260.0,2026-07-16 16:29:29
XXXX108X8955,3518.0,2026-07-16 16:29:29
XXXX108X8966,3772.0,2026-07-16 16:29:29
XXXX108X9008,2825.0,2026-07-16 16:29:29
XXXX108X9018,5117.0,2026-07-16 16:29:29
XXXX108X9041,3622.0,2026-07-16 16:29:29
XXXX108X9102,3568.0,2026-07-16 16:29:29
XXXX108X9151,3639.0,2026-07-16 16:29:29
XXXX108X9184,3498.0,2026-07-16 16:29:29
XXXX108X9236,3318.0,2026-07-16 16:29:29
XXXX108X9336,2716.0,2026-07-16 16:29:29
XXXX108X9354,4285.0,2026-07-16 16:29:29
XXXX108X9398,2918.0,2026-07-16 16:29:29
XXXX108X9400,3624.0,2026-07-16 16:29:29
XXXX108X9415,3129.0,2026-07-16 16:29:29
XXXX108X9428,5055.0,2026-07-16 16:29:29
XXXX108X9430,4619.0,2026-07-16 16:29:29
XXXX108X9449,4058.0,2026-07-16 16:29:29
XXXX108X9473,4635.0,2026-07-16 16:29:29
XXXX108X9485,4606.0,2026-07-16 16:29:29
XXXX108X9543,3824.0,2026-07-16 16:29:29
XXXX108X9580,4394.0,2026-07-16 16:29:29
XXXX108X9627,4301.0,2026-07-16 16:29:29
XXXX108X9652,3977.0,2026-07-16 16:29:29
XXXX108X9662,2559.0,2026-07-16 16:29:29
XXXX108X9673,4601.0,2026-07-16 16:29:29
XXXX108X9690,4943.0,2026-07-16 16:29:29
XXXX108X9701,3938.0,2026-07-16 16:29:29
XXXX108X9770,4381.0,2026-07-16 16:29:29
XXXX108X9908,3926.0,2026-07-16 16:29:29
XXXX108X9978,4499.0,2026-07-16 16:29:29
XXXX109X0068,3128.0,2026-07-16 16:29:29
XXXX109X0088,3159.0,2026-07-16 16:29:29
XXXX109X0098,4244.0,2026-07-16 16:29:29
XXXX109X0194,3849.0,2026-07-16 16:29:29
XXXX109X0215,3569.0,2026-07-16 16:29:29
XXXX109X0222,2860.0,2026-07-16 16:29:29
XXXX109X0224,3731.0,2026-07-16 16:29:29
XXXX109X0307,5586.0,2026-07-16 16:29:29
XXXX109X0309,3471.0,2026-07-16 16:29:29
XXXX109X0396,3034.0,2026-07-16 16:29:29
XXXX109X0413,4181.0,2026-07-16 16:29:29
XXXX109X0451,4003.0,2026-07-16 16:29:29
XXXX109X0459,4016.0,2026-07-16 16:29:29
XXXX109X0467,3911.0,2026-07-16 16:29:29
XXXX109X0480,4197.0,2026-07-16 16:29:29
XXXX109X0484,3490.0,2026-07-16 16:29:29
XXXX109X0529,3974.0,2026-07-16 16:29:29
XXXX109X0635,2875.0,2026-07-16 16:29:29
XXXX109X0714,2517.0,2026-07-16 16:29:29
XXXX109X0728,3871.0,2026-07-16 16:29:29
XXXX109X0795,5030.0,2026-07-16 16:29:29
XXXX109X0801,4039.0,2026-07-16 16:29:29
XXXX109X0884,2704.0,2026-07-16 16:29:29
XXXX109X0961,2332.0,2026-07-16 16:29:29
XXXX109X1018,3021.0,2026-07-16 16:29:29
XXXX109X1023,4684.0,2026-07-16 16:29:29
XXXX109X1041,3366.0,2026-07-16 16:29:29
XXXX109X1197,3700.0,2026-07-16 16:29:29
XXXX109X1242,2346.0,2026-07-16 16:29:29
XXXX109X1251,2124.0,2026-07-16 16:29:29
XXXX109X1324,3662.0,2026-07-16 16:29:29
XXXX109X1457,3490.0,2026-07-16 16:29:29
XXXX109X1516,3176.0,2026-07-16 16:29:29
XXXX109X1574,2971.0,2026-07-16 16:29:29
XXXX109X1643,3646.0,2026-07-16 16:29:29
XXXX109X1705,7536.0,2026-07-16 16:29:29
XXXX109X1765,4925.0,2026-07-16 16:29:29
XXXX109X1823,5664.0,2026-07-16 16:29:29
XXXX109X1835,3384.0,2026-07-16 16:29:29
XXXX109X1866,3897.0,2026-07-16 16:29:29
XXXX109X1911,4446.0,2026-07-16 16:29:29
XXXX109X1912,3741.0,2026-07-16 16:29:29
XXXX109X1923,3383.0,2026-07-16 16:29:29
XXXX109X1966,3897.0,2026-07-16 16:29:29
XXXX109X1975,5100.0,2026-07-16 16:29:29
XXXX109X1978,2498.0,2026-07-16 16:29:29
XXXX109X1999,6625.0,2026-07-16 16:29:29
XXXX109X2029,4567.0,2026-07-16 16:29:29
XXXX109X2038,3437.0,2026-07-16 16:29:29
XXXX109X2075,5296.0,2026-07-16 16:29:29
XXXX109X2096,2591.0,2026-07-16 16:29:29
XXXX109X2152,3969.0,2026-07-16 16:29:29
XXXX109X2221,3668.0,2026-07-16 16:29:29
XXXX109X2237,5648.0,2026-07-16 16:29:29
XXXX109X2309,2632.0,2026-07-16 16:29:29
XXXX109X2330,3547.0,2026-07-16 16:29:29
XXXX109X2385,3485.0,2026-07-16 16:29:29
XXXX109X2397,4188.0,2026-07-16 16:29:29
XXXX109X2411,4487.0,2026-07-16 16:29:29
XXXX109X2493,4506.0,2026-07-16 16:29:29
XXXX109X2512,3612.0,2026-07-16 16:29:29
XXXX109X2542,3971.0,2026-07-16 16:29:29
XXXX109X2586,3298.0,2026-07-16 16:29:29
XXXX109X2665,2764.0,2026-07-16 16:29:29
XXXX109X2682,2757.0,2026-07-16 16:29:29
XXXX109X2694,3441.0,2026-07-16 16:29:29
XXXX109X2755,3247.0,2026-07-16 16:29:29
XXXX109X2758,3100.0,2026-07-16 16:29:29
XXXX109X2780,3731.0,2026-07-16 16:29:29
XXXX109X2794,3322.0,2026-07-16 16:29:29
XXXX109X2800,3808.0,2026-07-16 16:29:29
XXXX109X2846,3490.0,2026-07-16 16:29:29
XXXX109X2862,2556.0,2026-07-16 16:29:29
XXXX109X2898,4245.0,2026-07-16 16:29:29
XXXX109X2904,4353.0,2026-07-16 16:29:29
XXXX109X2934,5540.0,2026-07-16 16:29:29
XXXX109X2945,7518.0,2026-07-16 16:29:29
XXXX109X3009,3997.0,2026-07-16 16:29:29
XXXX109X3039,3515.0,2026-07-16 16:29:29
XXXX109X3168,5451.0,2026-07-16 16:29:29
XXXX109X3288,5584.0,2026-07-16 16:29:29
XXXX109X3308,3452.0,2026-07-16 16:29:29
XXXX109X3310,3999.0,2026-07-16 16:29:29
XXXX109X3335,4028.0,2026-07-16 16:29:29
XXXX109X3386,3952.0,2026-07-16 16:29:29
XXXX109X3427,5862.0,2026-07-16 16:29:29
XXXX109X3460,2861.0,2026-07-16 16:29:29
XXXX109X3474,8318.0,2026-07-16 16:29:29
XXXX109X3484,5911.0,2026-07-16 16:29:29
XXXX109X3593,4164.0,2026-07-16 16:29:29
XXXX109X3661,5995.0,2026-07-16 16:29:29
XXXX109X3663,3426.0,2026-07-16 16:29:29
XXXX109X3688,5493.0,2026-07-16 16:29:29
XXXX109X3706,3871.0,2026-07-16 16:29:29
XXXX109X3751,5451.0,2026-07-16 16:29:29
XXXX109X3763,3155.0,2026-07-16 16:29:29
XXXX109X3876,6588.0,2026-07-16 16:29:29
XXXX109X3882,3090.0,2026-07-16 16:29:29
XXXX109X3932,5545.0,2026-07-16 16:29:29
XXXX109X3949,4622.0,2026-07-16 16:29:29
XXXX109X3968,5867.0,2026-07-16 16:29:29
XXXX109X3988,3225.0,2026-07-16 16:29:29
XXXX109X4081,3424.0,2026-07-16 16:29:29
XXXX109X4216,3176.0,2026-07-16 16:29:29
XXXX109X4224,4145.0,2026-07-16 16:29:29
XXXX109X4283,3697.0,2026-07-16 16:29:29
XXXX109X4301,2849.0,2026-07-16 16:29:29
XXXX109X4317,4957.0,2026-07-16 16:29:29
XXXX109X4335,5078.0,2026-07-16 16:29:29
XXXX109X4391,4249.0,2026-07-16 16:29:29
XXXX109X4473,6581.0,2026-07-16 16:29:29
XXXX109X4529,3777.0,2026-07-16 16:29:29
XXXX109X4544,3132.0,2026-07-16 16:29:29
XXXX109X4583,5531.0,2026-07-16 16:29:29
XXXX109X4613,3233.0,2026-07-16 16:29:29
XXXX109X4681,3967.0,2026-07-16 16:29:29
XXXX109X4699,3883.0,2026-07-16 16:29:29
XXXX109X4835,3040.0,2026-07-16 16:29:29
XXXX109X4875,3368.0,2026-07-16 16:29:29
XXXX109X4919,3908.0,2026-07-16 16:29:29
XXXX109X4927,3529.0,2026-07-16 16:29:29
XXXX109X5020,3849.0,2026-07-16 16:29:29
XXXX109X5082,4208.0,2026-07-16 16:29:29
XXXX109X5083,2920.0,2026-07-16 16:29:29
XXXX109X5276,4408.0,2026-07-16 16:29:29
XXXX109X5382,4362.0,2026-07-16 16:29:29
XXXX109X5409,4117.0,2026-07-16 16:29:29
XXXX109X5419,4500.0,2026-07-16 16:29:29
XXXX109X5525,2601.0,2026-07-16 16:29:29
XXXX109X5622,2919.0,2026-07-16 16:29:29
XXXX109X5704,3280.0,2026-07-16 16:29:29
XXXX109X5801,1831.0,2026-07-16 16:29:29
XXXX109X5809,3233.0,2026-07-16 16:29:29
XXXX109X5958,3531.0,2026-07-16 16:29:29
XXXX109X5959,2269.0,2026-07-16 16:29:29
XXXX109X6098,4478.0,2026-07-16 16:29:29
XXXX109X6102,3366.0,2026-07-16 16:29:29
XXXX109X6138,4288.0,2026-07-16 16:29:29
XXXX109X6157,4153.0,2026-07-16 16:29:29
XXXX109X6171,3229.0,2026-07-16 16:29:29
XXXX109X6269,3101.0,2026-07-16 16:29:29
XXXX109X6327,3574.0,2026-07-16 16:29:29
XXXX109X6364,4706.0,2026-07-16 16:29:29
XXXX109X6504,3849.0,2026-07-16 16:29:29
XXXX109X6612,3938.0,2026-07-16 16:29:29
XXXX109X6716,6046.0,2026-07-16 16:29:29
XXXX109X6725,3446.0,2026-07-16 16:29:29
XXXX109X6765,3207.0,2026-07-16 16:29:29
XXXX109X6838,5277.0,2026-07-16 16:29:29
XXXX109X6856,4388.0,2026-07-16 16:29:29
XXXX109X6905,6579.0,2026-07-16 16:29:29
XXXX109X6929,4872.0,2026-07-16 16:29:29
XXXX109X6965,4663.0,2026-07-16 16:29:29
XXXX109X6992,3505.0,2026-07-16 16:29:29
XXXX109X7128,4341.0,2026-07-16 16:29:29
XXXX109X7208,3467.0,2026-07-16 16:29:29
XXXX109X7220,2975.0,2026-07-16 16:29:29
XXXX109X7234,3770.0,2026-07-16 16:29:29
XXXX109X7248,3279.0,2026-07-16 16:29:29
XXXX109X7318,3319.0,2026-07-16 16:29:29
XXXX109X7362,3547.0,2026-07-16 16:29:29
XXXX109X7416,4364.0,2026-07-16 16:29:29
XXXX109X7434,5431.0,2026-07-16 16:29:29
XXXX109X7446,3266.0,2026-07-16 16:29:29
XXXX109X7452,3128.0,2026-07-16 16:29:29
XXXX109X7458,6079.0,2026-07-16 16:29:29
XXXX109X7470,4126.0,2026-07-16 16:29:29
XXXX109X7479,3688.0,2026-07-16 16:29:29
XXXX109X7541,3579.0,2026-07-16 16:29:29
XXXX109X7542,3156.0,2026-07-16 16:29:29
XXXX109X7651,3873.0,2026-07-16 16:29:29
XXXX109X7723,3712.0,2026-07-16 16:29:29
XXXX109X7741,3996.0,2026-07-16 16:29:29
XXXX109X7774,3389.0,2026-07-16 16:29:29
XXXX109X7789,3080.0,2026-07-16 16:29:29
XXXX109X7806,3755.0,2026-07-16 16:29:29
XXXX109X7872,3197.0,2026-07-16 16:29:29
XXXX109X7890,4308.0,2026-07-16 16:29:29
XXXX109X7950,3938.0,2026-07-16 16:29:29
XXXX109X7961,5124.0,2026-07-16 16:29:29
XXXX109X7965,3038.0,2026-07-16 16:29:29
XXXX109X7993,4619.0,2026-07-16 16:29:29
XXXX109X8021,4183.0,2026-07-16 16:29:29
XXXX109X8028,3971.0,2026-07-16 16:29:29
XXXX109X8039,3887.0,2026-07-16 16:29:29
XXXX109X8043,6901.0,2026-07-16 16:29:29
XXXX109X8102,4082.0,2026-07-16 16:29:29
XXXX109X8120,4804.0,2026-07-16 16:29:29
XXXX109X8205,3977.0,2026-07-16 16:29:29
XXXX109X8220,5757.0,2026-07-16 16:29:29
XXXX109X8256,3286.0,2026-07-16 16:29:29
XXXX109X8260,2323.0,2026-07-16 16:29:29
XXXX109X8292,3394.0,2026-07-16 16:29:29
XXXX109X8301,4663.0,2026-07-16 16:29:29
XXXX109X8302,2590.0,2026-07-16 16:29:29
XXXX109X8314,4311.0,2026-07-16 16:29:29
XXXX109X8354,5389.0,2026-07-16 16:29:29
XXXX109X8426,4593.0,2026-07-16 16:29:29
XXXX109X8429,3939.0,2026-07-16 16:29:29
XXXX109X8449,2169.0,2026-07-16 16:29:29
XXXX109X8458,4731.0,2026-07-16 16:29:29
XXXX109X8464,4721.0,2026-07-16 16:29:29
XXXX109X8473,4392.0,2026-07-16 16:29:29
XXXX109X8543,3056.0,2026-07-16 16:29:29
XXXX109X8554,3485.0,2026-07-16 16:29:29
XXXX109X8572,3458.0,2026-07-16 16:29:29
XXXX109X8573,3662.0,2026-07-16 16:29:29
XXXX109X8605,5878.0,2026-07-16 16:29:29
XXXX109X8629,2617.0,2026-07-16 16:29:29
XXXX109X8647,3542.0,2026-07-16 16:29:29
XXXX109X8704,4107.0,2026-07-16 16:29:29
XXXX109X8753,2629.0,2026-07-16 16:29:29
XXXX109X8838,3624.0,2026-07-16 16:29:29
XXXX109X8886,3755.0,2026-07-16 16:29:29
XXXX109X8889,4962.0,2026-07-16 16:29:29
XXXX109X8905,6327.0,2026-07-16 16:29:29
XXXX109X8948,4799.0,2026-07-16 16:29:29
XXXX109X8950,3298.0,2026-07-16 16:29:29
XXXX109X8978,5171.0,2026-07-16 16:29:29
XXXX109X9031,3322.0,2026-07-16 16:29:29
XXXX109X9080,3561.0,2026-07-16 16:29:29
XXXX109X9171,3452.0,2026-07-16 16:29:29
XXXX109X9187,4959.0,2026-07-16 16:29:29
XXXX109X9238,4509.0,2026-07-16 16:29:29
XXXX109X9274,3251.0,2026-07-16 16:29:29
XXXX109X9365,3326.0,2026-07-16 16:29:29
XXXX109X9380,4772.0,2026-07-16 16:29:29
XXXX109X9424,4353.0,2026-07-16 16:29:29
XXXX109X9435,3547.0,2026-07-16 16:29:29
XXXX109X9450,4405.0,2026-07-16 16:29:29
XXXX109X9462,3059.0,2026-07-16 16:29:29
XXXX109X9545,4002.0,2026-07-16 16:29:29
XXXX109X9601,4745.0,2026-07-16 16:29:29
XXXX109X9642,2943.0,2026-07-16 16:29:29
XXXX109X9654,4670.0,2026-07-16 16:29:29
XXXX109X9681,3149.0,2026-07-16 16:29:29
XXXX109X9712,3923.0,2026-07-16 16:29:29
XXXX109X9723,4603.0,2026-07-16 16:29:29
XXXX109X9724,5234.0,2026-07-16 16:29:29
XXXX109X9812,6096.0,2026-07-16 16:29:29
XXXX109X9912,4196.0,2026-07-16 16:29:29
XXXX109X9925,4085.0,2026-07-16 16:29:29
XXXX109X9952,5031.0,2026-07-16 16:29:29
XXXX109X9963,5665.0,2026-07-16 16:29:29
XXXX109X9975,3557.0,2026-07-16 16:29:29
XXXX110X0275,4388.0,2026-07-16 16:29:29
XXXX110X1204,3575.0,2026-07-16 16:29:29
XXXX110X4973,3340.0,2026-07-16 16:29:29
XXXX110X5644,3280.0,2026-07-16 16:29:29
XXXX110X6120,3803.0,2026-07-16 16:29:29
XXXX110X6263,4274.0,2026-07-16 16:29:29
XXXX110X6430,3136.0,2026-07-16 16:29:29
XXXX110X6661,5231.0,2026-07-16 16:29:29
XXXX110X7022,4296.0,2026-07-16 16:29:29
XXXX110X8483,3627.0,2026-07-16 16:29:29
XXXX111X1213,5055.0,2026-07-16 16:29:29
XXXX111X1788,4506.0,2026-07-16 16:29:29
XXXX111X1849,4237.0,2026-07-16 16:29:29
XXXX111X1964,3566.0,2026-07-16 16:29:29
XXXX111X2237,6158.0,2026-07-16 16:29:29
XXXX111X2255,6921.0,2026-07-16 16:29:29
XXXX111X2887,2606.0,2026-07-16 16:29:29
XXXX111X2957,3902.0,2026-07-16 16:29:29
XXXX111X4475,3788.0,2026-07-16 16:29:29
XXXX111X6485,3536.0,2026-07-16 16:29:29
XXXX111X6555,2645.0,2026-07-16 16:29:29
XXXX111X6652,3328.0,2026-07-16 16:29:29
XXXX111X6683,4619.0,2026-07-16 16:29:29
XXXX111X6735,3930.0,2026-07-16 16:29:29
XXXX111X7280,3349.0,2026-07-16 16:29:29
XXXX111X7679,5219.0,2026-07-16 16:29:29
XXXX111X7828,4003.0,2026-07-16 16:29:29
XXXX111X9996,3884.0,2026-07-16 16:29:29
XXXX112X0460,4039.0,2026-07-16 16:29:29
XXXX112X0860,3645.0,2026-07-16 16:29:29
XXXX112X0926,3755.0,2026-07-16 16:29:29
XXXX112X1076,6503.0,2026-07-16 16:29:29
XXXX112X1237,3250.0,2026-07-16 16:29:29
XXXX112X1502,4178.0,2026-07-16 16:29:29
XXXX112X1909,3601.0,2026-07-16 16:29:29
XXXX112X2041,3291.0,2026-07-16 16:29:29
XXXX112X2513,3093.0,2026-07-16 16:29:29
XXXX112X2555,4218.0,2026-07-16 16:29:29
XXXX112X2564,3767.0,2026-07-16 16:29:29
XXXX112X2616,3451.0,2026-07-16 16:29:29
XXXX112X2716,8348.0,2026-07-16 16:29:29
XXXX112X2720,3814.0,2026-07-16 16:29:29
XXXX112X2933,3097.0,2026-07-16 16:29:29
XXXX112X3004,3306.0,2026-07-16 16:29:29
XXXX112X3183,6185.0,2026-07-16 16:29:29
XXXX112X3384,4690.0,2026-07-16 16:29:29
XXXX112X3512,5104.0,2026-07-16 16:29:29
XXXX112X3542,4003.0,2026-07-16 16:29:29
XXXX112X3566,3949.0,2026-07-16 16:29:29
XXXX112X3603,3845.0,2026-07-16 16:29:29
XXXX112X3612,3352.0,2026-07-16 16:29:29
XXXX112X3642,6897.0,2026-07-16 16:29:29
XXXX112X4085,6910.0,2026-07-16 16:29:29
XXXX112X4348,3770.0,2026-07-16 16:29:29
XXXX112X4384,3850.0,2026-07-16 16:29:29
XXXX112X4429,5659.0,2026-07-16 16:29:29
XXXX112X4632,5921.0,2026-07-16 16:29:29
XXXX112X4684,3650.0,2026-07-16 16:29:29
XXXX112X4742,3860.0,2026-07-16 16:29:29
XXXX112X4815,8960.0,2026-07-16 16:29:29
XXXX112X4888,3623.0,2026-07-16 16:29:29
XXXX112X5224,3813.0,2026-07-16 16:29:29
XXXX112X5400,6513.0,2026-07-16 16:29:29
XXXX112X5453,5275.0,2026-07-16 16:29:29
XXXX112X5559,3630.0,2026-07-16 16:29:29
XXXX112X5586,3298.0,2026-07-16 16:29:29
XXXX112X5634,3897.0,2026-07-16 16:29:29
XXXX112X5786,4876.0,2026-07-16 16:29:29
XXXX112X5936,6234.0,2026-07-16 16:29:29
XXXX112X6009,3142.0,2026-07-16 16:29:29
XXXX112X6041,5551.0,2026-07-16 16:29:29
XXXX112X6059,4217.0,2026-07-16 16:29:29
XXXX112X6171,4404.0,2026-07-16 16:29:29
XXXX112X6378,4995.0,2026-07-16 16:29:29
XXXX112X6402,4106.0,2026-07-16 16:29:29
XXXX112X6411,5658.0,2026-07-16 16:29:29
XXXX112X6893,4439.0,2026-07-16 16:29:29
XXXX112X7182,3892.0,2026-07-16 16:29:29
XXXX112X7252,3453.0,2026-07-16 16:29:29
XXXX112X7314,4349.0,2026-07-16 16:29:29
XXXX112X7733,4346.0,2026-07-16 16:29:29
XXXX112X7776,4456.0,2026-07-16 16:29:29
XXXX112X7834,2639.0,2026-07-16 16:29:29
XXXX112X7924,4081.0,2026-07-16 16:29:29
XXXX112X8225,3648.0,2026-07-16 16:29:29
XXXX112X8504,3531.0,2026-07-16 16:29:29
XXXX112X8534,8411.0,2026-07-16 16:29:29
XXXX112X8841,3829.0,2026-07-16 16:29:29
XXXX112X8857,3950.0,2026-07-16 16:29:29
XXXX112X8948,3416.0,2026-07-16 16:29:29
XXXX112X9063,2877.0,2026-07-16 16:29:29
XXXX112X9178,2361.0,2026-07-16 16:29:29
XXXX112X9214,3093.0,2026-07-16 16:29:29
XXXX112X9677,4748.0,2026-07-16 16:29:29
XXXX113X0023,3861.0,2026-07-16 16:29:29
XXXX113X0162,2629.0,2026-07-16 16:29:29
XXXX113X0269,4767.0,2026-07-16 16:29:29
XXXX113X0339,3025.0,2026-07-16 16:29:29
XXXX113X0366,5461.0,2026-07-16 16:29:29
XXXX113X0619,6392.0,2026-07-16 16:29:29
XXXX113X0716,4235.0,2026-07-16 16:29:29
XXXX113X0752,3936.0,2026-07-16 16:29:29
XXXX113X1082,2746.0,2026-07-16 16:29:29
XXXX113X1091,3428.0,2026-07-16 16:29:29
XXXX113X1392,3547.0,2026-07-16 16:29:29
XXXX113X1776,5003.0,2026-07-16 16:29:29
XXXX113X1891,4196.0,2026-07-16 16:29:29
XXXX113X2137,3387.0,2026-07-16 16:29:29
XXXX113X2562,6938.0,2026-07-16 16:29:29
XXXX113X2568,2902.0,2026-07-16 16:29:29
XXXX113X2669,3594.0,2026-07-16 16:29:29
XXXX113X3360,3885.0,2026-07-16 16:29:29
XXXX113X3428,3625.0,2026-07-16 16:29:29
XXXX113X3451,3832.0,2026-07-16 16:29:29
XXXX113X3585,3657.0,2026-07-16 16:29:29
XXXX113X3664,3276.0,2026-07-16 16:29:29
XXXX113X3673,5196.0,2026-07-16 16:29:29
XXXX113X3980,3467.0,2026-07-16 16:29:29
XXXX113X4261,4050.0,2026-07-16 16:29:29
XXXX113X4466,3398.0,2026-07-16 16:29:29
XXXX113X4597,4126.0,2026-07-16 16:29:29
XXXX113X4672,3280.0,2026-07-16 16:29:29
XXXX113X5252,3091.0,2026-07-16 16:29:29
XXXX113X5325,3070.0,2026-07-16 16:29:29
XXXX113X5775,2598.0,2026-07-16 16:29:29
XXXX113X5790,6957.0,2026-07-16 16:29:29
XXXX113X6279,3479.0,2026-07-16 16:29:29
XXXX113X6285,3157.0,2026-07-16 16:29:29
XXXX113X6464,4260.0,2026-07-16 16:29:29
XXXX113X6953,4394.0,2026-07-16 16:29:29
XXXX113X6993,3740.0,2026-07-16 16:29:29
XXXX113X7077,4596.0,2026-07-16 16:29:29
XXXX113X7162,3871.0,2026-07-16 16:29:29
XXXX113X7536,4368.0,2026-07-16 16:29:29
XXXX113X7576,4447.0,2026-07-16 16:29:29
XXXX113X7628,2985.0,2026-07-16 16:29:29
XXXX113X7800,3945.0,2026-07-16 16:29:29
XXXX113X7913,4770.0,2026-07-16 16:29:29
XXXX113X8273,5462.0,2026-07-16 16:29:29
XXXX113X8408,4515.0,2026-07-16 16:29:29
XXXX113X8526,3456.0,2026-07-16 16:29:29
XXXX113X9279,4325.0,2026-07-16 16:29:29
XXXX113X9333,4804.0,2026-07-16 16:29:29
XXXX113X9342,4125.0,2026-07-16 16:29:29
XXXX113X9388,3550.0,2026-07-16 16:29:29
XXXX113X9455,5986.0,2026-07-16 16:29:29
XXXX113X9543,4671.0,2026-07-16 16:29:29
XXXX113X9939,4454.0,2026-07-16 16:29:29
XXXX114X0180,3454.0,2026-07-16 16:29:29
XXXX114X0557,3995.0,2026-07-16 16:29:29
XXXX114X0685,4356.0,2026-07-16 16:29:29
XXXX114X1338,4020.0,2026-07-16 16:29:29
XXXX114X1392,4420.0,2026-07-16 16:29:29
XXXX114X1408,6011.0,2026-07-16 16:29:29
XXXX114X1505,4192.0,2026-07-16 16:29:29
XXXX114X1523,3128.0,2026-07-16 16:29:29
XXXX114X2230,3499.0,2026-07-16 16:29:29
XXXX114X2267,5355.0,2026-07-16 16:29:29
XXXX114X3086,4135.0,2026-07-16 16:29:29
XXXX114X3284,3781.0,2026-07-16 16:29:29
XXXX114X3931,3861.0,2026-07-16 16:29:29
XXXX114X4532,6295.0,2026-07-16 16:29:29
XXXX114X4648,3662.0,2026-07-16 16:29:29
XXXX114X4811,7462.0,2026-07-16 16:29:29
XXXX114X5032,3290.0,2026-07-16 16:29:29
XXXX114X5750,3414.0,2026-07-16 16:29:29
XXXX114X5950,5270.0,2026-07-16 16:29:29
XXXX114X6254,4285.0,2026-07-16 16:29:29
XXXX114X6603,3353.0,2026-07-16 16:29:29
XXXX114X6670,4270.0,2026-07-16 16:29:29
XXXX114X7022,4145.0,2026-07-16 16:29:29
XXXX114X7322,4115.0,2026-07-16 16:29:29
XXXX114X7331,4090.0,2026-07-16 16:29:29
XXXX114X7532,3380.0,2026-07-16 16:29:29
XXXX114X9409,3364.0,2026-07-16 16:29:29
XXXX114X9446,4892.0,2026-07-16 16:29:29
XXXX115X0041,3707.0,2026-07-16 16:29:29
XXXX115X0092,6545.0,2026-07-16 16:29:29
XXXX115X0521,2291.0,2026-07-16 16:29:29
XXXX115X1006,3644.0,2026-07-16 16:29:29
XXXX115X1105,3695.0,2026-07-16 16:29:29
XXXX115X2331,7323.0,2026-07-16 16:29:29
XXXX115X2408,5234.0,2026-07-16 16:29:29
XXXX115X2556,3976.0,2026-07-16 16:29:29
XXXX115X2745,5622.0,2026-07-16 16:29:29
XXXX115X3001,8885.0,2026-07-16 16:29:29
XXXX115X3022,4337.0,2026-07-16 16:29:29
XXXX115X3153,5104.0,2026-07-16 16:29:29
XXXX115X3327,8423.0,2026-07-16 16:29:29
XXXX115X3409,3730.0,2026-07-16 16:29:29
XXXX115X4508,3548.0,2026-07-16 16:29:29
XXXX115X4611,3128.0,2026-07-16 16:29:29
XXXX115X4618,2591.0,2026-07-16 16:29:29
XXXX115X5643,3882.0,2026-07-16 16:29:29
XXXX115X5706,8002.0,2026-07-16 16:29:29
XXXX115X6035,3204.0,2026-07-16 16:29:29
XXXX115X6250,2954.0,2026-07-16 16:29:29
XXXX115X6616,4641.0,2026-07-16 16:29:29
XXXX115X7269,2727.0,2026-07-16 16:29:29
XXXX115X8776,3624.0,2026-07-16 16:29:29
XXXX115X9425,5284.0,2026-07-16 16:29:29
XXXX115X9613,4440.0,2026-07-16 16:29:29
XXXX115X9717,4321.0,2026-07-16 16:29:29
XXXX116X0585,3537.0,2026-07-16 16:29:29
XXXX116X0743,5363.0,2026-07-16 16:29:29
XXXX116X3333,3574.0,2026-07-16 16:29:29
XXXX116X7278,4092.0,2026-07-16 16:29:29
XXXX116X7366,3949.0,2026-07-16 16:29:29
XXXX116X9853,6577.0,2026-07-16 16:29:29
XXXX117X2346,3353.0,2026-07-16 16:29:29
XXXX117X3150,4118.0,2026-07-16 16:29:29
XXXX117X4052,4362.0,2026-07-16 16:29:29
XXXX117X4292,6425.0,2026-07-16 16:29:29
XXXX118X0912,4933.0,2026-07-16 16:29:29
XXXX118X1194,4070.0,2026-07-16 16:29:29
XXXX118X1463,4451.0,2026-07-16 16:29:29
XXXX118X1577,5156.0,2026-07-16 16:29:29
XXXX118X2086,3214.0,2026-07-16 16:29:29
XXXX118X2393,5291.0,2026-07-16 16:29:29
XXXX118X2448,3128.0,2026-07-16 16:29:29
XXXX118X3089,4731.0,2026-07-16 16:29:29
XXXX118X3328,2966.0,2026-07-16 16:29:29
XXXX118X4792,6009.0,2026-07-16 16:29:29
XXXX118X4880,4436.0,2026-07-16 16:29:29
XXXX118X5086,4454.0,2026-07-16 16:29:29
XXXX118X5652,4004.0,2026-07-16 16:29:29
XXXX118X5654,6661.0,2026-07-16 16:29:29
XXXX118X6155,3843.0,2026-07-16 16:29:29
XXXX118X6316,2765.0,2026-07-16 16:29:29
XXXX118X7079,4380.0,2026-07-16 16:29:29
XXXX118X7084,4483.0,2026-07-16 16:29:29
XXXX118X7088,3164.0,2026-07-16 16:29:29
XXXX118X7610,3588.0,2026-07-16 16:29:29
XXXX118X7652,3638.0,2026-07-16 16:29:29
XXXX118X7766,3365.0,2026-07-16 16:29:29
XXXX118X7942,3524.0,2026-07-16 16:29:29
XXXX118X8068,3368.0,2026-07-16 16:29:29
XXXX118X8685,4209.0,2026-07-16 16:29:29
XXXX118X8977,3013.0,2026-07-16 16:29:29
XXXX118X9195,3783.0,2026-07-16 16:29:29
XXXX118X9261,3574.0,2026-07-16 16:29:29
XXXX118X9658,3990.0,2026-07-16 16:29:29
XXXX118X9827,3883.0,2026-07-16 16:29:29
XXXX118X9843,4276.0,2026-07-16 16:29:29
XXXX119X0040,3926.0,2026-07-16 16:29:29
XXXX119X0442,3336.0,2026-07-16 16:29:29
XXXX119X0484,4345.0,2026-07-16 16:29:29
XXXX119X1175,4896.0,2026-07-16 16:29:29
XXXX119X1814,4957.0,2026-07-16 16:29:29
XXXX119X2184,4229.0,2026-07-16 16:29:29
XXXX119X2350,4860.0,2026-07-16 16:29:29
XXXX119X3025,4275.0,2026-07-16 16:29:29
XXXX119X3074,7071.0,2026-07-16 16:29:29
XXXX119X3165,3441.0,2026-07-16 16:29:29
XXXX119X3621,4731.0,2026-07-16 16:29:29
XXXX119X6777,3516.0,2026-07-16 16:29:29
XXXX119X6840,3337.0,2026-07-16 16:29:29
XXXX119X8986,2602.0,2026-07-16 16:29:29
XXXX119X9016,3735.0,2026-07-16 16:29:29
XXXX119X9523,3593.0,2026-07-16 16:29:29
XXXX120X1046,5237.0,2026-07-16 16:29:29
XXXX120X5151,3492.0,2026-07-16 16:29:29
XXXX120X8158,5518.0,2026-07-16 16:29:29
XXXX121X0416,5820.0,2026-07-16 16:29:29
XXXX121X1165,4079.0,2026-07-16 16:29:29
XXXX121X2611,6563.0,2026-07-16 16:29:29
XXXX121X3167,3227.0,2026-07-16 16:29:29
XXXX121X7419,3731.0,2026-07-16 16:29:29
XXXX121X7536,3679.0,2026-07-16 16:29:29
XXXX121X8010,4270.0,2026-07-16 16:29:29
XXXX121X8029,3668.0,2026-07-16 16:29:29
XXXX121X8250,5240.0,2026-07-16 16:29:29
XXXX121X9699,4324.0,2026-07-16 16:29:29
XXXX121X9726,5236.0,2026-07-16 16:29:29
XXXX121X9799,4528.0,2026-07-16 16:29:29
XXXX122X0074,3919.0,2026-07-16 16:29:29
XXXX122X0669,3877.0,2026-07-16 16:29:29
XXXX122X2144,3586.0,2026-07-16 16:29:29
XXXX122X2259,3967.0,2026-07-16 16:29:29
XXXX122X2531,4457.0,2026-07-16 16:29:29
XXXX122X2830,5702.0,2026-07-16 16:29:29
XXXX122X2970,6252.0,2026-07-16 16:29:29
XXXX122X3562,4465.0,2026-07-16 16:29:29
XXXX122X3678,3907.0,2026-07-16 16:29:29
XXXX122X3683,5079.0,2026-07-16 16:29:29
XXXX122X4179,4024.0,2026-07-16 16:29:29
XXXX122X4197,3687.0,2026-07-16 16:29:29
XXXX122X4692,3601.0,2026-07-16 16:29:29
XXXX122X5311,3186.0,2026-07-16 16:29:29
XXXX122X5594,2546.0,2026-07-16 16:29:29
XXXX122X5947,5533.0,2026-07-16 16:29:29
XXXX122X5991,4715.0,2026-07-16 16:29:29
XXXX122X6773,8811.0,2026-07-16 16:29:29
XXXX122X7068,4983.0,2026-07-16 16:29:29
XXXX122X7641,4666.0,2026-07-16 16:29:29
XXXX122X7730,5527.0,2026-07-16 16:29:29
XXXX122X8333,2877.0,2026-07-16 16:29:29
XXXX122X8363,3143.0,2026-07-16 16:29:29
XXXX122X8372,4611.0,2026-07-16 16:29:29
XXXX122X8630,3952.0,2026-07-16 16:29:29
XXXX122X9332,3571.0,2026-07-16 16:29:29
XXXX122X9655,3472.0,2026-07-16 16:29:29
XXXX123X0263,4238.0,2026-07-16 16:29:29
XXXX123X0570,3700.0,2026-07-16 16:29:29
XXXX123X2131,4619.0,2026-07-16 16:29:29
XXXX123X2185,3085.0,2026-07-16 16:29:29
XXXX123X3504,2722.0,2026-07-16 16:29:29
XXXX123X3713,2498.0,2026-07-16 16:29:29
XXXX123X4250,2818.0,2026-07-16 16:29:29
XXXX123X4600,3311.0,2026-07-16 16:29:29
XXXX123X4812,3894.0,2026-07-16 16:29:29
XXXX123X4876,4920.0,2026-07-16 16:29:29
XXXX123X5960,2803.0,2026-07-16 16:29:29
XXXX123X7035,3866.0,2026-07-16 16:29:29
XXXX123X7150,5277.0,2026-07-16 16:29:29
XXXX123X7455,2957.0,2026-07-16 16:29:29
XXXX123X7664,6863.0,2026-07-16 16:29:29
XXXX123X7716,3551.0,2026-07-16 16:29:29
XXXX123X7968,4003.0,2026-07-16 16:29:29
XXXX123X9352,5428.0,2026-07-16 16:29:29
XXXX123X9464,3255.0,2026-07-16 16:29:29
XXXX123X9683,5161.0,2026-07-16 16:29:29
XXXX123X9915,4520.0,2026-07-16 16:29:29
XXXX124X4591,3353.0,2026-07-16 16:29:29
XXXX124X4607,3024.0,2026-07-16 16:29:29
XXXX124X4729,3051.0,2026-07-16 16:29:29
XXXX124X5244,4040.0,2026-07-16 16:29:29
XXXX124X6100,8422.0,2026-07-16 16:29:29
XXXX124X6408,3183.0,2026-07-16 16:29:29
XXXX126X1716,6762.0,2026-07-16 16:29:29
XXXX126X5068,6839.0,2026-07-16 16:29:29
XXXX126X9942,3880.0,2026-07-16 16:29:29
XXXX127X0003,4211.0,2026-07-16 16:29:29
XXXX127X0043,6344.0,2026-07-16 16:29:29
XXXX127X0052,3832.0,2026-07-16 16:29:29
XXXX127X0058,3678.0,2026-07-16 16:29:29
XXXX127X0064,7902.0,2026-07-16 16:29:29
XXXX127X0143,3114.0,2026-07-16 16:29:29
XXXX127X0161,4280.0,2026-07-16 16:29:29
XXXX127X0173,3648.0,2026-07-16 16:29:29
XXXX127X0225,4081.0,2026-07-16 16:29:29
XXXX127X0231,3679.0,2026-07-16 16:29:29
XXXX127X0259,6387.0,2026-07-16 16:29:29
XXXX127X0268,3165.0,2026-07-16 16:29:29
XXXX127X0317,5389.0,2026-07-16 16:29:29
XXXX127X0405,4363.0,2026-07-16 16:29:29
XXXX127X0417,5676.0,2026-07-16 16:29:29
XXXX127X0636,4230.0,2026-07-16 16:29:29
XXXX127X0720,6552.0,2026-07-16 16:29:29
XXXX127X0754,5042.0,2026-07-16 16:29:29
XXXX127X0779,3998.0,2026-07-16 16:29:29
XXXX127X0812,5231.0,2026-07-16 16:29:29
XXXX127X0858,4026.0,2026-07-16 16:29:29
XXXX127X0867,5561.0,2026-07-16 16:29:29
XXXX127X0921,3290.0,2026-07-16 16:29:29
XXXX127X0958,3120.0,2026-07-16 16:29:29
XXXX127X0967,3749.0,2026-07-16 16:29:29
XXXX127X1011,8174.0,2026-07-16 16:29:29
XXXX127X1042,4379.0,2026-07-16 16:29:29
XXXX127X1090,3399.0,2026-07-16 16:29:29
XXXX127X1109,3097.0,2026-07-16 16:29:29
XXXX127X1130,3951.0,2026-07-16 16:29:29
XXXX127X1190,3857.0,2026-07-16 16:29:29
XXXX127X1233,6264.0,2026-07-16 16:29:29
XXXX127X1242,4564.0,2026-07-16 16:29:29
XXXX127X1255,2891.0,2026-07-16 16:29:29
XXXX127X1273,6026.0,2026-07-16 16:29:29
XXXX127X1282,6111.0,2026-07-16 16:29:29
XXXX127X1300,7202.0,2026-07-16 16:29:29
XXXX127X1316,4882.0,2026-07-16 16:29:29
XXXX127X1361,3433.0,2026-07-16 16:29:29
XXXX127X1364,3388.0,2026-07-16 16:29:29
XXXX127X1446,8065.0,2026-07-16 16:29:29
XXXX127X1470,3240.0,2026-07-16 16:29:29
XXXX127X1495,6289.0,2026-07-16 16:29:29
XXXX127X1513,4244.0,2026-07-16 16:29:29
XXXX127X1516,4588.0,2026-07-16 16:29:29
XXXX127X1610,3386.0,2026-07-16 16:29:29
XXXX127X1631,3886.0,2026-07-16 16:29:29
XXXX127X1638,6359.0,2026-07-16 16:29:29
XXXX127X1647,5135.0,2026-07-16 16:29:29
XXXX127X1656,3915.0,2026-07-16 16:29:29
XXXX127X1796,3760.0,2026-07-16 16:29:29
XXXX127X1835,3163.0,2026-07-16 16:29:29
XXXX127X1841,3796.0,2026-07-16 16:29:29
XXXX127X1844,5592.0,2026-07-16 16:29:29
XXXX127X1850,4342.0,2026-07-16 16:29:29
XXXX127X1862,4522.0,2026-07-16 16:29:29
XXXX127X1869,2985.0,2026-07-16 16:29:29
XXXX127X1878,3529.0,2026-07-16 16:29:29
XXXX127X1880,3560.0,2026-07-16 16:29:29
XXXX127X1899,6603.0,2026-07-16 16:29:29
XXXX127X1909,2930.0,2026-07-16 16:29:29
XXXX127X1923,4106.0,2026-07-16 16:29:29
XXXX127X1941,5583.0,2026-07-16 16:29:29
XXXX127X1990,6400.0,2026-07-16 16:29:29
XXXX127X2014,3470.0,2026-07-16 16:29:29
XXXX127X2069,4013.0,2026-07-16 16:29:29
XXXX127X2083,3302.0,2026-07-16 16:29:29
XXXX127X2087,4367.0,2026-07-16 16:29:29
XXXX127X2111,4074.0,2026-07-16 16:29:29
XXXX127X2117,5723.0,2026-07-16 16:29:29
XXXX127X2205,5545.0,2026-07-16 16:29:29
XXXX127X2263,4664.0,2026-07-16 16:29:29
XXXX127X2284,4062.0,2026-07-16 16:29:29
XXXX127X2293,6389.0,2026-07-16 16:29:29
XXXX127X2336,4725.0,2026-07-16 16:29:29
XXXX127X2409,3140.0,2026-07-16 16:29:29
XXXX127X2564,4277.0,2026-07-16 16:29:29
XXXX127X2579,4824.0,2026-07-16 16:29:29
XXXX127X2612,3387.0,2026-07-16 16:29:29
XXXX127X2652,3344.0,2026-07-16 16:29:29
XXXX127X2676,4020.0,2026-07-16 16:29:29
XXXX127X2704,4094.0,2026-07-16 16:29:29
XXXX127X2713,3517.0,2026-07-16 16:29:29
XXXX127X2716,8876.0,2026-07-16 16:29:29
XXXX127X2722,3679.0,2026-07-16 16:29:29
XXXX127X2743,4311.0,2026-07-16 16:29:29
XXXX127X2770,3981.0,2026-07-16 16:29:29
XXXX127X2904,5039.0,2026-07-16 16:29:29
XXXX127X2910,3644.0,2026-07-16 16:29:29
XXXX127X3077,5425.0,2026-07-16 16:29:29
XXXX127X3116,3428.0,2026-07-16 16:29:29
XXXX127X3134,3077.0,2026-07-16 16:29:29
XXXX127X3165,4395.0,2026-07-16 16:29:29
XXXX127X3174,2766.0,2026-07-16 16:29:29
XXXX127X3192,4933.0,2026-07-16 16:29:29
XXXX127X3204,6336.0,2026-07-16 16:29:29
XXXX127X3231,3051.0,2026-07-16 16:29:29
XXXX127X3286,4234.0,2026-07-16 16:29:29
XXXX127X3329,3615.0,2026-07-16 16:29:29
XXXX127X3338,3770.0,2026-07-16 16:29:29
XXXX127X3341,4018.0,2026-07-16 16:29:29
XXXX127X3353,4609.0,2026-07-16 16:29:29
XXXX127X3383,3509.0,2026-07-16 16:29:29
XXXX127X3392,7799.0,2026-07-16 16:29:29
XXXX127X3523,3541.0,2026-07-16 16:29:29
XXXX127X3532,3058.0,2026-07-16 16:29:29
XXXX127X3536,3353.0,2026-07-16 16:29:29
XXXX127X3563,8265.0,2026-07-16 16:29:29
XXXX127X3569,8951.0,2026-07-16 16:29:29
XXXX127X3572,4527.0,2026-07-16 16:29:29
XXXX127X3609,3259.0,2026-07-16 16:29:29
XXXX127X3645,6816.0,2026-07-16 16:29:29
XXXX127X3651,5921.0,2026-07-16 16:29:29
XXXX127X3654,3701.0,2026-07-16 16:29:29
XXXX127X3672,4456.0,2026-07-16 16:29:29
XXXX127X3679,4630.0,2026-07-16 16:29:29
XXXX127X3754,5155.0,2026-07-16 16:29:29
XXXX127X3758,5007.0,2026-07-16 16:29:29
XXXX127X3797,3793.0,2026-07-16 16:29:29
XXXX127X3812,3191.0,2026-07-16 16:29:29
XXXX127X3830,4850.0,2026-07-16 16:29:29
XXXX127X3833,4158.0,2026-07-16 16:29:29
XXXX127X3837,4270.0,2026-07-16 16:29:29
XXXX127X3867,4705.0,2026-07-16 16:29:29
XXXX127X3879,4934.0,2026-07-16 16:29:29
XXXX127X3882,3695.0,2026-07-16 16:29:29
XXXX127X3907,3384.0,2026-07-16 16:29:29
XXXX127X3925,3505.0,2026-07-16 16:29:29
XXXX127X3955,6857.0,2026-07-16 16:29:29
XXXX127X3961,3368.0,2026-07-16 16:29:29
XXXX127X3982,3308.0,2026-07-16 16:29:29
XXXX127X3994,7622.0,2026-07-16 16:29:29
XXXX127X4033,6627.0,2026-07-16 16:29:29
XXXX127X4051,6415.0,2026-07-16 16:29:29
XXXX127X4060,4353.0,2026-07-16 16:29:29
XXXX127X4115,3876.0,2026-07-16 16:29:29
XXXX127X4130,3164.0,2026-07-16 16:29:29
XXXX127X4137,6743.0,2026-07-16 16:29:29
XXXX127X4164,3006.0,2026-07-16 16:29:29
XXXX127X4182,4859.0,2026-07-16 16:29:29
XXXX127X4197,3766.0,2026-07-16 16:29:29
XXXX127X4230,4495.0,2026-07-16 16:29:29
XXXX127X4249,3096.0,2026-07-16 16:29:29
XXXX127X4261,2716.0,2026-07-16 16:29:29
XXXX127X4270,3513.0,2026-07-16 16:29:29
XXXX127X4285,2801.0,2026-07-16 16:29:29
XXXX127X4298,3725.0,2026-07-16 16:29:29
XXXX127X4304,5237.0,2026-07-16 16:29:29
XXXX127X4313,3059.0,2026-07-16 16:29:29
XXXX127X4322,4912.0,2026-07-16 16:29:29
XXXX127X4328,4327.0,2026-07-16 16:29:29
XXXX127X4340,3398.0,2026-07-16 16:29:29
XXXX127X4346,6033.0,2026-07-16 16:29:29
XXXX127X4352,2848.0,2026-07-16 16:29:29
XXXX127X4364,2753.0,2026-07-16 16:29:29
XXXX127X4368,5285.0,2026-07-16 16:29:29
XXXX127X4373,3816.0,2026-07-16 16:29:29
XXXX127X4377,3735.0,2026-07-16 16:29:29
XXXX127X4413,3506.0,2026-07-16 16:29:29
XXXX127X4422,3272.0,2026-07-16 16:29:29
XXXX127X4431,3566.0,2026-07-16 16:29:29
XXXX127X4456,4071.0,2026-07-16 16:29:29
XXXX127X4474,3108.0,2026-07-16 16:29:29
XXXX127X4483,2335.0,2026-07-16 16:29:29
XXXX127X4508,5045.0,2026-07-16 16:29:29
XXXX127X4517,3055.0,2026-07-16 16:29:29
XXXX127X4583,3158.0,2026-07-16 16:29:29
XXXX127X4608,4767.0,2026-07-16 16:29:29
XXXX127X4638,7638.0,2026-07-16 16:29:29
XXXX127X4647,2366.0,2026-07-16 16:29:29
XXXX127X4656,3866.0,2026-07-16 16:29:29
XXXX127X4683,7576.0,2026-07-16 16:29:29
XXXX127X4714,5682.0,2026-07-16 16:29:29
XXXX127X4726,3502.0,2026-07-16 16:29:29
XXXX127X4735,2946.0,2026-07-16 16:29:29
XXXX127X4796,3750.0,2026-07-16 16:29:29
XXXX127X4799,3454.0,2026-07-16 16:29:29
XXXX127X4802,3524.0,2026-07-16 16:29:29
XXXX127X4839,6193.0,2026-07-16 16:29:29
XXXX127X4841,5959.0,2026-07-16 16:29:29
XXXX127X4854,4353.0,2026-07-16 16:29:29
XXXX127X4866,3695.0,2026-07-16 16:29:29
XXXX127X4881,4869.0,2026-07-16 16:29:29
XXXX127X4893,4158.0,2026-07-16 16:29:29
XXXX127X4896,4209.0,2026-07-16 16:29:29
XXXX127X4911,4682.0,2026-07-16 16:29:29
XXXX127X4924,9353.0,2026-07-16 16:29:29
XXXX127X4966,9827.0,2026-07-16 16:29:29
XXXX127X4993,3360.0,2026-07-16 16:29:29
XXXX127X5080,3161.0,2026-07-16 16:29:29
XXXX127X5102,2942.0,2026-07-16 16:29:29
XXXX127X5118,4945.0,2026-07-16 16:29:29
XXXX127X5120,3477.0,2026-07-16 16:29:29
XXXX127X5132,3691.0,2026-07-16 16:29:29
XXXX127X5154,3747.0,2026-07-16 16:29:29
XXXX127X5184,4690.0,2026-07-16 16:29:29
XXXX127X5263,3198.0,2026-07-16 16:29:29
XXXX127X5290,4320.0,2026-07-16 16:29:29
XXXX127X5336,2975.0,2026-07-16 16:29:29
XXXX127X5342,4844.0,2026-07-16 16:29:29
XXXX127X5397,4619.0,2026-07-16 16:29:29
XXXX127X5403,3395.0,2026-07-16 16:29:29
XXXX127X5412,5331.0,2026-07-16 16:29:29
XXXX127X5449,3468.0,2026-07-16 16:29:29
XXXX127X5476,4185.0,2026-07-16 16:29:29
XXXX127X5485,3318.0,2026-07-16 16:29:29
XXXX127X5498,3255.0,2026-07-16 16:29:29
XXXX127X5500,5257.0,2026-07-16 16:29:29
XXXX127X5519,3615.0,2026-07-16 16:29:29
XXXX127X5549,5323.0,2026-07-16 16:29:29
XXXX127X5555,4099.0,2026-07-16 16:29:29
XXXX127X5583,6033.0,2026-07-16 16:29:29
XXXX127X5637,2849.0,2026-07-16 16:29:29
XXXX127X5770,4153.0,2026-07-16 16:29:29
XXXX127X5872,4527.0,2026-07-16 16:29:29
XXXX127X5877,2897.0,2026-07-16 16:29:29
XXXX127X5906,5592.0,2026-07-16 16:29:29
XXXX127X5917,3406.0,2026-07-16 16:29:29
XXXX127X5935,8006.0,2026-07-16 16:29:29
XXXX127X5962,5283.0,2026-07-16 16:29:29
XXXX127X6025,3399.0,2026-07-16 16:29:29
XXXX127X6048,3969.0,2026-07-16 16:29:29
XXXX127X6077,5263.0,2026-07-16 16:29:29
XXXX127X6093,3599.0,2026-07-16 16:29:29
XXXX127X6109,5078.0,2026-07-16 16:29:29
XXXX127X6118,5436.0,2026-07-16 16:29:29
XXXX127X6154,1805.0,2026-07-16 16:29:29
XXXX127X6163,2690.0,2026-07-16 16:29:29
XXXX127X6190,4253.0,2026-07-16 16:29:29
XXXX127X6215,3362.0,2026-07-16 16:29:29
XXXX127X6251,3814.0,2026-07-16 16:29:29
XXXX127X6256,4810.0,2026-07-16 16:29:29
XXXX127X6317,3135.0,2026-07-16 16:29:29
XXXX127X6323,4498.0,2026-07-16 16:29:29
XXXX127X6332,6555.0,2026-07-16 16:29:29
XXXX127X6428,4319.0,2026-07-16 16:29:29
XXXX127X6469,4431.0,2026-07-16 16:29:29
XXXX127X6557,4171.0,2026-07-16 16:29:29
XXXX127X6618,4915.0,2026-07-16 16:29:29
XXXX127X6654,3059.0,2026-07-16 16:29:29
XXXX127X6690,3947.0,2026-07-16 16:29:29
XXXX127X6695,4928.0,2026-07-16 16:29:29
XXXX127X6724,4405.0,2026-07-16 16:29:29
XXXX127X6729,3031.0,2026-07-16 16:29:29
XXXX127X6738,4236.0,2026-07-16 16:29:29
XXXX127X6794,4946.0,2026-07-16 16:29:29
XXXX127X6833,3109.0,2026-07-16 16:29:29
XXXX127X6900,4917.0,2026-07-16 16:29:29
XXXX127X6970,3382.0,2026-07-16 16:29:29
XXXX127X6978,3845.0,2026-07-16 16:29:29
XXXX127X6989,3204.0,2026-07-16 16:29:29
XXXX127X7119,7723.0,2026-07-16 16:29:29
XXXX127X7137,7775.0,2026-07-16 16:29:29
XXXX127X7188,4249.0,2026-07-16 16:29:29
XXXX127X7191,3196.0,2026-07-16 16:29:29
XXXX127X7194,3242.0,2026-07-16 16:29:29
XXXX127X7212,4376.0,2026-07-16 16:29:29
XXXX127X7214,6106.0,2026-07-16 16:29:29
XXXX127X7255,3046.0,2026-07-16 16:29:29
XXXX127X7300,7624.0,2026-07-16 16:29:29
XXXX127X7313,3757.0,2026-07-16 16:29:29
XXXX127X7359,3296.0,2026-07-16 16:29:29
XXXX127X7384,3575.0,2026-07-16 16:29:29
XXXX127X7410,3817.0,2026-07-16 16:29:29
XXXX127X7427,4751.0,2026-07-16 16:29:29
XXXX127X7542,2899.0,2026-07-16 16:29:29
XXXX127X7579,4363.0,2026-07-16 16:29:29
XXXX127X7588,4702.0,2026-07-16 16:29:29
XXXX127X7592,4103.0,2026-07-16 16:29:29
XXXX127X7617,5625.0,2026-07-16 16:29:29
XXXX127X7621,3198.0,2026-07-16 16:29:29
XXXX127X7680,4306.0,2026-07-16 16:29:29
XXXX127X7683,4997.0,2026-07-16 16:29:29
XXXX127X7685,8188.0,2026-07-16 16:29:29
XXXX127X7696,4218.0,2026-07-16 16:29:29
XXXX127X7717,4183.0,2026-07-16 16:29:29
XXXX127X7737,6306.0,2026-07-16 16:29:29
XXXX127X7750,6425.0,2026-07-16 16:29:29
XXXX127X7755,4066.0,2026-07-16 16:29:29
XXXX127X7791,5362.0,2026-07-16 16:29:29
XXXX127X7796,4196.0,2026-07-16 16:29:29
XXXX127X7825,3624.0,2026-07-16 16:29:29
XXXX127X7834,3258.0,2026-07-16 16:29:29
XXXX127X7848,2990.0,2026-07-16 16:29:29
XXXX127X7852,2851.0,2026-07-16 16:29:29
XXXX127X7857,2991.0,2026-07-16 16:29:29
XXXX127X7863,4342.0,2026-07-16 16:29:29
XXXX127X7870,6774.0,2026-07-16 16:29:29
XXXX127X7977,4865.0,2026-07-16 16:29:29
XXXX127X8011,3121.0,2026-07-16 16:29:29
XXXX127X8039,5194.0,2026-07-16 16:29:29
XXXX127X8046,4344.0,2026-07-16 16:29:29
XXXX127X8055,4963.0,2026-07-16 16:29:29
XXXX127X8057,5551.0,2026-07-16 16:29:29
XXXX127X8066,7024.0,2026-07-16 16:29:29
XXXX127X8091,3130.0,2026-07-16 16:29:29
XXXX127X8096,4185.0,2026-07-16 16:29:29
XXXX127X8120,6164.0,2026-07-16 16:29:29
XXXX127X8127,5507.0,2026-07-16 16:29:29
XXXX127X8145,5310.0,2026-07-16 16:29:29
XXXX127X8152,4609.0,2026-07-16 16:29:29
XXXX127X8218,3693.0,2026-07-16 16:29:29
XXXX127X8290,6325.0,2026-07-16 16:29:29
XXXX127X8318,4065.0,2026-07-16 16:29:29
XXXX127X8324,2846.0,2026-07-16 16:29:29
XXXX127X8333,5204.0,2026-07-16 16:29:29
XXXX127X8342,3860.0,2026-07-16 16:29:29
XXXX127X8360,4738.0,2026-07-16 16:29:29
XXXX127X8397,4916.0,2026-07-16 16:29:29
XXXX127X8400,5069.0,2026-07-16 16:29:29
XXXX127X8421,4726.0,2026-07-16 16:29:29
XXXX127X8430,4085.0,2026-07-16 16:29:29
XXXX127X8451,3527.0,2026-07-16 16:29:29
XXXX127X8476,4816.0,2026-07-16 16:29:29
XXXX127X8521,3031.0,2026-07-16 16:29:29
XXXX127X8528,3893.0,2026-07-16 16:29:29
XXXX127X8530,4051.0,2026-07-16 16:29:29
XXXX127X8546,5864.0,2026-07-16 16:29:29
XXXX127X8558,2152.0,2026-07-16 16:29:29
XXXX127X8564,5410.0,2026-07-16 16:29:29
XXXX127X8600,5063.0,2026-07-16 16:29:29
XXXX127X8637,4708.0,2026-07-16 16:29:29
XXXX127X8639,4176.0,2026-07-16 16:29:29
XXXX127X8646,4568.0,2026-07-16 16:29:29
XXXX127X8655,4481.0,2026-07-16 16:29:29
XXXX127X8664,3367.0,2026-07-16 16:29:29
XXXX127X8673,3773.0,2026-07-16 16:29:29
XXXX127X8783,2537.0,2026-07-16 16:29:29
XXXX127X8813,4068.0,2026-07-16 16:29:29
XXXX127X8826,2921.0,2026-07-16 16:29:29
XXXX127X8831,3315.0,2026-07-16 16:29:29
XXXX127X8847,2838.0,2026-07-16 16:29:29
XXXX127X8868,3665.0,2026-07-16 16:29:29
XXXX127X8899,5607.0,2026-07-16 16:29:29
XXXX127X8910,4042.0,2026-07-16 16:29:29
XXXX127X8923,3662.0,2026-07-16 16:29:29
XXXX127X8929,4456.0,2026-07-16 16:29:29
XXXX127X8950,2803.0,2026-07-16 16:29:29
XXXX127X8969,3694.0,2026-07-16 16:29:29
XXXX127X9065,4157.0,2026-07-16 16:29:29
XXXX127X9086,5149.0,2026-07-16 16:29:29
XXXX127X9089,3659.0,2026-07-16 16:29:29
XXXX127X9093,3759.0,2026-07-16 16:29:29
XXXX127X9126,3836.0,2026-07-16 16:29:29
XXXX127X9131,3921.0,2026-07-16 16:29:29
XXXX127X9171,3342.0,2026-07-16 16:29:29
XXXX127X9199,2677.0,2026-07-16 16:29:29
XXXX127X9201,4405.0,2026-07-16 16:29:29
XXXX127X9214,3779.0,2026-07-16 16:29:29
XXXX127X9223,3574.0,2026-07-16 16:29:29
XXXX127X9256,3262.0,2026-07-16 16:29:29
XXXX127X9262,4373.0,2026-07-16 16:29:29
XXXX127X9287,3643.0,2026-07-16 16:29:29
XXXX127X9305,3555.0,2026-07-16 16:29:29
XXXX127X9319,3067.0,2026-07-16 16:29:29
XXXX127X9332,4089.0,2026-07-16 16:29:29
XXXX127X9346,3612.0,2026-07-16 16:29:29
XXXX127X9348,4082.0,2026-07-16 16:29:29
XXXX127X9393,2972.0,2026-07-16 16:29:29
XXXX127X9418,3624.0,2026-07-16 16:29:29
XXXX127X9452,4927.0,2026-07-16 16:29:29
XXXX127X9454,3086.0,2026-07-16 16:29:29
XXXX127X9463,4649.0,2026-07-16 16:29:29
XXXX127X9469,2806.0,2026-07-16 16:29:29
XXXX127X9484,3725.0,2026-07-16 16:29:29
XXXX127X9624,7211.0,2026-07-16 16:29:29
XXXX127X9805,3634.0,2026-07-16 16:29:29
XXXX127X9816,3876.0,2026-07-16 16:29:29
XXXX127X9821,7763.0,2026-07-16 16:29:29
XXXX127X9852,6771.0,2026-07-16 16:29:29
XXXX127X9869,3464.0,2026-07-16 16:29:29
XXXX127X9887,3999.0,2026-07-16 16:29:29
XXXX127X9902,4259.0,2026-07-16 16:29:29
XXXX127X9946,3936.0,2026-07-16 16:29:29
XXXX127X9959,3214.0,2026-07-16 16:29:29
XXXX127X9968,5246.0,2026-07-16 16:29:29
XXXX127X9984,3750.0,2026-07-16 16:29:29
XXXX127X9995,4120.0,2026-07-16 16:29:29
XXXX128X0009,5045.0,2026-07-16 16:29:29
XXXX128X0106,3085.0,2026-07-16 16:29:29
XXXX128X0138,4465.0,2026-07-16 16:29:29
XXXX128X0142,6665.0,2026-07-16 16:29:29
XXXX128X0147,4099.0,2026-07-16 16:29:29
XXXX128X0208,4079.0,2026-07-16 16:29:29
XXXX128X0258,4397.0,2026-07-16 16:29:29
XXXX128X0328,4856.0,2026-07-16 16:29:29
XXXX128X0341,3656.0,2026-07-16 16:29:29
XXXX128X0350,2814.0,2026-07-16 16:29:29
XXXX128X0396,3290.0,2026-07-16 16:29:29
XXXX128X0448,4578.0,2026-07-16 16:29:29
XXXX128X0466,5293.0,2026-07-16 16:29:29
XXXX128X0498,3513.0,2026-07-16 16:29:29
XXXX128X0527,3529.0,2026-07-16 16:29:29
XXXX128X0545,7545.0,2026-07-16 16:29:29
XXXX128X0559,4024.0,2026-07-16 16:29:29
XXXX128X0563,4100.0,2026-07-16 16:29:29
XXXX128X0703,3021.0,2026-07-16 16:29:29
XXXX128X0948,3330.0,2026-07-16 16:29:29
XXXX128X0998,6109.0,2026-07-16 16:29:29
XXXX128X1100,6921.0,2026-07-16 16:29:29
XXXX128X1128,4988.0,2026-07-16 16:29:29
XXXX128X1211,3654.0,2026-07-16 16:29:29
XXXX128X1220,2960.0,2026-07-16 16:29:29
XXXX128X1270,4498.0,2026-07-16 16:29:29
XXXX128X1284,3064.0,2026-07-16 16:29:29
XXXX128X1327,4648.0,2026-07-16 16:29:29
XXXX128X1433,3020.0,2026-07-16 16:29:29
XXXX128X1442,3016.0,2026-07-16 16:29:29
XXXX128X1492,4208.0,2026-07-16 16:29:29
XXXX128X1497,4847.0,2026-07-16 16:29:29
XXXX128X1508,5691.0,2026-07-16 16:29:29
XXXX128X1517,3744.0,2026-07-16 16:29:29
XXXX128X1521,4778.0,2026-07-16 16:29:29
XXXX128X1526,3684.0,2026-07-16 16:29:29
XXXX128X1553,5182.0,2026-07-16 16:29:29
XXXX128X1562,3859.0,2026-07-16 16:29:29
XXXX128X1567,3783.0,2026-07-16 16:29:29
XXXX128X1571,4983.0,2026-07-16 16:29:29
XXXX128X1632,5337.0,2026-07-16 16:29:29
XXXX128X1809,3420.0,2026-07-16 16:29:29
XXXX128X2011,3473.0,2026-07-16 16:29:29
XXXX128X2048,3296.0,2026-07-16 16:29:29
XXXX128X2066,3627.0,2026-07-16 16:29:29
XXXX128X2075,3511.0,2026-07-16 16:29:29
XXXX128X2127,3182.0,2026-07-16 16:29:29
XXXX128X2136,3456.0,2026-07-16 16:29:29
XXXX128X2181,4653.0,2026-07-16 16:29:29
XXXX128X2224,5095.0,2026-07-16 16:29:29
XXXX128X2233,3755.0,2026-07-16 16:29:29
XXXX128X2507,3879.0,2026-07-16 16:29:29
XXXX128X8235,8276.0,2026-07-16 16:29:29
XXXX128X8244,8663.0,2026-07-16 16:29:29
XXXX128X8252,2386.0,2026-07-16 16:29:29
XXXX128X8280,7756.0,2026-07-16 16:29:29
XXXX128X8299,2798.0,2026-07-16 16:29:29
XXXX128X8323,5586.0,2026-07-16 16:29:29
XXXX128X8332,2939.0,2026-07-16 16:29:29
XXXX128X8369,4209.0,2026-07-16 16:29:29
XXXX128X8457,7442.0,2026-07-16 16:29:29
XXXX128X8624,3732.0,2026-07-16 16:29:29
XXXX128X8697,3890.0,2026-07-16 16:29:29
XXXX128X8943,4617.0,2026-07-16 16:29:29
XXXX128X8970,3333.0,2026-07-16 16:29:29
XXXX128X8989,7555.0,2026-07-16 16:29:29
XXXX128X9182,3468.0,2026-07-16 16:29:29
XXXX128X9270,2930.0,2026-07-16 16:29:29
XXXX128X9368,4638.0,2026-07-16 16:29:29
XXXX128X9410,5800.0,2026-07-16 16:29:29
XXXX128X9465,6400.0,2026-07-16 16:29:29
XXXX128X9526,3315.0,2026-07-16 16:29:29
XXXX128X9702,4321.0,2026-07-16 16:29:29
XXXX128X9784,3208.0,2026-07-16 16:29:29
XXXX128X9793,4598.0,2026-07-16 16:29:29
XXXX128X9862,3824.0,2026-07-16 16:29:29
XXXX128X9951,3266.0,2026-07-16 16:29:29
XXXX128X9960,3332.0,2026-07-16 16:29:29
XXXX128X9988,3322.0,2026-07-16 16:29:29
