apac_card_number,amount,payment_datetime
XXXX054X5268,3617.0,2026-05-05 10:33:00.000 +0530
XXXX054X9977,4709.0,2026-05-05 10:33:00.000 +0530
XXXX055X0515,3196.0,2026-05-05 10:33:00.000 +0530
XXXX055X1180,3003.0,2026-05-05 10:33:00.000 +0530
XXXX055X1244,3528.0,2026-05-05 10:33:00.000 +0530
XXXX055X1682,3768.0,2026-05-05 10:33:00.000 +0530
XXXX055X1862,3783.0,2026-05-05 10:33:00.000 +0530
XXXX055X1896,2867.0,2026-05-05 10:33:00.000 +0530
XXXX055X2038,3639.0,2026-05-05 10:33:00.000 +0530
XXXX055X4169,2601.0,2026-05-05 10:33:00.000 +0530
XXXX055X5731,3112.0,2026-05-05 10:33:00.000 +0530
XXXX055X5849,3240.0,2026-05-05 10:33:00.000 +0530
XXXX055X6396,2999.0,2026-05-05 10:33:00.000 +0530
XXXX055X7185,2639.0,2026-05-05 10:33:00.000 +0530
XXXX055X8020,3055.0,2026-05-05 10:33:00.000 +0530
XXXX055X8214,4020.0,2026-05-05 10:33:00.000 +0530
XXXX055X8575,3010.0,2026-05-05 10:33:00.000 +0530
XXXX055X9180,3768.0,2026-05-05 10:33:00.000 +0530
XXXX055X9333,3150.0,2026-05-05 10:33:00.000 +0530
XXXX055X9364,2939.0,2026-05-05 10:33:00.000 +0530
XXXX055X9564,2791.0,2026-05-05 10:33:00.000 +0530
XXXX055X9876,2713.0,2026-05-05 10:33:00.000 +0530
XXXX056X1836,3352.0,2026-05-05 10:33:00.000 +0530
XXXX056X2147,3583.0,2026-05-05 10:33:00.000 +0530
XXXX056X3335,3716.0,2026-05-05 10:33:00.000 +0530
XXXX056X3663,3437.0,2026-05-05 10:33:00.000 +0530
XXXX056X3762,3165.0,2026-05-05 10:33:00.000 +0530
XXXX057X8128,3873.0,2026-05-05 10:33:00.000 +0530
XXXX057X9984,3819.0,2026-05-05 10:33:00.000 +0530
XXXX060X0594,2601.0,2026-05-05 10:33:00.000 +0530
XXXX060X0680,3958.0,2026-05-05 10:33:00.000 +0530
XXXX060X0784,3315.0,2026-05-05 10:33:00.000 +0530
XXXX060X0875,3773.0,2026-05-05 10:33:00.000 +0530
XXXX060X1292,3364.0,2026-05-05 10:33:00.000 +0530
XXXX060X1539,2885.0,2026-05-05 10:33:00.000 +0530
XXXX060X1612,3837.0,2026-05-05 10:33:00.000 +0530
XXXX060X1643,3304.0,2026-05-05 10:33:00.000 +0530
XXXX060X1798,3754.0,2026-05-05 10:33:00.000 +0530
XXXX060X1836,2739.0,2026-05-05 10:33:00.000 +0530
XXXX060X1837,3244.0,2026-05-05 10:33:00.000 +0530
XXXX060X2413,3330.0,2026-05-05 10:33:00.000 +0530
XXXX060X3228,3278.0,2026-05-05 10:33:00.000 +0530
XXXX060X3388,2804.0,2026-05-05 10:33:00.000 +0530
XXXX060X5318,3259.0,2026-05-05 10:33:00.000 +0530
XXXX060X6038,4313.0,2026-05-05 10:33:00.000 +0530
XXXX060X6367,3479.0,2026-05-05 10:33:00.000 +0530
XXXX060X7046,4027.0,2026-05-05 10:33:00.000 +0530
XXXX060X7578,2242.0,2026-05-05 10:33:00.000 +0530
XXXX060X8521,3494.0,2026-05-05 10:33:00.000 +0530
XXXX060X8938,2590.0,2026-05-05 10:33:00.000 +0530
XXXX060X8989,3356.0,2026-05-05 10:33:00.000 +0530
XXXX060X8990,2490.0,2026-05-05 10:33:00.000 +0530
XXXX061X1473,3063.0,2026-05-05 10:33:00.000 +0530
XXXX063X1609,3315.0,2026-05-05 10:33:00.000 +0530
XXXX063X4845,4288.0,2026-05-05 10:33:00.000 +0530
XXXX063X6655,2408.0,2026-05-05 10:33:00.000 +0530
XXXX063X9339,3393.0,2026-05-05 10:33:00.000 +0530
XXXX065X0130,3101.0,2026-05-05 10:33:00.000 +0530
XXXX065X0216,3571.0,2026-05-05 10:33:00.000 +0530
XXXX065X0307,3692.0,2026-05-05 10:33:00.000 +0530
XXXX065X0437,3397.0,2026-05-05 10:33:00.000 +0530
XXXX065X0599,3007.0,2026-05-05 10:33:00.000 +0530
XXXX065X0849,2836.0,2026-05-05 10:33:00.000 +0530
XXXX065X1038,3159.0,2026-05-05 10:33:00.000 +0530
XXXX065X2669,3321.0,2026-05-05 10:33:00.000 +0530
XXXX065X3765,3089.0,2026-05-05 10:33:00.000 +0530
XXXX065X4374,3768.0,2026-05-05 10:33:00.000 +0530
XXXX065X4436,3348.0,2026-05-05 10:33:00.000 +0530
XXXX065X5274,3274.0,2026-05-05 10:33:00.000 +0530
XXXX065X6387,3319.0,2026-05-05 10:33:00.000 +0530
XXXX065X7039,3716.0,2026-05-05 10:33:00.000 +0530
XXXX065X7312,3233.0,2026-05-05 10:33:00.000 +0530
XXXX065X7541,3795.0,2026-05-05 10:33:00.000 +0530
XXXX065X7627,3742.0,2026-05-05 10:33:00.000 +0530
XXXX065X7641,3760.0,2026-05-05 10:33:00.000 +0530
XXXX065X8029,2799.0,2026-05-05 10:33:00.000 +0530
XXXX065X8976,2788.0,2026-05-05 10:33:00.000 +0530
XXXX065X9675,3693.0,2026-05-05 10:33:00.000 +0530
XXXX066X1118,2795.0,2026-05-05 10:33:00.000 +0530
XXXX066X1216,2808.0,2026-05-05 10:33:00.000 +0530
XXXX066X2429,2735.0,2026-05-05 10:33:00.000 +0530
XXXX066X2597,2976.0,2026-05-05 10:33:00.000 +0530
XXXX066X4096,2502.0,2026-05-05 10:33:00.000 +0530
XXXX066X4614,2374.0,2026-05-05 10:33:00.000 +0530
XXXX066X5147,3472.0,2026-05-05 10:33:00.000 +0530
XXXX066X8025,2431.0,2026-05-05 10:33:00.000 +0530
XXXX066X8247,3334.0,2026-05-05 10:33:00.000 +0530
XXXX067X2110,3903.0,2026-05-05 10:33:00.000 +0530
XXXX069X0663,3654.0,2026-05-05 10:33:00.000 +0530
XXXX069X0854,3537.0,2026-05-05 10:33:00.000 +0530
XXXX069X1173,2862.0,2026-05-05 10:33:00.000 +0530
XXXX069X1615,3315.0,2026-05-05 10:33:00.000 +0530
XXXX069X2654,4218.0,2026-05-05 10:33:00.000 +0530
XXXX069X3015,2929.0,2026-05-05 10:33:00.000 +0530
XXXX069X3121,3786.0,2026-05-05 10:33:00.000 +0530
XXXX069X3916,3326.0,2026-05-05 10:33:00.000 +0530
XXXX069X4272,3709.0,2026-05-05 10:33:00.000 +0530
XXXX069X4838,3316.0,2026-05-05 10:33:00.000 +0530
XXXX069X5878,2950.0,2026-05-05 10:33:00.000 +0530
XXXX069X7489,3342.0,2026-05-05 10:33:00.000 +0530
XXXX069X8296,3854.0,2026-05-05 10:33:00.000 +0530
XXXX069X8500,3515.0,2026-05-05 10:33:00.000 +0530
XXXX069X8555,4313.0,2026-05-05 10:33:00.000 +0530
XXXX069X9774,6442.0,2026-05-05 10:33:00.000 +0530
XXXX072X1481,2950.0,2026-05-05 10:33:00.000 +0530
XXXX072X2020,3504.0,2026-05-05 10:33:00.000 +0530
XXXX072X2433,3839.0,2026-05-05 10:33:00.000 +0530
XXXX072X4499,3240.0,2026-05-05 10:33:00.000 +0530
XXXX072X8818,5970.0,2026-05-05 10:33:00.000 +0530
XXXX074X9506,3922.0,2026-05-05 10:33:00.000 +0530
XXXX075X0191,2863.0,2026-05-05 10:33:00.000 +0530
XXXX075X0193,4898.0,2026-05-05 10:33:00.000 +0530
XXXX075X0231,3202.0,2026-05-05 10:33:00.000 +0530
XXXX075X0590,3687.0,2026-05-05 10:33:00.000 +0530
XXXX075X0725,4199.0,2026-05-05 10:33:00.000 +0530
XXXX075X0728,3523.0,2026-05-05 10:33:00.000 +0530
XXXX075X0824,2927.0,2026-05-05 10:33:00.000 +0530
XXXX075X1090,4985.0,2026-05-05 10:33:00.000 +0530
XXXX075X2562,2025.0,2026-05-05 10:33:00.000 +0530
XXXX075X3177,3379.0,2026-05-05 10:33:00.000 +0530
XXXX075X3217,3019.0,2026-05-05 10:33:00.000 +0530
XXXX075X3293,3214.0,2026-05-05 10:33:00.000 +0530
XXXX075X3566,3899.0,2026-05-05 10:33:00.000 +0530
XXXX075X3735,10846.0,2026-05-05 10:33:00.000 +0530
XXXX075X4602,3791.0,2026-05-05 10:33:00.000 +0530
XXXX075X4747,3783.0,2026-05-05 10:33:00.000 +0530
XXXX075X4983,3453.0,2026-05-05 10:33:00.000 +0530
XXXX075X5051,5124.0,2026-05-05 10:33:00.000 +0530
XXXX075X5263,6333.0,2026-05-05 10:33:00.000 +0530
XXXX075X5328,3485.0,2026-05-05 10:33:00.000 +0530
XXXX075X5432,3278.0,2026-05-05 10:33:00.000 +0530
XXXX075X5433,6655.0,2026-05-05 10:33:00.000 +0530
XXXX075X5587,3278.0,2026-05-05 10:33:00.000 +0530
XXXX075X5591,5064.0,2026-05-05 10:33:00.000 +0530
XXXX075X6157,3568.0,2026-05-05 10:33:00.000 +0530
XXXX075X6604,3703.0,2026-05-05 10:33:00.000 +0530
XXXX075X7009,5132.0,2026-05-05 10:33:00.000 +0530
XXXX075X7063,3929.0,2026-05-05 10:33:00.000 +0530
XXXX075X7245,3560.0,2026-05-05 10:33:00.000 +0530
XXXX075X7779,6292.0,2026-05-05 10:33:00.000 +0530
XXXX075X8085,2863.0,2026-05-05 10:33:00.000 +0530
XXXX075X8129,3006.0,2026-05-05 10:33:00.000 +0530
XXXX075X8581,3202.0,2026-05-05 10:33:00.000 +0530
XXXX075X8689,2628.0,2026-05-05 10:33:00.000 +0530
XXXX075X8936,3751.0,2026-05-05 10:33:00.000 +0530
XXXX075X8977,3014.0,2026-05-05 10:33:00.000 +0530
XXXX075X9417,3514.0,2026-05-05 10:33:00.000 +0530
XXXX075X9486,3176.0,2026-05-05 10:33:00.000 +0530
XXXX075X9896,4298.0,2026-05-05 10:33:00.000 +0530
XXXX075X9926,3267.0,2026-05-05 10:33:00.000 +0530
XXXX076X0143,5146.0,2026-05-05 10:33:00.000 +0530
XXXX076X0362,3318.0,2026-05-05 10:33:00.000 +0530
XXXX076X0518,3323.0,2026-05-05 10:33:00.000 +0530
XXXX076X0653,4107.0,2026-05-05 10:33:00.000 +0530
XXXX076X0654,2961.0,2026-05-05 10:33:00.000 +0530
XXXX076X2538,5007.0,2026-05-05 10:33:00.000 +0530
XXXX076X2804,2786.0,2026-05-05 10:33:00.000 +0530
XXXX076X3198,3208.0,2026-05-05 10:33:00.000 +0530
XXXX076X3614,3391.0,2026-05-05 10:33:00.000 +0530
XXXX076X4032,5605.0,2026-05-05 10:33:00.000 +0530
XXXX076X4145,2475.0,2026-05-05 10:33:00.000 +0530
XXXX076X4295,3816.0,2026-05-05 10:33:00.000 +0530
XXXX076X4674,3494.0,2026-05-05 10:33:00.000 +0530
XXXX076X4893,2910.0,2026-05-05 10:33:00.000 +0530
XXXX076X4947,3014.0,2026-05-05 10:33:00.000 +0530
XXXX076X5151,4007.0,2026-05-05 10:33:00.000 +0530
XXXX076X5176,4691.0,2026-05-05 10:33:00.000 +0530
XXXX076X5389,3361.0,2026-05-05 10:33:00.000 +0530
XXXX076X5444,3080.0,2026-05-05 10:33:00.000 +0530
XXXX076X6609,2959.0,2026-05-05 10:33:00.000 +0530
XXXX076X6639,4137.0,2026-05-05 10:33:00.000 +0530
XXXX076X6799,3463.0,2026-05-05 10:33:00.000 +0530
XXXX076X6984,3508.0,2026-05-05 10:33:00.000 +0530
XXXX076X7583,4188.0,2026-05-05 10:33:00.000 +0530
XXXX076X7607,2965.0,2026-05-05 10:33:00.000 +0530
XXXX076X7767,2999.0,2026-05-05 10:33:00.000 +0530
XXXX076X8191,2660.0,2026-05-05 10:33:00.000 +0530
XXXX076X8694,3559.0,2026-05-05 10:33:00.000 +0530
XXXX076X9000,3246.0,2026-05-05 10:33:00.000 +0530
XXXX076X9249,8748.0,2026-05-05 10:33:00.000 +0530
XXXX076X9522,3116.0,2026-05-05 10:33:00.000 +0530
XXXX076X9912,2305.0,2026-05-05 10:33:00.000 +0530
XXXX076X9946,3768.0,2026-05-05 10:33:00.000 +0530
XXXX077X0014,3653.0,2026-05-05 10:33:00.000 +0530
XXXX077X0300,3124.0,2026-05-05 10:33:00.000 +0530
XXXX077X0310,3391.0,2026-05-05 10:33:00.000 +0530
XXXX077X0324,3774.0,2026-05-05 10:33:00.000 +0530
XXXX077X0387,3536.0,2026-05-05 10:33:00.000 +0530
XXXX077X0456,7445.0,2026-05-05 10:33:00.000 +0530
XXXX077X0512,4363.0,2026-05-05 10:33:00.000 +0530
XXXX077X0594,3353.0,2026-05-05 10:33:00.000 +0530
XXXX077X0600,6366.0,2026-05-05 10:33:00.000 +0530
XXXX077X0617,3735.0,2026-05-05 10:33:00.000 +0530
XXXX077X0737,3132.0,2026-05-05 10:33:00.000 +0530
XXXX077X0812,3914.0,2026-05-05 10:33:00.000 +0530
XXXX077X0817,4027.0,2026-05-05 10:33:00.000 +0530
XXXX077X0893,3132.0,2026-05-05 10:33:00.000 +0530
XXXX077X0909,4166.0,2026-05-05 10:33:00.000 +0530
XXXX077X0952,3025.0,2026-05-05 10:33:00.000 +0530
XXXX077X0999,3819.0,2026-05-05 10:33:00.000 +0530
XXXX077X1207,4013.0,2026-05-05 10:33:00.000 +0530
XXXX077X1232,4650.0,2026-05-05 10:33:00.000 +0530
XXXX077X1277,3743.0,2026-05-05 10:33:00.000 +0530
XXXX077X1315,2807.0,2026-05-05 10:33:00.000 +0530
XXXX077X1316,6593.0,2026-05-05 10:33:00.000 +0530
XXXX077X1405,2386.0,2026-05-05 10:33:00.000 +0530
XXXX077X1407,3281.0,2026-05-05 10:33:00.000 +0530
XXXX077X1415,4097.0,2026-05-05 10:33:00.000 +0530
XXXX077X1710,3668.0,2026-05-05 10:33:00.000 +0530
XXXX077X1743,4819.0,2026-05-05 10:33:00.000 +0530
XXXX077X1770,2803.0,2026-05-05 10:33:00.000 +0530
XXXX077X1902,4224.0,2026-05-05 10:33:00.000 +0530
XXXX077X2096,5920.0,2026-05-05 10:33:00.000 +0530
XXXX077X2211,3683.0,2026-05-05 10:33:00.000 +0530
XXXX077X2263,3229.0,2026-05-05 10:33:00.000 +0530
XXXX077X2382,3109.0,2026-05-05 10:33:00.000 +0530
XXXX077X2389,3526.0,2026-05-05 10:33:00.000 +0530
XXXX077X2393,5112.0,2026-05-05 10:33:00.000 +0530
XXXX077X2402,3277.0,2026-05-05 10:33:00.000 +0530
XXXX077X2433,2961.0,2026-05-05 10:33:00.000 +0530
XXXX077X2583,4565.0,2026-05-05 10:33:00.000 +0530
XXXX077X2588,3942.0,2026-05-05 10:33:00.000 +0530
XXXX077X2617,2991.0,2026-05-05 10:33:00.000 +0530
XXXX077X2673,2769.0,2026-05-05 10:33:00.000 +0530
XXXX077X2694,3170.0,2026-05-05 10:33:00.000 +0530
XXXX077X2706,5282.0,2026-05-05 10:33:00.000 +0530
XXXX077X2732,4285.0,2026-05-05 10:33:00.000 +0530
XXXX077X2834,2906.0,2026-05-05 10:33:00.000 +0530
XXXX077X3020,3578.0,2026-05-05 10:33:00.000 +0530
XXXX077X3051,5317.0,2026-05-05 10:33:00.000 +0530
XXXX077X3136,4933.0,2026-05-05 10:33:00.000 +0530
XXXX077X3158,3917.0,2026-05-05 10:33:00.000 +0530
XXXX077X3210,3501.0,2026-05-05 10:33:00.000 +0530
XXXX077X3211,3476.0,2026-05-05 10:33:00.000 +0530
XXXX077X3238,3514.0,2026-05-05 10:33:00.000 +0530
XXXX077X3562,3502.0,2026-05-05 10:33:00.000 +0530
XXXX077X3656,3854.0,2026-05-05 10:33:00.000 +0530
XXXX077X3741,3655.0,2026-05-05 10:33:00.000 +0530
XXXX077X3830,5213.0,2026-05-05 10:33:00.000 +0530
XXXX077X3976,4152.0,2026-05-05 10:33:00.000 +0530
XXXX077X4195,4529.0,2026-05-05 10:33:00.000 +0530
XXXX077X4281,3040.0,2026-05-05 10:33:00.000 +0530
XXXX077X4406,3491.0,2026-05-05 10:33:00.000 +0530
XXXX077X4413,4076.0,2026-05-05 10:33:00.000 +0530
XXXX077X4496,3292.0,2026-05-05 10:33:00.000 +0530
XXXX077X4521,3320.0,2026-05-05 10:33:00.000 +0530
XXXX077X4584,4477.0,2026-05-05 10:33:00.000 +0530
XXXX077X4688,2920.0,2026-05-05 10:33:00.000 +0530
XXXX077X5005,3819.0,2026-05-05 10:33:00.000 +0530
XXXX077X5161,4388.0,2026-05-05 10:33:00.000 +0530
XXXX077X5316,3597.0,2026-05-05 10:33:00.000 +0530
XXXX077X5353,5027.0,2026-05-05 10:33:00.000 +0530
XXXX077X5531,3472.0,2026-05-05 10:33:00.000 +0530
XXXX077X5566,3476.0,2026-05-05 10:33:00.000 +0530
XXXX077X5576,5585.0,2026-05-05 10:33:00.000 +0530
XXXX077X5577,3817.0,2026-05-05 10:33:00.000 +0530
XXXX077X5885,5221.0,2026-05-05 10:33:00.000 +0530
XXXX077X6032,2939.0,2026-05-05 10:33:00.000 +0530
XXXX077X6037,2429.0,2026-05-05 10:33:00.000 +0530
XXXX077X6059,3056.0,2026-05-05 10:33:00.000 +0530
XXXX077X6073,3441.0,2026-05-05 10:33:00.000 +0530
XXXX077X6143,3410.0,2026-05-05 10:33:00.000 +0530
XXXX077X6265,3377.0,2026-05-05 10:33:00.000 +0530
XXXX077X6271,6874.0,2026-05-05 10:33:00.000 +0530
XXXX077X6339,3700.0,2026-05-05 10:33:00.000 +0530
XXXX077X6402,5084.0,2026-05-05 10:33:00.000 +0530
XXXX077X6574,2617.0,2026-05-05 10:33:00.000 +0530
XXXX077X6964,5332.0,2026-05-05 10:33:00.000 +0530
XXXX077X6971,3768.0,2026-05-05 10:33:00.000 +0530
XXXX077X7115,4882.0,2026-05-05 10:33:00.000 +0530
XXXX077X7375,3865.0,2026-05-05 10:33:00.000 +0530
XXXX077X7391,4216.0,2026-05-05 10:33:00.000 +0530
XXXX077X7514,4999.0,2026-05-05 10:33:00.000 +0530
XXXX077X7613,2601.0,2026-05-05 10:33:00.000 +0530
XXXX077X7740,3362.0,2026-05-05 10:33:00.000 +0530
XXXX077X7869,3086.0,2026-05-05 10:33:00.000 +0530
XXXX077X7936,3459.0,2026-05-05 10:33:00.000 +0530
XXXX077X7954,3116.0,2026-05-05 10:33:00.000 +0530
XXXX077X7997,3972.0,2026-05-05 10:33:00.000 +0530
XXXX077X8018,3244.0,2026-05-05 10:33:00.000 +0530
XXXX077X8070,5224.0,2026-05-05 10:33:00.000 +0530
XXXX077X8081,8051.0,2026-05-05 10:33:00.000 +0530
XXXX077X8110,3498.0,2026-05-05 10:33:00.000 +0530
XXXX077X8198,2988.0,2026-05-05 10:33:00.000 +0530
XXXX077X8277,2754.0,2026-05-05 10:33:00.000 +0530
XXXX077X8371,3938.0,2026-05-05 10:33:00.000 +0530
XXXX077X8620,4145.0,2026-05-05 10:33:00.000 +0530
XXXX077X8796,3888.0,2026-05-05 10:33:00.000 +0530
XXXX077X8880,3061.0,2026-05-05 10:33:00.000 +0530
XXXX077X8973,3055.0,2026-05-05 10:33:00.000 +0530
XXXX077X9023,2914.0,2026-05-05 10:33:00.000 +0530
XXXX077X9162,2849.0,2026-05-05 10:33:00.000 +0530
XXXX077X9167,5493.0,2026-05-05 10:33:00.000 +0530
XXXX077X9342,3843.0,2026-05-05 10:33:00.000 +0530
XXXX077X9395,4860.0,2026-05-05 10:33:00.000 +0530
XXXX077X9518,3943.0,2026-05-05 10:33:00.000 +0530
XXXX078X0205,4982.0,2026-05-05 10:33:00.000 +0530
XXXX078X0262,2698.0,2026-05-05 10:33:00.000 +0530
XXXX078X0321,5483.0,2026-05-05 10:33:00.000 +0530
XXXX078X0327,5446.0,2026-05-05 10:33:00.000 +0530
XXXX078X0332,3114.0,2026-05-05 10:33:00.000 +0530
XXXX078X0334,5297.0,2026-05-05 10:33:00.000 +0530
XXXX078X0395,3768.0,2026-05-05 10:33:00.000 +0530
XXXX078X0453,3419.0,2026-05-05 10:33:00.000 +0530
XXXX078X0548,3624.0,2026-05-05 10:33:00.000 +0530
XXXX078X0589,2973.0,2026-05-05 10:33:00.000 +0530
XXXX078X0744,4101.0,2026-05-05 10:33:00.000 +0530
XXXX078X0898,2334.0,2026-05-05 10:33:00.000 +0530
XXXX078X1014,3809.0,2026-05-05 10:33:00.000 +0530
XXXX078X1070,4316.0,2026-05-05 10:33:00.000 +0530
XXXX078X1124,4503.0,2026-05-05 10:33:00.000 +0530
XXXX078X1320,4332.0,2026-05-05 10:33:00.000 +0530
XXXX078X1358,4233.0,2026-05-05 10:33:00.000 +0530
XXXX078X1367,3075.0,2026-05-05 10:33:00.000 +0530
XXXX078X1465,3372.0,2026-05-05 10:33:00.000 +0530
XXXX078X1517,5570.0,2026-05-05 10:33:00.000 +0530
XXXX078X1554,3180.0,2026-05-05 10:33:00.000 +0530
XXXX078X1627,4805.0,2026-05-05 10:33:00.000 +0530
XXXX078X1861,2864.0,2026-05-05 10:33:00.000 +0530
XXXX078X1872,4337.0,2026-05-05 10:33:00.000 +0530
XXXX078X2081,3692.0,2026-05-05 10:33:00.000 +0530
XXXX078X2196,3731.0,2026-05-05 10:33:00.000 +0530
XXXX078X2204,3819.0,2026-05-05 10:33:00.000 +0530
XXXX078X2211,3033.0,2026-05-05 10:33:00.000 +0530
XXXX078X2238,3351.0,2026-05-05 10:33:00.000 +0530
XXXX078X2319,3054.0,2026-05-05 10:33:00.000 +0530
XXXX078X2359,4502.0,2026-05-05 10:33:00.000 +0530
XXXX078X2403,2952.0,2026-05-05 10:33:00.000 +0530
XXXX078X2476,3748.0,2026-05-05 10:33:00.000 +0530
XXXX078X2520,3837.0,2026-05-05 10:33:00.000 +0530
XXXX078X2626,4783.0,2026-05-05 10:33:00.000 +0530
XXXX078X2668,3208.0,2026-05-05 10:33:00.000 +0530
XXXX078X2732,3319.0,2026-05-05 10:33:00.000 +0530
XXXX078X2777,3132.0,2026-05-05 10:33:00.000 +0530
XXXX078X2846,4989.0,2026-05-05 10:33:00.000 +0530
XXXX078X2995,3777.0,2026-05-05 10:33:00.000 +0530
XXXX078X3231,4347.0,2026-05-05 10:33:00.000 +0530
XXXX078X3257,5113.0,2026-05-05 10:33:00.000 +0530
XXXX078X3308,3139.0,2026-05-05 10:33:00.000 +0530
XXXX078X3318,3633.0,2026-05-05 10:33:00.000 +0530
XXXX078X3356,4974.0,2026-05-05 10:33:00.000 +0530
XXXX078X3412,3158.0,2026-05-05 10:33:00.000 +0530
XXXX078X3539,2658.0,2026-05-05 10:33:00.000 +0530
XXXX078X3606,3338.0,2026-05-05 10:33:00.000 +0530
XXXX078X3651,3391.0,2026-05-05 10:33:00.000 +0530
XXXX078X4045,4539.0,2026-05-05 10:33:00.000 +0530
XXXX078X4078,3399.0,2026-05-05 10:33:00.000 +0530
XXXX078X4251,3932.0,2026-05-05 10:33:00.000 +0530
XXXX078X4612,5369.0,2026-05-05 10:33:00.000 +0530
XXXX078X4712,4781.0,2026-05-05 10:33:00.000 +0530
XXXX078X4716,4097.0,2026-05-05 10:33:00.000 +0530
XXXX078X4808,3880.0,2026-05-05 10:33:00.000 +0530
XXXX078X4982,4300.0,2026-05-05 10:33:00.000 +0530
XXXX078X5208,4721.0,2026-05-05 10:33:00.000 +0530
XXXX078X5281,3145.0,2026-05-05 10:33:00.000 +0530
XXXX078X5296,3265.0,2026-05-05 10:33:00.000 +0530
XXXX078X5446,4993.0,2026-05-05 10:33:00.000 +0530
XXXX078X5457,4199.0,2026-05-05 10:33:00.000 +0530
XXXX078X5678,4196.0,2026-05-05 10:33:00.000 +0530
XXXX078X5706,3035.0,2026-05-05 10:33:00.000 +0530
XXXX078X5720,4410.0,2026-05-05 10:33:00.000 +0530
XXXX078X5803,3679.0,2026-05-05 10:33:00.000 +0530
XXXX078X5818,5644.0,2026-05-05 10:33:00.000 +0530
XXXX078X5884,2995.0,2026-05-05 10:33:00.000 +0530
XXXX078X5988,4630.0,2026-05-05 10:33:00.000 +0530
XXXX078X5993,4721.0,2026-05-05 10:33:00.000 +0530
XXXX078X6043,3995.0,2026-05-05 10:33:00.000 +0530
XXXX078X6080,4830.0,2026-05-05 10:33:00.000 +0530
XXXX078X6097,3360.0,2026-05-05 10:33:00.000 +0530
XXXX078X6353,2746.0,2026-05-05 10:33:00.000 +0530
XXXX078X6354,3229.0,2026-05-05 10:33:00.000 +0530
XXXX078X6366,4316.0,2026-05-05 10:33:00.000 +0530
XXXX078X6394,3102.0,2026-05-05 10:33:00.000 +0530
XXXX078X6504,4614.0,2026-05-05 10:33:00.000 +0530
XXXX078X6530,3492.0,2026-05-05 10:33:00.000 +0530
XXXX078X6565,3834.0,2026-05-05 10:33:00.000 +0530
XXXX078X6686,3483.0,2026-05-05 10:33:00.000 +0530
XXXX078X6737,3916.0,2026-05-05 10:33:00.000 +0530
XXXX078X6836,4145.0,2026-05-05 10:33:00.000 +0530
XXXX078X6904,6782.0,2026-05-05 10:33:00.000 +0530
XXXX078X6923,4224.0,2026-05-05 10:33:00.000 +0530
XXXX078X7044,4902.0,2026-05-05 10:33:00.000 +0530
XXXX078X7063,3428.0,2026-05-05 10:33:00.000 +0530
XXXX078X7181,3476.0,2026-05-05 10:33:00.000 +0530
XXXX078X7348,3819.0,2026-05-05 10:33:00.000 +0530
XXXX078X7393,3884.0,2026-05-05 10:33:00.000 +0530
XXXX078X7506,5120.0,2026-05-05 10:33:00.000 +0530
XXXX078X7552,3886.0,2026-05-05 10:33:00.000 +0530
XXXX078X7571,4109.0,2026-05-05 10:33:00.000 +0530
XXXX078X7680,4332.0,2026-05-05 10:33:00.000 +0530
XXXX078X7692,4342.0,2026-05-05 10:33:00.000 +0530
XXXX078X7699,2872.0,2026-05-05 10:33:00.000 +0530
XXXX078X7824,4602.0,2026-05-05 10:33:00.000 +0530
XXXX078X7841,4691.0,2026-05-05 10:33:00.000 +0530
XXXX078X7843,4080.0,2026-05-05 10:33:00.000 +0530
XXXX078X7920,4358.0,2026-05-05 10:33:00.000 +0530
XXXX078X7997,3567.0,2026-05-05 10:33:00.000 +0530
XXXX078X8047,3597.0,2026-05-05 10:33:00.000 +0530
XXXX078X8114,3819.0,2026-05-05 10:33:00.000 +0530
XXXX078X8247,3642.0,2026-05-05 10:33:00.000 +0530
XXXX078X8267,5447.0,2026-05-05 10:33:00.000 +0530
XXXX078X8329,3944.0,2026-05-05 10:33:00.000 +0530
XXXX078X8436,2941.0,2026-05-05 10:33:00.000 +0530
XXXX078X8453,3695.0,2026-05-05 10:33:00.000 +0530
XXXX078X8644,3202.0,2026-05-05 10:33:00.000 +0530
XXXX078X8646,3539.0,2026-05-05 10:33:00.000 +0530
XXXX078X8659,3036.0,2026-05-05 10:33:00.000 +0530
XXXX078X8699,4229.0,2026-05-05 10:33:00.000 +0530
XXXX078X8808,3891.0,2026-05-05 10:33:00.000 +0530
XXXX078X8833,3730.0,2026-05-05 10:33:00.000 +0530
XXXX078X9134,3606.0,2026-05-05 10:33:00.000 +0530
XXXX078X9152,4121.0,2026-05-05 10:33:00.000 +0530
XXXX078X9189,3147.0,2026-05-05 10:33:00.000 +0530
XXXX078X9198,3083.0,2026-05-05 10:33:00.000 +0530
XXXX078X9251,9985.0,2026-05-05 10:33:00.000 +0530
XXXX078X9337,4742.0,2026-05-05 10:33:00.000 +0530
XXXX078X9417,4419.0,2026-05-05 10:33:00.000 +0530
XXXX078X9463,3380.0,2026-05-05 10:33:00.000 +0530
XXXX078X9478,4098.0,2026-05-05 10:33:00.000 +0530
XXXX078X9564,3089.0,2026-05-05 10:33:00.000 +0530
XXXX078X9619,4119.0,2026-05-05 10:33:00.000 +0530
XXXX078X9646,4584.0,2026-05-05 10:33:00.000 +0530
XXXX078X9669,3177.0,2026-05-05 10:33:00.000 +0530
XXXX078X9751,3494.0,2026-05-05 10:33:00.000 +0530
XXXX078X9884,3424.0,2026-05-05 10:33:00.000 +0530
XXXX078X9921,3009.0,2026-05-05 10:33:00.000 +0530
XXXX078X9985,3219.0,2026-05-05 10:33:00.000 +0530
XXXX079X0079,2700.0,2026-05-05 10:33:00.000 +0530
XXXX079X0183,3164.0,2026-05-05 10:33:00.000 +0530
XXXX079X0219,4769.0,2026-05-05 10:33:00.000 +0530
XXXX079X0263,4513.0,2026-05-05 10:33:00.000 +0530
XXXX079X0313,2994.0,2026-05-05 10:33:00.000 +0530
XXXX079X0362,3371.0,2026-05-05 10:33:00.000 +0530
XXXX079X0399,3303.0,2026-05-05 10:33:00.000 +0530
XXXX079X0851,3787.0,2026-05-05 10:33:00.000 +0530
XXXX079X0916,3242.0,2026-05-05 10:33:00.000 +0530
XXXX079X1027,4049.0,2026-05-05 10:33:00.000 +0530
XXXX079X1031,4083.0,2026-05-05 10:33:00.000 +0530
XXXX079X1088,5716.0,2026-05-05 10:33:00.000 +0530
XXXX079X1142,3357.0,2026-05-05 10:33:00.000 +0530
XXXX079X1189,3943.0,2026-05-05 10:33:00.000 +0530
XXXX079X1331,3109.0,2026-05-05 10:33:00.000 +0530
XXXX079X1374,4946.0,2026-05-05 10:33:00.000 +0530
XXXX079X1387,3697.0,2026-05-05 10:33:00.000 +0530
XXXX079X1458,3047.0,2026-05-05 10:33:00.000 +0530
XXXX079X1490,3541.0,2026-05-05 10:33:00.000 +0530
XXXX079X1515,10787.0,2026-05-05 10:33:00.000 +0530
XXXX079X1559,3554.0,2026-05-05 10:33:00.000 +0530
XXXX079X1602,3917.0,2026-05-05 10:33:00.000 +0530
XXXX079X1640,3029.0,2026-05-05 10:33:00.000 +0530
XXXX079X1649,4632.0,2026-05-05 10:33:00.000 +0530
XXXX079X1982,3839.0,2026-05-05 10:33:00.000 +0530
XXXX079X2074,3554.0,2026-05-05 10:33:00.000 +0530
XXXX079X2099,3227.0,2026-05-05 10:33:00.000 +0530
XXXX079X2283,3197.0,2026-05-05 10:33:00.000 +0530
XXXX079X2318,4633.0,2026-05-05 10:33:00.000 +0530
XXXX079X2445,3919.0,2026-05-05 10:33:00.000 +0530
XXXX079X2476,3528.0,2026-05-05 10:33:00.000 +0530
XXXX079X2502,3452.0,2026-05-05 10:33:00.000 +0530
XXXX079X2582,3139.0,2026-05-05 10:33:00.000 +0530
XXXX079X2606,2467.0,2026-05-05 10:33:00.000 +0530
XXXX079X2700,2562.0,2026-05-05 10:33:00.000 +0530
XXXX079X2714,3187.0,2026-05-05 10:33:00.000 +0530
XXXX079X2748,3460.0,2026-05-05 10:33:00.000 +0530
XXXX079X2785,3705.0,2026-05-05 10:33:00.000 +0530
XXXX079X2814,3491.0,2026-05-05 10:33:00.000 +0530
XXXX079X2936,4049.0,2026-05-05 10:33:00.000 +0530
XXXX079X3000,4119.0,2026-05-05 10:33:00.000 +0530
XXXX079X3218,4263.0,2026-05-05 10:33:00.000 +0530
XXXX079X3317,2939.0,2026-05-05 10:33:00.000 +0530
XXXX079X3366,4097.0,2026-05-05 10:33:00.000 +0530
XXXX079X3389,3819.0,2026-05-05 10:33:00.000 +0530
XXXX079X3422,3863.0,2026-05-05 10:33:00.000 +0530
XXXX079X3434,3818.0,2026-05-05 10:33:00.000 +0530
XXXX079X3589,3550.0,2026-05-05 10:33:00.000 +0530
XXXX079X3591,3819.0,2026-05-05 10:33:00.000 +0530
XXXX079X3684,4254.0,2026-05-05 10:33:00.000 +0530
XXXX079X3725,5166.0,2026-05-05 10:33:00.000 +0530
XXXX079X3837,3135.0,2026-05-05 10:33:00.000 +0530
XXXX079X3875,4703.0,2026-05-05 10:33:00.000 +0530
XXXX079X4017,3863.0,2026-05-05 10:33:00.000 +0530
XXXX079X4177,3699.0,2026-05-05 10:33:00.000 +0530
XXXX079X4292,3199.0,2026-05-05 10:33:00.000 +0530
XXXX079X4374,3768.0,2026-05-05 10:33:00.000 +0530
XXXX079X4485,3613.0,2026-05-05 10:33:00.000 +0530
XXXX079X4602,2713.0,2026-05-05 10:33:00.000 +0530
XXXX079X4811,4275.0,2026-05-05 10:33:00.000 +0530
XXXX079X4829,3766.0,2026-05-05 10:33:00.000 +0530
XXXX079X4839,4647.0,2026-05-05 10:33:00.000 +0530
XXXX079X4911,3808.0,2026-05-05 10:33:00.000 +0530
XXXX079X4970,2248.0,2026-05-05 10:33:00.000 +0530
XXXX079X5193,3743.0,2026-05-05 10:33:00.000 +0530
XXXX079X5219,4419.0,2026-05-05 10:33:00.000 +0530
XXXX079X5248,3165.0,2026-05-05 10:33:00.000 +0530
XXXX079X5274,5679.0,2026-05-05 10:33:00.000 +0530
XXXX079X5309,3648.0,2026-05-05 10:33:00.000 +0530
XXXX079X5318,4576.0,2026-05-05 10:33:00.000 +0530
XXXX079X5399,3632.0,2026-05-05 10:33:00.000 +0530
XXXX079X5433,3297.0,2026-05-05 10:33:00.000 +0530
XXXX079X5452,2890.0,2026-05-05 10:33:00.000 +0530
XXXX079X5516,3844.0,2026-05-05 10:33:00.000 +0530
XXXX079X5671,4069.0,2026-05-05 10:33:00.000 +0530
XXXX079X5696,2845.0,2026-05-05 10:33:00.000 +0530
XXXX079X5717,4111.0,2026-05-05 10:33:00.000 +0530
XXXX079X5880,3639.0,2026-05-05 10:33:00.000 +0530
XXXX079X5910,3692.0,2026-05-05 10:33:00.000 +0530
XXXX079X5913,2826.0,2026-05-05 10:33:00.000 +0530
XXXX079X5985,4052.0,2026-05-05 10:33:00.000 +0530
XXXX079X5990,4018.0,2026-05-05 10:33:00.000 +0530
XXXX079X6129,4479.0,2026-05-05 10:33:00.000 +0530
XXXX079X6148,3230.0,2026-05-05 10:33:00.000 +0530
XXXX079X6251,3113.0,2026-05-05 10:33:00.000 +0530
XXXX079X6345,3843.0,2026-05-05 10:33:00.000 +0530
XXXX079X6452,3801.0,2026-05-05 10:33:00.000 +0530
XXXX079X6650,3502.0,2026-05-05 10:33:00.000 +0530
XXXX079X6683,3300.0,2026-05-05 10:33:00.000 +0530
XXXX079X6865,3823.0,2026-05-05 10:33:00.000 +0530
XXXX079X6889,3138.0,2026-05-05 10:33:00.000 +0530
XXXX079X6891,4059.0,2026-05-05 10:33:00.000 +0530
XXXX079X6915,4047.0,2026-05-05 10:33:00.000 +0530
XXXX079X7016,4581.0,2026-05-05 10:33:00.000 +0530
XXXX079X7122,3623.0,2026-05-05 10:33:00.000 +0530
XXXX079X7262,3246.0,2026-05-05 10:33:00.000 +0530
XXXX079X7351,4416.0,2026-05-05 10:33:00.000 +0530
XXXX079X7362,4998.0,2026-05-05 10:33:00.000 +0530
XXXX079X7483,4114.0,2026-05-05 10:33:00.000 +0530
XXXX079X7536,3447.0,2026-05-05 10:33:00.000 +0530
XXXX079X7580,4853.0,2026-05-05 10:33:00.000 +0530
XXXX079X7582,3361.0,2026-05-05 10:33:00.000 +0530
XXXX079X7713,3817.0,2026-05-05 10:33:00.000 +0530
XXXX079X7780,3657.0,2026-05-05 10:33:00.000 +0530
XXXX079X7789,3709.0,2026-05-05 10:33:00.000 +0530
XXXX079X7791,3572.0,2026-05-05 10:33:00.000 +0530
XXXX079X7844,3097.0,2026-05-05 10:33:00.000 +0530
XXXX079X7949,3819.0,2026-05-05 10:33:00.000 +0530
XXXX079X7982,4809.0,2026-05-05 10:33:00.000 +0530
XXXX079X8031,5188.0,2026-05-05 10:33:00.000 +0530
XXXX079X8038,3819.0,2026-05-05 10:33:00.000 +0530
XXXX079X8120,3330.0,2026-05-05 10:33:00.000 +0530
XXXX079X8337,4008.0,2026-05-05 10:33:00.000 +0530
XXXX079X8387,3710.0,2026-05-05 10:33:00.000 +0530
XXXX079X8422,3535.0,2026-05-05 10:33:00.000 +0530
XXXX079X8510,4047.0,2026-05-05 10:33:00.000 +0530
XXXX079X8530,3700.0,2026-05-05 10:33:00.000 +0530
XXXX079X8548,5831.0,2026-05-05 10:33:00.000 +0530
XXXX079X8585,3873.0,2026-05-05 10:33:00.000 +0530
XXXX079X8637,3812.0,2026-05-05 10:33:00.000 +0530
XXXX079X8658,3083.0,2026-05-05 10:33:00.000 +0530
XXXX079X8724,4533.0,2026-05-05 10:33:00.000 +0530
XXXX079X8971,3351.0,2026-05-05 10:33:00.000 +0530
XXXX079X9019,3231.0,2026-05-05 10:33:00.000 +0530
XXXX079X9435,4747.0,2026-05-05 10:33:00.000 +0530
XXXX079X9744,4072.0,2026-05-05 10:33:00.000 +0530
XXXX079X9773,3437.0,2026-05-05 10:33:00.000 +0530
XXXX079X9852,2827.0,2026-05-05 10:33:00.000 +0530
XXXX079X9884,3459.0,2026-05-05 10:33:00.000 +0530
XXXX079X9961,3709.0,2026-05-05 10:33:00.000 +0530
XXXX079X9969,3674.0,2026-05-05 10:33:00.000 +0530
XXXX080X0022,3323.0,2026-05-05 10:33:00.000 +0530
XXXX080X0127,4036.0,2026-05-05 10:33:00.000 +0530
XXXX080X0427,3303.0,2026-05-05 10:33:00.000 +0530
XXXX080X0502,4513.0,2026-05-05 10:33:00.000 +0530
XXXX080X0649,3700.0,2026-05-05 10:33:00.000 +0530
XXXX080X0658,3797.0,2026-05-05 10:33:00.000 +0530
XXXX080X0694,3628.0,2026-05-05 10:33:00.000 +0530
XXXX080X0887,2472.0,2026-05-05 10:33:00.000 +0530
XXXX080X1123,4850.0,2026-05-05 10:33:00.000 +0530
XXXX080X1133,4669.0,2026-05-05 10:33:00.000 +0530
XXXX080X1178,3204.0,2026-05-05 10:33:00.000 +0530
XXXX080X1214,4107.0,2026-05-05 10:33:00.000 +0530
XXXX080X1232,3891.0,2026-05-05 10:33:00.000 +0530
XXXX080X1291,4513.0,2026-05-05 10:33:00.000 +0530
XXXX080X1294,4209.0,2026-05-05 10:33:00.000 +0530
XXXX080X1363,3529.0,2026-05-05 10:33:00.000 +0530
XXXX080X1390,3891.0,2026-05-05 10:33:00.000 +0530
XXXX080X1444,5067.0,2026-05-05 10:33:00.000 +0530
XXXX080X1510,3521.0,2026-05-05 10:33:00.000 +0530
XXXX080X1533,3494.0,2026-05-05 10:33:00.000 +0530
XXXX080X1701,3828.0,2026-05-05 10:33:00.000 +0530
XXXX080X1719,3735.0,2026-05-05 10:33:00.000 +0530
XXXX080X1788,2834.0,2026-05-05 10:33:00.000 +0530
XXXX080X1827,4453.0,2026-05-05 10:33:00.000 +0530
XXXX080X1951,2364.0,2026-05-05 10:33:00.000 +0530
XXXX080X1968,3314.0,2026-05-05 10:33:00.000 +0530
XXXX080X2055,3172.0,2026-05-05 10:33:00.000 +0530
XXXX080X2087,3157.0,2026-05-05 10:33:00.000 +0530
XXXX080X2147,3434.0,2026-05-05 10:33:00.000 +0530
XXXX080X2175,6407.0,2026-05-05 10:33:00.000 +0530
XXXX080X2195,4874.0,2026-05-05 10:33:00.000 +0530
XXXX080X2207,3147.0,2026-05-05 10:33:00.000 +0530
XXXX080X2241,2456.0,2026-05-05 10:33:00.000 +0530
XXXX080X2246,5672.0,2026-05-05 10:33:00.000 +0530
XXXX080X2365,8633.0,2026-05-05 10:33:00.000 +0530
XXXX080X2389,3400.0,2026-05-05 10:33:00.000 +0530
XXXX080X2441,2594.0,2026-05-05 10:33:00.000 +0530
XXXX080X2539,3284.0,2026-05-05 10:33:00.000 +0530
XXXX080X2622,4251.0,2026-05-05 10:33:00.000 +0530
XXXX080X2737,3546.0,2026-05-05 10:33:00.000 +0530
XXXX080X2764,4248.0,2026-05-05 10:33:00.000 +0530
XXXX080X2966,4092.0,2026-05-05 10:33:00.000 +0530
XXXX080X3088,4462.0,2026-05-05 10:33:00.000 +0530
XXXX080X3097,4259.0,2026-05-05 10:33:00.000 +0530
XXXX080X3192,3952.0,2026-05-05 10:33:00.000 +0530
XXXX080X3261,3839.0,2026-05-05 10:33:00.000 +0530
XXXX080X3301,5473.0,2026-05-05 10:33:00.000 +0530
XXXX080X3396,5188.0,2026-05-05 10:33:00.000 +0530
XXXX080X3405,3177.0,2026-05-05 10:33:00.000 +0530
XXXX080X3412,3198.0,2026-05-05 10:33:00.000 +0530
XXXX080X3562,2044.0,2026-05-05 10:33:00.000 +0530
XXXX080X3622,2957.0,2026-05-05 10:33:00.000 +0530
XXXX080X3734,3315.0,2026-05-05 10:33:00.000 +0530
XXXX080X3740,3402.0,2026-05-05 10:33:00.000 +0530
XXXX080X3768,4106.0,2026-05-05 10:33:00.000 +0530
XXXX080X3824,3411.0,2026-05-05 10:33:00.000 +0530
XXXX080X3826,3418.0,2026-05-05 10:33:00.000 +0530
XXXX080X3835,3197.0,2026-05-05 10:33:00.000 +0530
XXXX080X3839,3927.0,2026-05-05 10:33:00.000 +0530
XXXX080X3886,3624.0,2026-05-05 10:33:00.000 +0530
XXXX080X3920,2975.0,2026-05-05 10:33:00.000 +0530
XXXX080X3929,3284.0,2026-05-05 10:33:00.000 +0530
XXXX080X3932,4809.0,2026-05-05 10:33:00.000 +0530
XXXX080X3964,2812.0,2026-05-05 10:33:00.000 +0530
XXXX080X3973,4254.0,2026-05-05 10:33:00.000 +0530
XXXX080X4002,3065.0,2026-05-05 10:33:00.000 +0530
XXXX080X4006,4378.0,2026-05-05 10:33:00.000 +0530
XXXX080X4016,4779.0,2026-05-05 10:33:00.000 +0530
XXXX080X4113,2505.0,2026-05-05 10:33:00.000 +0530
XXXX080X4330,4218.0,2026-05-05 10:33:00.000 +0530
XXXX080X4348,3074.0,2026-05-05 10:33:00.000 +0530
XXXX080X4525,3910.0,2026-05-05 10:33:00.000 +0530
XXXX080X4582,3460.0,2026-05-05 10:33:00.000 +0530
XXXX080X4674,4015.0,2026-05-05 10:33:00.000 +0530
XXXX080X4719,2100.0,2026-05-05 10:33:00.000 +0530
XXXX080X4917,3195.0,2026-05-05 10:33:00.000 +0530
XXXX080X4946,4119.0,2026-05-05 10:33:00.000 +0530
XXXX080X4947,4842.0,2026-05-05 10:33:00.000 +0530
XXXX080X5043,3261.0,2026-05-05 10:33:00.000 +0530
XXXX080X5053,3270.0,2026-05-05 10:33:00.000 +0530
XXXX080X5063,3735.0,2026-05-05 10:33:00.000 +0530
XXXX080X5066,4245.0,2026-05-05 10:33:00.000 +0530
XXXX080X5084,5166.0,2026-05-05 10:33:00.000 +0530
XXXX080X5094,4214.0,2026-05-05 10:33:00.000 +0530
XXXX080X5113,4086.0,2026-05-05 10:33:00.000 +0530
XXXX080X5121,3323.0,2026-05-05 10:33:00.000 +0530
XXXX080X5320,4825.0,2026-05-05 10:33:00.000 +0530
XXXX080X5650,5188.0,2026-05-05 10:33:00.000 +0530
XXXX080X5759,5339.0,2026-05-05 10:33:00.000 +0530
XXXX080X5875,3781.0,2026-05-05 10:33:00.000 +0530
XXXX080X5886,4327.0,2026-05-05 10:33:00.000 +0530
XXXX080X6004,3891.0,2026-05-05 10:33:00.000 +0530
XXXX080X6031,3848.0,2026-05-05 10:33:00.000 +0530
XXXX080X6094,4739.0,2026-05-05 10:33:00.000 +0530
XXXX080X6104,5442.0,2026-05-05 10:33:00.000 +0530
XXXX080X6124,3580.0,2026-05-05 10:33:00.000 +0530
XXXX080X6191,3534.0,2026-05-05 10:33:00.000 +0530
XXXX080X6247,3055.0,2026-05-05 10:33:00.000 +0530
XXXX080X6266,3489.0,2026-05-05 10:33:00.000 +0530
XXXX080X6281,3629.0,2026-05-05 10:33:00.000 +0530
XXXX080X6353,7030.0,2026-05-05 10:33:00.000 +0530
XXXX080X6459,3090.0,2026-05-05 10:33:00.000 +0530
XXXX080X6482,4768.0,2026-05-05 10:33:00.000 +0530
XXXX080X6557,4564.0,2026-05-05 10:33:00.000 +0530
XXXX080X6608,3582.0,2026-05-05 10:33:00.000 +0530
XXXX080X6663,4908.0,2026-05-05 10:33:00.000 +0530
XXXX080X6688,3476.0,2026-05-05 10:33:00.000 +0530
XXXX080X6763,4363.0,2026-05-05 10:33:00.000 +0530
XXXX080X6787,4162.0,2026-05-05 10:33:00.000 +0530
XXXX080X6797,3300.0,2026-05-05 10:33:00.000 +0530
XXXX080X6820,3201.0,2026-05-05 10:33:00.000 +0530
XXXX080X6881,3725.0,2026-05-05 10:33:00.000 +0530
XXXX080X6908,3581.0,2026-05-05 10:33:00.000 +0530
XXXX080X7036,3517.0,2026-05-05 10:33:00.000 +0530
XXXX080X7086,3839.0,2026-05-05 10:33:00.000 +0530
XXXX080X7135,5758.0,2026-05-05 10:33:00.000 +0530
XXXX080X7224,4121.0,2026-05-05 10:33:00.000 +0530
XXXX080X7231,3491.0,2026-05-05 10:33:00.000 +0530
XXXX080X7276,3252.0,2026-05-05 10:33:00.000 +0530
XXXX080X7394,4058.0,2026-05-05 10:33:00.000 +0530
XXXX080X7415,3521.0,2026-05-05 10:33:00.000 +0530
XXXX080X7465,3479.0,2026-05-05 10:33:00.000 +0530
XXXX080X7553,3399.0,2026-05-05 10:33:00.000 +0530
XXXX080X7575,4018.0,2026-05-05 10:33:00.000 +0530
XXXX080X7623,3274.0,2026-05-05 10:33:00.000 +0530
XXXX080X7640,3419.0,2026-05-05 10:33:00.000 +0530
XXXX080X7767,4270.0,2026-05-05 10:33:00.000 +0530
XXXX080X7947,3135.0,2026-05-05 10:33:00.000 +0530
XXXX080X8016,2835.0,2026-05-05 10:33:00.000 +0530
XXXX080X8085,2780.0,2026-05-05 10:33:00.000 +0530
XXXX080X8224,4399.0,2026-05-05 10:33:00.000 +0530
XXXX080X8312,3101.0,2026-05-05 10:33:00.000 +0530
XXXX080X8570,3678.0,2026-05-05 10:33:00.000 +0530
XXXX080X8722,2600.0,2026-05-05 10:33:00.000 +0530
XXXX080X8795,4807.0,2026-05-05 10:33:00.000 +0530
XXXX080X8798,3165.0,2026-05-05 10:33:00.000 +0530
XXXX080X9115,5259.0,2026-05-05 10:33:00.000 +0530
XXXX080X9132,3643.0,2026-05-05 10:33:00.000 +0530
XXXX080X9221,3600.0,2026-05-05 10:33:00.000 +0530
XXXX080X9237,3201.0,2026-05-05 10:33:00.000 +0530
XXXX080X9244,3601.0,2026-05-05 10:33:00.000 +0530
XXXX080X9353,3768.0,2026-05-05 10:33:00.000 +0530
XXXX080X9398,4021.0,2026-05-05 10:33:00.000 +0530
XXXX080X9569,3399.0,2026-05-05 10:33:00.000 +0530
XXXX080X9692,4583.0,2026-05-05 10:33:00.000 +0530
XXXX080X9723,3139.0,2026-05-05 10:33:00.000 +0530
XXXX080X9898,2682.0,2026-05-05 10:33:00.000 +0530
XXXX080X9909,7535.0,2026-05-05 10:33:00.000 +0530
XXXX081X0193,3425.0,2026-05-05 10:33:00.000 +0530
XXXX081X0202,3859.0,2026-05-05 10:33:00.000 +0530
XXXX081X0424,3315.0,2026-05-05 10:33:00.000 +0530
XXXX081X0537,3226.0,2026-05-05 10:33:00.000 +0530
XXXX081X0544,2747.0,2026-05-05 10:33:00.000 +0530
XXXX081X0554,4545.0,2026-05-05 10:33:00.000 +0530
XXXX081X0578,3125.0,2026-05-05 10:33:00.000 +0530
XXXX081X0813,3620.0,2026-05-05 10:33:00.000 +0530
XXXX081X0872,3213.0,2026-05-05 10:33:00.000 +0530
XXXX081X0899,3777.0,2026-05-05 10:33:00.000 +0530
XXXX081X0985,3838.0,2026-05-05 10:33:00.000 +0530
XXXX081X1070,4721.0,2026-05-05 10:33:00.000 +0530
XXXX081X1094,3479.0,2026-05-05 10:33:00.000 +0530
XXXX081X1142,3754.0,2026-05-05 10:33:00.000 +0530
XXXX081X1228,2482.0,2026-05-05 10:33:00.000 +0530
XXXX081X1260,4306.0,2026-05-05 10:33:00.000 +0530
XXXX081X1312,4192.0,2026-05-05 10:33:00.000 +0530
XXXX081X1351,2880.0,2026-05-05 10:33:00.000 +0530
XXXX081X1408,3032.0,2026-05-05 10:33:00.000 +0530
XXXX081X1467,4430.0,2026-05-05 10:33:00.000 +0530
XXXX081X1690,4825.0,2026-05-05 10:33:00.000 +0530
XXXX081X1758,3391.0,2026-05-05 10:33:00.000 +0530
XXXX081X1787,3590.0,2026-05-05 10:33:00.000 +0530
XXXX081X1857,4625.0,2026-05-05 10:33:00.000 +0530
XXXX081X1864,4479.0,2026-05-05 10:33:00.000 +0530
XXXX081X2021,3976.0,2026-05-05 10:33:00.000 +0530
XXXX081X2167,3787.0,2026-05-05 10:33:00.000 +0530
XXXX081X2248,4117.0,2026-05-05 10:33:00.000 +0530
XXXX081X2348,3009.0,2026-05-05 10:33:00.000 +0530
XXXX081X2364,4260.0,2026-05-05 10:33:00.000 +0530
XXXX081X2414,3969.0,2026-05-05 10:33:00.000 +0530
XXXX081X2515,3982.0,2026-05-05 10:33:00.000 +0530
XXXX081X2593,5446.0,2026-05-05 10:33:00.000 +0530
XXXX081X2616,3419.0,2026-05-05 10:33:00.000 +0530
XXXX081X2669,3140.0,2026-05-05 10:33:00.000 +0530
XXXX081X2722,4148.0,2026-05-05 10:33:00.000 +0530
XXXX081X2754,2055.0,2026-05-05 10:33:00.000 +0530
XXXX081X2852,2758.0,2026-05-05 10:33:00.000 +0530
XXXX081X2897,3517.0,2026-05-05 10:33:00.000 +0530
XXXX081X2904,3353.0,2026-05-05 10:33:00.000 +0530
XXXX081X2941,3559.0,2026-05-05 10:33:00.000 +0530
XXXX081X3040,3032.0,2026-05-05 10:33:00.000 +0530
XXXX081X3047,3557.0,2026-05-05 10:33:00.000 +0530
XXXX081X3158,3227.0,2026-05-05 10:33:00.000 +0530
XXXX081X3189,2928.0,2026-05-05 10:33:00.000 +0530
XXXX081X3274,4228.0,2026-05-05 10:33:00.000 +0530
XXXX081X3306,2620.0,2026-05-05 10:33:00.000 +0530
XXXX081X3454,3390.0,2026-05-05 10:33:00.000 +0530
XXXX081X3461,3097.0,2026-05-05 10:33:00.000 +0530
XXXX081X3475,6457.0,2026-05-05 10:33:00.000 +0530
XXXX081X3592,3917.0,2026-05-05 10:33:00.000 +0530
XXXX081X3602,3476.0,2026-05-05 10:33:00.000 +0530
XXXX081X3829,4098.0,2026-05-05 10:33:00.000 +0530
XXXX081X3892,3124.0,2026-05-05 10:33:00.000 +0530
XXXX081X4069,4522.0,2026-05-05 10:33:00.000 +0530
XXXX081X4280,3714.0,2026-05-05 10:33:00.000 +0530
XXXX081X4380,3096.0,2026-05-05 10:33:00.000 +0530
XXXX081X4387,3838.0,2026-05-05 10:33:00.000 +0530
XXXX081X4473,3216.0,2026-05-05 10:33:00.000 +0530
XXXX081X4518,3764.0,2026-05-05 10:33:00.000 +0530
XXXX081X4540,3964.0,2026-05-05 10:33:00.000 +0530
XXXX081X4541,3044.0,2026-05-05 10:33:00.000 +0530
XXXX081X4606,3821.0,2026-05-05 10:33:00.000 +0530
XXXX081X4651,3504.0,2026-05-05 10:33:00.000 +0530
XXXX081X4664,3893.0,2026-05-05 10:33:00.000 +0530
XXXX081X4678,4301.0,2026-05-05 10:33:00.000 +0530
XXXX081X4884,4928.0,2026-05-05 10:33:00.000 +0530
XXXX081X4920,5498.0,2026-05-05 10:33:00.000 +0530
XXXX081X4939,2490.0,2026-05-05 10:33:00.000 +0530
XXXX081X4978,3911.0,2026-05-05 10:33:00.000 +0530
XXXX081X5360,3678.0,2026-05-05 10:33:00.000 +0530
XXXX081X5557,3208.0,2026-05-05 10:33:00.000 +0530
XXXX081X5855,3689.0,2026-05-05 10:33:00.000 +0530
XXXX081X5899,2984.0,2026-05-05 10:33:00.000 +0530
XXXX081X5904,4445.0,2026-05-05 10:33:00.000 +0530
XXXX081X5911,3303.0,2026-05-05 10:33:00.000 +0530
XXXX081X6080,5223.0,2026-05-05 10:33:00.000 +0530
XXXX081X6150,3502.0,2026-05-05 10:33:00.000 +0530
XXXX081X6248,3318.0,2026-05-05 10:33:00.000 +0530
XXXX081X6251,3545.0,2026-05-05 10:33:00.000 +0530
XXXX081X6284,3839.0,2026-05-05 10:33:00.000 +0530
XXXX081X6310,3597.0,2026-05-05 10:33:00.000 +0530
XXXX081X6329,4770.0,2026-05-05 10:33:00.000 +0530
XXXX081X6402,2599.0,2026-05-05 10:33:00.000 +0530
XXXX081X6593,5011.0,2026-05-05 10:33:00.000 +0530
XXXX081X6597,4058.0,2026-05-05 10:33:00.000 +0530
XXXX081X6603,5651.0,2026-05-05 10:33:00.000 +0530
XXXX081X6708,3387.0,2026-05-05 10:33:00.000 +0530
XXXX081X6709,4512.0,2026-05-05 10:33:00.000 +0530
XXXX081X6714,3262.0,2026-05-05 10:33:00.000 +0530
XXXX081X6777,3345.0,2026-05-05 10:33:00.000 +0530
XXXX081X6900,3019.0,2026-05-05 10:33:00.000 +0530
XXXX081X6953,3165.0,2026-05-05 10:33:00.000 +0530
XXXX081X7008,5992.0,2026-05-05 10:33:00.000 +0530
XXXX081X7133,3486.0,2026-05-05 10:33:00.000 +0530
XXXX081X7213,4530.0,2026-05-05 10:33:00.000 +0530
XXXX081X7235,2981.0,2026-05-05 10:33:00.000 +0530
XXXX081X7251,2538.0,2026-05-05 10:33:00.000 +0530
XXXX081X7379,3972.0,2026-05-05 10:33:00.000 +0530
XXXX081X7458,3865.0,2026-05-05 10:33:00.000 +0530
XXXX081X7690,4451.0,2026-05-05 10:33:00.000 +0530
XXXX081X8105,4394.0,2026-05-05 10:33:00.000 +0530
XXXX081X8132,8182.0,2026-05-05 10:33:00.000 +0530
XXXX081X8177,3270.0,2026-05-05 10:33:00.000 +0530
XXXX081X8293,3185.0,2026-05-05 10:33:00.000 +0530
XXXX081X8350,3349.0,2026-05-05 10:33:00.000 +0530
XXXX081X8360,3101.0,2026-05-05 10:33:00.000 +0530
XXXX081X8370,4083.0,2026-05-05 10:33:00.000 +0530
XXXX081X8382,4123.0,2026-05-05 10:33:00.000 +0530
XXXX081X8473,3197.0,2026-05-05 10:33:00.000 +0530
XXXX081X8510,3597.0,2026-05-05 10:33:00.000 +0530
XXXX081X8528,5139.0,2026-05-05 10:33:00.000 +0530
XXXX081X8745,3580.0,2026-05-05 10:33:00.000 +0530
XXXX081X8903,5447.0,2026-05-05 10:33:00.000 +0530
XXXX081X8916,3630.0,2026-05-05 10:33:00.000 +0530
XXXX081X9125,3464.0,2026-05-05 10:33:00.000 +0530
XXXX081X9173,3047.0,2026-05-05 10:33:00.000 +0530
XXXX081X9410,3849.0,2026-05-05 10:33:00.000 +0530
XXXX081X9446,4207.0,2026-05-05 10:33:00.000 +0530
XXXX081X9459,3289.0,2026-05-05 10:33:00.000 +0530
XXXX081X9507,3085.0,2026-05-05 10:33:00.000 +0530
XXXX081X9534,3282.0,2026-05-05 10:33:00.000 +0530
XXXX081X9609,3956.0,2026-05-05 10:33:00.000 +0530
XXXX081X9656,2782.0,2026-05-05 10:33:00.000 +0530
XXXX081X9663,2016.0,2026-05-05 10:33:00.000 +0530
XXXX081X9736,3211.0,2026-05-05 10:33:00.000 +0530
XXXX081X9760,4368.0,2026-05-05 10:33:00.000 +0530
XXXX081X9768,3455.0,2026-05-05 10:33:00.000 +0530
XXXX081X9782,4306.0,2026-05-05 10:33:00.000 +0530
XXXX081X9947,4934.0,2026-05-05 10:33:00.000 +0530
XXXX081X9973,2812.0,2026-05-05 10:33:00.000 +0530
XXXX081X9997,3971.0,2026-05-05 10:33:00.000 +0530
XXXX082X0010,4633.0,2026-05-05 10:33:00.000 +0530
XXXX082X0015,3659.0,2026-05-05 10:33:00.000 +0530
XXXX082X0039,3741.0,2026-05-05 10:33:00.000 +0530
XXXX082X0049,3804.0,2026-05-05 10:33:00.000 +0530
XXXX082X0123,5028.0,2026-05-05 10:33:00.000 +0530
XXXX082X0158,6531.0,2026-05-05 10:33:00.000 +0530
XXXX082X0190,5008.0,2026-05-05 10:33:00.000 +0530
XXXX082X0207,4902.0,2026-05-05 10:33:00.000 +0530
XXXX082X0285,3875.0,2026-05-05 10:33:00.000 +0530
XXXX082X0286,3224.0,2026-05-05 10:33:00.000 +0530
XXXX082X0368,3735.0,2026-05-05 10:33:00.000 +0530
XXXX082X0396,4037.0,2026-05-05 10:33:00.000 +0530
XXXX082X0450,6444.0,2026-05-05 10:33:00.000 +0530
XXXX082X0492,6363.0,2026-05-05 10:33:00.000 +0530
XXXX082X0620,4088.0,2026-05-05 10:33:00.000 +0530
XXXX082X0734,4486.0,2026-05-05 10:33:00.000 +0530
XXXX082X0744,3430.0,2026-05-05 10:33:00.000 +0530
XXXX082X0856,4481.0,2026-05-05 10:33:00.000 +0530
XXXX082X0935,5084.0,2026-05-05 10:33:00.000 +0530
XXXX082X1047,5850.0,2026-05-05 10:33:00.000 +0530
XXXX082X1144,4930.0,2026-05-05 10:33:00.000 +0530
XXXX082X1169,4178.0,2026-05-05 10:33:00.000 +0530
XXXX082X1250,3222.0,2026-05-05 10:33:00.000 +0530
XXXX082X1429,4036.0,2026-05-05 10:33:00.000 +0530
XXXX082X1452,4477.0,2026-05-05 10:33:00.000 +0530
XXXX082X1484,2963.0,2026-05-05 10:33:00.000 +0530
XXXX082X1492,3293.0,2026-05-05 10:33:00.000 +0530
XXXX082X1545,6181.0,2026-05-05 10:33:00.000 +0530
XXXX082X1556,3727.0,2026-05-05 10:33:00.000 +0530
XXXX082X1621,7782.0,2026-05-05 10:33:00.000 +0530
XXXX082X1650,3498.0,2026-05-05 10:33:00.000 +0530
XXXX082X1750,3349.0,2026-05-05 10:33:00.000 +0530
XXXX082X1761,5103.0,2026-05-05 10:33:00.000 +0530
XXXX082X1770,3132.0,2026-05-05 10:33:00.000 +0530
XXXX082X1799,4332.0,2026-05-05 10:33:00.000 +0530
XXXX082X1800,5396.0,2026-05-05 10:33:00.000 +0530
XXXX082X1827,3616.0,2026-05-05 10:33:00.000 +0530
XXXX082X1864,3908.0,2026-05-05 10:33:00.000 +0530
XXXX082X1888,2440.0,2026-05-05 10:33:00.000 +0530
XXXX082X1907,3029.0,2026-05-05 10:33:00.000 +0530
XXXX082X1915,3287.0,2026-05-05 10:33:00.000 +0530
XXXX082X2005,3744.0,2026-05-05 10:33:00.000 +0530
XXXX082X2009,5209.0,2026-05-05 10:33:00.000 +0530
XXXX082X2059,3674.0,2026-05-05 10:33:00.000 +0530
XXXX082X2113,3746.0,2026-05-05 10:33:00.000 +0530
XXXX082X2297,5285.0,2026-05-05 10:33:00.000 +0530
XXXX082X2364,3449.0,2026-05-05 10:33:00.000 +0530
XXXX082X2526,3111.0,2026-05-05 10:33:00.000 +0530
XXXX082X2543,3266.0,2026-05-05 10:33:00.000 +0530
XXXX082X2630,3278.0,2026-05-05 10:33:00.000 +0530
XXXX082X2641,4370.0,2026-05-05 10:33:00.000 +0530
XXXX082X2673,8754.0,2026-05-05 10:33:00.000 +0530
XXXX082X2887,3502.0,2026-05-05 10:33:00.000 +0530
XXXX082X2922,3475.0,2026-05-05 10:33:00.000 +0530
XXXX082X3011,3580.0,2026-05-05 10:33:00.000 +0530
XXXX082X3074,3242.0,2026-05-05 10:33:00.000 +0530
XXXX082X3099,3449.0,2026-05-05 10:33:00.000 +0530
XXXX082X3166,3936.0,2026-05-05 10:33:00.000 +0530
XXXX082X3352,3595.0,2026-05-05 10:33:00.000 +0530
XXXX082X3378,3605.0,2026-05-05 10:33:00.000 +0530
XXXX082X3458,3571.0,2026-05-05 10:33:00.000 +0530
XXXX082X3530,3223.0,2026-05-05 10:33:00.000 +0530
XXXX082X3552,2862.0,2026-05-05 10:33:00.000 +0530
XXXX082X3636,4363.0,2026-05-05 10:33:00.000 +0530
XXXX082X3826,4158.0,2026-05-05 10:33:00.000 +0530
XXXX082X3844,5183.0,2026-05-05 10:33:00.000 +0530
XXXX082X4085,3368.0,2026-05-05 10:33:00.000 +0530
XXXX082X4102,3273.0,2026-05-05 10:33:00.000 +0530
XXXX082X4138,3230.0,2026-05-05 10:33:00.000 +0530
XXXX082X4220,2509.0,2026-05-05 10:33:00.000 +0530
XXXX082X4233,4317.0,2026-05-05 10:33:00.000 +0530
XXXX082X4283,3170.0,2026-05-05 10:33:00.000 +0530
XXXX082X4373,3117.0,2026-05-05 10:33:00.000 +0530
XXXX082X4417,3068.0,2026-05-05 10:33:00.000 +0530
XXXX082X4613,5047.0,2026-05-05 10:33:00.000 +0530
XXXX082X4731,3554.0,2026-05-05 10:33:00.000 +0530
XXXX082X4776,5978.0,2026-05-05 10:33:00.000 +0530
XXXX082X4779,3964.0,2026-05-05 10:33:00.000 +0530
XXXX082X4912,3766.0,2026-05-05 10:33:00.000 +0530
XXXX082X4920,3196.0,2026-05-05 10:33:00.000 +0530
XXXX082X4929,3918.0,2026-05-05 10:33:00.000 +0530
XXXX082X4988,3578.0,2026-05-05 10:33:00.000 +0530
XXXX082X5022,3078.0,2026-05-05 10:33:00.000 +0530
XXXX082X5046,3361.0,2026-05-05 10:33:00.000 +0530
XXXX082X5177,3580.0,2026-05-05 10:33:00.000 +0530
XXXX082X5248,3661.0,2026-05-05 10:33:00.000 +0530
XXXX082X5286,3197.0,2026-05-05 10:33:00.000 +0530
XXXX082X5290,4995.0,2026-05-05 10:33:00.000 +0530
XXXX082X5337,2864.0,2026-05-05 10:33:00.000 +0530
XXXX082X5356,4072.0,2026-05-05 10:33:00.000 +0530
XXXX082X5376,4078.0,2026-05-05 10:33:00.000 +0530
XXXX082X5378,4713.0,2026-05-05 10:33:00.000 +0530
XXXX082X5411,3514.0,2026-05-05 10:33:00.000 +0530
XXXX082X5422,3982.0,2026-05-05 10:33:00.000 +0530
XXXX082X5438,2724.0,2026-05-05 10:33:00.000 +0530
XXXX082X5457,4589.0,2026-05-05 10:33:00.000 +0530
XXXX082X5473,4612.0,2026-05-05 10:33:00.000 +0530
XXXX082X5483,3849.0,2026-05-05 10:33:00.000 +0530
XXXX082X5525,4697.0,2026-05-05 10:33:00.000 +0530
XXXX082X5605,5212.0,2026-05-05 10:33:00.000 +0530
XXXX082X5620,5432.0,2026-05-05 10:33:00.000 +0530
XXXX082X5664,4975.0,2026-05-05 10:33:00.000 +0530
XXXX082X5704,4462.0,2026-05-05 10:33:00.000 +0530
XXXX082X5716,3576.0,2026-05-05 10:33:00.000 +0530
XXXX082X5743,4342.0,2026-05-05 10:33:00.000 +0530
XXXX082X5745,2899.0,2026-05-05 10:33:00.000 +0530
XXXX082X5769,3263.0,2026-05-05 10:33:00.000 +0530
XXXX082X5828,2936.0,2026-05-05 10:33:00.000 +0530
XXXX082X5923,3308.0,2026-05-05 10:33:00.000 +0530
XXXX082X5961,3265.0,2026-05-05 10:33:00.000 +0530
XXXX082X5962,3866.0,2026-05-05 10:33:00.000 +0530
XXXX082X5994,5087.0,2026-05-05 10:33:00.000 +0530
XXXX082X6210,3699.0,2026-05-05 10:33:00.000 +0530
XXXX082X6318,2878.0,2026-05-05 10:33:00.000 +0530
XXXX082X6346,3553.0,2026-05-05 10:33:00.000 +0530
XXXX082X6473,3300.0,2026-05-05 10:33:00.000 +0530
XXXX082X6558,3806.0,2026-05-05 10:33:00.000 +0530
XXXX082X6610,3267.0,2026-05-05 10:33:00.000 +0530
XXXX082X6660,5041.0,2026-05-05 10:33:00.000 +0530
XXXX082X6668,2883.0,2026-05-05 10:33:00.000 +0530
XXXX082X6783,3977.0,2026-05-05 10:33:00.000 +0530
XXXX082X6814,3549.0,2026-05-05 10:33:00.000 +0530
XXXX082X6867,3382.0,2026-05-05 10:33:00.000 +0530
XXXX082X6893,3994.0,2026-05-05 10:33:00.000 +0530
XXXX082X6914,3776.0,2026-05-05 10:33:00.000 +0530
XXXX082X6916,3113.0,2026-05-05 10:33:00.000 +0530
XXXX082X7133,2960.0,2026-05-05 10:33:00.000 +0530
XXXX082X7162,5873.0,2026-05-05 10:33:00.000 +0530
XXXX082X7223,3771.0,2026-05-05 10:33:00.000 +0530
XXXX082X7225,4393.0,2026-05-05 10:33:00.000 +0530
XXXX082X7235,6554.0,2026-05-05 10:33:00.000 +0530
XXXX082X7277,3202.0,2026-05-05 10:33:00.000 +0530
XXXX082X7341,5269.0,2026-05-05 10:33:00.000 +0530
XXXX082X7364,3285.0,2026-05-05 10:33:00.000 +0530
XXXX082X7368,3090.0,2026-05-05 10:33:00.000 +0530
XXXX082X7388,3341.0,2026-05-05 10:33:00.000 +0530
XXXX082X7838,3581.0,2026-05-05 10:33:00.000 +0530
XXXX082X7886,7258.0,2026-05-05 10:33:00.000 +0530
XXXX082X8065,3574.0,2026-05-05 10:33:00.000 +0530
XXXX082X8081,4581.0,2026-05-05 10:33:00.000 +0530
XXXX082X8181,4128.0,2026-05-05 10:33:00.000 +0530
XXXX082X8217,5758.0,2026-05-05 10:33:00.000 +0530
XXXX082X8245,3808.0,2026-05-05 10:33:00.000 +0530
XXXX082X8290,3293.0,2026-05-05 10:33:00.000 +0530
XXXX082X8321,4332.0,2026-05-05 10:33:00.000 +0530
XXXX082X8378,4192.0,2026-05-05 10:33:00.000 +0530
XXXX082X8389,3007.0,2026-05-05 10:33:00.000 +0530
XXXX082X8411,4163.0,2026-05-05 10:33:00.000 +0530
XXXX082X8414,5706.0,2026-05-05 10:33:00.000 +0530
XXXX082X8461,2928.0,2026-05-05 10:33:00.000 +0530
XXXX082X8498,5473.0,2026-05-05 10:33:00.000 +0530
XXXX082X8514,4852.0,2026-05-05 10:33:00.000 +0530
XXXX082X8525,5914.0,2026-05-05 10:33:00.000 +0530
XXXX082X8528,7801.0,2026-05-05 10:33:00.000 +0530
XXXX082X8546,2987.0,2026-05-05 10:33:00.000 +0530
XXXX082X8577,3273.0,2026-05-05 10:33:00.000 +0530
XXXX082X8613,5120.0,2026-05-05 10:33:00.000 +0530
XXXX082X8692,3581.0,2026-05-05 10:33:00.000 +0530
XXXX082X8717,4946.0,2026-05-05 10:33:00.000 +0530
XXXX082X8897,3201.0,2026-05-05 10:33:00.000 +0530
XXXX082X8928,5229.0,2026-05-05 10:33:00.000 +0530
XXXX082X8969,4462.0,2026-05-05 10:33:00.000 +0530
XXXX082X8989,3504.0,2026-05-05 10:33:00.000 +0530
XXXX082X8997,5621.0,2026-05-05 10:33:00.000 +0530
XXXX082X9044,5655.0,2026-05-05 10:33:00.000 +0530
XXXX082X9071,2683.0,2026-05-05 10:33:00.000 +0530
XXXX082X9074,4931.0,2026-05-05 10:33:00.000 +0530
XXXX082X9104,2929.0,2026-05-05 10:33:00.000 +0530
XXXX082X9154,3357.0,2026-05-05 10:33:00.000 +0530
XXXX082X9208,4512.0,2026-05-05 10:33:00.000 +0530
XXXX082X9268,3105.0,2026-05-05 10:33:00.000 +0530
XXXX082X9277,5729.0,2026-05-05 10:33:00.000 +0530
XXXX082X9290,3468.0,2026-05-05 10:33:00.000 +0530
XXXX082X9357,2891.0,2026-05-05 10:33:00.000 +0530
XXXX082X9437,5735.0,2026-05-05 10:33:00.000 +0530
XXXX082X9474,3284.0,2026-05-05 10:33:00.000 +0530
XXXX082X9514,3631.0,2026-05-05 10:33:00.000 +0530
XXXX082X9692,4067.0,2026-05-05 10:33:00.000 +0530
XXXX082X9784,4087.0,2026-05-05 10:33:00.000 +0530
XXXX082X9806,3644.0,2026-05-05 10:33:00.000 +0530
XXXX082X9808,3463.0,2026-05-05 10:33:00.000 +0530
XXXX082X9856,2078.0,2026-05-05 10:33:00.000 +0530
XXXX082X9918,3665.0,2026-05-05 10:33:00.000 +0530
XXXX082X9939,4995.0,2026-05-05 10:33:00.000 +0530
XXXX083X0006,3226.0,2026-05-05 10:33:00.000 +0530
XXXX083X0019,3953.0,2026-05-05 10:33:00.000 +0530
XXXX083X0088,3219.0,2026-05-05 10:33:00.000 +0530
XXXX083X0159,4682.0,2026-05-05 10:33:00.000 +0530
XXXX083X0245,3657.0,2026-05-05 10:33:00.000 +0530
XXXX083X0268,4430.0,2026-05-05 10:33:00.000 +0530
XXXX083X0276,3408.0,2026-05-05 10:33:00.000 +0530
XXXX083X0291,2941.0,2026-05-05 10:33:00.000 +0530
XXXX083X0326,4130.0,2026-05-05 10:33:00.000 +0530
XXXX083X0327,2990.0,2026-05-05 10:33:00.000 +0530
XXXX083X0361,4636.0,2026-05-05 10:33:00.000 +0530
XXXX083X0368,6391.0,2026-05-05 10:33:00.000 +0530
XXXX083X0420,4503.0,2026-05-05 10:33:00.000 +0530
XXXX083X0475,3905.0,2026-05-05 10:33:00.000 +0530
XXXX083X0596,5178.0,2026-05-05 10:33:00.000 +0530
XXXX083X0733,3172.0,2026-05-05 10:33:00.000 +0530
XXXX083X0739,3491.0,2026-05-05 10:33:00.000 +0530
XXXX083X0784,4047.0,2026-05-05 10:33:00.000 +0530
XXXX083X0852,3516.0,2026-05-05 10:33:00.000 +0530
XXXX083X0876,6184.0,2026-05-05 10:33:00.000 +0530
XXXX083X0886,3197.0,2026-05-05 10:33:00.000 +0530
XXXX083X0924,3849.0,2026-05-05 10:33:00.000 +0530
XXXX083X0996,3713.0,2026-05-05 10:33:00.000 +0530
XXXX083X1001,3430.0,2026-05-05 10:33:00.000 +0530
XXXX083X1004,3284.0,2026-05-05 10:33:00.000 +0530
XXXX083X1049,5253.0,2026-05-05 10:33:00.000 +0530
XXXX083X1061,3246.0,2026-05-05 10:33:00.000 +0530
XXXX083X1108,3530.0,2026-05-05 10:33:00.000 +0530
XXXX083X1283,3421.0,2026-05-05 10:33:00.000 +0530
XXXX083X1318,5644.0,2026-05-05 10:33:00.000 +0530
XXXX083X1341,3962.0,2026-05-05 10:33:00.000 +0530
XXXX083X1346,3771.0,2026-05-05 10:33:00.000 +0530
XXXX083X1356,3303.0,2026-05-05 10:33:00.000 +0530
XXXX083X1457,4181.0,2026-05-05 10:33:00.000 +0530
XXXX083X1494,4083.0,2026-05-05 10:33:00.000 +0530
XXXX083X1502,3129.0,2026-05-05 10:33:00.000 +0530
XXXX083X1543,3868.0,2026-05-05 10:33:00.000 +0530
XXXX083X1601,5317.0,2026-05-05 10:33:00.000 +0530
XXXX083X1629,5546.0,2026-05-05 10:33:00.000 +0530
XXXX083X1630,3730.0,2026-05-05 10:33:00.000 +0530
XXXX083X1744,2463.0,2026-05-05 10:33:00.000 +0530
XXXX083X1780,8530.0,2026-05-05 10:33:00.000 +0530
XXXX083X1833,3556.0,2026-05-05 10:33:00.000 +0530
XXXX083X1839,4965.0,2026-05-05 10:33:00.000 +0530
XXXX083X1861,3582.0,2026-05-05 10:33:00.000 +0530
XXXX083X1871,3982.0,2026-05-05 10:33:00.000 +0530
XXXX083X1889,3528.0,2026-05-05 10:33:00.000 +0530
XXXX083X1955,3709.0,2026-05-05 10:33:00.000 +0530
XXXX083X2008,3526.0,2026-05-05 10:33:00.000 +0530
XXXX083X2073,4280.0,2026-05-05 10:33:00.000 +0530
XXXX083X2140,4107.0,2026-05-05 10:33:00.000 +0530
XXXX083X2162,4301.0,2026-05-05 10:33:00.000 +0530
XXXX083X2195,3045.0,2026-05-05 10:33:00.000 +0530
XXXX083X2205,4223.0,2026-05-05 10:33:00.000 +0530
XXXX083X2247,2676.0,2026-05-05 10:33:00.000 +0530
XXXX083X2315,3340.0,2026-05-05 10:33:00.000 +0530
XXXX083X2337,4095.0,2026-05-05 10:33:00.000 +0530
XXXX083X2354,2697.0,2026-05-05 10:33:00.000 +0530
XXXX083X2382,3709.0,2026-05-05 10:33:00.000 +0530
XXXX083X2413,3009.0,2026-05-05 10:33:00.000 +0530
XXXX083X2479,3123.0,2026-05-05 10:33:00.000 +0530
XXXX083X2492,3585.0,2026-05-05 10:33:00.000 +0530
XXXX083X2503,3075.0,2026-05-05 10:33:00.000 +0530
XXXX083X2571,4602.0,2026-05-05 10:33:00.000 +0530
XXXX083X2598,3470.0,2026-05-05 10:33:00.000 +0530
XXXX083X2608,3319.0,2026-05-05 10:33:00.000 +0530
XXXX083X2637,3191.0,2026-05-05 10:33:00.000 +0530
XXXX083X2660,3017.0,2026-05-05 10:33:00.000 +0530
XXXX083X2663,5184.0,2026-05-05 10:33:00.000 +0530
XXXX083X2780,2940.0,2026-05-05 10:33:00.000 +0530
XXXX083X2878,3995.0,2026-05-05 10:33:00.000 +0530
XXXX083X2959,3796.0,2026-05-05 10:33:00.000 +0530
XXXX083X3181,4129.0,2026-05-05 10:33:00.000 +0530
XXXX083X3251,3612.0,2026-05-05 10:33:00.000 +0530
XXXX083X3268,3116.0,2026-05-05 10:33:00.000 +0530
XXXX083X3314,5268.0,2026-05-05 10:33:00.000 +0530
XXXX083X3485,3179.0,2026-05-05 10:33:00.000 +0530
XXXX083X3488,3590.0,2026-05-05 10:33:00.000 +0530
XXXX083X3540,4596.0,2026-05-05 10:33:00.000 +0530
XXXX083X3553,4839.0,2026-05-05 10:33:00.000 +0530
XXXX083X3604,3400.0,2026-05-05 10:33:00.000 +0530
XXXX083X3690,3113.0,2026-05-05 10:33:00.000 +0530
XXXX083X3694,3181.0,2026-05-05 10:33:00.000 +0530
XXXX083X3706,5670.0,2026-05-05 10:33:00.000 +0530
XXXX083X3775,3629.0,2026-05-05 10:33:00.000 +0530
XXXX083X3779,3456.0,2026-05-05 10:33:00.000 +0530
XXXX083X3828,4560.0,2026-05-05 10:33:00.000 +0530
XXXX083X3856,4913.0,2026-05-05 10:33:00.000 +0530
XXXX083X3887,3345.0,2026-05-05 10:33:00.000 +0530
XXXX083X3928,2862.0,2026-05-05 10:33:00.000 +0530
XXXX083X3971,4305.0,2026-05-05 10:33:00.000 +0530
XXXX083X4108,2559.0,2026-05-05 10:33:00.000 +0530
XXXX083X4168,4072.0,2026-05-05 10:33:00.000 +0530
XXXX083X4217,6266.0,2026-05-05 10:33:00.000 +0530
XXXX083X4241,2502.0,2026-05-05 10:33:00.000 +0530
XXXX083X4281,4342.0,2026-05-05 10:33:00.000 +0530
XXXX083X4326,3261.0,2026-05-05 10:33:00.000 +0530
XXXX083X4339,3944.0,2026-05-05 10:33:00.000 +0530
XXXX083X4359,3338.0,2026-05-05 10:33:00.000 +0530
XXXX083X4368,3410.0,2026-05-05 10:33:00.000 +0530
XXXX083X4404,3269.0,2026-05-05 10:33:00.000 +0530
XXXX083X4413,3227.0,2026-05-05 10:33:00.000 +0530
XXXX083X4486,3469.0,2026-05-05 10:33:00.000 +0530
XXXX083X4603,4479.0,2026-05-05 10:33:00.000 +0530
XXXX083X4633,4270.0,2026-05-05 10:33:00.000 +0530
XXXX083X4664,4326.0,2026-05-05 10:33:00.000 +0530
XXXX083X4684,4167.0,2026-05-05 10:33:00.000 +0530
XXXX083X4727,2668.0,2026-05-05 10:33:00.000 +0530
XXXX083X4741,3431.0,2026-05-05 10:33:00.000 +0530
XXXX083X4833,4436.0,2026-05-05 10:33:00.000 +0530
XXXX083X4838,3476.0,2026-05-05 10:33:00.000 +0530
XXXX083X4840,4007.0,2026-05-05 10:33:00.000 +0530
XXXX083X4950,3863.0,2026-05-05 10:33:00.000 +0530
XXXX083X4961,3549.0,2026-05-05 10:33:00.000 +0530
XXXX083X4990,2960.0,2026-05-05 10:33:00.000 +0530
XXXX083X4999,4285.0,2026-05-05 10:33:00.000 +0530
XXXX083X5017,3284.0,2026-05-05 10:33:00.000 +0530
XXXX083X5160,3628.0,2026-05-05 10:33:00.000 +0530
XXXX083X5166,4140.0,2026-05-05 10:33:00.000 +0530
XXXX083X5173,3578.0,2026-05-05 10:33:00.000 +0530
XXXX083X5210,3197.0,2026-05-05 10:33:00.000 +0530
XXXX083X5246,4088.0,2026-05-05 10:33:00.000 +0530
XXXX083X5254,3231.0,2026-05-05 10:33:00.000 +0530
XXXX083X5274,4379.0,2026-05-05 10:33:00.000 +0530
XXXX083X5308,4901.0,2026-05-05 10:33:00.000 +0530
XXXX083X5362,3605.0,2026-05-05 10:33:00.000 +0530
XXXX083X5367,3606.0,2026-05-05 10:33:00.000 +0530
XXXX083X5393,4420.0,2026-05-05 10:33:00.000 +0530
XXXX083X5423,3628.0,2026-05-05 10:33:00.000 +0530
XXXX083X5424,3378.0,2026-05-05 10:33:00.000 +0530
XXXX083X5500,4008.0,2026-05-05 10:33:00.000 +0530
XXXX083X5548,4140.0,2026-05-05 10:33:00.000 +0530
XXXX083X5579,3949.0,2026-05-05 10:33:00.000 +0530
XXXX083X5599,2575.0,2026-05-05 10:33:00.000 +0530
XXXX083X5617,5981.0,2026-05-05 10:33:00.000 +0530
XXXX083X5638,3460.0,2026-05-05 10:33:00.000 +0530
XXXX083X5643,4445.0,2026-05-05 10:33:00.000 +0530
XXXX083X5644,2480.0,2026-05-05 10:33:00.000 +0530
XXXX083X5667,4097.0,2026-05-05 10:33:00.000 +0530
XXXX083X5683,3496.0,2026-05-05 10:33:00.000 +0530
XXXX083X5714,3177.0,2026-05-05 10:33:00.000 +0530
XXXX083X5742,3688.0,2026-05-05 10:33:00.000 +0530
XXXX083X5746,3063.0,2026-05-05 10:33:00.000 +0530
XXXX083X5797,4982.0,2026-05-05 10:33:00.000 +0530
XXXX083X5814,6225.0,2026-05-05 10:33:00.000 +0530
XXXX083X5823,4296.0,2026-05-05 10:33:00.000 +0530
XXXX083X5827,4816.0,2026-05-05 10:33:00.000 +0530
XXXX083X5899,4321.0,2026-05-05 10:33:00.000 +0530
XXXX083X5921,4367.0,2026-05-05 10:33:00.000 +0530
XXXX083X5960,3798.0,2026-05-05 10:33:00.000 +0530
XXXX083X5966,4145.0,2026-05-05 10:33:00.000 +0530
XXXX083X6048,3212.0,2026-05-05 10:33:00.000 +0530
XXXX083X6063,3270.0,2026-05-05 10:33:00.000 +0530
XXXX083X6143,3938.0,2026-05-05 10:33:00.000 +0530
XXXX083X6147,3713.0,2026-05-05 10:33:00.000 +0530
XXXX083X6224,4244.0,2026-05-05 10:33:00.000 +0530
XXXX083X6252,3788.0,2026-05-05 10:33:00.000 +0530
XXXX083X6320,3204.0,2026-05-05 10:33:00.000 +0530
XXXX083X6332,4372.0,2026-05-05 10:33:00.000 +0530
XXXX083X6344,3071.0,2026-05-05 10:33:00.000 +0530
XXXX083X6411,5240.0,2026-05-05 10:33:00.000 +0530
XXXX083X6550,5796.0,2026-05-05 10:33:00.000 +0530
XXXX083X6615,3693.0,2026-05-05 10:33:00.000 +0530
XXXX083X6635,5575.0,2026-05-05 10:33:00.000 +0530
XXXX083X6654,3265.0,2026-05-05 10:33:00.000 +0530
XXXX083X6664,4220.0,2026-05-05 10:33:00.000 +0530
XXXX083X6699,4802.0,2026-05-05 10:33:00.000 +0530
XXXX083X6745,2914.0,2026-05-05 10:33:00.000 +0530
XXXX083X6758,4384.0,2026-05-05 10:33:00.000 +0530
XXXX083X6816,3197.0,2026-05-05 10:33:00.000 +0530
XXXX083X6835,4825.0,2026-05-05 10:33:00.000 +0530
XXXX083X6860,3868.0,2026-05-05 10:33:00.000 +0530
XXXX083X7015,3995.0,2026-05-05 10:33:00.000 +0530
XXXX083X7049,3194.0,2026-05-05 10:33:00.000 +0530
XXXX083X7063,4254.0,2026-05-05 10:33:00.000 +0530
XXXX083X7074,4835.0,2026-05-05 10:33:00.000 +0530
XXXX083X7078,3135.0,2026-05-05 10:33:00.000 +0530
XXXX083X7107,6277.0,2026-05-05 10:33:00.000 +0530
XXXX083X7148,3204.0,2026-05-05 10:33:00.000 +0530
XXXX083X7150,3150.0,2026-05-05 10:33:00.000 +0530
XXXX083X7228,3979.0,2026-05-05 10:33:00.000 +0530
XXXX083X7280,4270.0,2026-05-05 10:33:00.000 +0530
XXXX083X7308,3639.0,2026-05-05 10:33:00.000 +0530
XXXX083X7312,3170.0,2026-05-05 10:33:00.000 +0530
XXXX083X7507,5136.0,2026-05-05 10:33:00.000 +0530
XXXX083X7512,3246.0,2026-05-05 10:33:00.000 +0530
XXXX083X7545,3779.0,2026-05-05 10:33:00.000 +0530
XXXX083X7592,3579.0,2026-05-05 10:33:00.000 +0530
XXXX083X7601,2215.0,2026-05-05 10:33:00.000 +0530
XXXX083X7617,3303.0,2026-05-05 10:33:00.000 +0530
XXXX083X7658,3014.0,2026-05-05 10:33:00.000 +0530
XXXX083X7698,3631.0,2026-05-05 10:33:00.000 +0530
XXXX083X7766,4250.0,2026-05-05 10:33:00.000 +0530
XXXX083X7777,3093.0,2026-05-05 10:33:00.000 +0530
XXXX083X7794,3533.0,2026-05-05 10:33:00.000 +0530
XXXX083X7810,3116.0,2026-05-05 10:33:00.000 +0530
XXXX083X7840,4181.0,2026-05-05 10:33:00.000 +0530
XXXX083X7872,3868.0,2026-05-05 10:33:00.000 +0530
XXXX083X7902,3860.0,2026-05-05 10:33:00.000 +0530
XXXX083X7924,3242.0,2026-05-05 10:33:00.000 +0530
XXXX083X7929,4289.0,2026-05-05 10:33:00.000 +0530
XXXX083X7930,3208.0,2026-05-05 10:33:00.000 +0530
XXXX083X8013,3613.0,2026-05-05 10:33:00.000 +0530
XXXX083X8026,3189.0,2026-05-05 10:33:00.000 +0530
XXXX083X8051,4105.0,2026-05-05 10:33:00.000 +0530
XXXX083X8075,4041.0,2026-05-05 10:33:00.000 +0530
XXXX083X8174,3514.0,2026-05-05 10:33:00.000 +0530
XXXX083X8199,3206.0,2026-05-05 10:33:00.000 +0530
XXXX083X8244,3385.0,2026-05-05 10:33:00.000 +0530
XXXX083X8262,3352.0,2026-05-05 10:33:00.000 +0530
XXXX083X8310,3444.0,2026-05-05 10:33:00.000 +0530
XXXX083X8474,6003.0,2026-05-05 10:33:00.000 +0530
XXXX083X8496,2985.0,2026-05-05 10:33:00.000 +0530
XXXX083X8526,4435.0,2026-05-05 10:33:00.000 +0530
XXXX083X8529,5955.0,2026-05-05 10:33:00.000 +0530
XXXX083X8570,3932.0,2026-05-05 10:33:00.000 +0530
XXXX083X8588,4998.0,2026-05-05 10:33:00.000 +0530
XXXX083X8637,4486.0,2026-05-05 10:33:00.000 +0530
XXXX083X8677,5966.0,2026-05-05 10:33:00.000 +0530
XXXX083X8695,3867.0,2026-05-05 10:33:00.000 +0530
XXXX083X8700,3085.0,2026-05-05 10:33:00.000 +0530
XXXX083X8748,5036.0,2026-05-05 10:33:00.000 +0530
XXXX083X8810,3272.0,2026-05-05 10:33:00.000 +0530
XXXX083X8850,2969.0,2026-05-05 10:33:00.000 +0530
XXXX083X8854,3419.0,2026-05-05 10:33:00.000 +0530
XXXX083X8891,6079.0,2026-05-05 10:33:00.000 +0530
XXXX083X8941,3294.0,2026-05-05 10:33:00.000 +0530
XXXX083X8953,3444.0,2026-05-05 10:33:00.000 +0530
XXXX083X8975,4044.0,2026-05-05 10:33:00.000 +0530
XXXX083X9029,5406.0,2026-05-05 10:33:00.000 +0530
XXXX083X9047,3944.0,2026-05-05 10:33:00.000 +0530
XXXX083X9058,4144.0,2026-05-05 10:33:00.000 +0530
XXXX083X9064,4047.0,2026-05-05 10:33:00.000 +0530
XXXX083X9085,4264.0,2026-05-05 10:33:00.000 +0530
XXXX083X9109,5874.0,2026-05-05 10:33:00.000 +0530
XXXX083X9126,3971.0,2026-05-05 10:33:00.000 +0530
XXXX083X9127,6031.0,2026-05-05 10:33:00.000 +0530
XXXX083X9134,3699.0,2026-05-05 10:33:00.000 +0530
XXXX083X9215,4631.0,2026-05-05 10:33:00.000 +0530
XXXX083X9233,5751.0,2026-05-05 10:33:00.000 +0530
XXXX083X9261,4413.0,2026-05-05 10:33:00.000 +0530
XXXX083X9352,3270.0,2026-05-05 10:33:00.000 +0530
XXXX083X9370,4137.0,2026-05-05 10:33:00.000 +0530
XXXX083X9470,3620.0,2026-05-05 10:33:00.000 +0530
XXXX083X9486,3534.0,2026-05-05 10:33:00.000 +0530
XXXX083X9493,3779.0,2026-05-05 10:33:00.000 +0530
XXXX083X9497,5241.0,2026-05-05 10:33:00.000 +0530
XXXX083X9516,4112.0,2026-05-05 10:33:00.000 +0530
XXXX083X9819,3008.0,2026-05-05 10:33:00.000 +0530
XXXX083X9835,5350.0,2026-05-05 10:33:00.000 +0530
XXXX083X9912,3935.0,2026-05-05 10:33:00.000 +0530
XXXX083X9915,4672.0,2026-05-05 10:33:00.000 +0530
XXXX083X9964,2845.0,2026-05-05 10:33:00.000 +0530
XXXX083X9974,3534.0,2026-05-05 10:33:00.000 +0530
XXXX084X0069,3430.0,2026-05-05 10:33:00.000 +0530
XXXX084X0163,4204.0,2026-05-05 10:33:00.000 +0530
XXXX084X0269,4018.0,2026-05-05 10:33:00.000 +0530
XXXX084X0273,3386.0,2026-05-05 10:33:00.000 +0530
XXXX084X0375,3067.0,2026-05-05 10:33:00.000 +0530
XXXX084X0456,8106.0,2026-05-05 10:33:00.000 +0530
XXXX084X0493,4446.0,2026-05-05 10:33:00.000 +0530
XXXX084X0708,3707.0,2026-05-05 10:33:00.000 +0530
XXXX084X0912,4244.0,2026-05-05 10:33:00.000 +0530
XXXX084X0938,2667.0,2026-05-05 10:33:00.000 +0530
XXXX084X0974,3437.0,2026-05-05 10:33:00.000 +0530
XXXX084X0998,3781.0,2026-05-05 10:33:00.000 +0530
XXXX084X1073,4864.0,2026-05-05 10:33:00.000 +0530
XXXX084X1149,5784.0,2026-05-05 10:33:00.000 +0530
XXXX084X1281,2692.0,2026-05-05 10:33:00.000 +0530
XXXX084X1422,4409.0,2026-05-05 10:33:00.000 +0530
XXXX084X1521,3807.0,2026-05-05 10:33:00.000 +0530
XXXX084X1636,4379.0,2026-05-05 10:33:00.000 +0530
XXXX084X1753,4161.0,2026-05-05 10:33:00.000 +0530
XXXX084X1768,4991.0,2026-05-05 10:33:00.000 +0530
XXXX084X1851,5660.0,2026-05-05 10:33:00.000 +0530
XXXX084X1919,3654.0,2026-05-05 10:33:00.000 +0530
XXXX084X1943,2969.0,2026-05-05 10:33:00.000 +0530
XXXX084X2015,3777.0,2026-05-05 10:33:00.000 +0530
XXXX084X2160,5227.0,2026-05-05 10:33:00.000 +0530
XXXX084X2257,3293.0,2026-05-05 10:33:00.000 +0530
XXXX084X2344,3240.0,2026-05-05 10:33:00.000 +0530
XXXX084X2357,4535.0,2026-05-05 10:33:00.000 +0530
XXXX084X2448,3649.0,2026-05-05 10:33:00.000 +0530
XXXX084X2553,3911.0,2026-05-05 10:33:00.000 +0530
XXXX084X2562,6809.0,2026-05-05 10:33:00.000 +0530
XXXX084X2589,5330.0,2026-05-05 10:33:00.000 +0530
XXXX084X2855,3531.0,2026-05-05 10:33:00.000 +0530
XXXX084X2881,3476.0,2026-05-05 10:33:00.000 +0530
XXXX084X2937,3939.0,2026-05-05 10:33:00.000 +0530
XXXX084X3012,3407.0,2026-05-05 10:33:00.000 +0530
XXXX084X3059,3643.0,2026-05-05 10:33:00.000 +0530
XXXX084X3070,3274.0,2026-05-05 10:33:00.000 +0530
XXXX084X3188,3854.0,2026-05-05 10:33:00.000 +0530
XXXX084X3208,2605.0,2026-05-05 10:33:00.000 +0530
XXXX084X3308,4034.0,2026-05-05 10:33:00.000 +0530
XXXX084X3334,3434.0,2026-05-05 10:33:00.000 +0530
XXXX084X3367,3085.0,2026-05-05 10:33:00.000 +0530
XXXX084X3379,2941.0,2026-05-05 10:33:00.000 +0530
XXXX084X3387,3163.0,2026-05-05 10:33:00.000 +0530
XXXX084X3414,5784.0,2026-05-05 10:33:00.000 +0530
XXXX084X3510,3061.0,2026-05-05 10:33:00.000 +0530
XXXX084X3631,4183.0,2026-05-05 10:33:00.000 +0530
XXXX084X3727,4597.0,2026-05-05 10:33:00.000 +0530
XXXX084X3789,4240.0,2026-05-05 10:33:00.000 +0530
XXXX084X3798,3235.0,2026-05-05 10:33:00.000 +0530
XXXX084X3855,3770.0,2026-05-05 10:33:00.000 +0530
XXXX084X4004,5561.0,2026-05-05 10:33:00.000 +0530
XXXX084X4007,3594.0,2026-05-05 10:33:00.000 +0530
XXXX084X4016,4410.0,2026-05-05 10:33:00.000 +0530
XXXX084X4033,3163.0,2026-05-05 10:33:00.000 +0530
XXXX084X4036,3543.0,2026-05-05 10:33:00.000 +0530
XXXX084X4110,5317.0,2026-05-05 10:33:00.000 +0530
XXXX084X4200,4249.0,2026-05-05 10:33:00.000 +0530
XXXX084X4251,3259.0,2026-05-05 10:33:00.000 +0530
XXXX084X4393,3353.0,2026-05-05 10:33:00.000 +0530
XXXX084X4461,4522.0,2026-05-05 10:33:00.000 +0530
XXXX084X4769,4148.0,2026-05-05 10:33:00.000 +0530
XXXX084X4776,5531.0,2026-05-05 10:33:00.000 +0530
XXXX084X4919,2514.0,2026-05-05 10:33:00.000 +0530
XXXX084X4998,6763.0,2026-05-05 10:33:00.000 +0530
XXXX084X5124,6172.0,2026-05-05 10:33:00.000 +0530
XXXX084X5127,4394.0,2026-05-05 10:33:00.000 +0530
XXXX084X5194,3914.0,2026-05-05 10:33:00.000 +0530
XXXX084X5213,3743.0,2026-05-05 10:33:00.000 +0530
XXXX084X5408,3320.0,2026-05-05 10:33:00.000 +0530
XXXX084X5528,5070.0,2026-05-05 10:33:00.000 +0530
XXXX084X5563,4106.0,2026-05-05 10:33:00.000 +0530
XXXX084X5771,2654.0,2026-05-05 10:33:00.000 +0530
XXXX084X5890,4908.0,2026-05-05 10:33:00.000 +0530
XXXX084X6031,4514.0,2026-05-05 10:33:00.000 +0530
XXXX084X6070,5384.0,2026-05-05 10:33:00.000 +0530
XXXX084X6076,2863.0,2026-05-05 10:33:00.000 +0530
XXXX084X6084,4274.0,2026-05-05 10:33:00.000 +0530
XXXX084X6107,4265.0,2026-05-05 10:33:00.000 +0530
XXXX084X6402,4645.0,2026-05-05 10:33:00.000 +0530
XXXX084X6485,4645.0,2026-05-05 10:33:00.000 +0530
XXXX084X6513,6921.0,2026-05-05 10:33:00.000 +0530
XXXX084X6560,4828.0,2026-05-05 10:33:00.000 +0530
XXXX084X6595,3701.0,2026-05-05 10:33:00.000 +0530
XXXX084X6775,3293.0,2026-05-05 10:33:00.000 +0530
XXXX084X6958,3212.0,2026-05-05 10:33:00.000 +0530
XXXX084X7037,2876.0,2026-05-05 10:33:00.000 +0530
XXXX084X7122,3289.0,2026-05-05 10:33:00.000 +0530
XXXX084X7138,4270.0,2026-05-05 10:33:00.000 +0530
XXXX084X7235,4326.0,2026-05-05 10:33:00.000 +0530
XXXX084X7372,4928.0,2026-05-05 10:33:00.000 +0530
XXXX084X7386,4713.0,2026-05-05 10:33:00.000 +0530
XXXX084X7464,4238.0,2026-05-05 10:33:00.000 +0530
XXXX084X7657,4043.0,2026-05-05 10:33:00.000 +0530
XXXX084X7703,6412.0,2026-05-05 10:33:00.000 +0530
XXXX084X7833,3674.0,2026-05-05 10:33:00.000 +0530
XXXX084X7899,3685.0,2026-05-05 10:33:00.000 +0530
XXXX084X7972,3417.0,2026-05-05 10:33:00.000 +0530
XXXX084X8004,3447.0,2026-05-05 10:33:00.000 +0530
XXXX084X8027,3135.0,2026-05-05 10:33:00.000 +0530
XXXX084X8080,4666.0,2026-05-05 10:33:00.000 +0530
XXXX084X8102,3482.0,2026-05-05 10:33:00.000 +0530
XXXX084X8300,5260.0,2026-05-05 10:33:00.000 +0530
XXXX084X8313,4119.0,2026-05-05 10:33:00.000 +0530
XXXX084X8342,4095.0,2026-05-05 10:33:00.000 +0530
XXXX084X8393,2709.0,2026-05-05 10:33:00.000 +0530
XXXX084X8451,3601.0,2026-05-05 10:33:00.000 +0530
XXXX084X8518,4851.0,2026-05-05 10:33:00.000 +0530
XXXX084X8618,4078.0,2026-05-05 10:33:00.000 +0530
XXXX084X8693,4636.0,2026-05-05 10:33:00.000 +0530
XXXX084X8741,5162.0,2026-05-05 10:33:00.000 +0530
XXXX084X8772,5152.0,2026-05-05 10:33:00.000 +0530
XXXX084X8950,4054.0,2026-05-05 10:33:00.000 +0530
XXXX084X8968,5179.0,2026-05-05 10:33:00.000 +0530
XXXX084X9148,3891.0,2026-05-05 10:33:00.000 +0530
XXXX084X9152,2438.0,2026-05-05 10:33:00.000 +0530
XXXX084X9303,4575.0,2026-05-05 10:33:00.000 +0530
XXXX084X9419,3847.0,2026-05-05 10:33:00.000 +0530
XXXX084X9617,3237.0,2026-05-05 10:33:00.000 +0530
XXXX084X9655,2827.0,2026-05-05 10:33:00.000 +0530
XXXX084X9970,5634.0,2026-05-05 10:33:00.000 +0530
XXXX085X0001,4485.0,2026-05-05 10:33:00.000 +0530
XXXX085X0031,6856.0,2026-05-05 10:33:00.000 +0530
XXXX085X0292,6902.0,2026-05-05 10:33:00.000 +0530
XXXX085X0399,3465.0,2026-05-05 10:33:00.000 +0530
XXXX085X0449,6284.0,2026-05-05 10:33:00.000 +0530
XXXX085X0513,3541.0,2026-05-05 10:33:00.000 +0530
XXXX085X0560,4306.0,2026-05-05 10:33:00.000 +0530
XXXX085X0579,3483.0,2026-05-05 10:33:00.000 +0530
XXXX085X0649,3747.0,2026-05-05 10:33:00.000 +0530
XXXX085X0653,4760.0,2026-05-05 10:33:00.000 +0530
XXXX085X0699,3331.0,2026-05-05 10:33:00.000 +0530
XXXX085X0789,5139.0,2026-05-05 10:33:00.000 +0530
XXXX085X0811,4965.0,2026-05-05 10:33:00.000 +0530
XXXX085X0871,2922.0,2026-05-05 10:33:00.000 +0530
XXXX085X0894,3853.0,2026-05-05 10:33:00.000 +0530
XXXX085X0902,5139.0,2026-05-05 10:33:00.000 +0530
XXXX085X0946,4555.0,2026-05-05 10:33:00.000 +0530
XXXX085X1033,6570.0,2026-05-05 10:33:00.000 +0530
XXXX085X1043,4036.0,2026-05-05 10:33:00.000 +0530
XXXX085X1128,2596.0,2026-05-05 10:33:00.000 +0530
XXXX085X1152,3865.0,2026-05-05 10:33:00.000 +0530
XXXX085X1218,3165.0,2026-05-05 10:33:00.000 +0530
XXXX085X1253,3905.0,2026-05-05 10:33:00.000 +0530
XXXX085X1282,3811.0,2026-05-05 10:33:00.000 +0530
XXXX085X1337,4368.0,2026-05-05 10:33:00.000 +0530
XXXX085X1389,5003.0,2026-05-05 10:33:00.000 +0530
XXXX085X1404,4264.0,2026-05-05 10:33:00.000 +0530
XXXX085X1487,3560.0,2026-05-05 10:33:00.000 +0530
XXXX085X1490,5385.0,2026-05-05 10:33:00.000 +0530
XXXX085X1567,3048.0,2026-05-05 10:33:00.000 +0530
XXXX085X1575,3575.0,2026-05-05 10:33:00.000 +0530
XXXX085X1604,3395.0,2026-05-05 10:33:00.000 +0530
XXXX085X1610,6954.0,2026-05-05 10:33:00.000 +0530
XXXX085X1633,4347.0,2026-05-05 10:33:00.000 +0530
XXXX085X1726,3770.0,2026-05-05 10:33:00.000 +0530
XXXX085X1738,4442.0,2026-05-05 10:33:00.000 +0530
XXXX085X1766,5447.0,2026-05-05 10:33:00.000 +0530
XXXX085X1787,4316.0,2026-05-05 10:33:00.000 +0530
XXXX085X1813,4373.0,2026-05-05 10:33:00.000 +0530
XXXX085X1871,4044.0,2026-05-05 10:33:00.000 +0530
XXXX085X1896,4610.0,2026-05-05 10:33:00.000 +0530
XXXX085X1933,3504.0,2026-05-05 10:33:00.000 +0530
XXXX085X1983,4358.0,2026-05-05 10:33:00.000 +0530
XXXX085X2040,4347.0,2026-05-05 10:33:00.000 +0530
XXXX085X2269,3868.0,2026-05-05 10:33:00.000 +0530
XXXX085X2292,3680.0,2026-05-05 10:33:00.000 +0530
XXXX085X2320,4304.0,2026-05-05 10:33:00.000 +0530
XXXX085X2344,3296.0,2026-05-05 10:33:00.000 +0530
XXXX085X2381,6454.0,2026-05-05 10:33:00.000 +0530
XXXX085X2401,3610.0,2026-05-05 10:33:00.000 +0530
XXXX085X2478,3265.0,2026-05-05 10:33:00.000 +0530
XXXX085X2482,6088.0,2026-05-05 10:33:00.000 +0530
XXXX085X2552,3651.0,2026-05-05 10:33:00.000 +0530
XXXX085X2638,3202.0,2026-05-05 10:33:00.000 +0530
XXXX085X2744,5758.0,2026-05-05 10:33:00.000 +0530
XXXX085X2796,4353.0,2026-05-05 10:33:00.000 +0530
XXXX085X2903,9004.0,2026-05-05 10:33:00.000 +0530
XXXX085X2936,3294.0,2026-05-05 10:33:00.000 +0530
XXXX085X2991,4358.0,2026-05-05 10:33:00.000 +0530
XXXX085X3092,4000.0,2026-05-05 10:33:00.000 +0530
XXXX085X3153,5190.0,2026-05-05 10:33:00.000 +0530
XXXX085X3232,3921.0,2026-05-05 10:33:00.000 +0530
XXXX085X3247,4111.0,2026-05-05 10:33:00.000 +0530
XXXX085X3323,4669.0,2026-05-05 10:33:00.000 +0530
XXXX085X3404,5223.0,2026-05-05 10:33:00.000 +0530
XXXX085X3454,3606.0,2026-05-05 10:33:00.000 +0530
XXXX085X3472,5423.0,2026-05-05 10:33:00.000 +0530
XXXX085X3547,4636.0,2026-05-05 10:33:00.000 +0530
XXXX085X3639,4995.0,2026-05-05 10:33:00.000 +0530
XXXX085X3653,3636.0,2026-05-05 10:33:00.000 +0530
XXXX085X3752,4125.0,2026-05-05 10:33:00.000 +0530
XXXX085X3816,1884.0,2026-05-05 10:33:00.000 +0530
XXXX085X3882,3035.0,2026-05-05 10:33:00.000 +0530
XXXX085X3966,5311.0,2026-05-05 10:33:00.000 +0530
XXXX085X3979,5838.0,2026-05-05 10:33:00.000 +0530
XXXX085X4011,3162.0,2026-05-05 10:33:00.000 +0530
XXXX085X4044,3780.0,2026-05-05 10:33:00.000 +0530
XXXX085X4113,4568.0,2026-05-05 10:33:00.000 +0530
XXXX085X4144,5054.0,2026-05-05 10:33:00.000 +0530
XXXX085X4165,5784.0,2026-05-05 10:33:00.000 +0530
XXXX085X4175,5123.0,2026-05-05 10:33:00.000 +0530
XXXX085X4241,5843.0,2026-05-05 10:33:00.000 +0530
XXXX085X4405,5826.0,2026-05-05 10:33:00.000 +0530
XXXX085X4436,3749.0,2026-05-05 10:33:00.000 +0530
XXXX085X4444,3124.0,2026-05-05 10:33:00.000 +0530
XXXX085X4544,4399.0,2026-05-05 10:33:00.000 +0530
XXXX085X4571,4965.0,2026-05-05 10:33:00.000 +0530
XXXX085X4610,5425.0,2026-05-05 10:33:00.000 +0530
XXXX085X4636,4306.0,2026-05-05 10:33:00.000 +0530
XXXX085X4714,5344.0,2026-05-05 10:33:00.000 +0530
XXXX085X4750,3578.0,2026-05-05 10:33:00.000 +0530
XXXX085X4754,4513.0,2026-05-05 10:33:00.000 +0530
XXXX085X4770,3184.0,2026-05-05 10:33:00.000 +0530
XXXX085X4784,2609.0,2026-05-05 10:33:00.000 +0530
XXXX085X4807,6589.0,2026-05-05 10:33:00.000 +0530
XXXX085X4828,5406.0,2026-05-05 10:33:00.000 +0530
XXXX085X4854,5853.0,2026-05-05 10:33:00.000 +0530
XXXX085X5013,4072.0,2026-05-05 10:33:00.000 +0530
XXXX085X5063,4887.0,2026-05-05 10:33:00.000 +0530
XXXX085X5175,3258.0,2026-05-05 10:33:00.000 +0530
XXXX085X5183,3055.0,2026-05-05 10:33:00.000 +0530
XXXX085X5188,2864.0,2026-05-05 10:33:00.000 +0530
XXXX085X5198,3293.0,2026-05-05 10:33:00.000 +0530
XXXX085X5199,2826.0,2026-05-05 10:33:00.000 +0530
XXXX085X5289,3494.0,2026-05-05 10:33:00.000 +0530
XXXX085X5334,3216.0,2026-05-05 10:33:00.000 +0530
XXXX085X5354,4442.0,2026-05-05 10:33:00.000 +0530
XXXX085X5460,3357.0,2026-05-05 10:33:00.000 +0530
XXXX085X5481,2758.0,2026-05-05 10:33:00.000 +0530
XXXX085X5512,4469.0,2026-05-05 10:33:00.000 +0530
XXXX085X5708,3229.0,2026-05-05 10:33:00.000 +0530
XXXX085X5721,4138.0,2026-05-05 10:33:00.000 +0530
XXXX085X5729,5084.0,2026-05-05 10:33:00.000 +0530
XXXX085X5745,3321.0,2026-05-05 10:33:00.000 +0530
XXXX085X5760,4021.0,2026-05-05 10:33:00.000 +0530
XXXX085X5803,3372.0,2026-05-05 10:33:00.000 +0530
XXXX085X6104,4565.0,2026-05-05 10:33:00.000 +0530
XXXX085X6132,5005.0,2026-05-05 10:33:00.000 +0530
XXXX085X6138,3120.0,2026-05-05 10:33:00.000 +0530
XXXX085X6322,3288.0,2026-05-05 10:33:00.000 +0530
XXXX085X6324,2807.0,2026-05-05 10:33:00.000 +0530
XXXX085X6414,4501.0,2026-05-05 10:33:00.000 +0530
XXXX085X6477,3603.0,2026-05-05 10:33:00.000 +0530
XXXX085X6487,2967.0,2026-05-05 10:33:00.000 +0530
XXXX085X6508,5420.0,2026-05-05 10:33:00.000 +0530
XXXX085X6792,4700.0,2026-05-05 10:33:00.000 +0530
XXXX085X6859,4098.0,2026-05-05 10:33:00.000 +0530
XXXX085X6862,5288.0,2026-05-05 10:33:00.000 +0530
XXXX085X6884,4513.0,2026-05-05 10:33:00.000 +0530
XXXX085X6967,3666.0,2026-05-05 10:33:00.000 +0530
XXXX085X7039,3261.0,2026-05-05 10:33:00.000 +0530
XXXX085X7074,3858.0,2026-05-05 10:33:00.000 +0530
XXXX085X7120,3819.0,2026-05-05 10:33:00.000 +0530
XXXX085X7162,5514.0,2026-05-05 10:33:00.000 +0530
XXXX085X7228,2291.0,2026-05-05 10:33:00.000 +0530
XXXX085X7354,4311.0,2026-05-05 10:33:00.000 +0530
XXXX085X7407,3097.0,2026-05-05 10:33:00.000 +0530
XXXX085X7427,2983.0,2026-05-05 10:33:00.000 +0530
XXXX085X7445,5460.0,2026-05-05 10:33:00.000 +0530
XXXX085X7526,3208.0,2026-05-05 10:33:00.000 +0530
XXXX085X7591,5850.0,2026-05-05 10:33:00.000 +0530
XXXX085X7598,3223.0,2026-05-05 10:33:00.000 +0530
XXXX085X7766,4193.0,2026-05-05 10:33:00.000 +0530
XXXX085X7835,3345.0,2026-05-05 10:33:00.000 +0530
XXXX085X7845,3323.0,2026-05-05 10:33:00.000 +0530
XXXX085X7855,5022.0,2026-05-05 10:33:00.000 +0530
XXXX085X7967,3647.0,2026-05-05 10:33:00.000 +0530
XXXX085X8021,3315.0,2026-05-05 10:33:00.000 +0530
XXXX085X8025,3752.0,2026-05-05 10:33:00.000 +0530
XXXX085X8037,4054.0,2026-05-05 10:33:00.000 +0530
XXXX085X8155,3762.0,2026-05-05 10:33:00.000 +0530
XXXX085X8202,3773.0,2026-05-05 10:33:00.000 +0530
XXXX085X8216,3165.0,2026-05-05 10:33:00.000 +0530
XXXX085X8317,3809.0,2026-05-05 10:33:00.000 +0530
XXXX085X8334,6598.0,2026-05-05 10:33:00.000 +0530
XXXX085X8339,3361.0,2026-05-05 10:33:00.000 +0530
XXXX085X8390,5601.0,2026-05-05 10:33:00.000 +0530
XXXX085X8461,3327.0,2026-05-05 10:33:00.000 +0530
XXXX085X8464,3612.0,2026-05-05 10:33:00.000 +0530
XXXX085X8520,3900.0,2026-05-05 10:33:00.000 +0530
XXXX085X8522,4347.0,2026-05-05 10:33:00.000 +0530
XXXX085X8539,3704.0,2026-05-05 10:33:00.000 +0530
XXXX085X8564,3393.0,2026-05-05 10:33:00.000 +0530
XXXX085X8570,5729.0,2026-05-05 10:33:00.000 +0530
XXXX085X8706,2717.0,2026-05-05 10:33:00.000 +0530
XXXX085X9007,4121.0,2026-05-05 10:33:00.000 +0530
XXXX085X9026,3120.0,2026-05-05 10:33:00.000 +0530
XXXX085X9055,4368.0,2026-05-05 10:33:00.000 +0530
XXXX085X9129,3972.0,2026-05-05 10:33:00.000 +0530
XXXX085X9311,2531.0,2026-05-05 10:33:00.000 +0530
XXXX085X9312,4277.0,2026-05-05 10:33:00.000 +0530
XXXX085X9317,5380.0,2026-05-05 10:33:00.000 +0530
XXXX085X9353,5784.0,2026-05-05 10:33:00.000 +0530
XXXX085X9379,3923.0,2026-05-05 10:33:00.000 +0530
XXXX085X9444,4166.0,2026-05-05 10:33:00.000 +0530
XXXX085X9555,4075.0,2026-05-05 10:33:00.000 +0530
XXXX085X9605,3881.0,2026-05-05 10:33:00.000 +0530
XXXX085X9616,3372.0,2026-05-05 10:33:00.000 +0530
XXXX085X9699,3440.0,2026-05-05 10:33:00.000 +0530
XXXX085X9737,4502.0,2026-05-05 10:33:00.000 +0530
XXXX085X9798,3293.0,2026-05-05 10:33:00.000 +0530
XXXX085X9921,3558.0,2026-05-05 10:33:00.000 +0530
XXXX085X9956,4721.0,2026-05-05 10:33:00.000 +0530
XXXX086X0022,4959.0,2026-05-05 10:33:00.000 +0530
XXXX086X0035,3845.0,2026-05-05 10:33:00.000 +0530
XXXX086X0283,4669.0,2026-05-05 10:33:00.000 +0530
XXXX086X0286,5166.0,2026-05-05 10:33:00.000 +0530
XXXX086X0508,3349.0,2026-05-05 10:33:00.000 +0530
XXXX086X0515,2914.0,2026-05-05 10:33:00.000 +0530
XXXX086X0539,3424.0,2026-05-05 10:33:00.000 +0530
XXXX086X0706,5817.0,2026-05-05 10:33:00.000 +0530
XXXX086X0806,3566.0,2026-05-05 10:33:00.000 +0530
XXXX086X0813,3422.0,2026-05-05 10:33:00.000 +0530
XXXX086X0880,4878.0,2026-05-05 10:33:00.000 +0530
XXXX086X0978,4288.0,2026-05-05 10:33:00.000 +0530
XXXX086X1054,4346.0,2026-05-05 10:33:00.000 +0530
XXXX086X1075,3513.0,2026-05-05 10:33:00.000 +0530
XXXX086X1497,3325.0,2026-05-05 10:33:00.000 +0530
XXXX086X2042,4435.0,2026-05-05 10:33:00.000 +0530
XXXX086X2135,4301.0,2026-05-05 10:33:00.000 +0530
XXXX086X2166,3323.0,2026-05-05 10:33:00.000 +0530
XXXX086X2214,4664.0,2026-05-05 10:33:00.000 +0530
XXXX086X2229,5157.0,2026-05-05 10:33:00.000 +0530
XXXX086X2252,2706.0,2026-05-05 10:33:00.000 +0530
XXXX086X2292,4039.0,2026-05-05 10:33:00.000 +0530
XXXX086X2516,3730.0,2026-05-05 10:33:00.000 +0530
XXXX086X2619,3790.0,2026-05-05 10:33:00.000 +0530
XXXX086X2778,5069.0,2026-05-05 10:33:00.000 +0530
XXXX086X2929,3235.0,2026-05-05 10:33:00.000 +0530
XXXX086X2977,3170.0,2026-05-05 10:33:00.000 +0530
XXXX086X3066,3823.0,2026-05-05 10:33:00.000 +0530
XXXX086X3070,2372.0,2026-05-05 10:33:00.000 +0530
XXXX086X3100,3994.0,2026-05-05 10:33:00.000 +0530
XXXX086X3110,4155.0,2026-05-05 10:33:00.000 +0530
XXXX086X3142,7247.0,2026-05-05 10:33:00.000 +0530
XXXX086X3149,5132.0,2026-05-05 10:33:00.000 +0530
XXXX086X3525,4669.0,2026-05-05 10:33:00.000 +0530
XXXX086X3599,2980.0,2026-05-05 10:33:00.000 +0530
XXXX086X3897,4140.0,2026-05-05 10:33:00.000 +0530
XXXX086X4222,3165.0,2026-05-05 10:33:00.000 +0530
XXXX086X4227,4169.0,2026-05-05 10:33:00.000 +0530
XXXX086X4256,5026.0,2026-05-05 10:33:00.000 +0530
XXXX086X4290,3112.0,2026-05-05 10:33:00.000 +0530
XXXX086X4576,3275.0,2026-05-05 10:33:00.000 +0530
XXXX086X4598,3494.0,2026-05-05 10:33:00.000 +0530
XXXX086X4624,4473.0,2026-05-05 10:33:00.000 +0530
XXXX086X4843,3788.0,2026-05-05 10:33:00.000 +0530
XXXX086X5104,5097.0,2026-05-05 10:33:00.000 +0530
XXXX086X5284,3518.0,2026-05-05 10:33:00.000 +0530
XXXX086X5373,3899.0,2026-05-05 10:33:00.000 +0530
XXXX086X5504,3650.0,2026-05-05 10:33:00.000 +0530
XXXX086X5566,2633.0,2026-05-05 10:33:00.000 +0530
XXXX086X5683,6108.0,2026-05-05 10:33:00.000 +0530
XXXX086X5881,3559.0,2026-05-05 10:33:00.000 +0530
XXXX086X6199,6452.0,2026-05-05 10:33:00.000 +0530
XXXX086X6237,4959.0,2026-05-05 10:33:00.000 +0530
XXXX086X6262,2921.0,2026-05-05 10:33:00.000 +0530
XXXX086X6453,4002.0,2026-05-05 10:33:00.000 +0530
XXXX086X6472,3845.0,2026-05-05 10:33:00.000 +0530
XXXX086X6478,6423.0,2026-05-05 10:33:00.000 +0530
XXXX086X6556,3453.0,2026-05-05 10:33:00.000 +0530
XXXX086X6584,4119.0,2026-05-05 10:33:00.000 +0530
XXXX086X6638,4672.0,2026-05-05 10:33:00.000 +0530
XXXX086X6703,4991.0,2026-05-05 10:33:00.000 +0530
XXXX086X6788,3420.0,2026-05-05 10:33:00.000 +0530
XXXX086X6812,4109.0,2026-05-05 10:33:00.000 +0530
XXXX086X6849,4182.0,2026-05-05 10:33:00.000 +0530
XXXX086X7025,3208.0,2026-05-05 10:33:00.000 +0530
XXXX086X7058,3113.0,2026-05-05 10:33:00.000 +0530
XXXX086X7059,3859.0,2026-05-05 10:33:00.000 +0530
XXXX086X7206,4870.0,2026-05-05 10:33:00.000 +0530
XXXX086X7328,3681.0,2026-05-05 10:33:00.000 +0530
XXXX086X7332,3270.0,2026-05-05 10:33:00.000 +0530
XXXX086X7335,5190.0,2026-05-05 10:33:00.000 +0530
XXXX086X7404,3795.0,2026-05-05 10:33:00.000 +0530
XXXX086X7870,4301.0,2026-05-05 10:33:00.000 +0530
XXXX086X7915,4783.0,2026-05-05 10:33:00.000 +0530
XXXX086X8039,4575.0,2026-05-05 10:33:00.000 +0530
XXXX086X8080,6278.0,2026-05-05 10:33:00.000 +0530
XXXX086X8150,6415.0,2026-05-05 10:33:00.000 +0530
XXXX086X8168,3631.0,2026-05-05 10:33:00.000 +0530
XXXX086X8472,4733.0,2026-05-05 10:33:00.000 +0530
XXXX086X8557,3563.0,2026-05-05 10:33:00.000 +0530
XXXX086X8583,4021.0,2026-05-05 10:33:00.000 +0530
XXXX086X8598,3418.0,2026-05-05 10:33:00.000 +0530
XXXX086X8667,6777.0,2026-05-05 10:33:00.000 +0530
XXXX086X8809,5395.0,2026-05-05 10:33:00.000 +0530
XXXX086X8892,6052.0,2026-05-05 10:33:00.000 +0530
XXXX086X9002,4794.0,2026-05-05 10:33:00.000 +0530
XXXX086X9033,2332.0,2026-05-05 10:33:00.000 +0530
XXXX086X9058,3716.0,2026-05-05 10:33:00.000 +0530
XXXX086X9377,3315.0,2026-05-05 10:33:00.000 +0530
XXXX086X9393,4833.0,2026-05-05 10:33:00.000 +0530
XXXX086X9438,6056.0,2026-05-05 10:33:00.000 +0530
XXXX086X9776,4628.0,2026-05-05 10:33:00.000 +0530
XXXX086X9867,2971.0,2026-05-05 10:33:00.000 +0530
XXXX087X0011,4327.0,2026-05-05 10:33:00.000 +0530
XXXX087X0103,4159.0,2026-05-05 10:33:00.000 +0530
XXXX087X0157,3601.0,2026-05-05 10:33:00.000 +0530
XXXX087X0206,4501.0,2026-05-05 10:33:00.000 +0530
XXXX087X0265,2587.0,2026-05-05 10:33:00.000 +0530
XXXX087X0268,7617.0,2026-05-05 10:33:00.000 +0530
XXXX087X0287,3320.0,2026-05-05 10:33:00.000 +0530
XXXX087X0402,3700.0,2026-05-05 10:33:00.000 +0530
XXXX087X0487,5022.0,2026-05-05 10:33:00.000 +0530
XXXX087X0544,4068.0,2026-05-05 10:33:00.000 +0530
XXXX087X0558,3051.0,2026-05-05 10:33:00.000 +0530
XXXX087X0608,2123.0,2026-05-05 10:33:00.000 +0530
XXXX087X0620,3588.0,2026-05-05 10:33:00.000 +0530
XXXX087X0672,5139.0,2026-05-05 10:33:00.000 +0530
XXXX087X0699,4370.0,2026-05-05 10:33:00.000 +0530
XXXX087X0737,4664.0,2026-05-05 10:33:00.000 +0530
XXXX087X0746,3695.0,2026-05-05 10:33:00.000 +0530
XXXX087X0772,4525.0,2026-05-05 10:33:00.000 +0530
XXXX087X0790,5184.0,2026-05-05 10:33:00.000 +0530
XXXX087X0869,3504.0,2026-05-05 10:33:00.000 +0530
XXXX087X0890,2689.0,2026-05-05 10:33:00.000 +0530
XXXX087X0891,5893.0,2026-05-05 10:33:00.000 +0530
XXXX087X1077,2951.0,2026-05-05 10:33:00.000 +0530
XXXX087X1142,2788.0,2026-05-05 10:33:00.000 +0530
XXXX087X1178,3768.0,2026-05-05 10:33:00.000 +0530
XXXX087X1369,4214.0,2026-05-05 10:33:00.000 +0530
XXXX087X1450,5488.0,2026-05-05 10:33:00.000 +0530
XXXX087X1711,3451.0,2026-05-05 10:33:00.000 +0530
XXXX087X1967,4014.0,2026-05-05 10:33:00.000 +0530
XXXX087X2198,3403.0,2026-05-05 10:33:00.000 +0530
XXXX087X2394,3232.0,2026-05-05 10:33:00.000 +0530
XXXX087X2434,5447.0,2026-05-05 10:33:00.000 +0530
XXXX087X2437,4531.0,2026-05-05 10:33:00.000 +0530
XXXX087X2763,3193.0,2026-05-05 10:33:00.000 +0530
XXXX087X2814,3792.0,2026-05-05 10:33:00.000 +0530
XXXX087X2894,5026.0,2026-05-05 10:33:00.000 +0530
XXXX087X3044,5825.0,2026-05-05 10:33:00.000 +0530
XXXX087X3251,5395.0,2026-05-05 10:33:00.000 +0530
XXXX087X3285,4819.0,2026-05-05 10:33:00.000 +0530
XXXX087X3520,2670.0,2026-05-05 10:33:00.000 +0530
XXXX087X3637,4037.0,2026-05-05 10:33:00.000 +0530
XXXX087X3709,3493.0,2026-05-05 10:33:00.000 +0530
XXXX087X3778,4778.0,2026-05-05 10:33:00.000 +0530
XXXX087X3967,5037.0,2026-05-05 10:33:00.000 +0530
XXXX087X4163,3939.0,2026-05-05 10:33:00.000 +0530
XXXX087X4207,3640.0,2026-05-05 10:33:00.000 +0530
XXXX087X4236,4612.0,2026-05-05 10:33:00.000 +0530
XXXX087X4378,2280.0,2026-05-05 10:33:00.000 +0530
XXXX087X4479,5302.0,2026-05-05 10:33:00.000 +0530
XXXX087X4513,5567.0,2026-05-05 10:33:00.000 +0530
XXXX087X4685,6692.0,2026-05-05 10:33:00.000 +0530
XXXX087X4970,4187.0,2026-05-05 10:33:00.000 +0530
XXXX087X4971,7638.0,2026-05-05 10:33:00.000 +0530
XXXX087X5031,3277.0,2026-05-05 10:33:00.000 +0530
XXXX087X5041,4685.0,2026-05-05 10:33:00.000 +0530
XXXX087X5092,2970.0,2026-05-05 10:33:00.000 +0530
XXXX087X5144,3631.0,2026-05-05 10:33:00.000 +0530
XXXX087X5239,3416.0,2026-05-05 10:33:00.000 +0530
XXXX087X5257,3470.0,2026-05-05 10:33:00.000 +0530
XXXX087X5297,3824.0,2026-05-05 10:33:00.000 +0530
XXXX087X5355,3679.0,2026-05-05 10:33:00.000 +0530
XXXX087X5402,3871.0,2026-05-05 10:33:00.000 +0530
XXXX087X5480,5765.0,2026-05-05 10:33:00.000 +0530
XXXX087X5551,4358.0,2026-05-05 10:33:00.000 +0530
XXXX087X5612,3288.0,2026-05-05 10:33:00.000 +0530
XXXX087X5643,5501.0,2026-05-05 10:33:00.000 +0530
XXXX087X5829,5432.0,2026-05-05 10:33:00.000 +0530
XXXX087X5973,5958.0,2026-05-05 10:33:00.000 +0530
XXXX087X6000,4506.0,2026-05-05 10:33:00.000 +0530
XXXX087X6048,3887.0,2026-05-05 10:33:00.000 +0530
XXXX087X6081,3924.0,2026-05-05 10:33:00.000 +0530
XXXX087X6121,4508.0,2026-05-05 10:33:00.000 +0530
XXXX087X6137,3932.0,2026-05-05 10:33:00.000 +0530
XXXX087X6160,2732.0,2026-05-05 10:33:00.000 +0530
XXXX087X6440,4731.0,2026-05-05 10:33:00.000 +0530
XXXX087X6448,4150.0,2026-05-05 10:33:00.000 +0530
XXXX087X6466,3364.0,2026-05-05 10:33:00.000 +0530
XXXX087X6585,4072.0,2026-05-05 10:33:00.000 +0530
XXXX087X6613,3345.0,2026-05-05 10:33:00.000 +0530
XXXX087X6685,4189.0,2026-05-05 10:33:00.000 +0530
XXXX087X6689,3387.0,2026-05-05 10:33:00.000 +0530
XXXX087X6767,3636.0,2026-05-05 10:33:00.000 +0530
XXXX087X6816,4311.0,2026-05-05 10:33:00.000 +0530
XXXX087X6885,2724.0,2026-05-05 10:33:00.000 +0530
XXXX087X7000,4923.0,2026-05-05 10:33:00.000 +0530
XXXX087X7143,4349.0,2026-05-05 10:33:00.000 +0530
XXXX087X7645,3787.0,2026-05-05 10:33:00.000 +0530
XXXX087X7646,3585.0,2026-05-05 10:33:00.000 +0530
XXXX087X7690,4638.0,2026-05-05 10:33:00.000 +0530
XXXX087X7722,4202.0,2026-05-05 10:33:00.000 +0530
XXXX087X7830,3571.0,2026-05-05 10:33:00.000 +0530
XXXX087X7893,4680.0,2026-05-05 10:33:00.000 +0530
XXXX087X7948,4624.0,2026-05-05 10:33:00.000 +0530
XXXX087X7993,3636.0,2026-05-05 10:33:00.000 +0530
XXXX087X8037,4831.0,2026-05-05 10:33:00.000 +0530
XXXX087X8146,4959.0,2026-05-05 10:33:00.000 +0530
XXXX087X8147,2193.0,2026-05-05 10:33:00.000 +0530
XXXX087X8229,3004.0,2026-05-05 10:33:00.000 +0530
XXXX087X8235,6704.0,2026-05-05 10:33:00.000 +0530
XXXX087X8266,4778.0,2026-05-05 10:33:00.000 +0530
XXXX087X8436,3591.0,2026-05-05 10:33:00.000 +0530
XXXX087X8544,6288.0,2026-05-05 10:33:00.000 +0530
XXXX087X8613,5127.0,2026-05-05 10:33:00.000 +0530
XXXX087X8658,4516.0,2026-05-05 10:33:00.000 +0530
XXXX087X8771,3720.0,2026-05-05 10:33:00.000 +0530
XXXX087X8813,5059.0,2026-05-05 10:33:00.000 +0530
XXXX087X8824,2947.0,2026-05-05 10:33:00.000 +0530
XXXX087X8899,3505.0,2026-05-05 10:33:00.000 +0530
XXXX087X9123,3677.0,2026-05-05 10:33:00.000 +0530
XXXX087X9145,3249.0,2026-05-05 10:33:00.000 +0530
XXXX087X9192,4619.0,2026-05-05 10:33:00.000 +0530
XXXX087X9344,5362.0,2026-05-05 10:33:00.000 +0530
XXXX087X9463,5859.0,2026-05-05 10:33:00.000 +0530
XXXX087X9486,4999.0,2026-05-05 10:33:00.000 +0530
XXXX087X9508,4623.0,2026-05-05 10:33:00.000 +0530
XXXX087X9580,5200.0,2026-05-05 10:33:00.000 +0530
XXXX088X0054,4014.0,2026-05-05 10:33:00.000 +0530
XXXX088X0226,4715.0,2026-05-05 10:33:00.000 +0530
XXXX088X0253,2563.0,2026-05-05 10:33:00.000 +0530
XXXX088X0312,4196.0,2026-05-05 10:33:00.000 +0530
XXXX088X0368,3453.0,2026-05-05 10:33:00.000 +0530
XXXX088X0371,4565.0,2026-05-05 10:33:00.000 +0530
XXXX088X0391,4086.0,2026-05-05 10:33:00.000 +0530
XXXX088X0592,4467.0,2026-05-05 10:33:00.000 +0530
XXXX088X0615,3198.0,2026-05-05 10:33:00.000 +0530
XXXX088X0648,2622.0,2026-05-05 10:33:00.000 +0530
XXXX088X0712,5593.0,2026-05-05 10:33:00.000 +0530
XXXX088X0768,3709.0,2026-05-05 10:33:00.000 +0530
XXXX088X0932,2260.0,2026-05-05 10:33:00.000 +0530
XXXX088X1086,3240.0,2026-05-05 10:33:00.000 +0530
XXXX088X1128,3932.0,2026-05-05 10:33:00.000 +0530
XXXX088X1139,4930.0,2026-05-05 10:33:00.000 +0530
XXXX088X1238,3960.0,2026-05-05 10:33:00.000 +0530
XXXX088X1394,2795.0,2026-05-05 10:33:00.000 +0530
XXXX088X1455,4551.0,2026-05-05 10:33:00.000 +0530
XXXX088X1675,4108.0,2026-05-05 10:33:00.000 +0530
XXXX088X1744,3165.0,2026-05-05 10:33:00.000 +0530
XXXX088X2031,3578.0,2026-05-05 10:33:00.000 +0530
XXXX088X2035,6230.0,2026-05-05 10:33:00.000 +0530
XXXX088X2090,2858.0,2026-05-05 10:33:00.000 +0530
XXXX088X2113,3482.0,2026-05-05 10:33:00.000 +0530
XXXX088X2191,4373.0,2026-05-05 10:33:00.000 +0530
XXXX088X2267,3980.0,2026-05-05 10:33:00.000 +0530
XXXX088X2307,5987.0,2026-05-05 10:33:00.000 +0530
XXXX088X2319,5481.0,2026-05-05 10:33:00.000 +0530
XXXX088X2416,2801.0,2026-05-05 10:33:00.000 +0530
XXXX088X2451,3881.0,2026-05-05 10:33:00.000 +0530
XXXX088X2528,5572.0,2026-05-05 10:33:00.000 +0530
XXXX088X2576,3977.0,2026-05-05 10:33:00.000 +0530
XXXX088X2672,3010.0,2026-05-05 10:33:00.000 +0530
XXXX088X2947,5678.0,2026-05-05 10:33:00.000 +0530
XXXX088X2981,4072.0,2026-05-05 10:33:00.000 +0530
XXXX088X3090,3778.0,2026-05-05 10:33:00.000 +0530
XXXX088X3154,7251.0,2026-05-05 10:33:00.000 +0530
XXXX088X3159,3453.0,2026-05-05 10:33:00.000 +0530
XXXX088X3238,4421.0,2026-05-05 10:33:00.000 +0530
XXXX088X3297,4330.0,2026-05-05 10:33:00.000 +0530
XXXX088X3382,8661.0,2026-05-05 10:33:00.000 +0530
XXXX088X3387,4154.0,2026-05-05 10:33:00.000 +0530
XXXX088X3554,3273.0,2026-05-05 10:33:00.000 +0530
XXXX088X3899,4286.0,2026-05-05 10:33:00.000 +0530
XXXX088X3934,3636.0,2026-05-05 10:33:00.000 +0530
XXXX088X4007,4408.0,2026-05-05 10:33:00.000 +0530
XXXX088X4024,3555.0,2026-05-05 10:33:00.000 +0530
XXXX088X4061,4954.0,2026-05-05 10:33:00.000 +0530
XXXX088X4110,3856.0,2026-05-05 10:33:00.000 +0530
XXXX088X4124,3228.0,2026-05-05 10:33:00.000 +0530
XXXX088X4184,6573.0,2026-05-05 10:33:00.000 +0530
XXXX088X4225,5810.0,2026-05-05 10:33:00.000 +0530
XXXX088X4361,6406.0,2026-05-05 10:33:00.000 +0530
XXXX088X4496,4112.0,2026-05-05 10:33:00.000 +0530
XXXX088X4578,8900.0,2026-05-05 10:33:00.000 +0530
XXXX088X4627,5608.0,2026-05-05 10:33:00.000 +0530
XXXX088X4657,8498.0,2026-05-05 10:33:00.000 +0530
XXXX088X4694,3692.0,2026-05-05 10:33:00.000 +0530
XXXX088X4783,2931.0,2026-05-05 10:33:00.000 +0530
XXXX088X5014,5048.0,2026-05-05 10:33:00.000 +0530
XXXX088X5051,2978.0,2026-05-05 10:33:00.000 +0530
XXXX088X5582,3351.0,2026-05-05 10:33:00.000 +0530
XXXX088X5694,5521.0,2026-05-05 10:33:00.000 +0530
XXXX088X5720,5129.0,2026-05-05 10:33:00.000 +0530
XXXX088X5727,4864.0,2026-05-05 10:33:00.000 +0530
XXXX088X5763,3648.0,2026-05-05 10:33:00.000 +0530
XXXX088X5799,5209.0,2026-05-05 10:33:00.000 +0530
XXXX088X5863,2617.0,2026-05-05 10:33:00.000 +0530
XXXX088X5983,4296.0,2026-05-05 10:33:00.000 +0530
XXXX088X6203,5666.0,2026-05-05 10:33:00.000 +0530
XXXX088X6215,3330.0,2026-05-05 10:33:00.000 +0530
XXXX088X6324,3228.0,2026-05-05 10:33:00.000 +0530
XXXX088X6402,2735.0,2026-05-05 10:33:00.000 +0530
XXXX088X6712,2713.0,2026-05-05 10:33:00.000 +0530
XXXX088X6829,5461.0,2026-05-05 10:33:00.000 +0530
XXXX088X6860,3466.0,2026-05-05 10:33:00.000 +0530
XXXX088X7089,5395.0,2026-05-05 10:33:00.000 +0530
XXXX088X7094,5796.0,2026-05-05 10:33:00.000 +0530
XXXX088X7174,6290.0,2026-05-05 10:33:00.000 +0530
XXXX088X7208,4272.0,2026-05-05 10:33:00.000 +0530
XXXX088X7343,4337.0,2026-05-05 10:33:00.000 +0530
XXXX088X7391,4290.0,2026-05-05 10:33:00.000 +0530
XXXX088X7458,5200.0,2026-05-05 10:33:00.000 +0530
XXXX088X7567,3980.0,2026-05-05 10:33:00.000 +0530
XXXX088X7964,4088.0,2026-05-05 10:33:00.000 +0530
XXXX088X8047,5038.0,2026-05-05 10:33:00.000 +0530
XXXX088X8062,3189.0,2026-05-05 10:33:00.000 +0530
XXXX088X8077,3895.0,2026-05-05 10:33:00.000 +0530
XXXX088X8113,5988.0,2026-05-05 10:33:00.000 +0530
XXXX088X8164,2713.0,2026-05-05 10:33:00.000 +0530
XXXX088X8179,4194.0,2026-05-05 10:33:00.000 +0530
XXXX088X8250,2960.0,2026-05-05 10:33:00.000 +0530
XXXX088X8316,3207.0,2026-05-05 10:33:00.000 +0530
XXXX088X8468,3738.0,2026-05-05 10:33:00.000 +0530
XXXX088X8512,4092.0,2026-05-05 10:33:00.000 +0530
XXXX088X8573,5507.0,2026-05-05 10:33:00.000 +0530
XXXX088X8900,3803.0,2026-05-05 10:33:00.000 +0530
XXXX088X8905,3330.0,2026-05-05 10:33:00.000 +0530
XXXX088X8936,4680.0,2026-05-05 10:33:00.000 +0530
XXXX088X9005,5285.0,2026-05-05 10:33:00.000 +0530
XXXX088X9023,2750.0,2026-05-05 10:33:00.000 +0530
XXXX088X9046,3529.0,2026-05-05 10:33:00.000 +0530
XXXX088X9166,3797.0,2026-05-05 10:33:00.000 +0530
XXXX088X9235,3945.0,2026-05-05 10:33:00.000 +0530
XXXX088X9242,4444.0,2026-05-05 10:33:00.000 +0530
XXXX088X9296,3609.0,2026-05-05 10:33:00.000 +0530
XXXX088X9385,3524.0,2026-05-05 10:33:00.000 +0530
XXXX088X9403,3557.0,2026-05-05 10:33:00.000 +0530
XXXX088X9565,3769.0,2026-05-05 10:33:00.000 +0530
XXXX088X9620,3651.0,2026-05-05 10:33:00.000 +0530
XXXX088X9767,4332.0,2026-05-05 10:33:00.000 +0530
XXXX088X9855,4778.0,2026-05-05 10:33:00.000 +0530
XXXX088X9902,5577.0,2026-05-05 10:33:00.000 +0530
XXXX088X9962,4348.0,2026-05-05 10:33:00.000 +0530
XXXX088X9991,3737.0,2026-05-05 10:33:00.000 +0530
XXXX089X0073,3534.0,2026-05-05 10:33:00.000 +0530
XXXX089X0109,3883.0,2026-05-05 10:33:00.000 +0530
XXXX089X0115,4532.0,2026-05-05 10:33:00.000 +0530
XXXX089X0177,3781.0,2026-05-05 10:33:00.000 +0530
XXXX089X0315,4244.0,2026-05-05 10:33:00.000 +0530
XXXX089X0355,6475.0,2026-05-05 10:33:00.000 +0530
XXXX089X0558,3533.0,2026-05-05 10:33:00.000 +0530
XXXX089X0702,3995.0,2026-05-05 10:33:00.000 +0530
XXXX089X0979,3744.0,2026-05-05 10:33:00.000 +0530
XXXX089X1004,3211.0,2026-05-05 10:33:00.000 +0530
XXXX089X1157,3428.0,2026-05-05 10:33:00.000 +0530
XXXX089X1168,3555.0,2026-05-05 10:33:00.000 +0530
XXXX089X1611,9634.0,2026-05-05 10:33:00.000 +0530
XXXX089X1613,3721.0,2026-05-05 10:33:00.000 +0530
XXXX089X1761,4116.0,2026-05-05 10:33:00.000 +0530
XXXX089X1854,3466.0,2026-05-05 10:33:00.000 +0530
XXXX089X2003,3534.0,2026-05-05 10:33:00.000 +0530
XXXX089X2006,3981.0,2026-05-05 10:33:00.000 +0530
XXXX089X2134,6945.0,2026-05-05 10:33:00.000 +0530
XXXX089X2232,4747.0,2026-05-05 10:33:00.000 +0530
XXXX089X2336,3537.0,2026-05-05 10:33:00.000 +0530
XXXX089X2372,4898.0,2026-05-05 10:33:00.000 +0530
XXXX089X2382,3902.0,2026-05-05 10:33:00.000 +0530
XXXX089X2416,6628.0,2026-05-05 10:33:00.000 +0530
XXXX089X2456,2699.0,2026-05-05 10:33:00.000 +0530
XXXX089X2680,5916.0,2026-05-05 10:33:00.000 +0530
XXXX089X2715,3017.0,2026-05-05 10:33:00.000 +0530
XXXX089X2740,2937.0,2026-05-05 10:33:00.000 +0530
XXXX089X2742,5935.0,2026-05-05 10:33:00.000 +0530
XXXX089X2868,4960.0,2026-05-05 10:33:00.000 +0530
XXXX089X3018,4061.0,2026-05-05 10:33:00.000 +0530
XXXX089X3040,3843.0,2026-05-05 10:33:00.000 +0530
XXXX089X3175,3568.0,2026-05-05 10:33:00.000 +0530
XXXX089X3225,5426.0,2026-05-05 10:33:00.000 +0530
XXXX089X3262,4280.0,2026-05-05 10:33:00.000 +0530
XXXX089X3317,5118.0,2026-05-05 10:33:00.000 +0530
XXXX089X3373,3783.0,2026-05-05 10:33:00.000 +0530
XXXX089X3374,3347.0,2026-05-05 10:33:00.000 +0530
XXXX089X3490,5291.0,2026-05-05 10:33:00.000 +0530
XXXX089X3578,5599.0,2026-05-05 10:33:00.000 +0530
XXXX089X3588,5343.0,2026-05-05 10:33:00.000 +0530
XXXX089X3842,4410.0,2026-05-05 10:33:00.000 +0530
XXXX089X3935,3213.0,2026-05-05 10:33:00.000 +0530
XXXX089X3970,3911.0,2026-05-05 10:33:00.000 +0530
XXXX089X4104,4700.0,2026-05-05 10:33:00.000 +0530
XXXX089X4259,3055.0,2026-05-05 10:33:00.000 +0530
XXXX089X4303,5847.0,2026-05-05 10:33:00.000 +0530
XXXX089X4305,5408.0,2026-05-05 10:33:00.000 +0530
XXXX089X4349,7523.0,2026-05-05 10:33:00.000 +0530
XXXX089X4462,3188.0,2026-05-05 10:33:00.000 +0530
XXXX089X4969,2635.0,2026-05-05 10:33:00.000 +0530
XXXX089X5215,4210.0,2026-05-05 10:33:00.000 +0530
XXXX089X5442,3776.0,2026-05-05 10:33:00.000 +0530
XXXX089X5523,3704.0,2026-05-05 10:33:00.000 +0530
XXXX089X5546,4462.0,2026-05-05 10:33:00.000 +0530
XXXX089X5688,3051.0,2026-05-05 10:33:00.000 +0530
XXXX089X5710,2540.0,2026-05-05 10:33:00.000 +0530
XXXX089X5728,5083.0,2026-05-05 10:33:00.000 +0530
XXXX089X5808,6818.0,2026-05-05 10:33:00.000 +0530
XXXX089X5855,6890.0,2026-05-05 10:33:00.000 +0530
XXXX089X5879,3720.0,2026-05-05 10:33:00.000 +0530
XXXX089X5917,3493.0,2026-05-05 10:33:00.000 +0530
XXXX089X5981,3760.0,2026-05-05 10:33:00.000 +0530
XXXX089X5999,4363.0,2026-05-05 10:33:00.000 +0530
XXXX089X6046,4813.0,2026-05-05 10:33:00.000 +0530
XXXX089X6104,4482.0,2026-05-05 10:33:00.000 +0530
XXXX089X6111,3854.0,2026-05-05 10:33:00.000 +0530
XXXX089X6142,4984.0,2026-05-05 10:33:00.000 +0530
XXXX089X6311,4201.0,2026-05-05 10:33:00.000 +0530
XXXX089X6371,3819.0,2026-05-05 10:33:00.000 +0530
XXXX089X6434,4396.0,2026-05-05 10:33:00.000 +0530
XXXX089X6450,2750.0,2026-05-05 10:33:00.000 +0530
XXXX089X6607,3803.0,2026-05-05 10:33:00.000 +0530
XXXX089X6620,4479.0,2026-05-05 10:33:00.000 +0530
XXXX089X6733,3116.0,2026-05-05 10:33:00.000 +0530
XXXX089X6799,5130.0,2026-05-05 10:33:00.000 +0530
XXXX089X6965,4851.0,2026-05-05 10:33:00.000 +0530
XXXX089X7023,5537.0,2026-05-05 10:33:00.000 +0530
XXXX089X7139,5807.0,2026-05-05 10:33:00.000 +0530
XXXX089X7154,6973.0,2026-05-05 10:33:00.000 +0530
XXXX089X7160,3433.0,2026-05-05 10:33:00.000 +0530
XXXX089X7178,5063.0,2026-05-05 10:33:00.000 +0530
XXXX089X7253,5067.0,2026-05-05 10:33:00.000 +0530
XXXX089X7272,5268.0,2026-05-05 10:33:00.000 +0530
XXXX089X7375,2854.0,2026-05-05 10:33:00.000 +0530
XXXX089X7393,7066.0,2026-05-05 10:33:00.000 +0530
XXXX089X7438,3163.0,2026-05-05 10:33:00.000 +0530
XXXX089X7532,3443.0,2026-05-05 10:33:00.000 +0530
XXXX089X7592,3368.0,2026-05-05 10:33:00.000 +0530
XXXX089X7764,3015.0,2026-05-05 10:33:00.000 +0530
XXXX089X7880,2754.0,2026-05-05 10:33:00.000 +0530
XXXX089X7895,8484.0,2026-05-05 10:33:00.000 +0530
XXXX089X7958,3714.0,2026-05-05 10:33:00.000 +0530
XXXX089X8209,3493.0,2026-05-05 10:33:00.000 +0530
XXXX089X8231,3645.0,2026-05-05 10:33:00.000 +0530
XXXX089X8279,3892.0,2026-05-05 10:33:00.000 +0530
XXXX089X8290,2243.0,2026-05-05 10:33:00.000 +0530
XXXX089X8315,3870.0,2026-05-05 10:33:00.000 +0530
XXXX089X8316,3574.0,2026-05-05 10:33:00.000 +0530
XXXX089X8346,4332.0,2026-05-05 10:33:00.000 +0530
XXXX089X8415,6383.0,2026-05-05 10:33:00.000 +0530
XXXX089X8417,3637.0,2026-05-05 10:33:00.000 +0530
XXXX089X8494,8683.0,2026-05-05 10:33:00.000 +0530
XXXX089X8588,3219.0,2026-05-05 10:33:00.000 +0530
XXXX089X8601,3906.0,2026-05-05 10:33:00.000 +0530
XXXX089X8617,3631.0,2026-05-05 10:33:00.000 +0530
XXXX089X8763,3807.0,2026-05-05 10:33:00.000 +0530
XXXX089X8860,4440.0,2026-05-05 10:33:00.000 +0530
XXXX089X8953,6455.0,2026-05-05 10:33:00.000 +0530
XXXX089X9033,4915.0,2026-05-05 10:33:00.000 +0530
XXXX089X9100,3773.0,2026-05-05 10:33:00.000 +0530
XXXX089X9218,4285.0,2026-05-05 10:33:00.000 +0530
XXXX089X9269,3512.0,2026-05-05 10:33:00.000 +0530
XXXX089X9284,4176.0,2026-05-05 10:33:00.000 +0530
XXXX089X9306,3554.0,2026-05-05 10:33:00.000 +0530
XXXX089X9329,4276.0,2026-05-05 10:33:00.000 +0530
XXXX089X9393,4635.0,2026-05-05 10:33:00.000 +0530
XXXX089X9528,4199.0,2026-05-05 10:33:00.000 +0530
XXXX089X9609,5884.0,2026-05-05 10:33:00.000 +0530
XXXX089X9688,4327.0,2026-05-05 10:33:00.000 +0530
XXXX089X9886,4347.0,2026-05-05 10:33:00.000 +0530
XXXX090X0061,4332.0,2026-05-05 10:33:00.000 +0530
XXXX090X0361,3194.0,2026-05-05 10:33:00.000 +0530
XXXX090X0481,5615.0,2026-05-05 10:33:00.000 +0530
XXXX090X0558,3248.0,2026-05-05 10:33:00.000 +0530
XXXX090X0564,5959.0,2026-05-05 10:33:00.000 +0530
XXXX090X0655,5672.0,2026-05-05 10:33:00.000 +0530
XXXX090X0926,4359.0,2026-05-05 10:33:00.000 +0530
XXXX090X0990,6383.0,2026-05-05 10:33:00.000 +0530
XXXX090X1173,3639.0,2026-05-05 10:33:00.000 +0530
XXXX090X1183,3639.0,2026-05-05 10:33:00.000 +0530
XXXX090X1328,3353.0,2026-05-05 10:33:00.000 +0530
XXXX090X1368,5990.0,2026-05-05 10:33:00.000 +0530
XXXX090X1379,6480.0,2026-05-05 10:33:00.000 +0530
XXXX090X1382,4052.0,2026-05-05 10:33:00.000 +0530
XXXX090X1650,5123.0,2026-05-05 10:33:00.000 +0530
XXXX090X1911,5229.0,2026-05-05 10:33:00.000 +0530
XXXX090X1926,3358.0,2026-05-05 10:33:00.000 +0530
XXXX090X2159,3578.0,2026-05-05 10:33:00.000 +0530
XXXX090X2215,5720.0,2026-05-05 10:33:00.000 +0530
XXXX090X2400,3837.0,2026-05-05 10:33:00.000 +0530
XXXX090X2522,3065.0,2026-05-05 10:33:00.000 +0530
XXXX090X2539,3756.0,2026-05-05 10:33:00.000 +0530
XXXX090X2555,5854.0,2026-05-05 10:33:00.000 +0530
XXXX090X2720,4332.0,2026-05-05 10:33:00.000 +0530
XXXX090X2734,3605.0,2026-05-05 10:33:00.000 +0530
XXXX090X2769,4709.0,2026-05-05 10:33:00.000 +0530
XXXX090X2819,4266.0,2026-05-05 10:33:00.000 +0530
XXXX090X2952,3595.0,2026-05-05 10:33:00.000 +0530
XXXX090X2968,4260.0,2026-05-05 10:33:00.000 +0530
XXXX090X2992,5655.0,2026-05-05 10:33:00.000 +0530
XXXX090X3019,2673.0,2026-05-05 10:33:00.000 +0530
XXXX090X3071,3410.0,2026-05-05 10:33:00.000 +0530
XXXX090X3130,3176.0,2026-05-05 10:33:00.000 +0530
XXXX090X3191,4018.0,2026-05-05 10:33:00.000 +0530
XXXX090X3194,4999.0,2026-05-05 10:33:00.000 +0530
XXXX090X3401,4476.0,2026-05-05 10:33:00.000 +0530
XXXX090X3487,3876.0,2026-05-05 10:33:00.000 +0530
XXXX090X3591,5378.0,2026-05-05 10:33:00.000 +0530
XXXX090X3645,4370.0,2026-05-05 10:33:00.000 +0530
XXXX090X3737,5030.0,2026-05-05 10:33:00.000 +0530
XXXX090X3790,5395.0,2026-05-05 10:33:00.000 +0530
XXXX090X3946,3631.0,2026-05-05 10:33:00.000 +0530
XXXX090X4277,5846.0,2026-05-05 10:33:00.000 +0530
XXXX090X4306,3997.0,2026-05-05 10:33:00.000 +0530
XXXX090X4343,3864.0,2026-05-05 10:33:00.000 +0530
XXXX090X4387,6985.0,2026-05-05 10:33:00.000 +0530
XXXX090X4392,4995.0,2026-05-05 10:33:00.000 +0530
XXXX090X4523,3323.0,2026-05-05 10:33:00.000 +0530
XXXX090X4565,5022.0,2026-05-05 10:33:00.000 +0530
XXXX090X4756,4036.0,2026-05-05 10:33:00.000 +0530
XXXX090X4873,9563.0,2026-05-05 10:33:00.000 +0530
XXXX090X4921,4730.0,2026-05-05 10:33:00.000 +0530
XXXX090X4941,5545.0,2026-05-05 10:33:00.000 +0530
XXXX090X4943,3247.0,2026-05-05 10:33:00.000 +0530
XXXX090X4967,4689.0,2026-05-05 10:33:00.000 +0530
XXXX090X5036,4178.0,2026-05-05 10:33:00.000 +0530
XXXX090X5129,6683.0,2026-05-05 10:33:00.000 +0530
XXXX090X5232,6255.0,2026-05-05 10:33:00.000 +0530
XXXX090X5249,3863.0,2026-05-05 10:33:00.000 +0530
XXXX090X5311,6087.0,2026-05-05 10:33:00.000 +0530
XXXX090X5317,3644.0,2026-05-05 10:33:00.000 +0530
XXXX090X5423,5082.0,2026-05-05 10:33:00.000 +0530
XXXX090X5594,3881.0,2026-05-05 10:33:00.000 +0530
XXXX090X5817,3606.0,2026-05-05 10:33:00.000 +0530
XXXX090X5854,4347.0,2026-05-05 10:33:00.000 +0530
XXXX090X5980,3494.0,2026-05-05 10:33:00.000 +0530
XXXX090X6116,2743.0,2026-05-05 10:33:00.000 +0530
XXXX090X6147,4301.0,2026-05-05 10:33:00.000 +0530
XXXX090X6196,5368.0,2026-05-05 10:33:00.000 +0530
XXXX090X6198,3386.0,2026-05-05 10:33:00.000 +0530
XXXX090X6222,5482.0,2026-05-05 10:33:00.000 +0530
XXXX090X6533,3777.0,2026-05-05 10:33:00.000 +0530
XXXX090X6536,5427.0,2026-05-05 10:33:00.000 +0530
XXXX090X6596,4616.0,2026-05-05 10:33:00.000 +0530
XXXX090X6980,2566.0,2026-05-05 10:33:00.000 +0530
XXXX090X6989,3456.0,2026-05-05 10:33:00.000 +0530
XXXX090X7127,3134.0,2026-05-05 10:33:00.000 +0530
XXXX090X7156,3819.0,2026-05-05 10:33:00.000 +0530
XXXX090X7274,1795.0,2026-05-05 10:33:00.000 +0530
XXXX090X7312,3323.0,2026-05-05 10:33:00.000 +0530
XXXX090X7553,4352.0,2026-05-05 10:33:00.000 +0530
XXXX090X7587,4420.0,2026-05-05 10:33:00.000 +0530
XXXX090X7802,2963.0,2026-05-05 10:33:00.000 +0530
XXXX090X7973,4048.0,2026-05-05 10:33:00.000 +0530
XXXX090X8055,5840.0,2026-05-05 10:33:00.000 +0530
XXXX090X8094,3400.0,2026-05-05 10:33:00.000 +0530
XXXX090X8098,5034.0,2026-05-05 10:33:00.000 +0530
XXXX090X8215,4992.0,2026-05-05 10:33:00.000 +0530
XXXX090X8274,3403.0,2026-05-05 10:33:00.000 +0530
XXXX090X8304,4876.0,2026-05-05 10:33:00.000 +0530
XXXX090X8364,8551.0,2026-05-05 10:33:00.000 +0530
XXXX090X8425,3248.0,2026-05-05 10:33:00.000 +0530
XXXX090X8438,4869.0,2026-05-05 10:33:00.000 +0530
XXXX090X8496,4568.0,2026-05-05 10:33:00.000 +0530
XXXX090X8709,3449.0,2026-05-05 10:33:00.000 +0530
XXXX090X8836,3569.0,2026-05-05 10:33:00.000 +0530
XXXX090X8894,5064.0,2026-05-05 10:33:00.000 +0530
XXXX090X8932,4260.0,2026-05-05 10:33:00.000 +0530
XXXX090X8947,3604.0,2026-05-05 10:33:00.000 +0530
XXXX090X9046,3648.0,2026-05-05 10:33:00.000 +0530
XXXX090X9203,6003.0,2026-05-05 10:33:00.000 +0530
XXXX090X9577,3709.0,2026-05-05 10:33:00.000 +0530
XXXX090X9605,4332.0,2026-05-05 10:33:00.000 +0530
XXXX090X9745,3699.0,2026-05-05 10:33:00.000 +0530
XXXX090X9758,2234.0,2026-05-05 10:33:00.000 +0530
XXXX090X9760,5499.0,2026-05-05 10:33:00.000 +0530
XXXX090X9830,6622.0,2026-05-05 10:33:00.000 +0530
XXXX090X9918,5193.0,2026-05-05 10:33:00.000 +0530
XXXX090X9952,3694.0,2026-05-05 10:33:00.000 +0530
XXXX091X0047,3864.0,2026-05-05 10:33:00.000 +0530
XXXX091X0124,4306.0,2026-05-05 10:33:00.000 +0530
XXXX091X0140,3009.0,2026-05-05 10:33:00.000 +0530
XXXX091X0214,3542.0,2026-05-05 10:33:00.000 +0530
XXXX091X0307,3450.0,2026-05-05 10:33:00.000 +0530
XXXX091X0327,6594.0,2026-05-05 10:33:00.000 +0530
XXXX091X0375,5712.0,2026-05-05 10:33:00.000 +0530
XXXX091X0556,4711.0,2026-05-05 10:33:00.000 +0530
XXXX091X0710,3237.0,2026-05-05 10:33:00.000 +0530
XXXX091X0786,5498.0,2026-05-05 10:33:00.000 +0530
XXXX091X0836,3700.0,2026-05-05 10:33:00.000 +0530
XXXX091X0844,5181.0,2026-05-05 10:33:00.000 +0530
XXXX091X0926,4254.0,2026-05-05 10:33:00.000 +0530
XXXX091X0991,2994.0,2026-05-05 10:33:00.000 +0530
XXXX091X1001,3680.0,2026-05-05 10:33:00.000 +0530
XXXX091X1069,5710.0,2026-05-05 10:33:00.000 +0530
XXXX091X1082,4876.0,2026-05-05 10:33:00.000 +0530
XXXX091X1091,3679.0,2026-05-05 10:33:00.000 +0530
XXXX091X1122,4204.0,2026-05-05 10:33:00.000 +0530
XXXX091X1165,3969.0,2026-05-05 10:33:00.000 +0530
XXXX091X1297,4001.0,2026-05-05 10:33:00.000 +0530
XXXX091X1370,3969.0,2026-05-05 10:33:00.000 +0530
XXXX091X1483,4727.0,2026-05-05 10:33:00.000 +0530
XXXX091X1522,4882.0,2026-05-05 10:33:00.000 +0530
XXXX091X1541,5825.0,2026-05-05 10:33:00.000 +0530
XXXX091X1549,4094.0,2026-05-05 10:33:00.000 +0530
XXXX091X1554,4550.0,2026-05-05 10:33:00.000 +0530
XXXX091X1597,4667.0,2026-05-05 10:33:00.000 +0530
XXXX091X1629,4946.0,2026-05-05 10:33:00.000 +0530
XXXX091X1742,2308.0,2026-05-05 10:33:00.000 +0530
XXXX091X1770,3797.0,2026-05-05 10:33:00.000 +0530
XXXX091X1813,5769.0,2026-05-05 10:33:00.000 +0530
XXXX091X2008,5539.0,2026-05-05 10:33:00.000 +0530
XXXX091X2011,4353.0,2026-05-05 10:33:00.000 +0530
XXXX091X2031,4185.0,2026-05-05 10:33:00.000 +0530
XXXX091X2059,3461.0,2026-05-05 10:33:00.000 +0530
XXXX091X2070,3521.0,2026-05-05 10:33:00.000 +0530
XXXX091X2209,5588.0,2026-05-05 10:33:00.000 +0530
XXXX091X2219,3334.0,2026-05-05 10:33:00.000 +0530
XXXX091X2251,3713.0,2026-05-05 10:33:00.000 +0530
XXXX091X2289,5622.0,2026-05-05 10:33:00.000 +0530
XXXX091X2318,3642.0,2026-05-05 10:33:00.000 +0530
XXXX091X2455,4291.0,2026-05-05 10:33:00.000 +0530
XXXX091X2591,3427.0,2026-05-05 10:33:00.000 +0530
XXXX091X2599,3128.0,2026-05-05 10:33:00.000 +0530
XXXX091X2678,7713.0,2026-05-05 10:33:00.000 +0530
XXXX091X2910,3179.0,2026-05-05 10:33:00.000 +0530
XXXX091X2914,3848.0,2026-05-05 10:33:00.000 +0530
XXXX091X3001,3182.0,2026-05-05 10:33:00.000 +0530
XXXX091X3085,4291.0,2026-05-05 10:33:00.000 +0530
XXXX091X3090,3668.0,2026-05-05 10:33:00.000 +0530
XXXX091X3223,4540.0,2026-05-05 10:33:00.000 +0530
XXXX091X3331,4948.0,2026-05-05 10:33:00.000 +0530
XXXX091X3374,3466.0,2026-05-05 10:33:00.000 +0530
XXXX091X3413,4730.0,2026-05-05 10:33:00.000 +0530
XXXX091X3462,5504.0,2026-05-05 10:33:00.000 +0530
XXXX091X3536,3198.0,2026-05-05 10:33:00.000 +0530
XXXX091X3599,8604.0,2026-05-05 10:33:00.000 +0530
XXXX091X3645,4159.0,2026-05-05 10:33:00.000 +0530
XXXX091X3709,3902.0,2026-05-05 10:33:00.000 +0530
XXXX091X3734,5943.0,2026-05-05 10:33:00.000 +0530
XXXX091X3763,5203.0,2026-05-05 10:33:00.000 +0530
XXXX091X3787,4231.0,2026-05-05 10:33:00.000 +0530
XXXX091X3805,5332.0,2026-05-05 10:33:00.000 +0530
XXXX091X3823,2901.0,2026-05-05 10:33:00.000 +0530
XXXX091X3828,4234.0,2026-05-05 10:33:00.000 +0530
XXXX091X3841,4057.0,2026-05-05 10:33:00.000 +0530
XXXX091X4010,3729.0,2026-05-05 10:33:00.000 +0530
XXXX091X4083,3294.0,2026-05-05 10:33:00.000 +0530
XXXX091X4108,3813.0,2026-05-05 10:33:00.000 +0530
XXXX091X4132,4069.0,2026-05-05 10:33:00.000 +0530
XXXX091X4192,4368.0,2026-05-05 10:33:00.000 +0530
XXXX091X4217,3215.0,2026-05-05 10:33:00.000 +0530
XXXX091X4282,5237.0,2026-05-05 10:33:00.000 +0530
XXXX091X4290,3725.0,2026-05-05 10:33:00.000 +0530
XXXX091X4338,3636.0,2026-05-05 10:33:00.000 +0530
XXXX091X4384,4524.0,2026-05-05 10:33:00.000 +0530
XXXX091X4387,3642.0,2026-05-05 10:33:00.000 +0530
XXXX091X4401,3937.0,2026-05-05 10:33:00.000 +0530
XXXX091X4435,4502.0,2026-05-05 10:33:00.000 +0530
XXXX091X4482,3685.0,2026-05-05 10:33:00.000 +0530
XXXX091X4572,4786.0,2026-05-05 10:33:00.000 +0530
XXXX091X4621,4733.0,2026-05-05 10:33:00.000 +0530
XXXX091X4633,7715.0,2026-05-05 10:33:00.000 +0530
XXXX091X4635,5237.0,2026-05-05 10:33:00.000 +0530
XXXX091X4665,6753.0,2026-05-05 10:33:00.000 +0530
XXXX091X4683,2507.0,2026-05-05 10:33:00.000 +0530
XXXX091X4691,3154.0,2026-05-05 10:33:00.000 +0530
XXXX091X4704,5677.0,2026-05-05 10:33:00.000 +0530
XXXX091X4770,5506.0,2026-05-05 10:33:00.000 +0530
XXXX091X4788,3437.0,2026-05-05 10:33:00.000 +0530
XXXX091X4916,3824.0,2026-05-05 10:33:00.000 +0530
XXXX091X5050,3524.0,2026-05-05 10:33:00.000 +0530
XXXX091X5088,3461.0,2026-05-05 10:33:00.000 +0530
XXXX091X5092,5578.0,2026-05-05 10:33:00.000 +0530
XXXX091X5176,3036.0,2026-05-05 10:33:00.000 +0530
XXXX091X5277,3386.0,2026-05-05 10:33:00.000 +0530
XXXX091X5312,4175.0,2026-05-05 10:33:00.000 +0530
XXXX091X5410,5338.0,2026-05-05 10:33:00.000 +0530
XXXX091X5438,3701.0,2026-05-05 10:33:00.000 +0530
XXXX091X5445,5077.0,2026-05-05 10:33:00.000 +0530
XXXX091X5496,4074.0,2026-05-05 10:33:00.000 +0530
XXXX091X5628,3753.0,2026-05-05 10:33:00.000 +0530
XXXX091X5686,3809.0,2026-05-05 10:33:00.000 +0530
XXXX091X5709,3924.0,2026-05-05 10:33:00.000 +0530
XXXX091X5993,5066.0,2026-05-05 10:33:00.000 +0530
XXXX091X6038,2956.0,2026-05-05 10:33:00.000 +0530
XXXX091X6082,4539.0,2026-05-05 10:33:00.000 +0530
XXXX091X6174,2915.0,2026-05-05 10:33:00.000 +0530
XXXX091X6219,3887.0,2026-05-05 10:33:00.000 +0530
XXXX091X6303,4599.0,2026-05-05 10:33:00.000 +0530
XXXX091X6332,2699.0,2026-05-05 10:33:00.000 +0530
XXXX091X6501,3405.0,2026-05-05 10:33:00.000 +0530
XXXX091X6600,5686.0,2026-05-05 10:33:00.000 +0530
XXXX091X6842,2823.0,2026-05-05 10:33:00.000 +0530
XXXX091X6860,3591.0,2026-05-05 10:33:00.000 +0530
XXXX091X6915,3843.0,2026-05-05 10:33:00.000 +0530
XXXX091X7341,3785.0,2026-05-05 10:33:00.000 +0530
XXXX091X7349,4341.0,2026-05-05 10:33:00.000 +0530
XXXX091X7516,4954.0,2026-05-05 10:33:00.000 +0530
XXXX091X7535,3951.0,2026-05-05 10:33:00.000 +0530
XXXX091X7726,4429.0,2026-05-05 10:33:00.000 +0530
XXXX091X7863,3581.0,2026-05-05 10:33:00.000 +0530
XXXX091X7889,3547.0,2026-05-05 10:33:00.000 +0530
XXXX091X7948,3161.0,2026-05-05 10:33:00.000 +0530
XXXX091X7957,4842.0,2026-05-05 10:33:00.000 +0530
XXXX091X7997,6250.0,2026-05-05 10:33:00.000 +0530
XXXX091X8027,3266.0,2026-05-05 10:33:00.000 +0530
XXXX091X8119,5164.0,2026-05-05 10:33:00.000 +0530
XXXX091X8514,3642.0,2026-05-05 10:33:00.000 +0530
XXXX091X8802,4632.0,2026-05-05 10:33:00.000 +0530
XXXX091X8853,4236.0,2026-05-05 10:33:00.000 +0530
XXXX091X8979,4180.0,2026-05-05 10:33:00.000 +0530
XXXX091X8994,4238.0,2026-05-05 10:33:00.000 +0530
XXXX091X9015,3667.0,2026-05-05 10:33:00.000 +0530
XXXX091X9164,5214.0,2026-05-05 10:33:00.000 +0530
XXXX091X9201,5658.0,2026-05-05 10:33:00.000 +0530
XXXX091X9202,6493.0,2026-05-05 10:33:00.000 +0530
XXXX091X9338,4091.0,2026-05-05 10:33:00.000 +0530
XXXX091X9343,2475.0,2026-05-05 10:33:00.000 +0530
XXXX091X9560,5033.0,2026-05-05 10:33:00.000 +0530
XXXX091X9653,5407.0,2026-05-05 10:33:00.000 +0530
XXXX091X9673,2668.0,2026-05-05 10:33:00.000 +0530
XXXX091X9754,2850.0,2026-05-05 10:33:00.000 +0530
XXXX091X9850,3255.0,2026-05-05 10:33:00.000 +0530
XXXX091X9994,4548.0,2026-05-05 10:33:00.000 +0530
XXXX092X0561,11644.0,2026-05-05 10:33:00.000 +0530
XXXX092X4409,4372.0,2026-05-05 10:33:00.000 +0530
XXXX092X4495,3886.0,2026-05-05 10:33:00.000 +0530
XXXX092X5472,5035.0,2026-05-05 10:33:00.000 +0530
XXXX093X7839,4446.0,2026-05-05 10:33:00.000 +0530
XXXX096X7774,3179.0,2026-05-05 10:33:00.000 +0530
XXXX096X8108,5477.0,2026-05-05 10:33:00.000 +0530
XXXX096X8290,2098.0,2026-05-05 10:33:00.000 +0530
XXXX096X8962,7463.0,2026-05-05 10:33:00.000 +0530
XXXX096X9274,3539.0,2026-05-05 10:33:00.000 +0530
XXXX096X9433,5025.0,2026-05-05 10:33:00.000 +0530
XXXX096X9921,4856.0,2026-05-05 10:33:00.000 +0530
XXXX097X0095,7830.0,2026-05-05 10:33:00.000 +0530
XXXX097X0219,6741.0,2026-05-05 10:33:00.000 +0530
XXXX097X0262,4001.0,2026-05-05 10:33:00.000 +0530
XXXX097X0341,3329.0,2026-05-05 10:33:00.000 +0530
XXXX097X0356,4938.0,2026-05-05 10:33:00.000 +0530
XXXX097X0363,3617.0,2026-05-05 10:33:00.000 +0530
XXXX097X0396,3715.0,2026-05-05 10:33:00.000 +0530
XXXX097X0494,3419.0,2026-05-05 10:33:00.000 +0530
XXXX097X0500,2438.0,2026-05-05 10:33:00.000 +0530
XXXX097X0590,5955.0,2026-05-05 10:33:00.000 +0530
XXXX097X0594,3509.0,2026-05-05 10:33:00.000 +0530
XXXX097X0838,4208.0,2026-05-05 10:33:00.000 +0530
XXXX097X1031,4087.0,2026-05-05 10:33:00.000 +0530
XXXX097X1079,7847.0,2026-05-05 10:33:00.000 +0530
XXXX097X1100,3356.0,2026-05-05 10:33:00.000 +0530
XXXX097X1430,3841.0,2026-05-05 10:33:00.000 +0530
XXXX097X1576,3181.0,2026-05-05 10:33:00.000 +0530
XXXX097X1750,2670.0,2026-05-05 10:33:00.000 +0530
XXXX097X1919,4261.0,2026-05-05 10:33:00.000 +0530
XXXX097X1941,5990.0,2026-05-05 10:33:00.000 +0530
XXXX097X1994,3557.0,2026-05-05 10:33:00.000 +0530
XXXX097X2190,2329.0,2026-05-05 10:33:00.000 +0530
XXXX097X2239,3643.0,2026-05-05 10:33:00.000 +0530
XXXX097X2465,3322.0,2026-05-05 10:33:00.000 +0530
XXXX097X2533,6469.0,2026-05-05 10:33:00.000 +0530
XXXX097X2886,6173.0,2026-05-05 10:33:00.000 +0530
XXXX097X3479,3213.0,2026-05-05 10:33:00.000 +0530
XXXX097X4145,4223.0,2026-05-05 10:33:00.000 +0530
XXXX097X4231,4638.0,2026-05-05 10:33:00.000 +0530
XXXX097X4361,4585.0,2026-05-05 10:33:00.000 +0530
XXXX097X4545,5435.0,2026-05-05 10:33:00.000 +0530
XXXX097X4644,4441.0,2026-05-05 10:33:00.000 +0530
XXXX097X4699,4418.0,2026-05-05 10:33:00.000 +0530
XXXX097X4749,3524.0,2026-05-05 10:33:00.000 +0530
XXXX097X5146,3781.0,2026-05-05 10:33:00.000 +0530
XXXX097X5160,3420.0,2026-05-05 10:33:00.000 +0530
XXXX097X5437,4702.0,2026-05-05 10:33:00.000 +0530
XXXX097X5659,3202.0,2026-05-05 10:33:00.000 +0530
XXXX097X5848,4235.0,2026-05-05 10:33:00.000 +0530
XXXX097X6311,3512.0,2026-05-05 10:33:00.000 +0530
XXXX097X6570,3386.0,2026-05-05 10:33:00.000 +0530
XXXX097X6807,5788.0,2026-05-05 10:33:00.000 +0530
XXXX097X7003,3305.0,2026-05-05 10:33:00.000 +0530
XXXX097X7479,3249.0,2026-05-05 10:33:00.000 +0530
XXXX097X7593,4085.0,2026-05-05 10:33:00.000 +0530
XXXX097X7654,4927.0,2026-05-05 10:33:00.000 +0530
XXXX097X7884,6645.0,2026-05-05 10:33:00.000 +0530
XXXX097X8055,2544.0,2026-05-05 10:33:00.000 +0530
XXXX097X8245,2560.0,2026-05-05 10:33:00.000 +0530
XXXX097X8485,2994.0,2026-05-05 10:33:00.000 +0530
XXXX097X8551,3368.0,2026-05-05 10:33:00.000 +0530
XXXX097X8782,3445.0,2026-05-05 10:33:00.000 +0530
XXXX097X8897,2960.0,2026-05-05 10:33:00.000 +0530
XXXX097X9079,3263.0,2026-05-05 10:33:00.000 +0530
XXXX097X9236,5296.0,2026-05-05 10:33:00.000 +0530
XXXX097X9350,3164.0,2026-05-05 10:33:00.000 +0530
XXXX097X9526,5031.0,2026-05-05 10:33:00.000 +0530
XXXX097X9533,4759.0,2026-05-05 10:33:00.000 +0530
XXXX097X9671,4523.0,2026-05-05 10:33:00.000 +0530
XXXX097X9730,4017.0,2026-05-05 10:33:00.000 +0530
XXXX097X9831,4106.0,2026-05-05 10:33:00.000 +0530
XXXX097X9862,6618.0,2026-05-05 10:33:00.000 +0530
XXXX097X9878,3582.0,2026-05-05 10:33:00.000 +0530
XXXX097X9938,2650.0,2026-05-05 10:33:00.000 +0530
XXXX097X9994,5764.0,2026-05-05 10:33:00.000 +0530
XXXX098X0335,4721.0,2026-05-05 10:33:00.000 +0530
XXXX098X0853,4850.0,2026-05-05 10:33:00.000 +0530
XXXX098X5250,4441.0,2026-05-05 10:33:00.000 +0530
XXXX098X5335,3487.0,2026-05-05 10:33:00.000 +0530
XXXX098X5557,3236.0,2026-05-05 10:33:00.000 +0530
XXXX098X6066,4007.0,2026-05-05 10:33:00.000 +0530
XXXX098X6653,5138.0,2026-05-05 10:33:00.000 +0530
XXXX098X9643,7876.0,2026-05-05 10:33:00.000 +0530
XXXX100X0285,4249.0,2026-05-05 10:33:00.000 +0530
XXXX100X1137,2674.0,2026-05-05 10:33:00.000 +0530
XXXX100X1464,4690.0,2026-05-05 10:33:00.000 +0530
XXXX100X2835,3886.0,2026-05-05 10:33:00.000 +0530
XXXX100X2844,5350.0,2026-05-05 10:33:00.000 +0530
XXXX100X3530,2602.0,2026-05-05 10:33:00.000 +0530
XXXX100X3728,4795.0,2026-05-05 10:33:00.000 +0530
XXXX100X3737,2511.0,2026-05-05 10:33:00.000 +0530
XXXX100X4478,4624.0,2026-05-05 10:33:00.000 +0530
XXXX100X4596,3982.0,2026-05-05 10:33:00.000 +0530
XXXX100X4706,4977.0,2026-05-05 10:33:00.000 +0530
XXXX100X4715,5350.0,2026-05-05 10:33:00.000 +0530
XXXX100X5090,2814.0,2026-05-05 10:33:00.000 +0530
XXXX100X5124,2630.0,2026-05-05 10:33:00.000 +0530
XXXX100X5228,4842.0,2026-05-05 10:33:00.000 +0530
XXXX100X5531,7308.0,2026-05-05 10:33:00.000 +0530
XXXX100X5653,3518.0,2026-05-05 10:33:00.000 +0530
XXXX100X5717,9886.0,2026-05-05 10:33:00.000 +0530
XXXX100X5778,3638.0,2026-05-05 10:33:00.000 +0530
XXXX100X5878,4307.0,2026-05-05 10:33:00.000 +0530
XXXX100X5920,4159.0,2026-05-05 10:33:00.000 +0530
XXXX100X5963,3057.0,2026-05-05 10:33:00.000 +0530
XXXX100X6768,6715.0,2026-05-05 10:33:00.000 +0530
XXXX100X6777,2826.0,2026-05-05 10:33:00.000 +0530
XXXX100X7122,3242.0,2026-05-05 10:33:00.000 +0530
XXXX100X7645,5213.0,2026-05-05 10:33:00.000 +0530
XXXX100X7697,7075.0,2026-05-05 10:33:00.000 +0530
XXXX100X7907,3705.0,2026-05-05 10:33:00.000 +0530
XXXX100X8067,4176.0,2026-05-05 10:33:00.000 +0530
XXXX100X8097,5441.0,2026-05-05 10:33:00.000 +0530
XXXX100X8130,6503.0,2026-05-05 10:33:00.000 +0530
XXXX100X8200,4640.0,2026-05-05 10:33:00.000 +0530
XXXX100X8395,4371.0,2026-05-05 10:33:00.000 +0530
XXXX100X8571,4462.0,2026-05-05 10:33:00.000 +0530
XXXX100X9765,4705.0,2026-05-05 10:33:00.000 +0530
XXXX100X9817,9605.0,2026-05-05 10:33:00.000 +0530
XXXX100X9923,6349.0,2026-05-05 10:33:00.000 +0530
XXXX101X0481,3528.0,2026-05-05 10:33:00.000 +0530
XXXX101X0612,3643.0,2026-05-05 10:33:00.000 +0530
XXXX101X0645,4241.0,2026-05-05 10:33:00.000 +0530
XXXX101X0913,4341.0,2026-05-05 10:33:00.000 +0530
XXXX101X1094,3035.0,2026-05-05 10:33:00.000 +0530
XXXX101X1134,3097.0,2026-05-05 10:33:00.000 +0530
XXXX101X1173,2908.0,2026-05-05 10:33:00.000 +0530
XXXX101X1191,5938.0,2026-05-05 10:33:00.000 +0530
XXXX101X1273,4539.0,2026-05-05 10:33:00.000 +0530
XXXX101X1383,3523.0,2026-05-05 10:33:00.000 +0530
XXXX101X1523,3606.0,2026-05-05 10:33:00.000 +0530
XXXX101X1599,4516.0,2026-05-05 10:33:00.000 +0530
XXXX101X1639,5198.0,2026-05-05 10:33:00.000 +0530
XXXX101X1741,3924.0,2026-05-05 10:33:00.000 +0530
XXXX101X2014,3687.0,2026-05-05 10:33:00.000 +0530
XXXX101X2139,5071.0,2026-05-05 10:33:00.000 +0530
XXXX101X2853,3762.0,2026-05-05 10:33:00.000 +0530
XXXX101X2923,5365.0,2026-05-05 10:33:00.000 +0530
XXXX101X2926,5100.0,2026-05-05 10:33:00.000 +0530
XXXX101X3202,4249.0,2026-05-05 10:33:00.000 +0530
XXXX101X3248,3238.0,2026-05-05 10:33:00.000 +0530
XXXX101X3275,2763.0,2026-05-05 10:33:00.000 +0530
XXXX101X3345,3524.0,2026-05-05 10:33:00.000 +0530
XXXX101X3411,4429.0,2026-05-05 10:33:00.000 +0530
XXXX101X3628,4405.0,2026-05-05 10:33:00.000 +0530
XXXX101X3726,4379.0,2026-05-05 10:33:00.000 +0530
XXXX101X3770,3453.0,2026-05-05 10:33:00.000 +0530
XXXX101X3822,4901.0,2026-05-05 10:33:00.000 +0530
XXXX101X3965,3324.0,2026-05-05 10:33:00.000 +0530
XXXX101X4168,4778.0,2026-05-05 10:33:00.000 +0530
XXXX101X4201,4169.0,2026-05-05 10:33:00.000 +0530
XXXX101X4469,3292.0,2026-05-05 10:33:00.000 +0530
XXXX101X4520,4259.0,2026-05-05 10:33:00.000 +0530
XXXX101X4618,5537.0,2026-05-05 10:33:00.000 +0530
XXXX101X4627,4316.0,2026-05-05 10:33:00.000 +0530
XXXX101X4641,4619.0,2026-05-05 10:33:00.000 +0530
XXXX101X4715,3280.0,2026-05-05 10:33:00.000 +0530
XXXX101X4812,7594.0,2026-05-05 10:33:00.000 +0530
XXXX101X4915,6612.0,2026-05-05 10:33:00.000 +0530
XXXX101X5063,3051.0,2026-05-05 10:33:00.000 +0530
XXXX101X5307,4368.0,2026-05-05 10:33:00.000 +0530
XXXX101X5422,4333.0,2026-05-05 10:33:00.000 +0530
XXXX101X5468,2914.0,2026-05-05 10:33:00.000 +0530
XXXX101X5586,4456.0,2026-05-05 10:33:00.000 +0530
XXXX101X5589,4133.0,2026-05-05 10:33:00.000 +0530
XXXX101X5610,2533.0,2026-05-05 10:33:00.000 +0530
XXXX101X5783,3917.0,2026-05-05 10:33:00.000 +0530
XXXX101X5814,5739.0,2026-05-05 10:33:00.000 +0530
XXXX101X5948,3213.0,2026-05-05 10:33:00.000 +0530
XXXX101X6306,4249.0,2026-05-05 10:33:00.000 +0530
XXXX101X6315,4787.0,2026-05-05 10:33:00.000 +0530
XXXX101X6467,3670.0,2026-05-05 10:33:00.000 +0530
XXXX101X6847,4974.0,2026-05-05 10:33:00.000 +0530
XXXX101X6889,10101.0,2026-05-05 10:33:00.000 +0530
XXXX101X7116,4363.0,2026-05-05 10:33:00.000 +0530
XXXX101X7122,4578.0,2026-05-05 10:33:00.000 +0530
XXXX101X7618,3455.0,2026-05-05 10:33:00.000 +0530
XXXX101X7727,4196.0,2026-05-05 10:33:00.000 +0530
XXXX101X8486,3456.0,2026-05-05 10:33:00.000 +0530
XXXX101X8522,4853.0,2026-05-05 10:33:00.000 +0530
XXXX101X8739,5401.0,2026-05-05 10:33:00.000 +0530
XXXX101X8860,3683.0,2026-05-05 10:33:00.000 +0530
XXXX101X9184,5671.0,2026-05-05 10:33:00.000 +0530
XXXX101X9537,3552.0,2026-05-05 10:33:00.000 +0530
XXXX103X0137,5376.0,2026-05-05 10:33:00.000 +0530
XXXX103X0200,4744.0,2026-05-05 10:33:00.000 +0530
XXXX103X0641,2797.0,2026-05-05 10:33:00.000 +0530
XXXX103X0744,2822.0,2026-05-05 10:33:00.000 +0530
XXXX103X0833,3368.0,2026-05-05 10:33:00.000 +0530
XXXX103X0954,4203.0,2026-05-05 10:33:00.000 +0530
XXXX103X0955,3290.0,2026-05-05 10:33:00.000 +0530
XXXX103X0972,3767.0,2026-05-05 10:33:00.000 +0530
XXXX103X1023,4209.0,2026-05-05 10:33:00.000 +0530
XXXX103X1044,5834.0,2026-05-05 10:33:00.000 +0530
XXXX103X1061,3300.0,2026-05-05 10:33:00.000 +0530
XXXX103X1111,4257.0,2026-05-05 10:33:00.000 +0530
XXXX103X1124,5081.0,2026-05-05 10:33:00.000 +0530
XXXX103X1157,3699.0,2026-05-05 10:33:00.000 +0530
XXXX103X1176,3085.0,2026-05-05 10:33:00.000 +0530
XXXX103X1203,3247.0,2026-05-05 10:33:00.000 +0530
XXXX103X1236,3676.0,2026-05-05 10:33:00.000 +0530
XXXX103X1406,3448.0,2026-05-05 10:33:00.000 +0530
XXXX103X1561,3646.0,2026-05-05 10:33:00.000 +0530
XXXX103X1663,7459.0,2026-05-05 10:33:00.000 +0530
XXXX103X1729,3582.0,2026-05-05 10:33:00.000 +0530
XXXX103X1762,3063.0,2026-05-05 10:33:00.000 +0530
XXXX103X1874,5033.0,2026-05-05 10:33:00.000 +0530
XXXX103X1901,3917.0,2026-05-05 10:33:00.000 +0530
XXXX103X1918,6910.0,2026-05-05 10:33:00.000 +0530
XXXX103X1928,5234.0,2026-05-05 10:33:00.000 +0530
XXXX103X1975,3222.0,2026-05-05 10:33:00.000 +0530
XXXX103X2130,3980.0,2026-05-05 10:33:00.000 +0530
XXXX103X2445,4310.0,2026-05-05 10:33:00.000 +0530
XXXX103X2491,5866.0,2026-05-05 10:33:00.000 +0530
XXXX103X3013,5849.0,2026-05-05 10:33:00.000 +0530
XXXX103X3116,4157.0,2026-05-05 10:33:00.000 +0530
XXXX103X3322,4641.0,2026-05-05 10:33:00.000 +0530
XXXX103X3356,4719.0,2026-05-05 10:33:00.000 +0530
XXXX103X3381,3105.0,2026-05-05 10:33:00.000 +0530
XXXX103X3441,3730.0,2026-05-05 10:33:00.000 +0530
XXXX103X3450,3179.0,2026-05-05 10:33:00.000 +0530
XXXX103X3511,4656.0,2026-05-05 10:33:00.000 +0530
XXXX103X3679,4276.0,2026-05-05 10:33:00.000 +0530
XXXX103X3874,3134.0,2026-05-05 10:33:00.000 +0530
XXXX103X3879,3889.0,2026-05-05 10:33:00.000 +0530
XXXX103X3962,2772.0,2026-05-05 10:33:00.000 +0530
XXXX103X4193,2829.0,2026-05-05 10:33:00.000 +0530
XXXX103X4272,7533.0,2026-05-05 10:33:00.000 +0530
XXXX103X4326,8904.0,2026-05-05 10:33:00.000 +0530
XXXX103X4340,5208.0,2026-05-05 10:33:00.000 +0530
XXXX103X4367,4861.0,2026-05-05 10:33:00.000 +0530
XXXX103X4712,5293.0,2026-05-05 10:33:00.000 +0530
XXXX103X4819,5071.0,2026-05-05 10:33:00.000 +0530
XXXX103X4853,4239.0,2026-05-05 10:33:00.000 +0530
XXXX103X4875,5117.0,2026-05-05 10:33:00.000 +0530
XXXX103X4991,4737.0,2026-05-05 10:33:00.000 +0530
XXXX103X5001,2351.0,2026-05-05 10:33:00.000 +0530
XXXX103X5009,2969.0,2026-05-05 10:33:00.000 +0530
XXXX103X5060,5285.0,2026-05-05 10:33:00.000 +0530
XXXX103X5062,3945.0,2026-05-05 10:33:00.000 +0530
XXXX103X5190,3097.0,2026-05-05 10:33:00.000 +0530
XXXX103X5249,3312.0,2026-05-05 10:33:00.000 +0530
XXXX103X5276,4740.0,2026-05-05 10:33:00.000 +0530
XXXX103X5336,4143.0,2026-05-05 10:33:00.000 +0530
XXXX103X5351,3450.0,2026-05-05 10:33:00.000 +0530
XXXX103X5419,3729.0,2026-05-05 10:33:00.000 +0530
XXXX103X5447,4368.0,2026-05-05 10:33:00.000 +0530
XXXX103X5461,3416.0,2026-05-05 10:33:00.000 +0530
XXXX103X5591,5671.0,2026-05-05 10:33:00.000 +0530
XXXX103X5642,7098.0,2026-05-05 10:33:00.000 +0530
XXXX103X5646,6869.0,2026-05-05 10:33:00.000 +0530
XXXX103X5826,7659.0,2026-05-05 10:33:00.000 +0530
XXXX103X5864,5021.0,2026-05-05 10:33:00.000 +0530
XXXX103X5948,3828.0,2026-05-05 10:33:00.000 +0530
XXXX103X5952,4304.0,2026-05-05 10:33:00.000 +0530
XXXX103X6059,10205.0,2026-05-05 10:33:00.000 +0530
XXXX103X6067,5800.0,2026-05-05 10:33:00.000 +0530
XXXX103X6068,3960.0,2026-05-05 10:33:00.000 +0530
XXXX103X6084,3662.0,2026-05-05 10:33:00.000 +0530
XXXX103X6235,3882.0,2026-05-05 10:33:00.000 +0530
XXXX103X6335,8448.0,2026-05-05 10:33:00.000 +0530
XXXX103X6348,3341.0,2026-05-05 10:33:00.000 +0530
XXXX103X6558,6257.0,2026-05-05 10:33:00.000 +0530
XXXX103X6639,4405.0,2026-05-05 10:33:00.000 +0530
XXXX103X6684,5442.0,2026-05-05 10:33:00.000 +0530
XXXX103X6751,3692.0,2026-05-05 10:33:00.000 +0530
XXXX103X6840,3093.0,2026-05-05 10:33:00.000 +0530
XXXX103X6919,4912.0,2026-05-05 10:33:00.000 +0530
XXXX103X7077,2498.0,2026-05-05 10:33:00.000 +0530
XXXX103X7174,2824.0,2026-05-05 10:33:00.000 +0530
XXXX103X7294,4106.0,2026-05-05 10:33:00.000 +0530
XXXX103X7411,3761.0,2026-05-05 10:33:00.000 +0530
XXXX103X7413,2354.0,2026-05-05 10:33:00.000 +0530
XXXX103X7590,3488.0,2026-05-05 10:33:00.000 +0530
XXXX103X7610,3841.0,2026-05-05 10:33:00.000 +0530
XXXX103X7679,3259.0,2026-05-05 10:33:00.000 +0530
XXXX103X7776,5149.0,2026-05-05 10:33:00.000 +0530
XXXX103X7918,3533.0,2026-05-05 10:33:00.000 +0530
XXXX103X7923,3871.0,2026-05-05 10:33:00.000 +0530
XXXX103X8029,3275.0,2026-05-05 10:33:00.000 +0530
XXXX103X8217,4289.0,2026-05-05 10:33:00.000 +0530
XXXX103X8280,4060.0,2026-05-05 10:33:00.000 +0530
XXXX103X8325,5558.0,2026-05-05 10:33:00.000 +0530
XXXX103X8359,6884.0,2026-05-05 10:33:00.000 +0530
XXXX103X8556,3402.0,2026-05-05 10:33:00.000 +0530
XXXX103X8571,4104.0,2026-05-05 10:33:00.000 +0530
XXXX103X8580,3736.0,2026-05-05 10:33:00.000 +0530
XXXX103X8639,4411.0,2026-05-05 10:33:00.000 +0530
XXXX103X8694,4454.0,2026-05-05 10:33:00.000 +0530
XXXX103X8775,3406.0,2026-05-05 10:33:00.000 +0530
XXXX103X8868,4612.0,2026-05-05 10:33:00.000 +0530
XXXX103X8889,3654.0,2026-05-05 10:33:00.000 +0530
XXXX103X9007,3395.0,2026-05-05 10:33:00.000 +0530
XXXX103X9332,3461.0,2026-05-05 10:33:00.000 +0530
XXXX103X9417,7250.0,2026-05-05 10:33:00.000 +0530
XXXX103X9423,3207.0,2026-05-05 10:33:00.000 +0530
XXXX103X9462,5183.0,2026-05-05 10:33:00.000 +0530
XXXX103X9551,3379.0,2026-05-05 10:33:00.000 +0530
XXXX103X9604,5592.0,2026-05-05 10:33:00.000 +0530
XXXX103X9706,2581.0,2026-05-05 10:33:00.000 +0530
XXXX103X9738,6904.0,2026-05-05 10:33:00.000 +0530
XXXX104X0101,2818.0,2026-05-05 10:33:00.000 +0530
XXXX104X0712,3690.0,2026-05-05 10:33:00.000 +0530
XXXX104X2850,3490.0,2026-05-05 10:33:00.000 +0530
XXXX104X3132,5518.0,2026-05-05 10:33:00.000 +0530
XXXX104X3655,3612.0,2026-05-05 10:33:00.000 +0530
XXXX104X3831,5856.0,2026-05-05 10:33:00.000 +0530
XXXX104X3938,2823.0,2026-05-05 10:33:00.000 +0530
XXXX104X5461,4949.0,2026-05-05 10:33:00.000 +0530
XXXX104X5792,3340.0,2026-05-05 10:33:00.000 +0530
XXXX104X5802,3557.0,2026-05-05 10:33:00.000 +0530
XXXX104X5939,4310.0,2026-05-05 10:33:00.000 +0530
XXXX104X6558,4789.0,2026-05-05 10:33:00.000 +0530
XXXX104X7107,4629.0,2026-05-05 10:33:00.000 +0530
XXXX104X7347,4506.0,2026-05-05 10:33:00.000 +0530
XXXX104X7937,5078.0,2026-05-05 10:33:00.000 +0530
XXXX104X8705,5645.0,2026-05-05 10:33:00.000 +0530
XXXX104X9026,3744.0,2026-05-05 10:33:00.000 +0530
XXXX104X9050,3141.0,2026-05-05 10:33:00.000 +0530
XXXX104X9150,3814.0,2026-05-05 10:33:00.000 +0530
XXXX105X0024,4420.0,2026-05-05 10:33:00.000 +0530
XXXX105X0053,4301.0,2026-05-05 10:33:00.000 +0530
XXXX105X0058,3273.0,2026-05-05 10:33:00.000 +0530
XXXX105X0223,4604.0,2026-05-05 10:33:00.000 +0530
XXXX105X0251,5050.0,2026-05-05 10:33:00.000 +0530
XXXX105X0286,3595.0,2026-05-05 10:33:00.000 +0530
XXXX105X0309,3490.0,2026-05-05 10:33:00.000 +0530
XXXX105X0348,3927.0,2026-05-05 10:33:00.000 +0530
XXXX105X0365,4143.0,2026-05-05 10:33:00.000 +0530
XXXX105X0462,4508.0,2026-05-05 10:33:00.000 +0530
XXXX105X0474,3424.0,2026-05-05 10:33:00.000 +0530
XXXX105X0507,5022.0,2026-05-05 10:33:00.000 +0530
XXXX105X0552,3397.0,2026-05-05 10:33:00.000 +0530
XXXX105X0584,3650.0,2026-05-05 10:33:00.000 +0530
XXXX105X0602,4949.0,2026-05-05 10:33:00.000 +0530
XXXX105X0674,4907.0,2026-05-05 10:33:00.000 +0530
XXXX105X0683,5061.0,2026-05-05 10:33:00.000 +0530
XXXX105X0695,3557.0,2026-05-05 10:33:00.000 +0530
XXXX105X0705,6217.0,2026-05-05 10:33:00.000 +0530
XXXX105X0753,4619.0,2026-05-05 10:33:00.000 +0530
XXXX105X0787,3624.0,2026-05-05 10:33:00.000 +0530
XXXX105X0830,3777.0,2026-05-05 10:33:00.000 +0530
XXXX105X0865,4150.0,2026-05-05 10:33:00.000 +0530
XXXX105X0976,6243.0,2026-05-05 10:33:00.000 +0530
XXXX105X0978,2447.0,2026-05-05 10:33:00.000 +0530
XXXX105X1018,4515.0,2026-05-05 10:33:00.000 +0530
XXXX105X1033,3478.0,2026-05-05 10:33:00.000 +0530
XXXX105X1053,2911.0,2026-05-05 10:33:00.000 +0530
XXXX105X1085,3334.0,2026-05-05 10:33:00.000 +0530
XXXX105X1168,2624.0,2026-05-05 10:33:00.000 +0530
XXXX105X1185,5710.0,2026-05-05 10:33:00.000 +0530
XXXX105X1220,3723.0,2026-05-05 10:33:00.000 +0530
XXXX105X1276,5033.0,2026-05-05 10:33:00.000 +0530
XXXX105X1315,4416.0,2026-05-05 10:33:00.000 +0530
XXXX105X1345,5264.0,2026-05-05 10:33:00.000 +0530
XXXX105X1351,4237.0,2026-05-05 10:33:00.000 +0530
XXXX105X1386,3974.0,2026-05-05 10:33:00.000 +0530
XXXX105X1438,4075.0,2026-05-05 10:33:00.000 +0530
XXXX105X1510,5127.0,2026-05-05 10:33:00.000 +0530
XXXX105X1526,4363.0,2026-05-05 10:33:00.000 +0530
XXXX105X1541,3588.0,2026-05-05 10:33:00.000 +0530
XXXX105X1580,3612.0,2026-05-05 10:33:00.000 +0530
XXXX105X1607,5441.0,2026-05-05 10:33:00.000 +0530
XXXX105X1691,4161.0,2026-05-05 10:33:00.000 +0530
XXXX105X1696,4888.0,2026-05-05 10:33:00.000 +0530
XXXX105X1764,5451.0,2026-05-05 10:33:00.000 +0530
XXXX105X1779,6593.0,2026-05-05 10:33:00.000 +0530
XXXX105X1847,3424.0,2026-05-05 10:33:00.000 +0530
XXXX105X1868,4465.0,2026-05-05 10:33:00.000 +0530
XXXX105X1876,4182.0,2026-05-05 10:33:00.000 +0530
XXXX105X1886,5000.0,2026-05-05 10:33:00.000 +0530
XXXX105X1949,3254.0,2026-05-05 10:33:00.000 +0530
XXXX105X2032,2722.0,2026-05-05 10:33:00.000 +0530
XXXX105X2207,3414.0,2026-05-05 10:33:00.000 +0530
XXXX105X2260,4676.0,2026-05-05 10:33:00.000 +0530
XXXX105X2289,4007.0,2026-05-05 10:33:00.000 +0530
XXXX105X2295,4943.0,2026-05-05 10:33:00.000 +0530
XXXX105X2317,3550.0,2026-05-05 10:33:00.000 +0530
XXXX105X2376,3653.0,2026-05-05 10:33:00.000 +0530
XXXX105X2449,2220.0,2026-05-05 10:33:00.000 +0530
XXXX105X2508,4265.0,2026-05-05 10:33:00.000 +0530
XXXX105X2509,4253.0,2026-05-05 10:33:00.000 +0530
XXXX105X2526,3322.0,2026-05-05 10:33:00.000 +0530
XXXX105X2577,4600.0,2026-05-05 10:33:00.000 +0530
XXXX105X2680,4094.0,2026-05-05 10:33:00.000 +0530
XXXX105X2734,3310.0,2026-05-05 10:33:00.000 +0530
XXXX105X2910,4819.0,2026-05-05 10:33:00.000 +0530
XXXX105X2920,5911.0,2026-05-05 10:33:00.000 +0530
XXXX105X2945,2993.0,2026-05-05 10:33:00.000 +0530
XXXX105X2979,2632.0,2026-05-05 10:33:00.000 +0530
XXXX105X3003,2977.0,2026-05-05 10:33:00.000 +0530
XXXX105X3111,3668.0,2026-05-05 10:33:00.000 +0530
XXXX105X3205,2847.0,2026-05-05 10:33:00.000 +0530
XXXX105X3214,8122.0,2026-05-05 10:33:00.000 +0530
XXXX105X3274,3952.0,2026-05-05 10:33:00.000 +0530
XXXX105X3309,3494.0,2026-05-05 10:33:00.000 +0530
XXXX105X3320,4778.0,2026-05-05 10:33:00.000 +0530
XXXX105X3335,3936.0,2026-05-05 10:33:00.000 +0530
XXXX105X3342,3575.0,2026-05-05 10:33:00.000 +0530
XXXX105X3384,7124.0,2026-05-05 10:33:00.000 +0530
XXXX105X3447,2172.0,2026-05-05 10:33:00.000 +0530
XXXX105X3466,6033.0,2026-05-05 10:33:00.000 +0530
XXXX105X3484,3201.0,2026-05-05 10:33:00.000 +0530
XXXX105X3502,5110.0,2026-05-05 10:33:00.000 +0530
XXXX105X3506,6414.0,2026-05-05 10:33:00.000 +0530
XXXX105X3604,3390.0,2026-05-05 10:33:00.000 +0530
XXXX105X3635,4499.0,2026-05-05 10:33:00.000 +0530
XXXX105X3714,2960.0,2026-05-05 10:33:00.000 +0530
XXXX105X3817,3418.0,2026-05-05 10:33:00.000 +0530
XXXX105X3848,4393.0,2026-05-05 10:33:00.000 +0530
XXXX105X3925,3486.0,2026-05-05 10:33:00.000 +0530
XXXX105X3951,3717.0,2026-05-05 10:33:00.000 +0530
XXXX105X3957,7490.0,2026-05-05 10:33:00.000 +0530
XXXX105X3972,6192.0,2026-05-05 10:33:00.000 +0530
XXXX105X4021,4885.0,2026-05-05 10:33:00.000 +0530
XXXX105X4026,4971.0,2026-05-05 10:33:00.000 +0530
XXXX105X4047,4891.0,2026-05-05 10:33:00.000 +0530
XXXX105X4050,3805.0,2026-05-05 10:33:00.000 +0530
XXXX105X4084,3730.0,2026-05-05 10:33:00.000 +0530
XXXX105X4198,4489.0,2026-05-05 10:33:00.000 +0530
XXXX105X4254,3395.0,2026-05-05 10:33:00.000 +0530
XXXX105X4290,3711.0,2026-05-05 10:33:00.000 +0530
XXXX105X4377,4148.0,2026-05-05 10:33:00.000 +0530
XXXX105X4398,3249.0,2026-05-05 10:33:00.000 +0530
XXXX105X4464,2497.0,2026-05-05 10:33:00.000 +0530
XXXX105X4557,4700.0,2026-05-05 10:33:00.000 +0530
XXXX105X4572,3966.0,2026-05-05 10:33:00.000 +0530
XXXX105X4636,5862.0,2026-05-05 10:33:00.000 +0530
XXXX105X4646,5971.0,2026-05-05 10:33:00.000 +0530
XXXX105X4655,4061.0,2026-05-05 10:33:00.000 +0530
XXXX105X4667,2295.0,2026-05-05 10:33:00.000 +0530
XXXX105X4678,2937.0,2026-05-05 10:33:00.000 +0530
XXXX105X4725,5590.0,2026-05-05 10:33:00.000 +0530
XXXX105X4734,3353.0,2026-05-05 10:33:00.000 +0530
XXXX105X4793,3860.0,2026-05-05 10:33:00.000 +0530
XXXX105X4798,2651.0,2026-05-05 10:33:00.000 +0530
XXXX105X4969,7698.0,2026-05-05 10:33:00.000 +0530
XXXX105X5028,3731.0,2026-05-05 10:33:00.000 +0530
XXXX105X5086,3405.0,2026-05-05 10:33:00.000 +0530
XXXX105X5188,2763.0,2026-05-05 10:33:00.000 +0530
XXXX105X5215,3744.0,2026-05-05 10:33:00.000 +0530
XXXX105X5261,3015.0,2026-05-05 10:33:00.000 +0530
XXXX105X5306,5060.0,2026-05-05 10:33:00.000 +0530
XXXX105X5363,3887.0,2026-05-05 10:33:00.000 +0530
XXXX105X5411,5395.0,2026-05-05 10:33:00.000 +0530
XXXX105X5437,3448.0,2026-05-05 10:33:00.000 +0530
XXXX105X5495,4603.0,2026-05-05 10:33:00.000 +0530
XXXX105X5506,3066.0,2026-05-05 10:33:00.000 +0530
XXXX105X5545,4481.0,2026-05-05 10:33:00.000 +0530
XXXX105X5556,4795.0,2026-05-05 10:33:00.000 +0530
XXXX105X5602,4222.0,2026-05-05 10:33:00.000 +0530
XXXX105X5647,3662.0,2026-05-05 10:33:00.000 +0530
XXXX105X5653,6324.0,2026-05-05 10:33:00.000 +0530
XXXX105X5763,2916.0,2026-05-05 10:33:00.000 +0530
XXXX105X5827,3861.0,2026-05-05 10:33:00.000 +0530
XXXX105X5860,3612.0,2026-05-05 10:33:00.000 +0530
XXXX105X5909,3253.0,2026-05-05 10:33:00.000 +0530
XXXX105X5960,3387.0,2026-05-05 10:33:00.000 +0530
XXXX105X5995,3689.0,2026-05-05 10:33:00.000 +0530
XXXX105X5997,4876.0,2026-05-05 10:33:00.000 +0530
XXXX105X6032,4063.0,2026-05-05 10:33:00.000 +0530
XXXX105X6044,6922.0,2026-05-05 10:33:00.000 +0530
XXXX105X6067,3556.0,2026-05-05 10:33:00.000 +0530
XXXX105X6077,3509.0,2026-05-05 10:33:00.000 +0530
XXXX105X6108,4588.0,2026-05-05 10:33:00.000 +0530
XXXX105X6120,2591.0,2026-05-05 10:33:00.000 +0530
XXXX105X6128,4042.0,2026-05-05 10:33:00.000 +0530
XXXX105X6178,6801.0,2026-05-05 10:33:00.000 +0530
XXXX105X6203,3368.0,2026-05-05 10:33:00.000 +0530
XXXX105X6238,3429.0,2026-05-05 10:33:00.000 +0530
XXXX105X6261,3687.0,2026-05-05 10:33:00.000 +0530
XXXX105X6283,4161.0,2026-05-05 10:33:00.000 +0530
XXXX105X6289,2701.0,2026-05-05 10:33:00.000 +0530
XXXX105X6425,4980.0,2026-05-05 10:33:00.000 +0530
XXXX105X6427,5287.0,2026-05-05 10:33:00.000 +0530
XXXX105X6481,3166.0,2026-05-05 10:33:00.000 +0530
XXXX105X6489,4702.0,2026-05-05 10:33:00.000 +0530
XXXX105X6492,6177.0,2026-05-05 10:33:00.000 +0530
XXXX105X6506,3225.0,2026-05-05 10:33:00.000 +0530
XXXX105X6567,2547.0,2026-05-05 10:33:00.000 +0530
XXXX105X6716,3627.0,2026-05-05 10:33:00.000 +0530
XXXX105X6718,4048.0,2026-05-05 10:33:00.000 +0530
XXXX105X6835,3090.0,2026-05-05 10:33:00.000 +0530
XXXX105X6853,3746.0,2026-05-05 10:33:00.000 +0530
XXXX105X6858,3949.0,2026-05-05 10:33:00.000 +0530
XXXX105X6881,3823.0,2026-05-05 10:33:00.000 +0530
XXXX105X6902,3776.0,2026-05-05 10:33:00.000 +0530
XXXX105X6906,4402.0,2026-05-05 10:33:00.000 +0530
XXXX105X6911,4145.0,2026-05-05 10:33:00.000 +0530
XXXX105X6917,5302.0,2026-05-05 10:33:00.000 +0530
XXXX105X6926,3838.0,2026-05-05 10:33:00.000 +0530
XXXX105X7017,4824.0,2026-05-05 10:33:00.000 +0530
XXXX105X7050,2604.0,2026-05-05 10:33:00.000 +0530
XXXX105X7052,3319.0,2026-05-05 10:33:00.000 +0530
XXXX105X7087,2861.0,2026-05-05 10:33:00.000 +0530
XXXX105X7126,3228.0,2026-05-05 10:33:00.000 +0530
XXXX105X7142,5711.0,2026-05-05 10:33:00.000 +0530
XXXX105X7146,5855.0,2026-05-05 10:33:00.000 +0530
XXXX105X7150,4554.0,2026-05-05 10:33:00.000 +0530
XXXX105X7156,3550.0,2026-05-05 10:33:00.000 +0530
XXXX105X7157,5184.0,2026-05-05 10:33:00.000 +0530
XXXX105X7160,5214.0,2026-05-05 10:33:00.000 +0530
XXXX105X7257,2664.0,2026-05-05 10:33:00.000 +0530
XXXX105X7336,3408.0,2026-05-05 10:33:00.000 +0530
XXXX105X7345,3079.0,2026-05-05 10:33:00.000 +0530
XXXX105X7400,3128.0,2026-05-05 10:33:00.000 +0530
XXXX105X7403,4474.0,2026-05-05 10:33:00.000 +0530
XXXX105X7458,3557.0,2026-05-05 10:33:00.000 +0530
XXXX105X7472,2867.0,2026-05-05 10:33:00.000 +0530
XXXX105X7592,3375.0,2026-05-05 10:33:00.000 +0530
XXXX105X7621,5388.0,2026-05-05 10:33:00.000 +0530
XXXX105X7677,2598.0,2026-05-05 10:33:00.000 +0530
XXXX105X7688,3082.0,2026-05-05 10:33:00.000 +0530
XXXX105X7729,3239.0,2026-05-05 10:33:00.000 +0530
XXXX105X7739,2788.0,2026-05-05 10:33:00.000 +0530
XXXX105X7763,3687.0,2026-05-05 10:33:00.000 +0530
XXXX105X7793,4636.0,2026-05-05 10:33:00.000 +0530
XXXX105X7832,4756.0,2026-05-05 10:33:00.000 +0530
XXXX105X7862,3582.0,2026-05-05 10:33:00.000 +0530
XXXX105X7882,4147.0,2026-05-05 10:33:00.000 +0530
XXXX105X7921,3194.0,2026-05-05 10:33:00.000 +0530
XXXX105X7932,3377.0,2026-05-05 10:33:00.000 +0530
XXXX105X7985,6653.0,2026-05-05 10:33:00.000 +0530
XXXX105X8018,3225.0,2026-05-05 10:33:00.000 +0530
XXXX105X8027,3388.0,2026-05-05 10:33:00.000 +0530
XXXX105X8124,3832.0,2026-05-05 10:33:00.000 +0530
XXXX105X8137,3864.0,2026-05-05 10:33:00.000 +0530
XXXX105X8149,2746.0,2026-05-05 10:33:00.000 +0530
XXXX105X8203,3974.0,2026-05-05 10:33:00.000 +0530
XXXX105X8215,6467.0,2026-05-05 10:33:00.000 +0530
XXXX105X8228,2834.0,2026-05-05 10:33:00.000 +0530
XXXX105X8248,3380.0,2026-05-05 10:33:00.000 +0530
XXXX105X8274,4031.0,2026-05-05 10:33:00.000 +0530
XXXX105X8317,4405.0,2026-05-05 10:33:00.000 +0530
XXXX105X8326,3835.0,2026-05-05 10:33:00.000 +0530
XXXX105X8480,3480.0,2026-05-05 10:33:00.000 +0530
XXXX105X8510,3753.0,2026-05-05 10:33:00.000 +0530
XXXX105X8527,4987.0,2026-05-05 10:33:00.000 +0530
XXXX105X8549,3197.0,2026-05-05 10:33:00.000 +0530
XXXX105X8572,3952.0,2026-05-05 10:33:00.000 +0530
XXXX105X8627,3311.0,2026-05-05 10:33:00.000 +0530
XXXX105X8653,3762.0,2026-05-05 10:33:00.000 +0530
XXXX105X8721,3316.0,2026-05-05 10:33:00.000 +0530
XXXX105X8724,3868.0,2026-05-05 10:33:00.000 +0530
XXXX105X8787,3459.0,2026-05-05 10:33:00.000 +0530
XXXX105X8865,3349.0,2026-05-05 10:33:00.000 +0530
XXXX105X8942,4978.0,2026-05-05 10:33:00.000 +0530
XXXX105X9071,5747.0,2026-05-05 10:33:00.000 +0530
XXXX105X9107,3002.0,2026-05-05 10:33:00.000 +0530
XXXX105X9167,3217.0,2026-05-05 10:33:00.000 +0530
XXXX105X9272,4570.0,2026-05-05 10:33:00.000 +0530
XXXX105X9392,3099.0,2026-05-05 10:33:00.000 +0530
XXXX105X9427,3679.0,2026-05-05 10:33:00.000 +0530
XXXX105X9449,7202.0,2026-05-05 10:33:00.000 +0530
XXXX105X9495,3017.0,2026-05-05 10:33:00.000 +0530
XXXX105X9628,3600.0,2026-05-05 10:33:00.000 +0530
XXXX105X9673,3305.0,2026-05-05 10:33:00.000 +0530
XXXX105X9711,7291.0,2026-05-05 10:33:00.000 +0530
XXXX105X9798,2594.0,2026-05-05 10:33:00.000 +0530
XXXX105X9813,7557.0,2026-05-05 10:33:00.000 +0530
XXXX105X9852,3507.0,2026-05-05 10:33:00.000 +0530
XXXX105X9891,4311.0,2026-05-05 10:33:00.000 +0530
XXXX105X9892,3800.0,2026-05-05 10:33:00.000 +0530
XXXX105X9902,3872.0,2026-05-05 10:33:00.000 +0530
XXXX105X9909,5560.0,2026-05-05 10:33:00.000 +0530
XXXX105X9917,3798.0,2026-05-05 10:33:00.000 +0530
XXXX105X9998,3975.0,2026-05-05 10:33:00.000 +0530
XXXX106X0019,2955.0,2026-05-05 10:33:00.000 +0530
XXXX106X0085,2579.0,2026-05-05 10:33:00.000 +0530
XXXX106X0115,4828.0,2026-05-05 10:33:00.000 +0530
XXXX106X0149,2928.0,2026-05-05 10:33:00.000 +0530
XXXX106X0228,3318.0,2026-05-05 10:33:00.000 +0530
XXXX106X0294,4919.0,2026-05-05 10:33:00.000 +0530
XXXX106X0599,4829.0,2026-05-05 10:33:00.000 +0530
XXXX106X0629,4301.0,2026-05-05 10:33:00.000 +0530
XXXX106X0739,3273.0,2026-05-05 10:33:00.000 +0530
XXXX106X0792,2109.0,2026-05-05 10:33:00.000 +0530
XXXX106X0802,3010.0,2026-05-05 10:33:00.000 +0530
XXXX106X0820,3217.0,2026-05-05 10:33:00.000 +0530
XXXX106X0835,2020.0,2026-05-05 10:33:00.000 +0530
XXXX106X0848,3349.0,2026-05-05 10:33:00.000 +0530
XXXX106X0878,4106.0,2026-05-05 10:33:00.000 +0530
XXXX106X0888,3738.0,2026-05-05 10:33:00.000 +0530
XXXX106X0921,2919.0,2026-05-05 10:33:00.000 +0530
XXXX106X0966,3879.0,2026-05-05 10:33:00.000 +0530
XXXX106X1002,2951.0,2026-05-05 10:33:00.000 +0530
XXXX106X1053,4286.0,2026-05-05 10:33:00.000 +0530
XXXX106X1069,4086.0,2026-05-05 10:33:00.000 +0530
XXXX106X1150,3491.0,2026-05-05 10:33:00.000 +0530
XXXX106X1179,3051.0,2026-05-05 10:33:00.000 +0530
XXXX106X1254,4193.0,2026-05-05 10:33:00.000 +0530
XXXX106X1503,5120.0,2026-05-05 10:33:00.000 +0530
XXXX106X1522,6701.0,2026-05-05 10:33:00.000 +0530
XXXX106X1665,3513.0,2026-05-05 10:33:00.000 +0530
XXXX106X1667,4109.0,2026-05-05 10:33:00.000 +0530
XXXX106X1676,3998.0,2026-05-05 10:33:00.000 +0530
XXXX106X1692,3798.0,2026-05-05 10:33:00.000 +0530
XXXX106X1771,3948.0,2026-05-05 10:33:00.000 +0530
XXXX106X1850,3420.0,2026-05-05 10:33:00.000 +0530
XXXX106X1877,2679.0,2026-05-05 10:33:00.000 +0530
XXXX106X1896,3954.0,2026-05-05 10:33:00.000 +0530
XXXX106X2022,3215.0,2026-05-05 10:33:00.000 +0530
XXXX106X2125,4273.0,2026-05-05 10:33:00.000 +0530
XXXX106X2178,3013.0,2026-05-05 10:33:00.000 +0530
XXXX106X2195,3552.0,2026-05-05 10:33:00.000 +0530
XXXX106X2268,5612.0,2026-05-05 10:33:00.000 +0530
XXXX106X2309,4774.0,2026-05-05 10:33:00.000 +0530
XXXX106X2344,3726.0,2026-05-05 10:33:00.000 +0530
XXXX106X2390,4145.0,2026-05-05 10:33:00.000 +0530
XXXX106X2415,3516.0,2026-05-05 10:33:00.000 +0530
XXXX106X2433,3228.0,2026-05-05 10:33:00.000 +0530
XXXX106X2471,3798.0,2026-05-05 10:33:00.000 +0530
XXXX106X2499,4914.0,2026-05-05 10:33:00.000 +0530
XXXX106X2515,3636.0,2026-05-05 10:33:00.000 +0530
XXXX106X2619,4353.0,2026-05-05 10:33:00.000 +0530
XXXX106X2849,4003.0,2026-05-05 10:33:00.000 +0530
XXXX106X2900,4336.0,2026-05-05 10:33:00.000 +0530
XXXX106X2910,2816.0,2026-05-05 10:33:00.000 +0530
XXXX106X2992,5214.0,2026-05-05 10:33:00.000 +0530
XXXX106X3267,4332.0,2026-05-05 10:33:00.000 +0530
XXXX106X3401,4424.0,2026-05-05 10:33:00.000 +0530
XXXX106X3486,3480.0,2026-05-05 10:33:00.000 +0530
XXXX106X3623,3384.0,2026-05-05 10:33:00.000 +0530
XXXX106X3720,5540.0,2026-05-05 10:33:00.000 +0530
XXXX106X3732,3357.0,2026-05-05 10:33:00.000 +0530
XXXX106X3745,4421.0,2026-05-05 10:33:00.000 +0530
XXXX106X3784,2653.0,2026-05-05 10:33:00.000 +0530
XXXX106X3915,3471.0,2026-05-05 10:33:00.000 +0530
XXXX106X4255,4933.0,2026-05-05 10:33:00.000 +0530
XXXX106X4306,2683.0,2026-05-05 10:33:00.000 +0530
XXXX106X4363,2694.0,2026-05-05 10:33:00.000 +0530
XXXX106X4388,4819.0,2026-05-05 10:33:00.000 +0530
XXXX106X4412,4849.0,2026-05-05 10:33:00.000 +0530
XXXX106X4561,4929.0,2026-05-05 10:33:00.000 +0530
XXXX106X4664,5081.0,2026-05-05 10:33:00.000 +0530
XXXX106X4682,4501.0,2026-05-05 10:33:00.000 +0530
XXXX106X4716,4110.0,2026-05-05 10:33:00.000 +0530
XXXX106X4731,5682.0,2026-05-05 10:33:00.000 +0530
XXXX106X4777,3911.0,2026-05-05 10:33:00.000 +0530
XXXX106X4856,3239.0,2026-05-05 10:33:00.000 +0530
XXXX106X4938,5493.0,2026-05-05 10:33:00.000 +0530
XXXX106X5052,5296.0,2026-05-05 10:33:00.000 +0530
XXXX106X5263,4891.0,2026-05-05 10:33:00.000 +0530
XXXX106X5324,3198.0,2026-05-05 10:33:00.000 +0530
XXXX106X5350,4140.0,2026-05-05 10:33:00.000 +0530
XXXX106X5457,4996.0,2026-05-05 10:33:00.000 +0530
XXXX106X5545,5770.0,2026-05-05 10:33:00.000 +0530
XXXX106X5660,4456.0,2026-05-05 10:33:00.000 +0530
XXXX106X5673,3993.0,2026-05-05 10:33:00.000 +0530
XXXX106X5821,6659.0,2026-05-05 10:33:00.000 +0530
XXXX106X5846,2919.0,2026-05-05 10:33:00.000 +0530
XXXX106X5891,3539.0,2026-05-05 10:33:00.000 +0530
XXXX106X5907,4252.0,2026-05-05 10:33:00.000 +0530
XXXX106X5929,3008.0,2026-05-05 10:33:00.000 +0530
XXXX106X6003,4882.0,2026-05-05 10:33:00.000 +0530
XXXX106X6007,3762.0,2026-05-05 10:33:00.000 +0530
XXXX106X6043,3940.0,2026-05-05 10:33:00.000 +0530
XXXX106X6058,3511.0,2026-05-05 10:33:00.000 +0530
XXXX106X6244,2925.0,2026-05-05 10:33:00.000 +0530
XXXX106X6511,2988.0,2026-05-05 10:33:00.000 +0530
XXXX106X6545,3530.0,2026-05-05 10:33:00.000 +0530
XXXX106X6580,3458.0,2026-05-05 10:33:00.000 +0530
XXXX106X6611,8376.0,2026-05-05 10:33:00.000 +0530
XXXX106X6633,2742.0,2026-05-05 10:33:00.000 +0530
XXXX106X6745,3670.0,2026-05-05 10:33:00.000 +0530
XXXX106X6754,3480.0,2026-05-05 10:33:00.000 +0530
XXXX106X6796,8560.0,2026-05-05 10:33:00.000 +0530
XXXX106X6806,4942.0,2026-05-05 10:33:00.000 +0530
XXXX106X6827,5583.0,2026-05-05 10:33:00.000 +0530
XXXX106X6998,4746.0,2026-05-05 10:33:00.000 +0530
XXXX106X7075,3336.0,2026-05-05 10:33:00.000 +0530
XXXX106X7099,2844.0,2026-05-05 10:33:00.000 +0530
XXXX106X7173,3450.0,2026-05-05 10:33:00.000 +0530
XXXX106X7203,4017.0,2026-05-05 10:33:00.000 +0530
XXXX106X7297,3978.0,2026-05-05 10:33:00.000 +0530
XXXX106X7300,3776.0,2026-05-05 10:33:00.000 +0530
XXXX106X7491,3051.0,2026-05-05 10:33:00.000 +0530
XXXX106X7555,3174.0,2026-05-05 10:33:00.000 +0530
XXXX106X7826,9353.0,2026-05-05 10:33:00.000 +0530
XXXX106X7908,3055.0,2026-05-05 10:33:00.000 +0530
XXXX106X8121,3828.0,2026-05-05 10:33:00.000 +0530
XXXX106X8205,4405.0,2026-05-05 10:33:00.000 +0530
XXXX106X8266,3813.0,2026-05-05 10:33:00.000 +0530
XXXX106X8567,5257.0,2026-05-05 10:33:00.000 +0530
XXXX106X8716,6173.0,2026-05-05 10:33:00.000 +0530
XXXX106X8721,5357.0,2026-05-05 10:33:00.000 +0530
XXXX106X8831,6544.0,2026-05-05 10:33:00.000 +0530
XXXX106X8846,5200.0,2026-05-05 10:33:00.000 +0530
XXXX106X8901,2861.0,2026-05-05 10:33:00.000 +0530
XXXX106X8945,4137.0,2026-05-05 10:33:00.000 +0530
XXXX106X8956,4689.0,2026-05-05 10:33:00.000 +0530
XXXX106X9043,3420.0,2026-05-05 10:33:00.000 +0530
XXXX106X9098,3349.0,2026-05-05 10:33:00.000 +0530
XXXX106X9119,3055.0,2026-05-05 10:33:00.000 +0530
XXXX106X9183,3059.0,2026-05-05 10:33:00.000 +0530
XXXX106X9213,5096.0,2026-05-05 10:33:00.000 +0530
XXXX106X9286,3477.0,2026-05-05 10:33:00.000 +0530
XXXX106X9317,6011.0,2026-05-05 10:33:00.000 +0530
XXXX106X9399,3150.0,2026-05-05 10:33:00.000 +0530
XXXX106X9502,2780.0,2026-05-05 10:33:00.000 +0530
XXXX106X9757,4016.0,2026-05-05 10:33:00.000 +0530
XXXX106X9763,3741.0,2026-05-05 10:33:00.000 +0530
XXXX106X9766,3316.0,2026-05-05 10:33:00.000 +0530
XXXX106X9794,4214.0,2026-05-05 10:33:00.000 +0530
XXXX106X9934,5184.0,2026-05-05 10:33:00.000 +0530
XXXX107X0587,4239.0,2026-05-05 10:33:00.000 +0530
XXXX107X0745,4057.0,2026-05-05 10:33:00.000 +0530
XXXX107X1045,5959.0,2026-05-05 10:33:00.000 +0530
XXXX107X1294,4133.0,2026-05-05 10:33:00.000 +0530
XXXX107X1559,6420.0,2026-05-05 10:33:00.000 +0530
XXXX107X2135,4869.0,2026-05-05 10:33:00.000 +0530
XXXX107X2372,2632.0,2026-05-05 10:33:00.000 +0530
XXXX107X2558,4162.0,2026-05-05 10:33:00.000 +0530
XXXX107X2806,3317.0,2026-05-05 10:33:00.000 +0530
XXXX107X2995,3409.0,2026-05-05 10:33:00.000 +0530
XXXX107X3025,4923.0,2026-05-05 10:33:00.000 +0530
XXXX107X3338,3722.0,2026-05-05 10:33:00.000 +0530
XXXX107X3374,3382.0,2026-05-05 10:33:00.000 +0530
XXXX107X3645,6250.0,2026-05-05 10:33:00.000 +0530
XXXX107X3675,3242.0,2026-05-05 10:33:00.000 +0530
XXXX107X3736,3109.0,2026-05-05 10:33:00.000 +0530
XXXX107X3745,4905.0,2026-05-05 10:33:00.000 +0530
XXXX107X3842,3386.0,2026-05-05 10:33:00.000 +0530
XXXX107X5187,3858.0,2026-05-05 10:33:00.000 +0530
XXXX107X5306,4209.0,2026-05-05 10:33:00.000 +0530
XXXX107X5530,3317.0,2026-05-05 10:33:00.000 +0530
XXXX107X5567,2899.0,2026-05-05 10:33:00.000 +0530
XXXX107X5600,5455.0,2026-05-05 10:33:00.000 +0530
XXXX107X5851,4357.0,2026-05-05 10:33:00.000 +0530
XXXX107X6004,6123.0,2026-05-05 10:33:00.000 +0530
XXXX107X6183,5757.0,2026-05-05 10:33:00.000 +0530
XXXX107X6885,4801.0,2026-05-05 10:33:00.000 +0530
XXXX107X6925,4327.0,2026-05-05 10:33:00.000 +0530
XXXX107X7142,3559.0,2026-05-05 10:33:00.000 +0530
XXXX107X7477,2509.0,2026-05-05 10:33:00.000 +0530
XXXX107X7529,2626.0,2026-05-05 10:33:00.000 +0530
XXXX107X7669,3721.0,2026-05-05 10:33:00.000 +0530
XXXX107X7866,4568.0,2026-05-05 10:33:00.000 +0530
XXXX107X8254,6625.0,2026-05-05 10:33:00.000 +0530
XXXX107X8761,5238.0,2026-05-05 10:33:00.000 +0530
XXXX107X8930,7950.0,2026-05-05 10:33:00.000 +0530
XXXX107X9150,4585.0,2026-05-05 10:33:00.000 +0530
XXXX107X9350,4984.0,2026-05-05 10:33:00.000 +0530
XXXX107X9396,4156.0,2026-05-05 10:33:00.000 +0530
XXXX107X9509,3348.0,2026-05-05 10:33:00.000 +0530
XXXX107X9572,3601.0,2026-05-05 10:33:00.000 +0530
XXXX107X9943,4655.0,2026-05-05 10:33:00.000 +0530
XXXX108X0021,3576.0,2026-05-05 10:33:00.000 +0530
XXXX108X0202,4264.0,2026-05-05 10:33:00.000 +0530
XXXX108X0350,3482.0,2026-05-05 10:33:00.000 +0530
XXXX108X0384,3595.0,2026-05-05 10:33:00.000 +0530
XXXX108X0542,4622.0,2026-05-05 10:33:00.000 +0530
XXXX108X0576,3679.0,2026-05-05 10:33:00.000 +0530
XXXX108X0606,3049.0,2026-05-05 10:33:00.000 +0530
XXXX108X0612,3021.0,2026-05-05 10:33:00.000 +0530
XXXX108X0621,3781.0,2026-05-05 10:33:00.000 +0530
XXXX108X0634,10069.0,2026-05-05 10:33:00.000 +0530
XXXX108X0810,3106.0,2026-05-05 10:33:00.000 +0530
XXXX108X0968,4249.0,2026-05-05 10:33:00.000 +0530
XXXX108X0970,3357.0,2026-05-05 10:33:00.000 +0530
XXXX108X0995,4573.0,2026-05-05 10:33:00.000 +0530
XXXX108X0996,3986.0,2026-05-05 10:33:00.000 +0530
XXXX108X1020,3273.0,2026-05-05 10:33:00.000 +0530
XXXX108X1022,2669.0,2026-05-05 10:33:00.000 +0530
XXXX108X1122,5132.0,2026-05-05 10:33:00.000 +0530
XXXX108X1180,3265.0,2026-05-05 10:33:00.000 +0530
XXXX108X1295,3205.0,2026-05-05 10:33:00.000 +0530
XXXX108X1464,3903.0,2026-05-05 10:33:00.000 +0530
XXXX108X1739,5933.0,2026-05-05 10:33:00.000 +0530
XXXX108X1800,3320.0,2026-05-05 10:33:00.000 +0530
XXXX108X1808,3371.0,2026-05-05 10:33:00.000 +0530
XXXX108X1877,3566.0,2026-05-05 10:33:00.000 +0530
XXXX108X1914,2918.0,2026-05-05 10:33:00.000 +0530
XXXX108X1969,6139.0,2026-05-05 10:33:00.000 +0530
XXXX108X2054,2357.0,2026-05-05 10:33:00.000 +0530
XXXX108X2103,3635.0,2026-05-05 10:33:00.000 +0530
XXXX108X2144,4860.0,2026-05-05 10:33:00.000 +0530
XXXX108X2240,3755.0,2026-05-05 10:33:00.000 +0530
XXXX108X2409,4545.0,2026-05-05 10:33:00.000 +0530
XXXX108X2613,4075.0,2026-05-05 10:33:00.000 +0530
XXXX108X2630,3824.0,2026-05-05 10:33:00.000 +0530
XXXX108X2811,3772.0,2026-05-05 10:33:00.000 +0530
XXXX108X2900,2842.0,2026-05-05 10:33:00.000 +0530
XXXX108X2943,4245.0,2026-05-05 10:33:00.000 +0530
XXXX108X3002,3860.0,2026-05-05 10:33:00.000 +0530
XXXX108X3965,5146.0,2026-05-05 10:33:00.000 +0530
XXXX108X4091,6316.0,2026-05-05 10:33:00.000 +0530
XXXX108X4411,4941.0,2026-05-05 10:33:00.000 +0530
XXXX108X4498,5648.0,2026-05-05 10:33:00.000 +0530
XXXX108X4504,3198.0,2026-05-05 10:33:00.000 +0530
XXXX108X4749,2761.0,2026-05-05 10:33:00.000 +0530
XXXX108X4759,4296.0,2026-05-05 10:33:00.000 +0530
XXXX108X4767,3063.0,2026-05-05 10:33:00.000 +0530
XXXX108X4782,4871.0,2026-05-05 10:33:00.000 +0530
XXXX108X5010,3895.0,2026-05-05 10:33:00.000 +0530
XXXX108X5065,4400.0,2026-05-05 10:33:00.000 +0530
XXXX108X5146,2745.0,2026-05-05 10:33:00.000 +0530
XXXX108X5231,3976.0,2026-05-05 10:33:00.000 +0530
XXXX108X5249,3386.0,2026-05-05 10:33:00.000 +0530
XXXX108X5276,3832.0,2026-05-05 10:33:00.000 +0530
XXXX108X5534,3213.0,2026-05-05 10:33:00.000 +0530
XXXX108X5628,5527.0,2026-05-05 10:33:00.000 +0530
XXXX108X5630,3051.0,2026-05-05 10:33:00.000 +0530
XXXX108X5642,8043.0,2026-05-05 10:33:00.000 +0530
XXXX108X5656,4123.0,2026-05-05 10:33:00.000 +0530
XXXX108X5816,5426.0,2026-05-05 10:33:00.000 +0530
XXXX108X5841,5397.0,2026-05-05 10:33:00.000 +0530
XXXX108X5895,3236.0,2026-05-05 10:33:00.000 +0530
XXXX108X5905,3480.0,2026-05-05 10:33:00.000 +0530
XXXX108X5931,2359.0,2026-05-05 10:33:00.000 +0530
XXXX108X6002,4104.0,2026-05-05 10:33:00.000 +0530
XXXX108X6072,3176.0,2026-05-05 10:33:00.000 +0530
XXXX108X6201,2975.0,2026-05-05 10:33:00.000 +0530
XXXX108X6281,3819.0,2026-05-05 10:33:00.000 +0530
XXXX108X6302,2540.0,2026-05-05 10:33:00.000 +0530
XXXX108X6310,5425.0,2026-05-05 10:33:00.000 +0530
XXXX108X6335,4648.0,2026-05-05 10:33:00.000 +0530
XXXX108X6371,4353.0,2026-05-05 10:33:00.000 +0530
XXXX108X6960,2556.0,2026-05-05 10:33:00.000 +0530
XXXX108X7043,3516.0,2026-05-05 10:33:00.000 +0530
XXXX108X7059,8582.0,2026-05-05 10:33:00.000 +0530
XXXX108X7063,5769.0,2026-05-05 10:33:00.000 +0530
XXXX108X7194,3965.0,2026-05-05 10:33:00.000 +0530
XXXX108X7276,4173.0,2026-05-05 10:33:00.000 +0530
XXXX108X7411,4215.0,2026-05-05 10:33:00.000 +0530
XXXX108X7428,5547.0,2026-05-05 10:33:00.000 +0530
XXXX108X7471,7071.0,2026-05-05 10:33:00.000 +0530
XXXX108X7865,3918.0,2026-05-05 10:33:00.000 +0530
XXXX108X7921,4381.0,2026-05-05 10:33:00.000 +0530
XXXX108X7981,3286.0,2026-05-05 10:33:00.000 +0530
XXXX108X7992,2460.0,2026-05-05 10:33:00.000 +0530
XXXX108X8012,5412.0,2026-05-05 10:33:00.000 +0530
XXXX108X8103,4363.0,2026-05-05 10:33:00.000 +0530
XXXX108X8146,4080.0,2026-05-05 10:33:00.000 +0530
XXXX108X8443,3530.0,2026-05-05 10:33:00.000 +0530
XXXX108X8638,2961.0,2026-05-05 10:33:00.000 +0530
XXXX108X8687,3579.0,2026-05-05 10:33:00.000 +0530
XXXX108X8721,2969.0,2026-05-05 10:33:00.000 +0530
XXXX108X8794,3725.0,2026-05-05 10:33:00.000 +0530
XXXX108X8797,4033.0,2026-05-05 10:33:00.000 +0530
XXXX108X8850,4118.0,2026-05-05 10:33:00.000 +0530
XXXX108X8896,3006.0,2026-05-05 10:33:00.000 +0530
XXXX108X8904,4260.0,2026-05-05 10:33:00.000 +0530
XXXX108X8915,3055.0,2026-05-05 10:33:00.000 +0530
XXXX108X9008,2825.0,2026-05-05 10:33:00.000 +0530
XXXX108X9151,3639.0,2026-05-05 10:33:00.000 +0530
XXXX108X9238,3116.0,2026-05-05 10:33:00.000 +0530
XXXX108X9473,4635.0,2026-05-05 10:33:00.000 +0530
XXXX108X9664,4910.0,2026-05-05 10:33:00.000 +0530
XXXX108X9690,4943.0,2026-05-05 10:33:00.000 +0530
XXXX108X9752,3157.0,2026-05-05 10:33:00.000 +0530
XXXX108X9827,3584.0,2026-05-05 10:33:00.000 +0530
XXXX108X9978,4499.0,2026-05-05 10:33:00.000 +0530
XXXX109X0165,4260.0,2026-05-05 10:33:00.000 +0530
XXXX109X0219,4044.0,2026-05-05 10:33:00.000 +0530
XXXX109X0222,2860.0,2026-05-05 10:33:00.000 +0530
XXXX109X0224,3731.0,2026-05-05 10:33:00.000 +0530
XXXX109X0404,2763.0,2026-05-05 10:33:00.000 +0530
XXXX109X0574,4197.0,2026-05-05 10:33:00.000 +0530
XXXX109X0635,2875.0,2026-05-05 10:33:00.000 +0530
XXXX109X0693,5570.0,2026-05-05 10:33:00.000 +0530
XXXX109X0884,2704.0,2026-05-05 10:33:00.000 +0530
XXXX109X1018,3021.0,2026-05-05 10:33:00.000 +0530
XXXX109X1457,3490.0,2026-05-05 10:33:00.000 +0530
XXXX109X1574,2971.0,2026-05-05 10:33:00.000 +0530
XXXX109X1695,4465.0,2026-05-05 10:33:00.000 +0530
XXXX109X1835,3384.0,2026-05-05 10:33:00.000 +0530
XXXX109X1866,3897.0,2026-05-05 10:33:00.000 +0530
XXXX109X1966,3897.0,2026-05-05 10:33:00.000 +0530
XXXX109X2029,4567.0,2026-05-05 10:33:00.000 +0530
XXXX109X2075,5296.0,2026-05-05 10:33:00.000 +0530
XXXX109X2087,5583.0,2026-05-05 10:33:00.000 +0530
XXXX109X2096,2591.0,2026-05-05 10:33:00.000 +0530
XXXX109X2152,3969.0,2026-05-05 10:33:00.000 +0530
XXXX109X2252,3948.0,2026-05-05 10:33:00.000 +0530
XXXX109X2330,3547.0,2026-05-05 10:33:00.000 +0530
XXXX109X2400,4119.0,2026-05-05 10:33:00.000 +0530
XXXX109X2411,4487.0,2026-05-05 10:33:00.000 +0530
XXXX109X2572,4145.0,2026-05-05 10:33:00.000 +0530
XXXX109X2623,2517.0,2026-05-05 10:33:00.000 +0530
XXXX109X2719,3821.0,2026-05-05 10:33:00.000 +0530
XXXX109X2934,5540.0,2026-05-05 10:33:00.000 +0530
XXXX109X3007,3811.0,2026-05-05 10:33:00.000 +0530
XXXX109X3039,3515.0,2026-05-05 10:33:00.000 +0530
XXXX109X3043,4594.0,2026-05-05 10:33:00.000 +0530
XXXX109X3201,5799.0,2026-05-05 10:33:00.000 +0530
XXXX109X3427,5862.0,2026-05-05 10:33:00.000 +0530
XXXX109X3460,2861.0,2026-05-05 10:33:00.000 +0530
XXXX109X3594,4852.0,2026-05-05 10:33:00.000 +0530
XXXX109X3607,3379.0,2026-05-05 10:33:00.000 +0530
XXXX109X3720,3683.0,2026-05-05 10:33:00.000 +0530
XXXX109X3763,3155.0,2026-05-05 10:33:00.000 +0530
XXXX109X3860,3958.0,2026-05-05 10:33:00.000 +0530
XXXX109X3863,3209.0,2026-05-05 10:33:00.000 +0530
XXXX109X3873,3607.0,2026-05-05 10:33:00.000 +0530
XXXX109X3876,6588.0,2026-05-05 10:33:00.000 +0530
XXXX109X3925,4656.0,2026-05-05 10:33:00.000 +0530
XXXX109X3988,3225.0,2026-05-05 10:33:00.000 +0530
XXXX109X4009,3508.0,2026-05-05 10:33:00.000 +0530
XXXX109X4075,3386.0,2026-05-05 10:33:00.000 +0530
XXXX109X4377,3556.0,2026-05-05 10:33:00.000 +0530
XXXX109X4391,4249.0,2026-05-05 10:33:00.000 +0530
XXXX109X4408,6579.0,2026-05-05 10:33:00.000 +0530
XXXX109X4517,3891.0,2026-05-05 10:33:00.000 +0530
XXXX109X4569,3948.0,2026-05-05 10:33:00.000 +0530
XXXX109X4583,5531.0,2026-05-05 10:33:00.000 +0530
XXXX109X4584,2022.0,2026-05-05 10:33:00.000 +0530
XXXX109X4711,3357.0,2026-05-05 10:33:00.000 +0530
XXXX109X4808,6513.0,2026-05-05 10:33:00.000 +0530
XXXX109X4817,3247.0,2026-05-05 10:33:00.000 +0530
XXXX109X4870,3911.0,2026-05-05 10:33:00.000 +0530
XXXX109X4875,3368.0,2026-05-05 10:33:00.000 +0530
XXXX109X5145,2853.0,2026-05-05 10:33:00.000 +0530
XXXX109X5410,2784.0,2026-05-05 10:33:00.000 +0530
XXXX109X5503,3539.0,2026-05-05 10:33:00.000 +0530
XXXX109X5597,4223.0,2026-05-05 10:33:00.000 +0530
XXXX109X5621,3559.0,2026-05-05 10:33:00.000 +0530
XXXX109X5622,2919.0,2026-05-05 10:33:00.000 +0530
XXXX109X5640,3757.0,2026-05-05 10:33:00.000 +0530
XXXX109X5801,1831.0,2026-05-05 10:33:00.000 +0530
XXXX109X5958,3531.0,2026-05-05 10:33:00.000 +0530
XXXX109X5959,2269.0,2026-05-05 10:33:00.000 +0530
XXXX109X6269,3101.0,2026-05-05 10:33:00.000 +0530
XXXX109X6537,2861.0,2026-05-05 10:33:00.000 +0530
XXXX109X6561,6316.0,2026-05-05 10:33:00.000 +0530
XXXX109X6575,4982.0,2026-05-05 10:33:00.000 +0530
XXXX109X6806,3627.0,2026-05-05 10:33:00.000 +0530
XXXX109X6834,3122.0,2026-05-05 10:33:00.000 +0530
XXXX109X6838,5277.0,2026-05-05 10:33:00.000 +0530
XXXX109X7181,4159.0,2026-05-05 10:33:00.000 +0530
XXXX109X7221,5218.0,2026-05-05 10:33:00.000 +0530
XXXX109X7287,3509.0,2026-05-05 10:33:00.000 +0530
XXXX109X7458,6079.0,2026-05-05 10:33:00.000 +0530
XXXX109X7482,3452.0,2026-05-05 10:33:00.000 +0530
XXXX109X7577,4225.0,2026-05-05 10:33:00.000 +0530
XXXX109X7834,3480.0,2026-05-05 10:33:00.000 +0530
XXXX109X7836,3289.0,2026-05-05 10:33:00.000 +0530
XXXX109X7890,4308.0,2026-05-05 10:33:00.000 +0530
XXXX109X7929,4796.0,2026-05-05 10:33:00.000 +0530
XXXX109X8039,3887.0,2026-05-05 10:33:00.000 +0530
XXXX109X8120,4804.0,2026-05-05 10:33:00.000 +0530
XXXX109X8157,4033.0,2026-05-05 10:33:00.000 +0530
XXXX109X8229,4793.0,2026-05-05 10:33:00.000 +0530
XXXX109X8277,4380.0,2026-05-05 10:33:00.000 +0530
XXXX109X8303,3386.0,2026-05-05 10:33:00.000 +0530
XXXX109X8354,5389.0,2026-05-05 10:33:00.000 +0530
XXXX109X8426,4593.0,2026-05-05 10:33:00.000 +0530
XXXX109X8433,2823.0,2026-05-05 10:33:00.000 +0530
XXXX109X8449,2169.0,2026-05-05 10:33:00.000 +0530
XXXX109X8458,4731.0,2026-05-05 10:33:00.000 +0530
XXXX109X8485,3990.0,2026-05-05 10:33:00.000 +0530
XXXX109X8516,5680.0,2026-05-05 10:33:00.000 +0530
XXXX109X8542,3702.0,2026-05-05 10:33:00.000 +0530
XXXX109X8584,8376.0,2026-05-05 10:33:00.000 +0530
XXXX109X8647,3542.0,2026-05-05 10:33:00.000 +0530
XXXX109X8658,3109.0,2026-05-05 10:33:00.000 +0530
XXXX109X8719,5362.0,2026-05-05 10:33:00.000 +0530
XXXX109X8871,3461.0,2026-05-05 10:33:00.000 +0530
XXXX109X8874,4737.0,2026-05-05 10:33:00.000 +0530
XXXX109X8877,3845.0,2026-05-05 10:33:00.000 +0530
XXXX109X8978,5171.0,2026-05-05 10:33:00.000 +0530
XXXX109X9015,5939.0,2026-05-05 10:33:00.000 +0530
XXXX109X9056,2552.0,2026-05-05 10:33:00.000 +0530
XXXX109X9560,2938.0,2026-05-05 10:33:00.000 +0530
XXXX109X9680,4847.0,2026-05-05 10:33:00.000 +0530
XXXX109X9686,3292.0,2026-05-05 10:33:00.000 +0530
XXXX109X9790,3924.0,2026-05-05 10:33:00.000 +0530
XXXX109X9791,3189.0,2026-05-05 10:33:00.000 +0530
XXXX109X9815,3338.0,2026-05-05 10:33:00.000 +0530
XXXX109X9893,4028.0,2026-05-05 10:33:00.000 +0530
XXXX109X9922,4484.0,2026-05-05 10:33:00.000 +0530
XXXX109X9925,4085.0,2026-05-05 10:33:00.000 +0530
XXXX109X9963,5665.0,2026-05-05 10:33:00.000 +0530
XXXX110X5644,3280.0,2026-05-05 10:33:00.000 +0530
XXXX110X6120,3803.0,2026-05-05 10:33:00.000 +0530
XXXX110X6421,3280.0,2026-05-05 10:33:00.000 +0530
XXXX110X6519,4201.0,2026-05-05 10:33:00.000 +0530
XXXX110X6634,6387.0,2026-05-05 10:33:00.000 +0530
XXXX110X6661,5231.0,2026-05-05 10:33:00.000 +0530
XXXX110X7022,4296.0,2026-05-05 10:33:00.000 +0530
XXXX110X7624,8417.0,2026-05-05 10:33:00.000 +0530
XXXX111X1450,2822.0,2026-05-05 10:33:00.000 +0530
XXXX111X1788,4506.0,2026-05-05 10:33:00.000 +0530
XXXX111X1982,6987.0,2026-05-05 10:33:00.000 +0530
XXXX111X2878,2873.0,2026-05-05 10:33:00.000 +0530
XXXX111X4554,3366.0,2026-05-05 10:33:00.000 +0530
XXXX111X5848,7060.0,2026-05-05 10:33:00.000 +0530
XXXX111X6209,3774.0,2026-05-05 10:33:00.000 +0530
XXXX111X6419,2670.0,2026-05-05 10:33:00.000 +0530
XXXX111X6683,4619.0,2026-05-05 10:33:00.000 +0530
XXXX111X7244,7512.0,2026-05-05 10:33:00.000 +0530
XXXX111X9057,5000.0,2026-05-05 10:33:00.000 +0530
XXXX112X0035,3665.0,2026-05-05 10:33:00.000 +0530
XXXX112X0405,4555.0,2026-05-05 10:33:00.000 +0530
XXXX112X0666,3709.0,2026-05-05 10:33:00.000 +0530
XXXX112X1678,3638.0,2026-05-05 10:33:00.000 +0530
XXXX112X1845,3490.0,2026-05-05 10:33:00.000 +0530
XXXX112X2555,4218.0,2026-05-05 10:33:00.000 +0530
XXXX112X2616,3451.0,2026-05-05 10:33:00.000 +0530
XXXX112X2713,5066.0,2026-05-05 10:33:00.000 +0530
XXXX112X3372,3871.0,2026-05-05 10:33:00.000 +0530
XXXX112X3642,6897.0,2026-05-05 10:33:00.000 +0530
XXXX112X3800,4332.0,2026-05-05 10:33:00.000 +0530
XXXX112X4418,5213.0,2026-05-05 10:33:00.000 +0530
XXXX112X4959,3349.0,2026-05-05 10:33:00.000 +0530
XXXX112X6311,3908.0,2026-05-05 10:33:00.000 +0530
XXXX112X6378,4995.0,2026-05-05 10:33:00.000 +0530
XXXX112X6873,2811.0,2026-05-05 10:33:00.000 +0530
XXXX112X6893,4439.0,2026-05-05 10:33:00.000 +0530
XXXX112X7128,5560.0,2026-05-05 10:33:00.000 +0530
XXXX112X7217,3776.0,2026-05-05 10:33:00.000 +0530
XXXX112X7676,3513.0,2026-05-05 10:33:00.000 +0530
XXXX112X7737,3433.0,2026-05-05 10:33:00.000 +0530
XXXX112X7834,2639.0,2026-05-05 10:33:00.000 +0530
XXXX112X7924,4081.0,2026-05-05 10:33:00.000 +0530
XXXX112X8233,5084.0,2026-05-05 10:33:00.000 +0530
XXXX112X8504,3531.0,2026-05-05 10:33:00.000 +0530
XXXX112X8534,8411.0,2026-05-05 10:33:00.000 +0530
XXXX112X9163,5543.0,2026-05-05 10:33:00.000 +0530
XXXX112X9731,4686.0,2026-05-05 10:33:00.000 +0530
XXXX113X0162,2629.0,2026-05-05 10:33:00.000 +0530
XXXX113X0716,4235.0,2026-05-05 10:33:00.000 +0530
XXXX113X0743,3005.0,2026-05-05 10:33:00.000 +0530
XXXX113X1091,3428.0,2026-05-05 10:33:00.000 +0530
XXXX113X2568,2902.0,2026-05-05 10:33:00.000 +0530
XXXX113X3360,3885.0,2026-05-05 10:33:00.000 +0530
XXXX113X4086,5022.0,2026-05-05 10:33:00.000 +0530
XXXX113X6446,3097.0,2026-05-05 10:33:00.000 +0530
XXXX113X6543,3266.0,2026-05-05 10:33:00.000 +0530
XXXX113X6871,3531.0,2026-05-05 10:33:00.000 +0530
XXXX113X7117,3371.0,2026-05-05 10:33:00.000 +0530
XXXX113X8116,3666.0,2026-05-05 10:33:00.000 +0530
XXXX113X9543,4671.0,2026-05-05 10:33:00.000 +0530
XXXX114X0180,3454.0,2026-05-05 10:33:00.000 +0530
XXXX114X0557,3995.0,2026-05-05 10:33:00.000 +0530
XXXX114X1523,3128.0,2026-05-05 10:33:00.000 +0530
XXXX114X1693,4441.0,2026-05-05 10:33:00.000 +0530
XXXX114X2267,5355.0,2026-05-05 10:33:00.000 +0530
XXXX114X3694,3356.0,2026-05-05 10:33:00.000 +0530
XXXX114X4532,6295.0,2026-05-05 10:33:00.000 +0530
XXXX114X4648,3662.0,2026-05-05 10:33:00.000 +0530
XXXX114X5717,3170.0,2026-05-05 10:33:00.000 +0530
XXXX114X5857,3270.0,2026-05-05 10:33:00.000 +0530
XXXX114X6141,3741.0,2026-05-05 10:33:00.000 +0530
XXXX114X6476,2632.0,2026-05-05 10:33:00.000 +0530
XXXX114X6479,2583.0,2026-05-05 10:33:00.000 +0530
XXXX114X8510,3948.0,2026-05-05 10:33:00.000 +0530
XXXX114X8853,4905.0,2026-05-05 10:33:00.000 +0530
XXXX115X1673,4156.0,2026-05-05 10:33:00.000 +0530
XXXX115X1812,4604.0,2026-05-05 10:33:00.000 +0530
XXXX115X2164,4529.0,2026-05-05 10:33:00.000 +0530
XXXX115X2331,7323.0,2026-05-05 10:33:00.000 +0530
XXXX115X2842,3027.0,2026-05-05 10:33:00.000 +0530
XXXX115X3275,3939.0,2026-05-05 10:33:00.000 +0530
XXXX115X3433,2803.0,2026-05-05 10:33:00.000 +0530
XXXX115X3500,3472.0,2026-05-05 10:33:00.000 +0530
XXXX115X3522,3064.0,2026-05-05 10:33:00.000 +0530
XXXX115X4618,2591.0,2026-05-05 10:33:00.000 +0530
XXXX115X5002,4047.0,2026-05-05 10:33:00.000 +0530
XXXX115X5953,3185.0,2026-05-05 10:33:00.000 +0530
XXXX115X6235,3659.0,2026-05-05 10:33:00.000 +0530
XXXX115X7433,5210.0,2026-05-05 10:33:00.000 +0530
XXXX115X7457,4383.0,2026-05-05 10:33:00.000 +0530
XXXX115X7475,4852.0,2026-05-05 10:33:00.000 +0530
XXXX115X7580,4042.0,2026-05-05 10:33:00.000 +0530
XXXX115X7581,6640.0,2026-05-05 10:33:00.000 +0530
XXXX115X7854,3379.0,2026-05-05 10:33:00.000 +0530
XXXX115X8350,3585.0,2026-05-05 10:33:00.000 +0530
XXXX115X9091,3236.0,2026-05-05 10:33:00.000 +0530
XXXX115X9984,5731.0,2026-05-05 10:33:00.000 +0530
XXXX116X0585,3537.0,2026-05-05 10:33:00.000 +0530
XXXX116X2744,5265.0,2026-05-05 10:33:00.000 +0530
XXXX116X6613,3694.0,2026-05-05 10:33:00.000 +0530
XXXX117X2045,2984.0,2026-05-05 10:33:00.000 +0530
XXXX117X2346,3353.0,2026-05-05 10:33:00.000 +0530
XXXX117X3707,6959.0,2026-05-05 10:33:00.000 +0530
XXXX117X4292,6425.0,2026-05-05 10:33:00.000 +0530
XXXX118X0173,5067.0,2026-05-05 10:33:00.000 +0530
XXXX118X0373,4123.0,2026-05-05 10:33:00.000 +0530
XXXX118X0620,3166.0,2026-05-05 10:33:00.000 +0530
XXXX118X1215,3093.0,2026-05-05 10:33:00.000 +0530
XXXX118X1260,4135.0,2026-05-05 10:33:00.000 +0530
XXXX118X1461,3612.0,2026-05-05 10:33:00.000 +0530
XXXX118X1883,3244.0,2026-05-05 10:33:00.000 +0530
XXXX118X2156,4007.0,2026-05-05 10:33:00.000 +0530
XXXX118X2876,5046.0,2026-05-05 10:33:00.000 +0530
XXXX118X3328,2966.0,2026-05-05 10:33:00.000 +0530
XXXX118X3359,4790.0,2026-05-05 10:33:00.000 +0530
XXXX118X3541,4536.0,2026-05-05 10:33:00.000 +0530
XXXX118X4105,4715.0,2026-05-05 10:33:00.000 +0530
XXXX118X4608,4375.0,2026-05-05 10:33:00.000 +0530
XXXX118X5010,3077.0,2026-05-05 10:33:00.000 +0530
XXXX118X5262,3386.0,2026-05-05 10:33:00.000 +0530
XXXX118X5667,3029.0,2026-05-05 10:33:00.000 +0530
XXXX118X5974,4819.0,2026-05-05 10:33:00.000 +0530
XXXX118X6538,3793.0,2026-05-05 10:33:00.000 +0530
XXXX118X6580,3783.0,2026-05-05 10:33:00.000 +0530
XXXX118X6644,4209.0,2026-05-05 10:33:00.000 +0530
XXXX118X7079,4380.0,2026-05-05 10:33:00.000 +0530
XXXX118X7407,2856.0,2026-05-05 10:33:00.000 +0530
XXXX118X7771,4363.0,2026-05-05 10:33:00.000 +0530
XXXX118X7780,3254.0,2026-05-05 10:33:00.000 +0530
XXXX118X8345,6586.0,2026-05-05 10:33:00.000 +0530
XXXX118X9827,3883.0,2026-05-05 10:33:00.000 +0530
XXXX119X0185,4757.0,2026-05-05 10:33:00.000 +0530
XXXX119X0569,3406.0,2026-05-05 10:33:00.000 +0530
XXXX119X0700,3447.0,2026-05-05 10:33:00.000 +0530
XXXX119X1175,4896.0,2026-05-05 10:33:00.000 +0530
XXXX119X1324,3717.0,2026-05-05 10:33:00.000 +0530
XXXX119X1976,3472.0,2026-05-05 10:33:00.000 +0530
XXXX119X1985,5270.0,2026-05-05 10:33:00.000 +0530
XXXX119X2235,3760.0,2026-05-05 10:33:00.000 +0530
XXXX119X2260,4244.0,2026-05-05 10:33:00.000 +0530
XXXX119X3290,3495.0,2026-05-05 10:33:00.000 +0530
XXXX119X4582,3174.0,2026-05-05 10:33:00.000 +0530
XXXX119X4921,3196.0,2026-05-05 10:33:00.000 +0530
XXXX119X5699,2892.0,2026-05-05 10:33:00.000 +0530
XXXX119X6856,4441.0,2026-05-05 10:33:00.000 +0530
XXXX119X7094,3504.0,2026-05-05 10:33:00.000 +0530
XXXX119X8199,8417.0,2026-05-05 10:33:00.000 +0530
XXXX119X8791,3236.0,2026-05-05 10:33:00.000 +0530
XXXX119X8986,2602.0,2026-05-05 10:33:00.000 +0530
XXXX120X0357,4431.0,2026-05-05 10:33:00.000 +0530
XXXX120X0843,6099.0,2026-05-05 10:33:00.000 +0530
XXXX120X2480,4456.0,2026-05-05 10:33:00.000 +0530
XXXX120X3416,3337.0,2026-05-05 10:33:00.000 +0530
XXXX120X4390,3109.0,2026-05-05 10:33:00.000 +0530
XXXX120X4503,2515.0,2026-05-05 10:33:00.000 +0530
XXXX120X5498,4001.0,2026-05-05 10:33:00.000 +0530
XXXX120X5735,5315.0,2026-05-05 10:33:00.000 +0530
XXXX120X5856,7258.0,2026-05-05 10:33:00.000 +0530
XXXX120X9306,4119.0,2026-05-05 10:33:00.000 +0530
XXXX121X0021,4568.0,2026-05-05 10:33:00.000 +0530
XXXX121X0030,4513.0,2026-05-05 10:33:00.000 +0530
XXXX121X0094,3031.0,2026-05-05 10:33:00.000 +0530
XXXX121X0155,3592.0,2026-05-05 10:33:00.000 +0530
XXXX121X0216,5748.0,2026-05-05 10:33:00.000 +0530
XXXX121X0576,3875.0,2026-05-05 10:33:00.000 +0530
XXXX121X0614,5845.0,2026-05-05 10:33:00.000 +0530
XXXX121X0707,3290.0,2026-05-05 10:33:00.000 +0530
XXXX121X0711,4114.0,2026-05-05 10:33:00.000 +0530
XXXX121X0748,4101.0,2026-05-05 10:33:00.000 +0530
XXXX121X0775,3731.0,2026-05-05 10:33:00.000 +0530
XXXX121X0793,2891.0,2026-05-05 10:33:00.000 +0530
XXXX121X1052,5908.0,2026-05-05 10:33:00.000 +0530
XXXX121X1057,5545.0,2026-05-05 10:33:00.000 +0530
XXXX121X1206,3711.0,2026-05-05 10:33:00.000 +0530
XXXX121X1233,3559.0,2026-05-05 10:33:00.000 +0530
XXXX121X1251,4440.0,2026-05-05 10:33:00.000 +0530
XXXX121X1260,4443.0,2026-05-05 10:33:00.000 +0530
XXXX121X1312,3366.0,2026-05-05 10:33:00.000 +0530
XXXX121X1501,3386.0,2026-05-05 10:33:00.000 +0530
XXXX121X1552,5130.0,2026-05-05 10:33:00.000 +0530
XXXX121X1622,7928.0,2026-05-05 10:33:00.000 +0530
XXXX121X1695,3242.0,2026-05-05 10:33:00.000 +0530
XXXX121X1701,3616.0,2026-05-05 10:33:00.000 +0530
XXXX121X1862,3422.0,2026-05-05 10:33:00.000 +0530
XXXX121X1932,4161.0,2026-05-05 10:33:00.000 +0530
XXXX121X2083,4783.0,2026-05-05 10:33:00.000 +0530
XXXX121X2108,5612.0,2026-05-05 10:33:00.000 +0530
XXXX121X2153,3660.0,2026-05-05 10:33:00.000 +0530
XXXX121X2409,4576.0,2026-05-05 10:33:00.000 +0530
XXXX121X2649,3668.0,2026-05-05 10:33:00.000 +0530
XXXX121X2667,4249.0,2026-05-05 10:33:00.000 +0530
XXXX121X2968,5187.0,2026-05-05 10:33:00.000 +0530
XXXX121X2986,8595.0,2026-05-05 10:33:00.000 +0530
XXXX121X3028,3277.0,2026-05-05 10:33:00.000 +0530
XXXX121X3268,4744.0,2026-05-05 10:33:00.000 +0530
XXXX121X3301,2695.0,2026-05-05 10:33:00.000 +0530
XXXX121X3324,2822.0,2026-05-05 10:33:00.000 +0530
XXXX121X3657,8488.0,2026-05-05 10:33:00.000 +0530
XXXX121X3930,4105.0,2026-05-05 10:33:00.000 +0530
XXXX121X3949,3654.0,2026-05-05 10:33:00.000 +0530
XXXX121X4267,5094.0,2026-05-05 10:33:00.000 +0530
XXXX121X4522,3318.0,2026-05-05 10:33:00.000 +0530
XXXX121X4559,7959.0,2026-05-05 10:33:00.000 +0530
XXXX121X4577,6633.0,2026-05-05 10:33:00.000 +0530
XXXX121X4629,4783.0,2026-05-05 10:33:00.000 +0530
XXXX121X4692,10409.0,2026-05-05 10:33:00.000 +0530
XXXX121X4845,4927.0,2026-05-05 10:33:00.000 +0530
XXXX121X7536,3679.0,2026-05-05 10:33:00.000 +0530
XXXX121X7638,5331.0,2026-05-05 10:33:00.000 +0530
XXXX121X7692,3924.0,2026-05-05 10:33:00.000 +0530
XXXX121X7717,4342.0,2026-05-05 10:33:00.000 +0530
XXXX121X7975,4423.0,2026-05-05 10:33:00.000 +0530
XXXX121X8619,6237.0,2026-05-05 10:33:00.000 +0530
XXXX121X8707,3952.0,2026-05-05 10:33:00.000 +0530
XXXX121X8965,4540.0,2026-05-05 10:33:00.000 +0530
XXXX121X9070,5291.0,2026-05-05 10:33:00.000 +0530
XXXX121X9113,4376.0,2026-05-05 10:33:00.000 +0530
XXXX121X9201,3913.0,2026-05-05 10:33:00.000 +0530
XXXX121X9256,5814.0,2026-05-05 10:33:00.000 +0530
XXXX121X9335,4440.0,2026-05-05 10:33:00.000 +0530
XXXX121X9371,5185.0,2026-05-05 10:33:00.000 +0530
XXXX121X9876,3499.0,2026-05-05 10:33:00.000 +0530
XXXX121X9900,4399.0,2026-05-05 10:33:00.000 +0530
XXXX122X0015,3433.0,2026-05-05 10:33:00.000 +0530
XXXX122X0054,6174.0,2026-05-05 10:33:00.000 +0530
XXXX122X0056,3094.0,2026-05-05 10:33:00.000 +0530
XXXX122X0060,4428.0,2026-05-05 10:33:00.000 +0530
XXXX122X0086,4570.0,2026-05-05 10:33:00.000 +0530
XXXX122X0088,4551.0,2026-05-05 10:33:00.000 +0530
XXXX122X0117,3226.0,2026-05-05 10:33:00.000 +0530
XXXX122X0124,5877.0,2026-05-05 10:33:00.000 +0530
XXXX122X0130,4752.0,2026-05-05 10:33:00.000 +0530
XXXX122X0149,2874.0,2026-05-05 10:33:00.000 +0530
XXXX122X0167,4162.0,2026-05-05 10:33:00.000 +0530
XXXX122X0183,6996.0,2026-05-05 10:33:00.000 +0530
XXXX122X0199,3982.0,2026-05-05 10:33:00.000 +0530
XXXX122X0200,4039.0,2026-05-05 10:33:00.000 +0530
XXXX122X0208,3923.0,2026-05-05 10:33:00.000 +0530
XXXX122X0212,4162.0,2026-05-05 10:33:00.000 +0530
XXXX122X0214,3599.0,2026-05-05 10:33:00.000 +0530
XXXX122X0217,4042.0,2026-05-05 10:33:00.000 +0530
XXXX122X0229,3550.0,2026-05-05 10:33:00.000 +0530
XXXX122X0274,4660.0,2026-05-05 10:33:00.000 +0530
XXXX122X0294,3198.0,2026-05-05 10:33:00.000 +0530
XXXX122X0319,2874.0,2026-05-05 10:33:00.000 +0530
XXXX122X0364,3348.0,2026-05-05 10:33:00.000 +0530
XXXX122X0382,5744.0,2026-05-05 10:33:00.000 +0530
XXXX122X0387,3240.0,2026-05-05 10:33:00.000 +0530
XXXX122X0391,4686.0,2026-05-05 10:33:00.000 +0530
XXXX122X0407,3420.0,2026-05-05 10:33:00.000 +0530
XXXX122X0416,3578.0,2026-05-05 10:33:00.000 +0530
XXXX122X0422,6032.0,2026-05-05 10:33:00.000 +0530
XXXX122X0425,3631.0,2026-05-05 10:33:00.000 +0530
XXXX122X0434,4705.0,2026-05-05 10:33:00.000 +0530
XXXX122X0506,4839.0,2026-05-05 10:33:00.000 +0530
XXXX122X0522,7596.0,2026-05-05 10:33:00.000 +0530
XXXX122X0563,4026.0,2026-05-05 10:33:00.000 +0530
XXXX122X0579,2904.0,2026-05-05 10:33:00.000 +0530
XXXX122X0621,2701.0,2026-05-05 10:33:00.000 +0530
XXXX122X0674,5236.0,2026-05-05 10:33:00.000 +0530
XXXX122X0679,10101.0,2026-05-05 10:33:00.000 +0530
XXXX122X0704,3505.0,2026-05-05 10:33:00.000 +0530
XXXX122X0730,5054.0,2026-05-05 10:33:00.000 +0530
XXXX122X0742,3574.0,2026-05-05 10:33:00.000 +0530
XXXX122X0785,5869.0,2026-05-05 10:33:00.000 +0530
XXXX122X0821,3627.0,2026-05-05 10:33:00.000 +0530
XXXX122X0828,2854.0,2026-05-05 10:33:00.000 +0530
XXXX122X0830,5441.0,2026-05-05 10:33:00.000 +0530
XXXX122X0837,3505.0,2026-05-05 10:33:00.000 +0530
XXXX122X0841,6675.0,2026-05-05 10:33:00.000 +0530
XXXX122X0889,2747.0,2026-05-05 10:33:00.000 +0530
XXXX122X0919,4394.0,2026-05-05 10:33:00.000 +0530
XXXX122X0928,4019.0,2026-05-05 10:33:00.000 +0530
XXXX122X0946,4140.0,2026-05-05 10:33:00.000 +0530
XXXX122X0964,6941.0,2026-05-05 10:33:00.000 +0530
XXXX122X1006,5277.0,2026-05-05 10:33:00.000 +0530
XXXX122X1015,4508.0,2026-05-05 10:33:00.000 +0530
XXXX122X1046,3160.0,2026-05-05 10:33:00.000 +0530
XXXX122X1091,3721.0,2026-05-05 10:33:00.000 +0530
XXXX122X1097,4935.0,2026-05-05 10:33:00.000 +0530
XXXX122X1112,3938.0,2026-05-05 10:33:00.000 +0530
XXXX122X1125,5235.0,2026-05-05 10:33:00.000 +0530
XXXX122X1143,3871.0,2026-05-05 10:33:00.000 +0530
XXXX122X1158,4845.0,2026-05-05 10:33:00.000 +0530
XXXX122X1185,6390.0,2026-05-05 10:33:00.000 +0530
XXXX122X1211,4721.0,2026-05-05 10:33:00.000 +0530
XXXX122X1239,4773.0,2026-05-05 10:33:00.000 +0530
XXXX122X1342,3322.0,2026-05-05 10:33:00.000 +0530
XXXX122X1379,4704.0,2026-05-05 10:33:00.000 +0530
XXXX122X1403,4516.0,2026-05-05 10:33:00.000 +0530
XXXX122X1424,3653.0,2026-05-05 10:33:00.000 +0530
XXXX122X1430,3569.0,2026-05-05 10:33:00.000 +0530
XXXX122X1465,3465.0,2026-05-05 10:33:00.000 +0530
XXXX122X1483,2730.0,2026-05-05 10:33:00.000 +0530
XXXX122X1517,5066.0,2026-05-05 10:33:00.000 +0530
XXXX122X1562,4427.0,2026-05-05 10:33:00.000 +0530
XXXX122X1574,4214.0,2026-05-05 10:33:00.000 +0530
XXXX122X1585,4080.0,2026-05-05 10:33:00.000 +0530
XXXX122X1591,4813.0,2026-05-05 10:33:00.000 +0530
XXXX122X1648,3725.0,2026-05-05 10:33:00.000 +0530
XXXX122X1707,4603.0,2026-05-05 10:33:00.000 +0530
XXXX122X1748,5057.0,2026-05-05 10:33:00.000 +0530
XXXX122X1766,4695.0,2026-05-05 10:33:00.000 +0530
XXXX122X1772,4640.0,2026-05-05 10:33:00.000 +0530
XXXX122X1809,5551.0,2026-05-05 10:33:00.000 +0530
XXXX122X1811,3929.0,2026-05-05 10:33:00.000 +0530
XXXX122X1815,4712.0,2026-05-05 10:33:00.000 +0530
XXXX122X1886,6225.0,2026-05-05 10:33:00.000 +0530
XXXX122X1921,4852.0,2026-05-05 10:33:00.000 +0530
XXXX122X1935,3740.0,2026-05-05 10:33:00.000 +0530
XXXX122X2000,6397.0,2026-05-05 10:33:00.000 +0530
XXXX122X2005,5610.0,2026-05-05 10:33:00.000 +0530
XXXX122X2009,5874.0,2026-05-05 10:33:00.000 +0530
XXXX122X2016,3236.0,2026-05-05 10:33:00.000 +0530
XXXX122X2020,5149.0,2026-05-05 10:33:00.000 +0530
XXXX122X2022,8700.0,2026-05-05 10:33:00.000 +0530
XXXX122X2031,2923.0,2026-05-05 10:33:00.000 +0530
XXXX122X2102,4866.0,2026-05-05 10:33:00.000 +0530
XXXX122X2106,3561.0,2026-05-05 10:33:00.000 +0530
XXXX122X2109,5132.0,2026-05-05 10:33:00.000 +0530
XXXX122X2142,3357.0,2026-05-05 10:33:00.000 +0530
XXXX122X2190,2887.0,2026-05-05 10:33:00.000 +0530
XXXX122X2198,3604.0,2026-05-05 10:33:00.000 +0530
XXXX122X2222,2877.0,2026-05-05 10:33:00.000 +0530
XXXX122X2224,3464.0,2026-05-05 10:33:00.000 +0530
XXXX122X2279,4647.0,2026-05-05 10:33:00.000 +0530
XXXX122X2310,4462.0,2026-05-05 10:33:00.000 +0530
XXXX122X2317,2931.0,2026-05-05 10:33:00.000 +0530
XXXX122X2323,2850.0,2026-05-05 10:33:00.000 +0530
XXXX122X2365,3967.0,2026-05-05 10:33:00.000 +0530
XXXX122X2396,3057.0,2026-05-05 10:33:00.000 +0530
XXXX122X2400,6402.0,2026-05-05 10:33:00.000 +0530
XXXX122X2417,5515.0,2026-05-05 10:33:00.000 +0530
XXXX122X2420,4227.0,2026-05-05 10:33:00.000 +0530
XXXX122X2513,3610.0,2026-05-05 10:33:00.000 +0530
XXXX122X2534,6374.0,2026-05-05 10:33:00.000 +0530
XXXX122X2540,3372.0,2026-05-05 10:33:00.000 +0530
XXXX122X2569,5190.0,2026-05-05 10:33:00.000 +0530
XXXX122X2591,4143.0,2026-05-05 10:33:00.000 +0530
XXXX122X2622,4337.0,2026-05-05 10:33:00.000 +0530
XXXX122X2629,4440.0,2026-05-05 10:33:00.000 +0530
XXXX122X2648,6699.0,2026-05-05 10:33:00.000 +0530
XXXX122X2666,3401.0,2026-05-05 10:33:00.000 +0530
XXXX122X2670,3316.0,2026-05-05 10:33:00.000 +0530
XXXX122X2686,9636.0,2026-05-05 10:33:00.000 +0530
XXXX122X2701,4159.0,2026-05-05 10:33:00.000 +0530
XXXX122X2708,3446.0,2026-05-05 10:33:00.000 +0530
XXXX122X2729,3433.0,2026-05-05 10:33:00.000 +0530
XXXX122X2736,2972.0,2026-05-05 10:33:00.000 +0530
XXXX122X2738,4773.0,2026-05-05 10:33:00.000 +0530
XXXX122X2753,4418.0,2026-05-05 10:33:00.000 +0530
XXXX122X2762,3699.0,2026-05-05 10:33:00.000 +0530
XXXX122X2774,7529.0,2026-05-05 10:33:00.000 +0530
XXXX122X2815,4414.0,2026-05-05 10:33:00.000 +0530
XXXX122X2823,3575.0,2026-05-05 10:33:00.000 +0530
XXXX122X2835,5591.0,2026-05-05 10:33:00.000 +0530
XXXX122X2838,6764.0,2026-05-05 10:33:00.000 +0530
XXXX122X2851,6671.0,2026-05-05 10:33:00.000 +0530
XXXX122X2879,4996.0,2026-05-05 10:33:00.000 +0530
XXXX122X2885,4558.0,2026-05-05 10:33:00.000 +0530
XXXX122X2932,6547.0,2026-05-05 10:33:00.000 +0530
XXXX122X2946,6074.0,2026-05-05 10:33:00.000 +0530
XXXX122X2975,5869.0,2026-05-05 10:33:00.000 +0530
XXXX122X3029,2580.0,2026-05-05 10:33:00.000 +0530
XXXX122X3035,4482.0,2026-05-05 10:33:00.000 +0530
XXXX122X3047,3078.0,2026-05-05 10:33:00.000 +0530
XXXX122X3079,3202.0,2026-05-05 10:33:00.000 +0530
XXXX122X3088,3906.0,2026-05-05 10:33:00.000 +0530
XXXX122X3097,3239.0,2026-05-05 10:33:00.000 +0530
XXXX122X3105,3969.0,2026-05-05 10:33:00.000 +0530
XXXX122X3121,4311.0,2026-05-05 10:33:00.000 +0530
XXXX122X3123,3544.0,2026-05-05 10:33:00.000 +0530
XXXX122X3149,4722.0,2026-05-05 10:33:00.000 +0530
XXXX122X3194,3170.0,2026-05-05 10:33:00.000 +0530
XXXX122X3219,4619.0,2026-05-05 10:33:00.000 +0530
XXXX122X3253,6824.0,2026-05-05 10:33:00.000 +0530
XXXX122X3282,3118.0,2026-05-05 10:33:00.000 +0530
XXXX122X3311,3198.0,2026-05-05 10:33:00.000 +0530
XXXX122X3316,2795.0,2026-05-05 10:33:00.000 +0530
XXXX122X3327,4440.0,2026-05-05 10:33:00.000 +0530
XXXX122X3328,4301.0,2026-05-05 10:33:00.000 +0530
XXXX122X3348,3158.0,2026-05-05 10:33:00.000 +0530
XXXX122X3369,3498.0,2026-05-05 10:33:00.000 +0530
XXXX122X3375,3712.0,2026-05-05 10:33:00.000 +0530
XXXX122X3381,4648.0,2026-05-05 10:33:00.000 +0530
XXXX122X3409,3109.0,2026-05-05 10:33:00.000 +0530
XXXX122X3416,3364.0,2026-05-05 10:33:00.000 +0530
XXXX122X3448,7876.0,2026-05-05 10:33:00.000 +0530
XXXX122X3459,3362.0,2026-05-05 10:33:00.000 +0530
XXXX122X3463,4664.0,2026-05-05 10:33:00.000 +0530
XXXX122X3486,4568.0,2026-05-05 10:33:00.000 +0530
XXXX122X3490,3029.0,2026-05-05 10:33:00.000 +0530
XXXX122X3522,4055.0,2026-05-05 10:33:00.000 +0530
XXXX122X3531,4047.0,2026-05-05 10:33:00.000 +0530
XXXX122X3542,4120.0,2026-05-05 10:33:00.000 +0530
XXXX122X3545,3586.0,2026-05-05 10:33:00.000 +0530
XXXX122X3554,2849.0,2026-05-05 10:33:00.000 +0530
XXXX122X3560,3638.0,2026-05-05 10:33:00.000 +0530
XXXX122X3563,4354.0,2026-05-05 10:33:00.000 +0530
XXXX122X3568,5024.0,2026-05-05 10:33:00.000 +0530
XXXX122X3572,3988.0,2026-05-05 10:33:00.000 +0530
XXXX122X3581,4734.0,2026-05-05 10:33:00.000 +0530
XXXX122X3583,5557.0,2026-05-05 10:33:00.000 +0530
XXXX122X3586,4511.0,2026-05-05 10:33:00.000 +0530
XXXX122X3621,4446.0,2026-05-05 10:33:00.000 +0530
XXXX122X3647,5235.0,2026-05-05 10:33:00.000 +0530
XXXX122X3649,2850.0,2026-05-05 10:33:00.000 +0530
XXXX122X3651,4833.0,2026-05-05 10:33:00.000 +0530
XXXX122X3664,4057.0,2026-05-05 10:33:00.000 +0530
XXXX122X3688,4395.0,2026-05-05 10:33:00.000 +0530
XXXX122X3694,2929.0,2026-05-05 10:33:00.000 +0530
XXXX122X3721,3106.0,2026-05-05 10:33:00.000 +0530
XXXX122X3730,3964.0,2026-05-05 10:33:00.000 +0530
XXXX122X3733,4805.0,2026-05-05 10:33:00.000 +0530
XXXX122X3735,3559.0,2026-05-05 10:33:00.000 +0530
XXXX122X3749,3696.0,2026-05-05 10:33:00.000 +0530
XXXX122X3762,3880.0,2026-05-05 10:33:00.000 +0530
XXXX122X3800,4607.0,2026-05-05 10:33:00.000 +0530
XXXX122X3813,2736.0,2026-05-05 10:33:00.000 +0530
XXXX122X3819,5462.0,2026-05-05 10:33:00.000 +0530
XXXX122X3850,3838.0,2026-05-05 10:33:00.000 +0530
XXXX122X3885,4601.0,2026-05-05 10:33:00.000 +0530
XXXX122X3894,4145.0,2026-05-05 10:33:00.000 +0530
XXXX122X3902,4809.0,2026-05-05 10:33:00.000 +0530
XXXX122X3916,4157.0,2026-05-05 10:33:00.000 +0530
XXXX122X3938,3281.0,2026-05-05 10:33:00.000 +0530
XXXX122X3956,4343.0,2026-05-05 10:33:00.000 +0530
XXXX122X3998,3887.0,2026-05-05 10:33:00.000 +0530
XXXX122X4005,5594.0,2026-05-05 10:33:00.000 +0530
XXXX122X4043,5079.0,2026-05-05 10:33:00.000 +0530
XXXX122X4059,3849.0,2026-05-05 10:33:00.000 +0530
XXXX122X4094,3151.0,2026-05-05 10:33:00.000 +0530
XXXX122X4100,3493.0,2026-05-05 10:33:00.000 +0530
XXXX122X4113,4309.0,2026-05-05 10:33:00.000 +0530
XXXX122X4134,4949.0,2026-05-05 10:33:00.000 +0530
XXXX122X4137,3844.0,2026-05-05 10:33:00.000 +0530
XXXX122X4159,3772.0,2026-05-05 10:33:00.000 +0530
XXXX122X4178,2420.0,2026-05-05 10:33:00.000 +0530
XXXX122X4185,4211.0,2026-05-05 10:33:00.000 +0530
XXXX122X4219,4519.0,2026-05-05 10:33:00.000 +0530
XXXX122X4227,4033.0,2026-05-05 10:33:00.000 +0530
XXXX122X4239,4454.0,2026-05-05 10:33:00.000 +0530
XXXX122X4252,4673.0,2026-05-05 10:33:00.000 +0530
XXXX122X4255,4068.0,2026-05-05 10:33:00.000 +0530
XXXX122X4289,4810.0,2026-05-05 10:33:00.000 +0530
XXXX122X4292,4081.0,2026-05-05 10:33:00.000 +0530
XXXX122X4315,7035.0,2026-05-05 10:33:00.000 +0530
XXXX122X4353,4192.0,2026-05-05 10:33:00.000 +0530
XXXX122X4381,3654.0,2026-05-05 10:33:00.000 +0530
XXXX122X4388,10634.0,2026-05-05 10:33:00.000 +0530
XXXX122X4392,5462.0,2026-05-05 10:33:00.000 +0530
XXXX122X4397,3161.0,2026-05-05 10:33:00.000 +0530
XXXX122X4415,5118.0,2026-05-05 10:33:00.000 +0530
XXXX122X4465,3694.0,2026-05-05 10:33:00.000 +0530
XXXX122X4569,2784.0,2026-05-05 10:33:00.000 +0530
XXXX122X4576,3280.0,2026-05-05 10:33:00.000 +0530
XXXX122X4585,2885.0,2026-05-05 10:33:00.000 +0530
XXXX122X4623,2797.0,2026-05-05 10:33:00.000 +0530
XXXX122X4641,3886.0,2026-05-05 10:33:00.000 +0530
XXXX122X4664,4046.0,2026-05-05 10:33:00.000 +0530
XXXX122X4666,5235.0,2026-05-05 10:33:00.000 +0530
XXXX122X4684,3198.0,2026-05-05 10:33:00.000 +0530
XXXX122X4724,3236.0,2026-05-05 10:33:00.000 +0530
XXXX122X4727,4269.0,2026-05-05 10:33:00.000 +0530
XXXX122X4731,3737.0,2026-05-05 10:33:00.000 +0530
XXXX122X4810,3607.0,2026-05-05 10:33:00.000 +0530
XXXX122X4838,4003.0,2026-05-05 10:33:00.000 +0530
XXXX122X4847,4480.0,2026-05-05 10:33:00.000 +0530
XXXX122X4881,3478.0,2026-05-05 10:33:00.000 +0530
XXXX122X4908,7416.0,2026-05-05 10:33:00.000 +0530
XXXX122X4912,5310.0,2026-05-05 10:33:00.000 +0530
XXXX122X4983,4795.0,2026-05-05 10:33:00.000 +0530
XXXX122X4985,5644.0,2026-05-05 10:33:00.000 +0530
XXXX122X5002,3599.0,2026-05-05 10:33:00.000 +0530
XXXX122X5011,3181.0,2026-05-05 10:33:00.000 +0530
XXXX122X5014,3487.0,2026-05-05 10:33:00.000 +0530
XXXX122X5032,7337.0,2026-05-05 10:33:00.000 +0530
XXXX122X5041,4348.0,2026-05-05 10:33:00.000 +0530
XXXX122X5043,4599.0,2026-05-05 10:33:00.000 +0530
XXXX122X5084,3567.0,2026-05-05 10:33:00.000 +0530
XXXX122X5095,4974.0,2026-05-05 10:33:00.000 +0530
XXXX122X5120,3627.0,2026-05-05 10:33:00.000 +0530
XXXX122X5127,3314.0,2026-05-05 10:33:00.000 +0530
XXXX122X5145,4278.0,2026-05-05 10:33:00.000 +0530
XXXX122X5166,3906.0,2026-05-05 10:33:00.000 +0530
XXXX122X5176,4013.0,2026-05-05 10:33:00.000 +0530
XXXX122X5181,4664.0,2026-05-05 10:33:00.000 +0530
XXXX122X5186,4845.0,2026-05-05 10:33:00.000 +0530
XXXX122X5224,2861.0,2026-05-05 10:33:00.000 +0530
XXXX122X5233,4249.0,2026-05-05 10:33:00.000 +0530
XXXX122X5267,6158.0,2026-05-05 10:33:00.000 +0530
XXXX122X5282,3723.0,2026-05-05 10:33:00.000 +0530
XXXX122X5300,4978.0,2026-05-05 10:33:00.000 +0530
XXXX122X5305,5718.0,2026-05-05 10:33:00.000 +0530
XXXX122X5317,2239.0,2026-05-05 10:33:00.000 +0530
XXXX122X5341,4620.0,2026-05-05 10:33:00.000 +0530
XXXX122X5343,4465.0,2026-05-05 10:33:00.000 +0530
XXXX122X5376,3319.0,2026-05-05 10:33:00.000 +0530
XXXX122X5420,3608.0,2026-05-05 10:33:00.000 +0530
XXXX122X5430,3717.0,2026-05-05 10:33:00.000 +0530
XXXX122X5450,5513.0,2026-05-05 10:33:00.000 +0530
XXXX122X5475,4560.0,2026-05-05 10:33:00.000 +0530
XXXX122X5498,6282.0,2026-05-05 10:33:00.000 +0530
XXXX122X5537,4454.0,2026-05-05 10:33:00.000 +0530
XXXX122X5559,5716.0,2026-05-05 10:33:00.000 +0530
XXXX122X5583,4519.0,2026-05-05 10:33:00.000 +0530
XXXX122X5604,4743.0,2026-05-05 10:33:00.000 +0530
XXXX122X5609,4120.0,2026-05-05 10:33:00.000 +0530
XXXX122X5618,9007.0,2026-05-05 10:33:00.000 +0530
XXXX122X5624,4658.0,2026-05-05 10:33:00.000 +0530
XXXX122X5660,4664.0,2026-05-05 10:33:00.000 +0530
XXXX122X5697,3331.0,2026-05-05 10:33:00.000 +0530
XXXX122X5715,5908.0,2026-05-05 10:33:00.000 +0530
XXXX122X5735,4475.0,2026-05-05 10:33:00.000 +0530
XXXX122X5753,4342.0,2026-05-05 10:33:00.000 +0530
XXXX122X5805,7061.0,2026-05-05 10:33:00.000 +0530
XXXX122X5820,4297.0,2026-05-05 10:33:00.000 +0530
XXXX122X5830,3299.0,2026-05-05 10:33:00.000 +0530
XXXX122X5857,3769.0,2026-05-05 10:33:00.000 +0530
XXXX122X5873,5022.0,2026-05-05 10:33:00.000 +0530
XXXX122X5875,4104.0,2026-05-05 10:33:00.000 +0530
XXXX122X5887,3967.0,2026-05-05 10:33:00.000 +0530
XXXX122X5902,3913.0,2026-05-05 10:33:00.000 +0530
XXXX122X5909,2566.0,2026-05-05 10:33:00.000 +0530
XXXX122X5919,4845.0,2026-05-05 10:33:00.000 +0530
XXXX122X5937,4540.0,2026-05-05 10:33:00.000 +0530
XXXX122X5952,3507.0,2026-05-05 10:33:00.000 +0530
XXXX122X5954,3565.0,2026-05-05 10:33:00.000 +0530
XXXX122X5957,3537.0,2026-05-05 10:33:00.000 +0530
XXXX122X5970,6993.0,2026-05-05 10:33:00.000 +0530
XXXX122X6006,4897.0,2026-05-05 10:33:00.000 +0530
XXXX122X6024,3364.0,2026-05-05 10:33:00.000 +0530
XXXX122X6035,4839.0,2026-05-05 10:33:00.000 +0530
XXXX122X6051,5145.0,2026-05-05 10:33:00.000 +0530
XXXX122X6058,3586.0,2026-05-05 10:33:00.000 +0530
XXXX122X6077,3744.0,2026-05-05 10:33:00.000 +0530
XXXX122X6087,3116.0,2026-05-05 10:33:00.000 +0530
XXXX122X6094,3673.0,2026-05-05 10:33:00.000 +0530
XXXX122X6121,4715.0,2026-05-05 10:33:00.000 +0530
XXXX122X6130,5982.0,2026-05-05 10:33:00.000 +0530
XXXX122X6176,3257.0,2026-05-05 10:33:00.000 +0530
XXXX122X6182,6738.0,2026-05-05 10:33:00.000 +0530
XXXX122X6226,3907.0,2026-05-05 10:33:00.000 +0530
XXXX122X6234,4964.0,2026-05-05 10:33:00.000 +0530
XXXX122X6252,3741.0,2026-05-05 10:33:00.000 +0530
XXXX122X6257,2706.0,2026-05-05 10:33:00.000 +0530
XXXX122X6273,3731.0,2026-05-05 10:33:00.000 +0530
XXXX122X6291,3094.0,2026-05-05 10:33:00.000 +0530
XXXX122X6311,4882.0,2026-05-05 10:33:00.000 +0530
XXXX122X6320,2916.0,2026-05-05 10:33:00.000 +0530
XXXX122X6324,5149.0,2026-05-05 10:33:00.000 +0530
XXXX122X6325,4865.0,2026-05-05 10:33:00.000 +0530
XXXX122X6331,3310.0,2026-05-05 10:33:00.000 +0530
XXXX122X6343,4518.0,2026-05-05 10:33:00.000 +0530
XXXX122X6370,2771.0,2026-05-05 10:33:00.000 +0530
XXXX122X6384,6069.0,2026-05-05 10:33:00.000 +0530
XXXX122X6396,8262.0,2026-05-05 10:33:00.000 +0530
XXXX122X6398,3604.0,2026-05-05 10:33:00.000 +0530
XXXX122X6463,4236.0,2026-05-05 10:33:00.000 +0530
XXXX122X6475,2591.0,2026-05-05 10:33:00.000 +0530
XXXX122X6488,4696.0,2026-05-05 10:33:00.000 +0530
XXXX122X6500,3714.0,2026-05-05 10:33:00.000 +0530
XXXX122X6533,4830.0,2026-05-05 10:33:00.000 +0530
XXXX122X6537,3284.0,2026-05-05 10:33:00.000 +0530
XXXX122X6555,4353.0,2026-05-05 10:33:00.000 +0530
XXXX122X6560,5921.0,2026-05-05 10:33:00.000 +0530
XXXX122X6605,3612.0,2026-05-05 10:33:00.000 +0530
XXXX122X6616,5327.0,2026-05-05 10:33:00.000 +0530
XXXX122X6642,2941.0,2026-05-05 10:33:00.000 +0530
XXXX122X6661,4775.0,2026-05-05 10:33:00.000 +0530
XXXX122X6669,3980.0,2026-05-05 10:33:00.000 +0530
XXXX122X6703,4655.0,2026-05-05 10:33:00.000 +0530
XXXX122X6713,5892.0,2026-05-05 10:33:00.000 +0530
XXXX122X6716,4405.0,2026-05-05 10:33:00.000 +0530
XXXX122X6721,5867.0,2026-05-05 10:33:00.000 +0530
XXXX122X6730,3977.0,2026-05-05 10:33:00.000 +0530
XXXX122X6739,4414.0,2026-05-05 10:33:00.000 +0530
XXXX122X6743,3759.0,2026-05-05 10:33:00.000 +0530
XXXX122X6759,4394.0,2026-05-05 10:33:00.000 +0530
XXXX122X6761,3630.0,2026-05-05 10:33:00.000 +0530
XXXX122X6764,4515.0,2026-05-05 10:33:00.000 +0530
XXXX122X6770,6941.0,2026-05-05 10:33:00.000 +0530
XXXX122X6785,7118.0,2026-05-05 10:33:00.000 +0530
XXXX122X6786,4441.0,2026-05-05 10:33:00.000 +0530
XXXX122X6807,2967.0,2026-05-05 10:33:00.000 +0530
XXXX122X6810,3808.0,2026-05-05 10:33:00.000 +0530
XXXX122X6813,2935.0,2026-05-05 10:33:00.000 +0530
XXXX122X6816,5369.0,2026-05-05 10:33:00.000 +0530
XXXX122X6822,3593.0,2026-05-05 10:33:00.000 +0530
XXXX122X6834,3454.0,2026-05-05 10:33:00.000 +0530
XXXX122X6845,5621.0,2026-05-05 10:33:00.000 +0530
XXXX122X6855,3687.0,2026-05-05 10:33:00.000 +0530
XXXX122X6864,4493.0,2026-05-05 10:33:00.000 +0530
XXXX122X6873,5855.0,2026-05-05 10:33:00.000 +0530
XXXX122X6891,3494.0,2026-05-05 10:33:00.000 +0530
XXXX122X6895,6552.0,2026-05-05 10:33:00.000 +0530
XXXX122X6916,5030.0,2026-05-05 10:33:00.000 +0530
XXXX122X6924,3803.0,2026-05-05 10:33:00.000 +0530
XXXX122X6925,5012.0,2026-05-05 10:33:00.000 +0530
XXXX122X6945,4332.0,2026-05-05 10:33:00.000 +0530
XXXX122X6951,5583.0,2026-05-05 10:33:00.000 +0530
XXXX122X6999,3353.0,2026-05-05 10:33:00.000 +0530
XXXX122X7020,3923.0,2026-05-05 10:33:00.000 +0530
XXXX122X7041,7816.0,2026-05-05 10:33:00.000 +0530
XXXX122X7061,2901.0,2026-05-05 10:33:00.000 +0530
XXXX122X7070,4275.0,2026-05-05 10:33:00.000 +0530
XXXX122X7119,4663.0,2026-05-05 10:33:00.000 +0530
XXXX122X7145,8502.0,2026-05-05 10:33:00.000 +0530
XXXX122X7148,5332.0,2026-05-05 10:33:00.000 +0530
XXXX122X7155,3703.0,2026-05-05 10:33:00.000 +0530
XXXX122X7168,5255.0,2026-05-05 10:33:00.000 +0530
XXXX122X7218,3154.0,2026-05-05 10:33:00.000 +0530
XXXX122X7222,5104.0,2026-05-05 10:33:00.000 +0530
XXXX122X7301,4264.0,2026-05-05 10:33:00.000 +0530
XXXX122X7313,3356.0,2026-05-05 10:33:00.000 +0530
XXXX122X7317,3356.0,2026-05-05 10:33:00.000 +0530
XXXX122X7353,3135.0,2026-05-05 10:33:00.000 +0530
XXXX122X7395,5736.0,2026-05-05 10:33:00.000 +0530
XXXX122X7419,5020.0,2026-05-05 10:33:00.000 +0530
XXXX122X7450,3420.0,2026-05-05 10:33:00.000 +0530
XXXX122X7482,6033.0,2026-05-05 10:33:00.000 +0530
XXXX122X7487,7732.0,2026-05-05 10:33:00.000 +0530
XXXX122X7494,5089.0,2026-05-05 10:33:00.000 +0530
XXXX122X7500,4232.0,2026-05-05 10:33:00.000 +0530
XXXX122X7517,3439.0,2026-05-05 10:33:00.000 +0530
XXXX122X7532,3750.0,2026-05-05 10:33:00.000 +0530
XXXX122X7534,6381.0,2026-05-05 10:33:00.000 +0530
XXXX122X7552,5132.0,2026-05-05 10:33:00.000 +0530
XXXX122X7561,2289.0,2026-05-05 10:33:00.000 +0530
XXXX122X7564,4415.0,2026-05-05 10:33:00.000 +0530
XXXX122X7606,4729.0,2026-05-05 10:33:00.000 +0530
XXXX122X7607,4793.0,2026-05-05 10:33:00.000 +0530
XXXX122X7613,5228.0,2026-05-05 10:33:00.000 +0530
XXXX122X7615,3093.0,2026-05-05 10:33:00.000 +0530
XXXX122X7616,5948.0,2026-05-05 10:33:00.000 +0530
XXXX122X7642,4825.0,2026-05-05 10:33:00.000 +0530
XXXX122X7670,3495.0,2026-05-05 10:33:00.000 +0530
XXXX122X7701,4275.0,2026-05-05 10:33:00.000 +0530
XXXX122X7748,3677.0,2026-05-05 10:33:00.000 +0530
XXXX122X7749,3236.0,2026-05-05 10:33:00.000 +0530
XXXX122X7765,3131.0,2026-05-05 10:33:00.000 +0530
XXXX122X7776,3046.0,2026-05-05 10:33:00.000 +0530
XXXX122X7792,3269.0,2026-05-05 10:33:00.000 +0530
XXXX122X7800,4961.0,2026-05-05 10:33:00.000 +0530
XXXX122X7827,4923.0,2026-05-05 10:33:00.000 +0530
XXXX122X7833,4145.0,2026-05-05 10:33:00.000 +0530
XXXX122X7836,4213.0,2026-05-05 10:33:00.000 +0530
XXXX122X7845,3835.0,2026-05-05 10:33:00.000 +0530
XXXX122X7858,7628.0,2026-05-05 10:33:00.000 +0530
XXXX122X7860,3093.0,2026-05-05 10:33:00.000 +0530
XXXX122X7872,5646.0,2026-05-05 10:33:00.000 +0530
XXXX122X7876,6317.0,2026-05-05 10:33:00.000 +0530
XXXX122X7880,4162.0,2026-05-05 10:33:00.000 +0530
XXXX122X7906,5977.0,2026-05-05 10:33:00.000 +0530
XXXX122X7924,4336.0,2026-05-05 10:33:00.000 +0530
XXXX122X7930,3254.0,2026-05-05 10:33:00.000 +0530
XXXX122X7934,2491.0,2026-05-05 10:33:00.000 +0530
XXXX122X7937,6513.0,2026-05-05 10:33:00.000 +0530
XXXX122X7946,3085.0,2026-05-05 10:33:00.000 +0530
XXXX122X7958,3382.0,2026-05-05 10:33:00.000 +0530
XXXX122X7964,4508.0,2026-05-05 10:33:00.000 +0530
XXXX122X7973,3487.0,2026-05-05 10:33:00.000 +0530
XXXX122X7996,3524.0,2026-05-05 10:33:00.000 +0530
XXXX122X8024,3622.0,2026-05-05 10:33:00.000 +0530
XXXX122X8088,6814.0,2026-05-05 10:33:00.000 +0530
XXXX122X8103,3471.0,2026-05-05 10:33:00.000 +0530
XXXX122X8124,5658.0,2026-05-05 10:33:00.000 +0530
XXXX122X8164,3802.0,2026-05-05 10:33:00.000 +0530
XXXX122X8182,5707.0,2026-05-05 10:33:00.000 +0530
XXXX122X8207,3489.0,2026-05-05 10:33:00.000 +0530
XXXX122X8216,6374.0,2026-05-05 10:33:00.000 +0530
XXXX122X8234,5191.0,2026-05-05 10:33:00.000 +0530
XXXX122X8242,3511.0,2026-05-05 10:33:00.000 +0530
XXXX122X8251,4776.0,2026-05-05 10:33:00.000 +0530
XXXX122X8289,2975.0,2026-05-05 10:33:00.000 +0530
XXXX122X8297,3849.0,2026-05-05 10:33:00.000 +0530
XXXX122X8303,3319.0,2026-05-05 10:33:00.000 +0530
XXXX122X8311,3299.0,2026-05-05 10:33:00.000 +0530
XXXX122X8340,4648.0,2026-05-05 10:33:00.000 +0530
XXXX122X8368,3687.0,2026-05-05 10:33:00.000 +0530
XXXX122X8377,3511.0,2026-05-05 10:33:00.000 +0530
XXXX122X8389,4672.0,2026-05-05 10:33:00.000 +0530
XXXX122X8395,2773.0,2026-05-05 10:33:00.000 +0530
XXXX122X8402,4449.0,2026-05-05 10:33:00.000 +0530
XXXX122X8404,3502.0,2026-05-05 10:33:00.000 +0530
XXXX122X8429,7118.0,2026-05-05 10:33:00.000 +0530
XXXX122X8436,3951.0,2026-05-05 10:33:00.000 +0530
XXXX122X8437,2935.0,2026-05-05 10:33:00.000 +0530
XXXX122X8447,4686.0,2026-05-05 10:33:00.000 +0530
XXXX122X8454,5679.0,2026-05-05 10:33:00.000 +0530
XXXX122X8457,2848.0,2026-05-05 10:33:00.000 +0530
XXXX122X8468,3204.0,2026-05-05 10:33:00.000 +0530
XXXX122X8484,3619.0,2026-05-05 10:33:00.000 +0530
XXXX122X8495,3778.0,2026-05-05 10:33:00.000 +0530
XXXX122X8545,3716.0,2026-05-05 10:33:00.000 +0530
XXXX122X8599,3310.0,2026-05-05 10:33:00.000 +0530
XXXX122X8608,3093.0,2026-05-05 10:33:00.000 +0530
XXXX122X8614,3410.0,2026-05-05 10:33:00.000 +0530
XXXX122X8632,3947.0,2026-05-05 10:33:00.000 +0530
XXXX122X8635,3158.0,2026-05-05 10:33:00.000 +0530
XXXX122X8671,6565.0,2026-05-05 10:33:00.000 +0530
XXXX122X8696,6316.0,2026-05-05 10:33:00.000 +0530
XXXX122X8699,4327.0,2026-05-05 10:33:00.000 +0530
XXXX122X8732,4208.0,2026-05-05 10:33:00.000 +0530
XXXX122X8735,3316.0,2026-05-05 10:33:00.000 +0530
XXXX122X8755,4927.0,2026-05-05 10:33:00.000 +0530
XXXX122X8762,2929.0,2026-05-05 10:33:00.000 +0530
XXXX122X8765,5596.0,2026-05-05 10:33:00.000 +0530
XXXX122X8769,2935.0,2026-05-05 10:33:00.000 +0530
XXXX122X8771,4078.0,2026-05-05 10:33:00.000 +0530
XXXX122X8791,7020.0,2026-05-05 10:33:00.000 +0530
XXXX122X8794,3531.0,2026-05-05 10:33:00.000 +0530
XXXX122X8819,4142.0,2026-05-05 10:33:00.000 +0530
XXXX122X8834,3330.0,2026-05-05 10:33:00.000 +0530
XXXX122X8835,2968.0,2026-05-05 10:33:00.000 +0530
XXXX122X8852,3556.0,2026-05-05 10:33:00.000 +0530
XXXX122X8871,3051.0,2026-05-05 10:33:00.000 +0530
XXXX122X8872,5264.0,2026-05-05 10:33:00.000 +0530
XXXX122X8880,3412.0,2026-05-05 10:33:00.000 +0530
XXXX122X8882,5037.0,2026-05-05 10:33:00.000 +0530
XXXX122X8887,3306.0,2026-05-05 10:33:00.000 +0530
XXXX122X8890,5452.0,2026-05-05 10:33:00.000 +0530
XXXX122X8899,5353.0,2026-05-05 10:33:00.000 +0530
XXXX122X8914,5198.0,2026-05-05 10:33:00.000 +0530
XXXX122X8932,3646.0,2026-05-05 10:33:00.000 +0530
XXXX122X8941,3841.0,2026-05-05 10:33:00.000 +0530
XXXX122X8950,3553.0,2026-05-05 10:33:00.000 +0530
XXXX122X8960,4467.0,2026-05-05 10:33:00.000 +0530
XXXX122X8966,4498.0,2026-05-05 10:33:00.000 +0530
XXXX122X8970,4586.0,2026-05-05 10:33:00.000 +0530
XXXX122X8978,2516.0,2026-05-05 10:33:00.000 +0530
XXXX122X8981,3556.0,2026-05-05 10:33:00.000 +0530
XXXX122X9001,3575.0,2026-05-05 10:33:00.000 +0530
XXXX122X9012,3242.0,2026-05-05 10:33:00.000 +0530
XXXX122X9017,4773.0,2026-05-05 10:33:00.000 +0530
XXXX122X9021,4295.0,2026-05-05 10:33:00.000 +0530
XXXX122X9028,5934.0,2026-05-05 10:33:00.000 +0530
XXXX122X9029,8616.0,2026-05-05 10:33:00.000 +0530
XXXX122X9055,3934.0,2026-05-05 10:33:00.000 +0530
XXXX122X9074,5286.0,2026-05-05 10:33:00.000 +0530
XXXX122X9134,5182.0,2026-05-05 10:33:00.000 +0530
XXXX122X9148,3767.0,2026-05-05 10:33:00.000 +0530
XXXX122X9182,4664.0,2026-05-05 10:33:00.000 +0530
XXXX122X9207,4419.0,2026-05-05 10:33:00.000 +0530
XXXX122X9270,6023.0,2026-05-05 10:33:00.000 +0530
XXXX122X9298,5198.0,2026-05-05 10:33:00.000 +0530
XXXX122X9331,7108.0,2026-05-05 10:33:00.000 +0530
XXXX122X9339,7548.0,2026-05-05 10:33:00.000 +0530
XXXX122X9398,3178.0,2026-05-05 10:33:00.000 +0530
XXXX122X9415,3662.0,2026-05-05 10:33:00.000 +0530
XXXX122X9421,3767.0,2026-05-05 10:33:00.000 +0530
XXXX122X9438,3561.0,2026-05-05 10:33:00.000 +0530
XXXX122X9451,5285.0,2026-05-05 10:33:00.000 +0530
XXXX122X9476,3022.0,2026-05-05 10:33:00.000 +0530
XXXX122X9499,3051.0,2026-05-05 10:33:00.000 +0530
XXXX122X9541,4983.0,2026-05-05 10:33:00.000 +0530
XXXX122X9579,4068.0,2026-05-05 10:33:00.000 +0530
XXXX122X9585,3532.0,2026-05-05 10:33:00.000 +0530
XXXX122X9641,6097.0,2026-05-05 10:33:00.000 +0530
XXXX122X9658,4463.0,2026-05-05 10:33:00.000 +0530
XXXX122X9696,2565.0,2026-05-05 10:33:00.000 +0530
XXXX122X9728,4669.0,2026-05-05 10:33:00.000 +0530
XXXX122X9736,5172.0,2026-05-05 10:33:00.000 +0530
XXXX122X9740,4331.0,2026-05-05 10:33:00.000 +0530
XXXX122X9746,3702.0,2026-05-05 10:33:00.000 +0530
XXXX122X9748,5612.0,2026-05-05 10:33:00.000 +0530
XXXX122X9825,3342.0,2026-05-05 10:33:00.000 +0530
XXXX122X9843,4708.0,2026-05-05 10:33:00.000 +0530
XXXX122X9852,3639.0,2026-05-05 10:33:00.000 +0530
XXXX122X9888,3990.0,2026-05-05 10:33:00.000 +0530
XXXX122X9889,3694.0,2026-05-05 10:33:00.000 +0530
XXXX122X9974,3695.0,2026-05-05 10:33:00.000 +0530
XXXX122X9986,11277.0,2026-05-05 10:33:00.000 +0530
XXXX122X9994,3624.0,2026-05-05 10:33:00.000 +0530
