apac_card_number,amount,payment_datetime
XXXX050X9845,3871.0,2026-08-12 13:06:45
XXXX055X1180,3003.0,2026-08-12 13:06:45
XXXX055X1504,3716.0,2026-08-12 13:06:45
XXXX055X1682,3768.0,2026-08-12 13:06:45
XXXX055X2557,2971.0,2026-08-12 13:06:45
XXXX055X2793,3716.0,2026-08-12 13:06:45
XXXX055X3454,3285.0,2026-08-12 13:06:45
XXXX055X3967,3771.0,2026-08-12 13:06:45
XXXX055X5731,3112.0,2026-08-12 13:06:45
XXXX055X6067,2807.0,2026-08-12 13:06:45
XXXX055X6531,4790.0,2026-08-12 13:06:45
XXXX055X7185,2639.0,2026-08-12 13:06:45
XXXX055X7827,3317.0,2026-08-12 13:06:45
XXXX055X8575,3010.0,2026-08-12 13:06:45
XXXX055X9508,2885.0,2026-08-12 13:06:45
XXXX055X9549,6548.0,2026-08-12 13:06:45
XXXX056X3335,3716.0,2026-08-12 13:06:45
XXXX060X0703,4408.0,2026-08-12 13:06:45
XXXX060X0808,3819.0,2026-08-12 13:06:45
XXXX060X0875,3773.0,2026-08-12 13:06:45
XXXX060X1219,2973.0,2026-08-12 13:06:45
XXXX060X1539,2885.0,2026-08-12 13:06:45
XXXX060X2165,3531.0,2026-08-12 13:06:45
XXXX060X3112,3308.0,2026-08-12 13:06:45
XXXX060X3730,3597.0,2026-08-12 13:06:45
XXXX060X3961,7433.0,2026-08-12 13:06:45
XXXX060X3985,4581.0,2026-08-12 13:06:45
XXXX060X4417,3819.0,2026-08-12 13:06:45
XXXX060X4660,2977.0,2026-08-12 13:06:45
XXXX060X5639,2850.0,2026-08-12 13:06:45
XXXX060X6427,3221.0,2026-08-12 13:06:45
XXXX060X6588,3716.0,2026-08-12 13:06:45
XXXX060X6908,3768.0,2026-08-12 13:06:45
XXXX060X6992,3598.0,2026-08-12 13:06:45
XXXX060X7268,2788.0,2026-08-12 13:06:45
XXXX060X7855,3466.0,2026-08-12 13:06:45
XXXX060X8049,3419.0,2026-08-12 13:06:45
XXXX060X8930,3079.0,2026-08-12 13:06:45
XXXX060X9108,2818.0,2026-08-12 13:06:45
XXXX060X9844,3159.0,2026-08-12 13:06:45
XXXX060X9879,2772.0,2026-08-12 13:06:45
XXXX061X1473,3063.0,2026-08-12 13:06:45
XXXX063X2476,2658.0,2026-08-12 13:06:45
XXXX063X2582,3768.0,2026-08-12 13:06:45
XXXX063X2735,3127.0,2026-08-12 13:06:45
XXXX063X3191,3014.0,2026-08-12 13:06:45
XXXX063X4068,2788.0,2026-08-12 13:06:45
XXXX063X6655,2408.0,2026-08-12 13:06:45
XXXX063X8592,5575.0,2026-08-12 13:06:45
XXXX065X0726,3768.0,2026-08-12 13:06:45
XXXX065X0849,2836.0,2026-08-12 13:06:45
XXXX065X1433,3146.0,2026-08-12 13:06:45
XXXX065X2128,2694.0,2026-08-12 13:06:45
XXXX065X3673,3768.0,2026-08-12 13:06:45
XXXX065X3734,3274.0,2026-08-12 13:06:45
XXXX065X4374,3768.0,2026-08-12 13:06:45
XXXX065X6575,3116.0,2026-08-12 13:06:45
XXXX065X7251,3742.0,2026-08-12 13:06:45
XXXX065X7641,3760.0,2026-08-12 13:06:45
XXXX065X9980,3278.0,2026-08-12 13:06:45
XXXX066X0166,2758.0,2026-08-12 13:06:45
XXXX066X3303,3460.0,2026-08-12 13:06:45
XXXX066X4027,6292.0,2026-08-12 13:06:45
XXXX066X4096,2441.0,2026-08-12 13:06:45
XXXX066X4478,2607.0,2026-08-12 13:06:45
XXXX068X0074,3078.0,2026-08-12 13:06:45
XXXX069X0878,2826.0,2026-08-12 13:06:45
XXXX069X3121,3786.0,2026-08-12 13:06:45
XXXX069X4838,2580.0,2026-08-12 13:06:45
XXXX069X7489,3342.0,2026-08-12 13:06:45
XXXX069X7564,3222.0,2026-08-12 13:06:45
XXXX069X8203,2828.0,2026-08-12 13:06:45
XXXX071X2548,3176.0,2026-08-12 13:06:45
XXXX072X0378,3315.0,2026-08-12 13:06:45
XXXX072X0491,3162.0,2026-08-12 13:06:45
XXXX072X1542,3523.0,2026-08-12 13:06:45
XXXX072X2020,3504.0,2026-08-12 13:06:45
XXXX072X4499,3240.0,2026-08-12 13:06:45
XXXX074X8820,3097.0,2026-08-12 13:06:45
XXXX074X8967,3768.0,2026-08-12 13:06:45
XXXX075X0193,4898.0,2026-08-12 13:06:45
XXXX075X0576,3004.0,2026-08-12 13:06:45
XXXX075X0589,3537.0,2026-08-12 13:06:45
XXXX075X0704,3349.0,2026-08-12 13:06:45
XXXX075X0816,2731.0,2026-08-12 13:06:45
XXXX075X1106,3410.0,2026-08-12 13:06:45
XXXX075X1368,4028.0,2026-08-12 13:06:45
XXXX075X1527,3524.0,2026-08-12 13:06:45
XXXX075X2067,3606.0,2026-08-12 13:06:45
XXXX075X2694,3391.0,2026-08-12 13:06:45
XXXX075X3177,3379.0,2026-08-12 13:06:45
XXXX075X3293,3214.0,2026-08-12 13:06:45
XXXX075X3542,5581.0,2026-08-12 13:06:45
XXXX075X4109,2880.0,2026-08-12 13:06:45
XXXX075X4488,3795.0,2026-08-12 13:06:45
XXXX075X5021,2957.0,2026-08-12 13:06:45
XXXX075X5164,3768.0,2026-08-12 13:06:45
XXXX075X5225,2892.0,2026-08-12 13:06:45
XXXX075X5328,3485.0,2026-08-12 13:06:45
XXXX075X5433,6655.0,2026-08-12 13:06:45
XXXX075X5920,3447.0,2026-08-12 13:06:45
XXXX075X6157,3568.0,2026-08-12 13:06:45
XXXX075X6567,4906.0,2026-08-12 13:06:45
XXXX075X6576,3956.0,2026-08-12 13:06:45
XXXX075X7182,2637.0,2026-08-12 13:06:45
XXXX075X7245,3560.0,2026-08-12 13:06:45
XXXX075X7313,3407.0,2026-08-12 13:06:45
XXXX075X7847,3533.0,2026-08-12 13:06:45
XXXX075X8207,2824.0,2026-08-12 13:06:45
XXXX075X8717,3617.0,2026-08-12 13:06:45
XXXX075X8936,3751.0,2026-08-12 13:06:45
XXXX075X9523,3248.0,2026-08-12 13:06:45
XXXX075X9530,4521.0,2026-08-12 13:06:45
XXXX075X9952,3768.0,2026-08-12 13:06:45
XXXX076X0036,2910.0,2026-08-12 13:06:45
XXXX076X0338,3313.0,2026-08-12 13:06:45
XXXX076X0451,3447.0,2026-08-12 13:06:45
XXXX076X0518,3323.0,2026-08-12 13:06:45
XXXX076X0653,4107.0,2026-08-12 13:06:45
XXXX076X0824,3895.0,2026-08-12 13:06:45
XXXX076X0901,4054.0,2026-08-12 13:06:45
XXXX076X1694,3348.0,2026-08-12 13:06:45
XXXX076X2093,5472.0,2026-08-12 13:06:45
XXXX076X2133,3372.0,2026-08-12 13:06:45
XXXX076X2457,3972.0,2026-08-12 13:06:45
XXXX076X2661,5107.0,2026-08-12 13:06:45
XXXX076X2804,2786.0,2026-08-12 13:06:45
XXXX076X2892,4050.0,2026-08-12 13:06:45
XXXX076X3163,5275.0,2026-08-12 13:06:45
XXXX076X3548,4365.0,2026-08-12 13:06:45
XXXX076X3768,3590.0,2026-08-12 13:06:45
XXXX076X3793,3272.0,2026-08-12 13:06:45
XXXX076X4305,3323.0,2026-08-12 13:06:45
XXXX076X4323,3985.0,2026-08-12 13:06:45
XXXX076X4653,3025.0,2026-08-12 13:06:45
XXXX076X4766,3580.0,2026-08-12 13:06:45
XXXX076X4818,3187.0,2026-08-12 13:06:45
XXXX076X5151,4007.0,2026-08-12 13:06:45
XXXX076X5345,3158.0,2026-08-12 13:06:45
XXXX076X5574,2989.0,2026-08-12 13:06:45
XXXX076X5840,2744.0,2026-08-12 13:06:45
XXXX076X6016,3354.0,2026-08-12 13:06:45
XXXX076X6080,2374.0,2026-08-12 13:06:45
XXXX076X6240,3531.0,2026-08-12 13:06:45
XXXX076X6609,2959.0,2026-08-12 13:06:45
XXXX076X6639,4137.0,2026-08-12 13:06:45
XXXX076X6782,2482.0,2026-08-12 13:06:45
XXXX076X6844,2118.0,2026-08-12 13:06:45
XXXX076X7995,3063.0,2026-08-12 13:06:45
XXXX076X8108,3208.0,2026-08-12 13:06:45
XXXX076X8694,3559.0,2026-08-12 13:06:45
XXXX076X9435,2563.0,2026-08-12 13:06:45
XXXX076X9861,3628.0,2026-08-12 13:06:45
XXXX077X0187,7509.0,2026-08-12 13:06:45
XXXX077X0300,3124.0,2026-08-12 13:06:45
XXXX077X0310,3391.0,2026-08-12 13:06:45
XXXX077X0591,4434.0,2026-08-12 13:06:45
XXXX077X0664,3102.0,2026-08-12 13:06:45
XXXX077X0893,3132.0,2026-08-12 13:06:45
XXXX077X1111,3163.0,2026-08-12 13:06:45
XXXX077X1118,2731.0,2026-08-12 13:06:45
XXXX077X1407,3281.0,2026-08-12 13:06:45
XXXX077X1415,4097.0,2026-08-12 13:06:45
XXXX077X2402,3277.0,2026-08-12 13:06:45
XXXX077X2433,2961.0,2026-08-12 13:06:45
XXXX077X2588,3942.0,2026-08-12 13:06:45
XXXX077X2732,4285.0,2026-08-12 13:06:45
XXXX077X2857,4533.0,2026-08-12 13:06:45
XXXX077X2891,4374.0,2026-08-12 13:06:45
XXXX077X3180,2699.0,2026-08-12 13:06:45
XXXX077X3502,3792.0,2026-08-12 13:06:45
XXXX077X3758,3640.0,2026-08-12 13:06:45
XXXX077X3759,3494.0,2026-08-12 13:06:45
XXXX077X3889,3017.0,2026-08-12 13:06:45
XXXX077X3983,3664.0,2026-08-12 13:06:45
XXXX077X4419,4080.0,2026-08-12 13:06:45
XXXX077X4667,6028.0,2026-08-12 13:06:45
XXXX077X5005,3819.0,2026-08-12 13:06:45
XXXX077X5125,2658.0,2026-08-12 13:06:45
XXXX077X5502,3023.0,2026-08-12 13:06:45
XXXX077X5528,2906.0,2026-08-12 13:06:45
XXXX077X5629,4276.0,2026-08-12 13:06:45
XXXX077X5770,3620.0,2026-08-12 13:06:45
XXXX077X6006,3469.0,2026-08-12 13:06:45
XXXX077X6037,2429.0,2026-08-12 13:06:45
XXXX077X6130,2855.0,2026-08-12 13:06:45
XXXX077X6281,3034.0,2026-08-12 13:06:45
XXXX077X6334,4201.0,2026-08-12 13:06:45
XXXX077X6548,3242.0,2026-08-12 13:06:45
XXXX077X6602,3860.0,2026-08-12 13:06:45
XXXX077X6757,4389.0,2026-08-12 13:06:45
XXXX077X7001,2958.0,2026-08-12 13:06:45
XXXX077X7490,2897.0,2026-08-12 13:06:45
XXXX077X7589,5912.0,2026-08-12 13:06:45
XXXX077X7869,3086.0,2026-08-12 13:06:45
XXXX077X7898,3508.0,2026-08-12 13:06:45
XXXX077X7954,3116.0,2026-08-12 13:06:45
XXXX077X8001,3670.0,2026-08-12 13:06:45
XXXX077X8019,4014.0,2026-08-12 13:06:45
XXXX077X8022,3548.0,2026-08-12 13:06:45
XXXX077X8057,3222.0,2026-08-12 13:06:45
XXXX077X8186,3330.0,2026-08-12 13:06:45
XXXX077X8595,3152.0,2026-08-12 13:06:45
XXXX077X8796,3888.0,2026-08-12 13:06:45
XXXX077X9162,2849.0,2026-08-12 13:06:45
XXXX077X9185,3399.0,2026-08-12 13:06:45
XXXX077X9334,3813.0,2026-08-12 13:06:45
XXXX077X9342,3843.0,2026-08-12 13:06:45
XXXX077X9740,2910.0,2026-08-12 13:06:45
XXXX077X9754,5671.0,2026-08-12 13:06:45
XXXX077X9996,3819.0,2026-08-12 13:06:45
XXXX078X0214,3938.0,2026-08-12 13:06:45
XXXX078X0314,3425.0,2026-08-12 13:06:45
XXXX078X0428,3831.0,2026-08-12 13:06:45
XXXX078X0548,3624.0,2026-08-12 13:06:45
XXXX078X0550,3773.0,2026-08-12 13:06:45
XXXX078X0554,7592.0,2026-08-12 13:06:45
XXXX078X0879,2995.0,2026-08-12 13:06:45
XXXX078X1070,4316.0,2026-08-12 13:06:45
XXXX078X1367,3075.0,2026-08-12 13:06:45
XXXX078X1617,3025.0,2026-08-12 13:06:45
XXXX078X1630,4197.0,2026-08-12 13:06:45
XXXX078X1898,4089.0,2026-08-12 13:06:45
XXXX078X1901,3514.0,2026-08-12 13:06:45
XXXX078X1902,2913.0,2026-08-12 13:06:45
XXXX078X1967,3373.0,2026-08-12 13:06:45
XXXX078X2196,3731.0,2026-08-12 13:06:45
XXXX078X2213,2957.0,2026-08-12 13:06:45
XXXX078X2485,3724.0,2026-08-12 13:06:45
XXXX078X2692,4270.0,2026-08-12 13:06:45
XXXX078X2969,5423.0,2026-08-12 13:06:45
XXXX078X2983,3478.0,2026-08-12 13:06:45
XXXX078X3126,3031.0,2026-08-12 13:06:45
XXXX078X3392,3643.0,2026-08-12 13:06:45
XXXX078X3415,2597.0,2026-08-12 13:06:45
XXXX078X3539,2658.0,2026-08-12 13:06:45
XXXX078X3780,3389.0,2026-08-12 13:06:45
XXXX078X3863,3629.0,2026-08-12 13:06:45
XXXX078X3915,3606.0,2026-08-12 13:06:45
XXXX078X4379,3666.0,2026-08-12 13:06:45
XXXX078X4432,2965.0,2026-08-12 13:06:45
XXXX078X4498,3391.0,2026-08-12 13:06:45
XXXX078X4896,3170.0,2026-08-12 13:06:45
XXXX078X5352,3259.0,2026-08-12 13:06:45
XXXX078X5678,4196.0,2026-08-12 13:06:45
XXXX078X5684,3579.0,2026-08-12 13:06:45
XXXX078X5750,3342.0,2026-08-12 13:06:45
XXXX078X5803,3679.0,2026-08-12 13:06:45
XXXX078X5861,3086.0,2026-08-12 13:06:45
XXXX078X6097,3360.0,2026-08-12 13:06:45
XXXX078X6347,3437.0,2026-08-12 13:06:45
XXXX078X6394,3102.0,2026-08-12 13:06:45
XXXX078X6439,3819.0,2026-08-12 13:06:45
XXXX078X6530,3492.0,2026-08-12 13:06:45
XXXX078X6568,3403.0,2026-08-12 13:06:45
XXXX078X6850,3118.0,2026-08-12 13:06:45
XXXX078X6951,3146.0,2026-08-12 13:06:45
XXXX078X7076,3609.0,2026-08-12 13:06:45
XXXX078X7142,3372.0,2026-08-12 13:06:45
XXXX078X7348,3819.0,2026-08-12 13:06:45
XXXX078X7699,2872.0,2026-08-12 13:06:45
XXXX078X7718,3941.0,2026-08-12 13:06:45
XXXX078X7797,3937.0,2026-08-12 13:06:45
XXXX078X7850,3387.0,2026-08-12 13:06:45
XXXX078X7852,3410.0,2026-08-12 13:06:45
XXXX078X8141,3390.0,2026-08-12 13:06:45
XXXX078X8536,3404.0,2026-08-12 13:06:45
XXXX078X8602,5380.0,2026-08-12 13:06:45
XXXX078X8644,3202.0,2026-08-12 13:06:45
XXXX078X8653,2999.0,2026-08-12 13:06:45
XXXX078X8912,2375.0,2026-08-12 13:06:45
XXXX078X9257,3819.0,2026-08-12 13:06:45
XXXX078X9456,2971.0,2026-08-12 13:06:45
XXXX078X9464,3211.0,2026-08-12 13:06:45
XXXX078X9564,3089.0,2026-08-12 13:06:45
XXXX078X9691,6598.0,2026-08-12 13:06:45
XXXX078X9751,3494.0,2026-08-12 13:06:45
XXXX078X9985,3219.0,2026-08-12 13:06:45
XXXX079X0168,3295.0,2026-08-12 13:06:45
XXXX079X0219,4769.0,2026-08-12 13:06:45
XXXX079X0306,2948.0,2026-08-12 13:06:45
XXXX079X0544,3015.0,2026-08-12 13:06:45
XXXX079X0684,3770.0,2026-08-12 13:06:45
XXXX079X0848,3511.0,2026-08-12 13:06:45
XXXX079X0916,3242.0,2026-08-12 13:06:45
XXXX079X1049,3223.0,2026-08-12 13:06:45
XXXX079X1379,3966.0,2026-08-12 13:06:45
XXXX079X1387,3697.0,2026-08-12 13:06:45
XXXX079X1451,3763.0,2026-08-12 13:06:45
XXXX079X1515,10288.0,2026-08-12 13:06:45
XXXX079X1559,3554.0,2026-08-12 13:06:45
XXXX079X1663,3397.0,2026-08-12 13:06:45
XXXX079X1966,4105.0,2026-08-12 13:06:45
XXXX079X2074,3452.0,2026-08-12 13:06:45
XXXX079X2260,3709.0,2026-08-12 13:06:45
XXXX079X2269,3688.0,2026-08-12 13:06:45
XXXX079X2272,4544.0,2026-08-12 13:06:45
XXXX079X2460,6518.0,2026-08-12 13:06:45
XXXX079X2476,3470.0,2026-08-12 13:06:45
XXXX079X2537,3578.0,2026-08-12 13:06:45
XXXX079X2582,3139.0,2026-08-12 13:06:45
XXXX079X2606,2454.0,2026-08-12 13:06:45
XXXX079X2748,3460.0,2026-08-12 13:06:45
XXXX079X2785,3705.0,2026-08-12 13:06:45
XXXX079X3298,3132.0,2026-08-12 13:06:45
XXXX079X3441,2776.0,2026-08-12 13:06:45
XXXX079X3489,3300.0,2026-08-12 13:06:45
XXXX079X3589,3550.0,2026-08-12 13:06:45
XXXX079X3724,3597.0,2026-08-12 13:06:45
XXXX079X3848,3109.0,2026-08-12 13:06:45
XXXX079X3958,3078.0,2026-08-12 13:06:45
XXXX079X4038,2673.0,2026-08-12 13:06:45
XXXX079X4120,2955.0,2026-08-12 13:06:45
XXXX079X4190,3351.0,2026-08-12 13:06:45
XXXX079X4374,3768.0,2026-08-12 13:06:45
XXXX079X4461,4538.0,2026-08-12 13:06:45
XXXX079X4468,3124.0,2026-08-12 13:06:45
XXXX079X4666,3278.0,2026-08-12 13:06:45
XXXX079X4777,3035.0,2026-08-12 13:06:45
XXXX079X4793,3598.0,2026-08-12 13:06:45
XXXX079X4952,4311.0,2026-08-12 13:06:45
XXXX079X5049,3899.0,2026-08-12 13:06:45
XXXX079X5186,3315.0,2026-08-12 13:06:45
XXXX079X5247,4679.0,2026-08-12 13:06:45
XXXX079X5318,4567.0,2026-08-12 13:06:45
XXXX079X5398,4559.0,2026-08-12 13:06:45
XXXX079X5530,5136.0,2026-08-12 13:06:45
XXXX079X5533,3227.0,2026-08-12 13:06:45
XXXX079X5646,4014.0,2026-08-12 13:06:45
XXXX079X5683,4159.0,2026-08-12 13:06:45
XXXX079X5801,3054.0,2026-08-12 13:06:45
XXXX079X5932,4394.0,2026-08-12 13:06:45
XXXX079X5996,4231.0,2026-08-12 13:06:45
XXXX079X6029,3504.0,2026-08-12 13:06:45
XXXX079X6093,3116.0,2026-08-12 13:06:45
XXXX079X6334,3024.0,2026-08-12 13:06:45
XXXX079X6452,3801.0,2026-08-12 13:06:45
XXXX079X6564,3534.0,2026-08-12 13:06:45
XXXX079X6566,3409.0,2026-08-12 13:06:45
XXXX079X6725,2728.0,2026-08-12 13:06:45
XXXX079X6740,3860.0,2026-08-12 13:06:45
XXXX079X6891,4059.0,2026-08-12 13:06:45
XXXX079X7016,4625.0,2026-08-12 13:06:45
XXXX079X7043,3754.0,2026-08-12 13:06:45
XXXX079X7102,2788.0,2026-08-12 13:06:45
XXXX079X7232,2943.0,2026-08-12 13:06:45
XXXX079X7351,4416.0,2026-08-12 13:06:45
XXXX079X7375,3510.0,2026-08-12 13:06:45
XXXX079X7487,4436.0,2026-08-12 13:06:45
XXXX079X7631,3174.0,2026-08-12 13:06:45
XXXX079X7789,3709.0,2026-08-12 13:06:45
XXXX079X7844,3097.0,2026-08-12 13:06:45
XXXX079X7903,2238.0,2026-08-12 13:06:45
XXXX079X8031,5188.0,2026-08-12 13:06:45
XXXX079X8113,4426.0,2026-08-12 13:06:45
XXXX079X8257,3414.0,2026-08-12 13:06:45
XXXX079X8290,3146.0,2026-08-12 13:06:45
XXXX079X8422,3535.0,2026-08-12 13:06:45
XXXX079X8745,4363.0,2026-08-12 13:06:45
XXXX079X8747,5145.0,2026-08-12 13:06:45
XXXX079X9142,4625.0,2026-08-12 13:06:45
XXXX079X9452,2898.0,2026-08-12 13:06:45
XXXX079X9480,3012.0,2026-08-12 13:06:45
XXXX079X9539,3250.0,2026-08-12 13:06:45
XXXX079X9605,2578.0,2026-08-12 13:06:45
XXXX079X9705,3605.0,2026-08-12 13:06:45
XXXX079X9744,4557.0,2026-08-12 13:06:45
XXXX079X9876,5012.0,2026-08-12 13:06:45
XXXX079X9984,3504.0,2026-08-12 13:06:45
XXXX080X0135,3055.0,2026-08-12 13:06:45
XXXX080X0180,3410.0,2026-08-12 13:06:45
XXXX080X0295,3179.0,2026-08-12 13:06:45
XXXX080X0313,4136.0,2026-08-12 13:06:45
XXXX080X0559,4871.0,2026-08-12 13:06:45
XXXX080X0758,4428.0,2026-08-12 13:06:45
XXXX080X0887,2472.0,2026-08-12 13:06:45
XXXX080X0931,3498.0,2026-08-12 13:06:45
XXXX080X1016,3966.0,2026-08-12 13:06:45
XXXX080X1090,4097.0,2026-08-12 13:06:45
XXXX080X1096,3246.0,2026-08-12 13:06:45
XXXX080X1184,5488.0,2026-08-12 13:06:45
XXXX080X1400,3258.0,2026-08-12 13:06:45
XXXX080X1438,3849.0,2026-08-12 13:06:45
XXXX080X1510,3521.0,2026-08-12 13:06:45
XXXX080X1531,3567.0,2026-08-12 13:06:45
XXXX080X1636,4358.0,2026-08-12 13:06:45
XXXX080X1700,3819.0,2026-08-12 13:06:45
XXXX080X1711,4097.0,2026-08-12 13:06:45
XXXX080X1719,3735.0,2026-08-12 13:06:45
XXXX080X1788,2834.0,2026-08-12 13:06:45
XXXX080X1791,3016.0,2026-08-12 13:06:45
XXXX080X1861,3342.0,2026-08-12 13:06:45
XXXX080X1904,2915.0,2026-08-12 13:06:45
XXXX080X2007,4373.0,2026-08-12 13:06:45
XXXX080X2055,3172.0,2026-08-12 13:06:45
XXXX080X2064,3819.0,2026-08-12 13:06:45
XXXX080X2083,4159.0,2026-08-12 13:06:45
XXXX080X2087,3157.0,2026-08-12 13:06:45
XXXX080X2175,6407.0,2026-08-12 13:06:45
XXXX080X2193,2675.0,2026-08-12 13:06:45
XXXX080X2207,3147.0,2026-08-12 13:06:45
XXXX080X2210,4563.0,2026-08-12 13:06:45
XXXX080X2241,2456.0,2026-08-12 13:06:45
XXXX080X2313,6714.0,2026-08-12 13:06:45
XXXX080X2454,4059.0,2026-08-12 13:06:45
XXXX080X2616,3361.0,2026-08-12 13:06:45
XXXX080X2730,3880.0,2026-08-12 13:06:45
XXXX080X2735,3351.0,2026-08-12 13:06:45
XXXX080X2764,4248.0,2026-08-12 13:06:45
XXXX080X2805,4114.0,2026-08-12 13:06:45
XXXX080X2851,3647.0,2026-08-12 13:06:45
XXXX080X2966,4092.0,2026-08-12 13:06:45
XXXX080X3188,4238.0,2026-08-12 13:06:45
XXXX080X3191,8023.0,2026-08-12 13:06:45
XXXX080X3302,3977.0,2026-08-12 13:06:45
XXXX080X3362,3296.0,2026-08-12 13:06:45
XXXX080X3387,3725.0,2026-08-12 13:06:45
XXXX080X3405,3177.0,2026-08-12 13:06:45
XXXX080X3450,3580.0,2026-08-12 13:06:45
XXXX080X3580,1877.0,2026-08-12 13:06:45
XXXX080X3612,2731.0,2026-08-12 13:06:45
XXXX080X3636,3361.0,2026-08-12 13:06:45
XXXX080X3659,3086.0,2026-08-12 13:06:45
XXXX080X3740,3402.0,2026-08-12 13:06:45
XXXX080X3787,3128.0,2026-08-12 13:06:45
XXXX080X3835,3197.0,2026-08-12 13:06:45
XXXX080X3845,3560.0,2026-08-12 13:06:45
XXXX080X3898,3398.0,2026-08-12 13:06:45
XXXX080X3900,2200.0,2026-08-12 13:06:45
XXXX080X3938,4163.0,2026-08-12 13:06:45
XXXX080X3992,3617.0,2026-08-12 13:06:45
XXXX080X4013,3844.0,2026-08-12 13:06:45
XXXX080X4077,3029.0,2026-08-12 13:06:45
XXXX080X4149,4140.0,2026-08-12 13:06:45
XXXX080X4154,2895.0,2026-08-12 13:06:45
XXXX080X4227,3674.0,2026-08-12 13:06:45
XXXX080X4270,4944.0,2026-08-12 13:06:45
XXXX080X4276,3441.0,2026-08-12 13:06:45
XXXX080X4390,4659.0,2026-08-12 13:06:45
XXXX080X4436,3516.0,2026-08-12 13:06:45
XXXX080X4551,3739.0,2026-08-12 13:06:45
XXXX080X4605,3342.0,2026-08-12 13:06:45
XXXX080X4717,3418.0,2026-08-12 13:06:45
XXXX080X4736,4446.0,2026-08-12 13:06:45
XXXX080X4786,3863.0,2026-08-12 13:06:45
XXXX080X4845,4399.0,2026-08-12 13:06:45
XXXX080X4871,3865.0,2026-08-12 13:06:45
XXXX080X4946,4119.0,2026-08-12 13:06:45
XXXX080X4947,3644.0,2026-08-12 13:06:45
XXXX080X4971,3749.0,2026-08-12 13:06:45
XXXX080X5043,3261.0,2026-08-12 13:06:45
XXXX080X5096,2939.0,2026-08-12 13:06:45
XXXX080X5113,4086.0,2026-08-12 13:06:45
XXXX080X5169,4161.0,2026-08-12 13:06:45
XXXX080X5222,4083.0,2026-08-12 13:06:45
XXXX080X5465,3382.0,2026-08-12 13:06:45
XXXX080X5472,2902.0,2026-08-12 13:06:45
XXXX080X5473,4545.0,2026-08-12 13:06:45
XXXX080X5558,5551.0,2026-08-12 13:06:45
XXXX080X5566,4010.0,2026-08-12 13:06:45
XXXX080X5651,3429.0,2026-08-12 13:06:45
XXXX080X5742,3002.0,2026-08-12 13:06:45
XXXX080X5803,3552.0,2026-08-12 13:06:45
XXXX080X5837,3312.0,2026-08-12 13:06:45
XXXX080X5885,4742.0,2026-08-12 13:06:45
XXXX080X5994,4121.0,2026-08-12 13:06:45
XXXX080X6047,3414.0,2026-08-12 13:06:45
XXXX080X6056,4625.0,2026-08-12 13:06:45
XXXX080X6132,2813.0,2026-08-12 13:06:45
XXXX080X6135,3552.0,2026-08-12 13:06:45
XXXX080X6266,3489.0,2026-08-12 13:06:45
XXXX080X6292,5723.0,2026-08-12 13:06:45
XXXX080X6319,3227.0,2026-08-12 13:06:45
XXXX080X6350,3525.0,2026-08-12 13:06:45
XXXX080X6447,3592.0,2026-08-12 13:06:45
XXXX080X6510,3237.0,2026-08-12 13:06:45
XXXX080X6608,3582.0,2026-08-12 13:06:45
XXXX080X6730,3347.0,2026-08-12 13:06:45
XXXX080X6763,4363.0,2026-08-12 13:06:45
XXXX080X6893,5375.0,2026-08-12 13:06:45
XXXX080X6975,3460.0,2026-08-12 13:06:45
XXXX080X6981,4703.0,2026-08-12 13:06:45
XXXX080X7076,3284.0,2026-08-12 13:06:45
XXXX080X7135,5758.0,2026-08-12 13:06:45
XXXX080X7187,3730.0,2026-08-12 13:06:45
XXXX080X7262,1997.0,2026-08-12 13:06:45
XXXX080X7334,3932.0,2026-08-12 13:06:45
XXXX080X7414,3144.0,2026-08-12 13:06:45
XXXX080X7416,3062.0,2026-08-12 13:06:45
XXXX080X7422,3571.0,2026-08-12 13:06:45
XXXX080X7575,4018.0,2026-08-12 13:06:45
XXXX080X7755,3543.0,2026-08-12 13:06:45
XXXX080X7863,5499.0,2026-08-12 13:06:45
XXXX080X7946,4555.0,2026-08-12 13:06:45
XXXX080X7963,4579.0,2026-08-12 13:06:45
XXXX080X8003,4044.0,2026-08-12 13:06:45
XXXX080X8065,5659.0,2026-08-12 13:06:45
XXXX080X8127,2993.0,2026-08-12 13:06:45
XXXX080X8176,5836.0,2026-08-12 13:06:45
XXXX080X8190,3710.0,2026-08-12 13:06:45
XXXX080X8204,6538.0,2026-08-12 13:06:45
XXXX080X8332,4731.0,2026-08-12 13:06:45
XXXX080X8342,2999.0,2026-08-12 13:06:45
XXXX080X8443,3386.0,2026-08-12 13:06:45
XXXX080X8573,3840.0,2026-08-12 13:06:45
XXXX080X8712,3187.0,2026-08-12 13:06:45
XXXX080X8749,3546.0,2026-08-12 13:06:45
XXXX080X9077,4925.0,2026-08-12 13:06:45
XXXX080X9132,3643.0,2026-08-12 13:06:45
XXXX080X9336,4503.0,2026-08-12 13:06:45
XXXX080X9353,3768.0,2026-08-12 13:06:45
XXXX080X9398,4021.0,2026-08-12 13:06:45
XXXX080X9402,2385.0,2026-08-12 13:06:45
XXXX080X9488,3493.0,2026-08-12 13:06:45
XXXX080X9500,3865.0,2026-08-12 13:06:45
XXXX080X9659,3386.0,2026-08-12 13:06:45
XXXX080X9723,3139.0,2026-08-12 13:06:45
XXXX080X9800,3315.0,2026-08-12 13:06:45
XXXX080X9898,2682.0,2026-08-12 13:06:45
XXXX080X9909,7535.0,2026-08-12 13:06:45
XXXX081X0023,4747.0,2026-08-12 13:06:45
XXXX081X0193,3425.0,2026-08-12 13:06:45
XXXX081X0308,3642.0,2026-08-12 13:06:45
XXXX081X0315,4882.0,2026-08-12 13:06:45
XXXX081X0357,3943.0,2026-08-12 13:06:45
XXXX081X0449,2984.0,2026-08-12 13:06:45
XXXX081X0485,3259.0,2026-08-12 13:06:45
XXXX081X0544,2747.0,2026-08-12 13:06:45
XXXX081X0562,3965.0,2026-08-12 13:06:45
XXXX081X0622,3714.0,2026-08-12 13:06:45
XXXX081X0633,3101.0,2026-08-12 13:06:45
XXXX081X0670,5028.0,2026-08-12 13:06:45
XXXX081X0674,3529.0,2026-08-12 13:06:45
XXXX081X0732,3621.0,2026-08-12 13:06:45
XXXX081X0757,3299.0,2026-08-12 13:06:45
XXXX081X0820,4866.0,2026-08-12 13:06:45
XXXX081X0872,3213.0,2026-08-12 13:06:45
XXXX081X0899,3777.0,2026-08-12 13:06:45
XXXX081X1100,3244.0,2026-08-12 13:06:45
XXXX081X1109,3700.0,2026-08-12 13:06:45
XXXX081X1209,3466.0,2026-08-12 13:06:45
XXXX081X1290,4170.0,2026-08-12 13:06:45
XXXX081X1298,3471.0,2026-08-12 13:06:45
XXXX081X1353,6110.0,2026-08-12 13:06:45
XXXX081X1444,3701.0,2026-08-12 13:06:45
XXXX081X1626,4714.0,2026-08-12 13:06:45
XXXX081X1864,4479.0,2026-08-12 13:06:45
XXXX081X1927,3890.0,2026-08-12 13:06:45
XXXX081X1985,3658.0,2026-08-12 13:06:45
XXXX081X2106,4589.0,2026-08-12 13:06:45
XXXX081X2128,3055.0,2026-08-12 13:06:45
XXXX081X2144,3044.0,2026-08-12 13:06:45
XXXX081X2348,3009.0,2026-08-12 13:06:45
XXXX081X2438,3762.0,2026-08-12 13:06:45
XXXX081X2515,3982.0,2026-08-12 13:06:45
XXXX081X2558,5664.0,2026-08-12 13:06:45
XXXX081X2609,2891.0,2026-08-12 13:06:45
XXXX081X2706,7674.0,2026-08-12 13:06:45
XXXX081X2754,2055.0,2026-08-12 13:06:45
XXXX081X2799,3206.0,2026-08-12 13:06:45
XXXX081X2853,2937.0,2026-08-12 13:06:45
XXXX081X2924,4156.0,2026-08-12 13:06:45
XXXX081X3040,3032.0,2026-08-12 13:06:45
XXXX081X3047,3557.0,2026-08-12 13:06:45
XXXX081X3111,3583.0,2026-08-12 13:06:45
XXXX081X3448,2750.0,2026-08-12 13:06:45
XXXX081X3755,5133.0,2026-08-12 13:06:45
XXXX081X3993,3406.0,2026-08-12 13:06:45
XXXX081X4052,3552.0,2026-08-12 13:06:45
XXXX081X4069,4522.0,2026-08-12 13:06:45
XXXX081X4181,3300.0,2026-08-12 13:06:45
XXXX081X4280,3714.0,2026-08-12 13:06:45
XXXX081X4380,3096.0,2026-08-12 13:06:45
XXXX081X4410,4456.0,2026-08-12 13:06:45
XXXX081X4471,4353.0,2026-08-12 13:06:45
XXXX081X4584,3315.0,2026-08-12 13:06:45
XXXX081X4606,3821.0,2026-08-12 13:06:45
XXXX081X4651,3504.0,2026-08-12 13:06:45
XXXX081X4767,5995.0,2026-08-12 13:06:45
XXXX081X4920,5498.0,2026-08-12 13:06:45
XXXX081X4965,3400.0,2026-08-12 13:06:45
XXXX081X4990,3970.0,2026-08-12 13:06:45
XXXX081X5059,3724.0,2026-08-12 13:06:45
XXXX081X5300,4392.0,2026-08-12 13:06:45
XXXX081X5425,2958.0,2026-08-12 13:06:45
XXXX081X5455,4923.0,2026-08-12 13:06:45
XXXX081X5461,2746.0,2026-08-12 13:06:45
XXXX081X5606,4070.0,2026-08-12 13:06:45
XXXX081X5930,5231.0,2026-08-12 13:06:45
XXXX081X6019,3907.0,2026-08-12 13:06:45
XXXX081X6080,5223.0,2026-08-12 13:06:45
XXXX081X6111,3055.0,2026-08-12 13:06:45
XXXX081X6213,3808.0,2026-08-12 13:06:45
XXXX081X6227,3204.0,2026-08-12 13:06:45
XXXX081X6310,3597.0,2026-08-12 13:06:45
XXXX081X6728,3170.0,2026-08-12 13:06:45
XXXX081X6772,3773.0,2026-08-12 13:06:45
XXXX081X6808,3025.0,2026-08-12 13:06:45
XXXX081X6889,3715.0,2026-08-12 13:06:45
XXXX081X7191,4084.0,2026-08-12 13:06:45
XXXX081X7213,4530.0,2026-08-12 13:06:45
XXXX081X7216,4918.0,2026-08-12 13:06:45
XXXX081X7251,2538.0,2026-08-12 13:06:45
XXXX081X7290,3116.0,2026-08-12 13:06:45
XXXX081X7355,4203.0,2026-08-12 13:06:45
XXXX081X7385,5668.0,2026-08-12 13:06:45
XXXX081X7458,3865.0,2026-08-12 13:06:45
XXXX081X7483,4254.0,2026-08-12 13:06:45
XXXX081X7527,3803.0,2026-08-12 13:06:45
XXXX081X7537,3501.0,2026-08-12 13:06:45
XXXX081X8080,3029.0,2026-08-12 13:06:45
XXXX081X8105,4394.0,2026-08-12 13:06:45
XXXX081X8133,4669.0,2026-08-12 13:06:45
XXXX081X8211,5559.0,2026-08-12 13:06:45
XXXX081X8333,3034.0,2026-08-12 13:06:45
XXXX081X8336,6271.0,2026-08-12 13:06:45
XXXX081X8360,3101.0,2026-08-12 13:06:45
XXXX081X8528,5139.0,2026-08-12 13:06:45
XXXX081X8582,3320.0,2026-08-12 13:06:45
XXXX081X8691,3829.0,2026-08-12 13:06:45
XXXX081X8749,2944.0,2026-08-12 13:06:45
XXXX081X9125,3464.0,2026-08-12 13:06:45
XXXX081X9140,3475.0,2026-08-12 13:06:45
XXXX081X9201,2787.0,2026-08-12 13:06:45
XXXX081X9381,3413.0,2026-08-12 13:06:45
XXXX081X9410,3849.0,2026-08-12 13:06:45
XXXX081X9507,3085.0,2026-08-12 13:06:45
XXXX081X9534,3282.0,2026-08-12 13:06:45
XXXX081X9552,3475.0,2026-08-12 13:06:45
XXXX081X9718,4367.0,2026-08-12 13:06:45
XXXX081X9760,4368.0,2026-08-12 13:06:45
XXXX081X9805,3331.0,2026-08-12 13:06:45
XXXX081X9947,4934.0,2026-08-12 13:06:45
XXXX081X9973,2812.0,2026-08-12 13:06:45
XXXX082X0010,4633.0,2026-08-12 13:06:45
XXXX082X0039,3741.0,2026-08-12 13:06:45
XXXX082X0123,5028.0,2026-08-12 13:06:45
XXXX082X0183,4991.0,2026-08-12 13:06:45
XXXX082X0286,3224.0,2026-08-12 13:06:45
XXXX082X0322,3422.0,2026-08-12 13:06:45
XXXX082X0372,4083.0,2026-08-12 13:06:45
XXXX082X0487,3177.0,2026-08-12 13:06:45
XXXX082X0529,4193.0,2026-08-12 13:06:45
XXXX082X0539,2511.0,2026-08-12 13:06:45
XXXX082X0590,3974.0,2026-08-12 13:06:45
XXXX082X0594,3109.0,2026-08-12 13:06:45
XXXX082X0617,3315.0,2026-08-12 13:06:45
XXXX082X0693,3336.0,2026-08-12 13:06:45
XXXX082X0730,4642.0,2026-08-12 13:06:45
XXXX082X0736,4460.0,2026-08-12 13:06:45
XXXX082X0774,3483.0,2026-08-12 13:06:45
XXXX082X0815,3327.0,2026-08-12 13:06:45
XXXX082X0888,3646.0,2026-08-12 13:06:45
XXXX082X0904,4316.0,2026-08-12 13:06:45
XXXX082X0947,4362.0,2026-08-12 13:06:45
XXXX082X1109,3261.0,2026-08-12 13:06:45
XXXX082X1114,4688.0,2026-08-12 13:06:45
XXXX082X1146,4061.0,2026-08-12 13:06:45
XXXX082X1250,3222.0,2026-08-12 13:06:45
XXXX082X1518,3703.0,2026-08-12 13:06:45
XXXX082X1570,4535.0,2026-08-12 13:06:45
XXXX082X1600,3316.0,2026-08-12 13:06:45
XXXX082X1621,7782.0,2026-08-12 13:06:45
XXXX082X1666,3756.0,2026-08-12 13:06:45
XXXX082X1750,3349.0,2026-08-12 13:06:45
XXXX082X1799,4332.0,2026-08-12 13:06:45
XXXX082X1836,2694.0,2026-08-12 13:06:45
XXXX082X1946,4173.0,2026-08-12 13:06:45
XXXX082X2113,3746.0,2026-08-12 13:06:45
XXXX082X2376,3609.0,2026-08-12 13:06:45
XXXX082X2434,3110.0,2026-08-12 13:06:45
XXXX082X2505,4204.0,2026-08-12 13:06:45
XXXX082X2524,4087.0,2026-08-12 13:06:45
XXXX082X2600,4311.0,2026-08-12 13:06:45
XXXX082X2653,3468.0,2026-08-12 13:06:45
XXXX082X2673,8754.0,2026-08-12 13:06:45
XXXX082X2870,4319.0,2026-08-12 13:06:45
XXXX082X2921,3601.0,2026-08-12 13:06:45
XXXX082X2991,3164.0,2026-08-12 13:06:45
XXXX082X3110,5344.0,2026-08-12 13:06:45
XXXX082X3218,2705.0,2026-08-12 13:06:45
XXXX082X3259,2540.0,2026-08-12 13:06:45
XXXX082X3311,3529.0,2026-08-12 13:06:45
XXXX082X3370,2727.0,2026-08-12 13:06:45
XXXX082X3431,3231.0,2026-08-12 13:06:45
XXXX082X3439,3713.0,2026-08-12 13:06:45
XXXX082X3444,3208.0,2026-08-12 13:06:45
XXXX082X3451,3521.0,2026-08-12 13:06:45
XXXX082X3479,2922.0,2026-08-12 13:06:45
XXXX082X3494,3787.0,2026-08-12 13:06:45
XXXX082X3571,4446.0,2026-08-12 13:06:45
XXXX082X3636,4363.0,2026-08-12 13:06:45
XXXX082X3748,5032.0,2026-08-12 13:06:45
XXXX082X3759,4004.0,2026-08-12 13:06:45
XXXX082X3776,4296.0,2026-08-12 13:06:45
XXXX082X3796,3568.0,2026-08-12 13:06:45
XXXX082X3811,2127.0,2026-08-12 13:06:45
XXXX082X3838,2477.0,2026-08-12 13:06:45
XXXX082X3869,4111.0,2026-08-12 13:06:45
XXXX082X3905,3803.0,2026-08-12 13:06:45
XXXX082X3935,4069.0,2026-08-12 13:06:45
XXXX082X4048,4626.0,2026-08-12 13:06:45
XXXX082X4104,3335.0,2026-08-12 13:06:45
XXXX082X4210,3086.0,2026-08-12 13:06:45
XXXX082X4309,4742.0,2026-08-12 13:06:45
XXXX082X4360,5449.0,2026-08-12 13:06:45
XXXX082X4363,4319.0,2026-08-12 13:06:45
XXXX082X4373,3117.0,2026-08-12 13:06:45
XXXX082X4432,4428.0,2026-08-12 13:06:45
XXXX082X4453,3958.0,2026-08-12 13:06:45
XXXX082X4509,2899.0,2026-08-12 13:06:45
XXXX082X4590,4820.0,2026-08-12 13:06:45
XXXX082X4644,4573.0,2026-08-12 13:06:45
XXXX082X4830,2910.0,2026-08-12 13:06:45
XXXX082X4912,3766.0,2026-08-12 13:06:45
XXXX082X4920,3196.0,2026-08-12 13:06:45
XXXX082X4955,4097.0,2026-08-12 13:06:45
XXXX082X5046,3361.0,2026-08-12 13:06:45
XXXX082X5081,3078.0,2026-08-12 13:06:45
XXXX082X5083,3815.0,2026-08-12 13:06:45
XXXX082X5152,2826.0,2026-08-12 13:06:45
XXXX082X5318,3811.0,2026-08-12 13:06:45
XXXX082X5337,2864.0,2026-08-12 13:06:45
XXXX082X5349,3735.0,2026-08-12 13:06:45
XXXX082X5404,2313.0,2026-08-12 13:06:45
XXXX082X5422,3982.0,2026-08-12 13:06:45
XXXX082X5473,4612.0,2026-08-12 13:06:45
XXXX082X5544,4335.0,2026-08-12 13:06:45
XXXX082X5566,4770.0,2026-08-12 13:06:45
XXXX082X5602,2750.0,2026-08-12 13:06:45
XXXX082X5620,5432.0,2026-08-12 13:06:45
XXXX082X5629,3813.0,2026-08-12 13:06:45
XXXX082X5636,5197.0,2026-08-12 13:06:45
XXXX082X5726,3563.0,2026-08-12 13:06:45
XXXX082X5759,4632.0,2026-08-12 13:06:45
XXXX082X5769,3263.0,2026-08-12 13:06:45
XXXX082X5957,3529.0,2026-08-12 13:06:45
XXXX082X5962,3866.0,2026-08-12 13:06:45
XXXX082X5975,2406.0,2026-08-12 13:06:45
XXXX082X6042,3266.0,2026-08-12 13:06:45
XXXX082X6098,2155.0,2026-08-12 13:06:45
XXXX082X6344,3849.0,2026-08-12 13:06:45
XXXX082X6436,3312.0,2026-08-12 13:06:45
XXXX082X6504,2899.0,2026-08-12 13:06:45
XXXX082X6713,2750.0,2026-08-12 13:06:45
XXXX082X6750,3437.0,2026-08-12 13:06:45
XXXX082X6753,4052.0,2026-08-12 13:06:45
XXXX082X6791,3752.0,2026-08-12 13:06:45
XXXX082X6814,3549.0,2026-08-12 13:06:45
XXXX082X6858,4667.0,2026-08-12 13:06:45
XXXX082X6867,3382.0,2026-08-12 13:06:45
XXXX082X6893,3994.0,2026-08-12 13:06:45
XXXX082X6972,3317.0,2026-08-12 13:06:45
XXXX082X7006,3962.0,2026-08-12 13:06:45
XXXX082X7300,4046.0,2026-08-12 13:06:45
XXXX082X7302,3679.0,2026-08-12 13:06:45
XXXX082X7352,3189.0,2026-08-12 13:06:45
XXXX082X7383,3125.0,2026-08-12 13:06:45
XXXX082X7388,3341.0,2026-08-12 13:06:45
XXXX082X7495,3995.0,2026-08-12 13:06:45
XXXX082X7532,3391.0,2026-08-12 13:06:45
XXXX082X7547,2811.0,2026-08-12 13:06:45
XXXX082X7580,3542.0,2026-08-12 13:06:45
XXXX082X7584,3761.0,2026-08-12 13:06:45
XXXX082X7716,2932.0,2026-08-12 13:06:45
XXXX082X7838,3581.0,2026-08-12 13:06:45
XXXX082X7856,3476.0,2026-08-12 13:06:45
XXXX082X7876,5221.0,2026-08-12 13:06:45
XXXX082X7882,4499.0,2026-08-12 13:06:45
XXXX082X8010,3683.0,2026-08-12 13:06:45
XXXX082X8057,4061.0,2026-08-12 13:06:45
XXXX082X8126,3372.0,2026-08-12 13:06:45
XXXX082X8227,3240.0,2026-08-12 13:06:45
XXXX082X8287,4581.0,2026-08-12 13:06:45
XXXX082X8339,4258.0,2026-08-12 13:06:45
XXXX082X8631,3159.0,2026-08-12 13:06:45
XXXX082X8669,2905.0,2026-08-12 13:06:45
XXXX082X8903,3808.0,2026-08-12 13:06:45
XXXX082X8948,3359.0,2026-08-12 13:06:45
XXXX082X8975,3338.0,2026-08-12 13:06:45
XXXX082X8987,4451.0,2026-08-12 13:06:45
XXXX082X8993,3334.0,2026-08-12 13:06:45
XXXX082X9071,2683.0,2026-08-12 13:06:45
XXXX082X9074,4931.0,2026-08-12 13:06:45
XXXX082X9175,5064.0,2026-08-12 13:06:45
XXXX082X9192,4647.0,2026-08-12 13:06:45
XXXX082X9234,2639.0,2026-08-12 13:06:45
XXXX082X9243,4606.0,2026-08-12 13:06:45
XXXX082X9262,4124.0,2026-08-12 13:06:45
XXXX082X9313,4083.0,2026-08-12 13:06:45
XXXX082X9321,3194.0,2026-08-12 13:06:45
XXXX082X9411,3482.0,2026-08-12 13:06:45
XXXX082X9453,4712.0,2026-08-12 13:06:45
XXXX082X9481,4682.0,2026-08-12 13:06:45
XXXX082X9504,3328.0,2026-08-12 13:06:45
XXXX082X9547,4759.0,2026-08-12 13:06:45
XXXX082X9580,3269.0,2026-08-12 13:06:45
XXXX082X9630,3364.0,2026-08-12 13:06:45
XXXX082X9692,4067.0,2026-08-12 13:06:45
XXXX082X9806,3644.0,2026-08-12 13:06:45
XXXX082X9920,3739.0,2026-08-12 13:06:45
XXXX082X9953,2716.0,2026-08-12 13:06:45
XXXX082X9956,4739.0,2026-08-12 13:06:45
XXXX082X9987,4545.0,2026-08-12 13:06:45
XXXX083X0054,3402.0,2026-08-12 13:06:45
XXXX083X0208,4643.0,2026-08-12 13:06:45
XXXX083X0210,4662.0,2026-08-12 13:06:45
XXXX083X0214,4965.0,2026-08-12 13:06:45
XXXX083X0273,5001.0,2026-08-12 13:06:45
XXXX083X0277,4316.0,2026-08-12 13:06:45
XXXX083X0326,4130.0,2026-08-12 13:06:45
XXXX083X0347,5408.0,2026-08-12 13:06:45
XXXX083X0361,4636.0,2026-08-12 13:06:45
XXXX083X0368,6391.0,2026-08-12 13:06:45
XXXX083X0420,4503.0,2026-08-12 13:06:45
XXXX083X0502,3678.0,2026-08-12 13:06:45
XXXX083X0548,3673.0,2026-08-12 13:06:45
XXXX083X0565,4270.0,2026-08-12 13:06:45
XXXX083X0623,3098.0,2026-08-12 13:06:45
XXXX083X0679,3322.0,2026-08-12 13:06:45
XXXX083X0710,2823.0,2026-08-12 13:06:45
XXXX083X0716,4327.0,2026-08-12 13:06:45
XXXX083X0733,3172.0,2026-08-12 13:06:45
XXXX083X0736,4669.0,2026-08-12 13:06:45
XXXX083X0739,3491.0,2026-08-12 13:06:45
XXXX083X0778,3029.0,2026-08-12 13:06:45
XXXX083X0852,3516.0,2026-08-12 13:06:45
XXXX083X0856,4555.0,2026-08-12 13:06:45
XXXX083X0969,3357.0,2026-08-12 13:06:45
XXXX083X0991,3437.0,2026-08-12 13:06:45
XXXX083X1004,3284.0,2026-08-12 13:06:45
XXXX083X1043,2597.0,2026-08-12 13:06:45
XXXX083X1061,3246.0,2026-08-12 13:06:45
XXXX083X1108,3530.0,2026-08-12 13:06:45
XXXX083X1109,4109.0,2026-08-12 13:06:45
XXXX083X1239,3632.0,2026-08-12 13:06:45
XXXX083X1246,5680.0,2026-08-12 13:06:45
XXXX083X1265,4657.0,2026-08-12 13:06:45
XXXX083X1267,5139.0,2026-08-12 13:06:45
XXXX083X1286,4440.0,2026-08-12 13:06:45
XXXX083X1308,3426.0,2026-08-12 13:06:45
XXXX083X1341,3962.0,2026-08-12 13:06:45
XXXX083X1427,3116.0,2026-08-12 13:06:45
XXXX083X1450,3425.0,2026-08-12 13:06:45
XXXX083X1566,3062.0,2026-08-12 13:06:45
XXXX083X1594,3588.0,2026-08-12 13:06:45
XXXX083X1644,4714.0,2026-08-12 13:06:45
XXXX083X1819,3444.0,2026-08-12 13:06:45
XXXX083X1836,3629.0,2026-08-12 13:06:45
XXXX083X1846,4166.0,2026-08-12 13:06:45
XXXX083X1889,3528.0,2026-08-12 13:06:45
XXXX083X1926,4864.0,2026-08-12 13:06:45
XXXX083X1935,5449.0,2026-08-12 13:06:45
XXXX083X1955,3709.0,2026-08-12 13:06:45
XXXX083X1960,5266.0,2026-08-12 13:06:45
XXXX083X1996,4399.0,2026-08-12 13:06:45
XXXX083X2039,3966.0,2026-08-12 13:06:45
XXXX083X2041,3128.0,2026-08-12 13:06:45
XXXX083X2073,4280.0,2026-08-12 13:06:45
XXXX083X2112,2969.0,2026-08-12 13:06:45
XXXX083X2140,4107.0,2026-08-12 13:06:45
XXXX083X2162,4301.0,2026-08-12 13:06:45
XXXX083X2195,3045.0,2026-08-12 13:06:45
XXXX083X2303,3923.0,2026-08-12 13:06:45
XXXX083X2361,3992.0,2026-08-12 13:06:45
XXXX083X2389,3953.0,2026-08-12 13:06:45
XXXX083X2518,2976.0,2026-08-12 13:06:45
XXXX083X2523,3768.0,2026-08-12 13:06:45
XXXX083X2529,3430.0,2026-08-12 13:06:45
XXXX083X2660,3017.0,2026-08-12 13:06:45
XXXX083X2694,3709.0,2026-08-12 13:06:45
XXXX083X2717,3483.0,2026-08-12 13:06:45
XXXX083X2745,2814.0,2026-08-12 13:06:45
XXXX083X2769,3296.0,2026-08-12 13:06:45
XXXX083X2905,3399.0,2026-08-12 13:06:45
XXXX083X2932,2860.0,2026-08-12 13:06:45
XXXX083X2958,4695.0,2026-08-12 13:06:45
XXXX083X3107,3713.0,2026-08-12 13:06:45
XXXX083X3281,3834.0,2026-08-12 13:06:45
XXXX083X3287,3751.0,2026-08-12 13:06:45
XXXX083X3411,3369.0,2026-08-12 13:06:45
XXXX083X3416,3782.0,2026-08-12 13:06:45
XXXX083X3417,2966.0,2026-08-12 13:06:45
XXXX083X3485,3179.0,2026-08-12 13:06:45
XXXX083X3887,3345.0,2026-08-12 13:06:45
XXXX083X3913,4632.0,2026-08-12 13:06:45
XXXX083X3916,4021.0,2026-08-12 13:06:45
XXXX083X3926,3176.0,2026-08-12 13:06:45
XXXX083X3938,2888.0,2026-08-12 13:06:45
XXXX083X3941,3623.0,2026-08-12 13:06:45
XXXX083X3980,5262.0,2026-08-12 13:06:45
XXXX083X4007,3372.0,2026-08-12 13:06:45
XXXX083X4085,4687.0,2026-08-12 13:06:45
XXXX083X4168,4072.0,2026-08-12 13:06:45
XXXX083X4185,3252.0,2026-08-12 13:06:45
XXXX083X4217,6266.0,2026-08-12 13:06:45
XXXX083X4229,3202.0,2026-08-12 13:06:45
XXXX083X4241,2502.0,2026-08-12 13:06:45
XXXX083X4281,4342.0,2026-08-12 13:06:45
XXXX083X4361,3506.0,2026-08-12 13:06:45
XXXX083X4368,3410.0,2026-08-12 13:06:45
XXXX083X4417,3380.0,2026-08-12 13:06:45
XXXX083X4455,3254.0,2026-08-12 13:06:45
XXXX083X4476,2587.0,2026-08-12 13:06:45
XXXX083X4684,4167.0,2026-08-12 13:06:45
XXXX083X4717,3220.0,2026-08-12 13:06:45
XXXX083X4719,3588.0,2026-08-12 13:06:45
XXXX083X4809,3270.0,2026-08-12 13:06:45
XXXX083X4833,4436.0,2026-08-12 13:06:45
XXXX083X4876,3487.0,2026-08-12 13:06:45
XXXX083X4881,4584.0,2026-08-12 13:06:45
XXXX083X4973,3967.0,2026-08-12 13:06:45
XXXX083X4976,3174.0,2026-08-12 13:06:45
XXXX083X5001,3325.0,2026-08-12 13:06:45
XXXX083X5089,2694.0,2026-08-12 13:06:45
XXXX083X5098,4861.0,2026-08-12 13:06:45
XXXX083X5105,3563.0,2026-08-12 13:06:45
XXXX083X5144,3739.0,2026-08-12 13:06:45
XXXX083X5164,5701.0,2026-08-12 13:06:45
XXXX083X5173,3578.0,2026-08-12 13:06:45
XXXX083X5210,3197.0,2026-08-12 13:06:45
XXXX083X5238,3992.0,2026-08-12 13:06:45
XXXX083X5242,3497.0,2026-08-12 13:06:45
XXXX083X5254,3231.0,2026-08-12 13:06:45
XXXX083X5280,3308.0,2026-08-12 13:06:45
XXXX083X5308,4901.0,2026-08-12 13:06:45
XXXX083X5319,3658.0,2026-08-12 13:06:45
XXXX083X5341,2653.0,2026-08-12 13:06:45
XXXX083X5393,4420.0,2026-08-12 13:06:45
XXXX083X5584,3132.0,2026-08-12 13:06:45
XXXX083X5599,2575.0,2026-08-12 13:06:45
XXXX083X5609,4240.0,2026-08-12 13:06:45
XXXX083X5667,4097.0,2026-08-12 13:06:45
XXXX083X5692,3632.0,2026-08-12 13:06:45
XXXX083X5780,3716.0,2026-08-12 13:06:45
XXXX083X5808,4937.0,2026-08-12 13:06:45
XXXX083X5823,4296.0,2026-08-12 13:06:45
XXXX083X5845,5128.0,2026-08-12 13:06:45
XXXX083X5852,2811.0,2026-08-12 13:06:45
XXXX083X5899,4321.0,2026-08-12 13:06:45
XXXX083X5973,5720.0,2026-08-12 13:06:45
XXXX083X5974,4545.0,2026-08-12 13:06:45
XXXX083X6050,6028.0,2026-08-12 13:06:45
XXXX083X6126,2417.0,2026-08-12 13:06:45
XXXX083X6147,3713.0,2026-08-12 13:06:45
XXXX083X6181,3675.0,2026-08-12 13:06:45
XXXX083X6252,3788.0,2026-08-12 13:06:45
XXXX083X6275,4238.0,2026-08-12 13:06:45
XXXX083X6331,2658.0,2026-08-12 13:06:45
XXXX083X6332,4372.0,2026-08-12 13:06:45
XXXX083X6498,2998.0,2026-08-12 13:06:45
XXXX083X6520,4373.0,2026-08-12 13:06:45
XXXX083X6553,3715.0,2026-08-12 13:06:45
XXXX083X6635,5575.0,2026-08-12 13:06:45
XXXX083X6675,3207.0,2026-08-12 13:06:45
XXXX083X6681,3014.0,2026-08-12 13:06:45
XXXX083X6699,4802.0,2026-08-12 13:06:45
XXXX083X6753,2986.0,2026-08-12 13:06:45
XXXX083X6770,5672.0,2026-08-12 13:06:45
XXXX083X6803,3047.0,2026-08-12 13:06:45
XXXX083X6842,2920.0,2026-08-12 13:06:45
XXXX083X6938,3416.0,2026-08-12 13:06:45
XXXX083X6944,5199.0,2026-08-12 13:06:45
XXXX083X7018,4342.0,2026-08-12 13:06:45
XXXX083X7023,3239.0,2026-08-12 13:06:45
XXXX083X7092,3957.0,2026-08-12 13:06:45
XXXX083X7152,4389.0,2026-08-12 13:06:45
XXXX083X7210,3559.0,2026-08-12 13:06:45
XXXX083X7259,3912.0,2026-08-12 13:06:45
XXXX083X7289,5058.0,2026-08-12 13:06:45
XXXX083X7290,4472.0,2026-08-12 13:06:45
XXXX083X7364,3426.0,2026-08-12 13:06:45
XXXX083X7386,3643.0,2026-08-12 13:06:45
XXXX083X7396,7041.0,2026-08-12 13:06:45
XXXX083X7436,3915.0,2026-08-12 13:06:45
XXXX083X7473,4568.0,2026-08-12 13:06:45
XXXX083X7506,4145.0,2026-08-12 13:06:45
XXXX083X7531,3208.0,2026-08-12 13:06:45
XXXX083X7581,4140.0,2026-08-12 13:06:45
XXXX083X7587,4172.0,2026-08-12 13:06:45
XXXX083X7642,3497.0,2026-08-12 13:06:45
XXXX083X7777,3093.0,2026-08-12 13:06:45
XXXX083X7794,3533.0,2026-08-12 13:06:45
XXXX083X7840,4181.0,2026-08-12 13:06:45
XXXX083X7902,3860.0,2026-08-12 13:06:45
XXXX083X7928,4355.0,2026-08-12 13:06:45
XXXX083X7933,3185.0,2026-08-12 13:06:45
XXXX083X7979,3905.0,2026-08-12 13:06:45
XXXX083X8000,2984.0,2026-08-12 13:06:45
XXXX083X8051,4105.0,2026-08-12 13:06:45
XXXX083X8068,3044.0,2026-08-12 13:06:45
XXXX083X8078,3835.0,2026-08-12 13:06:45
XXXX083X8087,4201.0,2026-08-12 13:06:45
XXXX083X8145,2827.0,2026-08-12 13:06:45
XXXX083X8151,4098.0,2026-08-12 13:06:45
XXXX083X8198,3300.0,2026-08-12 13:06:45
XXXX083X8199,3206.0,2026-08-12 13:06:45
XXXX083X8255,5183.0,2026-08-12 13:06:45
XXXX083X8284,3651.0,2026-08-12 13:06:45
XXXX083X8304,3270.0,2026-08-12 13:06:45
XXXX083X8342,3502.0,2026-08-12 13:06:45
XXXX083X8345,3647.0,2026-08-12 13:06:45
XXXX083X8358,4047.0,2026-08-12 13:06:45
XXXX083X8410,3736.0,2026-08-12 13:06:45
XXXX083X8441,3273.0,2026-08-12 13:06:45
XXXX083X8476,5641.0,2026-08-12 13:06:45
XXXX083X8526,4435.0,2026-08-12 13:06:45
XXXX083X8529,5955.0,2026-08-12 13:06:45
XXXX083X8552,4005.0,2026-08-12 13:06:45
XXXX083X8622,4628.0,2026-08-12 13:06:45
XXXX083X8625,2853.0,2026-08-12 13:06:45
XXXX083X8637,4486.0,2026-08-12 13:06:45
XXXX083X8646,2081.0,2026-08-12 13:06:45
XXXX083X8649,3273.0,2026-08-12 13:06:45
XXXX083X8850,2969.0,2026-08-12 13:06:45
XXXX083X8854,3419.0,2026-08-12 13:06:45
XXXX083X8962,4410.0,2026-08-12 13:06:45
XXXX083X8984,4235.0,2026-08-12 13:06:45
XXXX083X8987,3915.0,2026-08-12 13:06:45
XXXX083X9056,4652.0,2026-08-12 13:06:45
XXXX083X9110,4506.0,2026-08-12 13:06:45
XXXX083X9126,3971.0,2026-08-12 13:06:45
XXXX083X9134,3699.0,2026-08-12 13:06:45
XXXX083X9157,3208.0,2026-08-12 13:06:45
XXXX083X9199,3662.0,2026-08-12 13:06:45
XXXX083X9215,4631.0,2026-08-12 13:06:45
XXXX083X9243,4363.0,2026-08-12 13:06:45
XXXX083X9267,3281.0,2026-08-12 13:06:45
XXXX083X9277,3760.0,2026-08-12 13:06:45
XXXX083X9291,3300.0,2026-08-12 13:06:45
XXXX083X9352,3270.0,2026-08-12 13:06:45
XXXX083X9416,3539.0,2026-08-12 13:06:45
XXXX083X9470,3620.0,2026-08-12 13:06:45
XXXX083X9493,3779.0,2026-08-12 13:06:45
XXXX083X9497,5241.0,2026-08-12 13:06:45
XXXX083X9509,4047.0,2026-08-12 13:06:45
XXXX083X9516,4112.0,2026-08-12 13:06:45
XXXX083X9820,3512.0,2026-08-12 13:06:45
XXXX083X9826,2912.0,2026-08-12 13:06:45
XXXX083X9899,4121.0,2026-08-12 13:06:45
XXXX083X9905,3259.0,2026-08-12 13:06:45
XXXX083X9922,4774.0,2026-08-12 13:06:45
XXXX083X9958,3659.0,2026-08-12 13:06:45
XXXX083X9973,4605.0,2026-08-12 13:06:45
XXXX083X9974,3534.0,2026-08-12 13:06:45
XXXX083X9980,4254.0,2026-08-12 13:06:45
XXXX084X0069,3430.0,2026-08-12 13:06:45
XXXX084X0163,4204.0,2026-08-12 13:06:45
XXXX084X0232,4389.0,2026-08-12 13:06:45
XXXX084X0300,3386.0,2026-08-12 13:06:45
XXXX084X0375,3067.0,2026-08-12 13:06:45
XXXX084X0493,4446.0,2026-08-12 13:06:45
XXXX084X0628,4389.0,2026-08-12 13:06:45
XXXX084X0645,3410.0,2026-08-12 13:06:45
XXXX084X0823,3777.0,2026-08-12 13:06:45
XXXX084X0874,3246.0,2026-08-12 13:06:45
XXXX084X0912,4244.0,2026-08-12 13:06:45
XXXX084X0913,3491.0,2026-08-12 13:06:45
XXXX084X0979,3579.0,2026-08-12 13:06:45
XXXX084X1125,4254.0,2026-08-12 13:06:45
XXXX084X1157,3360.0,2026-08-12 13:06:45
XXXX084X1281,2692.0,2026-08-12 13:06:45
XXXX084X1295,3803.0,2026-08-12 13:06:45
XXXX084X1472,4411.0,2026-08-12 13:06:45
XXXX084X1480,4266.0,2026-08-12 13:06:45
XXXX084X1635,3041.0,2026-08-12 13:06:45
XXXX084X1768,4991.0,2026-08-12 13:06:45
XXXX084X1782,3419.0,2026-08-12 13:06:45
XXXX084X1851,5660.0,2026-08-12 13:06:45
XXXX084X1861,5525.0,2026-08-12 13:06:45
XXXX084X1923,5802.0,2026-08-12 13:06:45
XXXX084X1985,3422.0,2026-08-12 13:06:45
XXXX084X1988,3156.0,2026-08-12 13:06:45
XXXX084X2015,3777.0,2026-08-12 13:06:45
XXXX084X2197,6454.0,2026-08-12 13:06:45
XXXX084X2222,3865.0,2026-08-12 13:06:45
XXXX084X2395,4898.0,2026-08-12 13:06:45
XXXX084X2512,8813.0,2026-08-12 13:06:45
XXXX084X2562,6809.0,2026-08-12 13:06:45
XXXX084X2726,2818.0,2026-08-12 13:06:45
XXXX084X2862,4197.0,2026-08-12 13:06:45
XXXX084X2894,4244.0,2026-08-12 13:06:45
XXXX084X2968,5292.0,2026-08-12 13:06:45
XXXX084X3334,3434.0,2026-08-12 13:06:45
XXXX084X3471,3190.0,2026-08-12 13:06:45
XXXX084X3616,4142.0,2026-08-12 13:06:45
XXXX084X3678,4508.0,2026-08-12 13:06:45
XXXX084X3704,6018.0,2026-08-12 13:06:45
XXXX084X3753,4249.0,2026-08-12 13:06:45
XXXX084X3798,3235.0,2026-08-12 13:06:45
XXXX084X3937,3466.0,2026-08-12 13:06:45
XXXX084X4229,5587.0,2026-08-12 13:06:45
XXXX084X4231,4024.0,2026-08-12 13:06:45
XXXX084X4279,3436.0,2026-08-12 13:06:45
XXXX084X4298,3716.0,2026-08-12 13:06:45
XXXX084X4421,4223.0,2026-08-12 13:06:45
XXXX084X4427,5608.0,2026-08-12 13:06:45
XXXX084X4461,4522.0,2026-08-12 13:06:45
XXXX084X4479,4682.0,2026-08-12 13:06:45
XXXX084X4590,3970.0,2026-08-12 13:06:45
XXXX084X4777,2861.0,2026-08-12 13:06:45
XXXX084X4802,3605.0,2026-08-12 13:06:45
XXXX084X4895,4010.0,2026-08-12 13:06:45
XXXX084X4924,3474.0,2026-08-12 13:06:45
XXXX084X5069,3428.0,2026-08-12 13:06:45
XXXX084X5187,3101.0,2026-08-12 13:06:45
XXXX084X5213,3743.0,2026-08-12 13:06:45
XXXX084X5464,5318.0,2026-08-12 13:06:45
XXXX084X5476,2720.0,2026-08-12 13:06:45
XXXX084X5563,4106.0,2026-08-12 13:06:45
XXXX084X5651,3880.0,2026-08-12 13:06:45
XXXX084X5866,4399.0,2026-08-12 13:06:45
XXXX084X5975,3374.0,2026-08-12 13:06:45
XXXX084X6016,3578.0,2026-08-12 13:06:45
XXXX084X6107,4265.0,2026-08-12 13:06:45
XXXX084X6122,3162.0,2026-08-12 13:06:45
XXXX084X6275,5483.0,2026-08-12 13:06:45
XXXX084X6333,4198.0,2026-08-12 13:06:45
XXXX084X6336,3659.0,2026-08-12 13:06:45
XXXX084X6589,3772.0,2026-08-12 13:06:45
XXXX084X6595,3701.0,2026-08-12 13:06:45
XXXX084X6775,3293.0,2026-08-12 13:06:45
XXXX084X6890,4061.0,2026-08-12 13:06:45
XXXX084X7002,2951.0,2026-08-12 13:06:45
XXXX084X7139,2567.0,2026-08-12 13:06:45
XXXX084X7235,4326.0,2026-08-12 13:06:45
XXXX084X7300,5073.0,2026-08-12 13:06:45
XXXX084X7379,3601.0,2026-08-12 13:06:45
XXXX084X7464,4238.0,2026-08-12 13:06:45
XXXX084X7563,4990.0,2026-08-12 13:06:45
XXXX084X7608,3410.0,2026-08-12 13:06:45
XXXX084X8364,3204.0,2026-08-12 13:06:45
XXXX084X8393,2709.0,2026-08-12 13:06:45
XXXX084X8454,3274.0,2026-08-12 13:06:45
XXXX084X8528,4760.0,2026-08-12 13:06:45
XXXX084X8545,3146.0,2026-08-12 13:06:45
XXXX084X8741,5162.0,2026-08-12 13:06:45
XXXX084X8772,5152.0,2026-08-12 13:06:45
XXXX084X9052,3523.0,2026-08-12 13:06:45
XXXX084X9148,3891.0,2026-08-12 13:06:45
XXXX084X9812,1918.0,2026-08-12 13:06:45
XXXX084X9822,3709.0,2026-08-12 13:06:45
XXXX084X9988,4643.0,2026-08-12 13:06:45
XXXX085X0003,3774.0,2026-08-12 13:06:45
XXXX085X0060,3914.0,2026-08-12 13:06:45
XXXX085X0102,4377.0,2026-08-12 13:06:45
XXXX085X0134,3565.0,2026-08-12 13:06:45
XXXX085X0145,4503.0,2026-08-12 13:06:45
XXXX085X0212,4034.0,2026-08-12 13:06:45
XXXX085X0294,3277.0,2026-08-12 13:06:45
XXXX085X0445,5613.0,2026-08-12 13:06:45
XXXX085X0496,3681.0,2026-08-12 13:06:45
XXXX085X0592,4339.0,2026-08-12 13:06:45
XXXX085X0653,4760.0,2026-08-12 13:06:45
XXXX085X0699,3331.0,2026-08-12 13:06:45
XXXX085X0857,4342.0,2026-08-12 13:06:45
XXXX085X0887,5385.0,2026-08-12 13:06:45
XXXX085X0987,3597.0,2026-08-12 13:06:45
XXXX085X0999,3294.0,2026-08-12 13:06:45
XXXX085X1152,3865.0,2026-08-12 13:06:45
XXXX085X1166,4194.0,2026-08-12 13:06:45
XXXX085X1237,4285.0,2026-08-12 13:06:45
XXXX085X1282,3811.0,2026-08-12 13:06:45
XXXX085X1299,4311.0,2026-08-12 13:06:45
XXXX085X1337,4368.0,2026-08-12 13:06:45
XXXX085X1343,4327.0,2026-08-12 13:06:45
XXXX085X1397,3312.0,2026-08-12 13:06:45
XXXX085X1402,4627.0,2026-08-12 13:06:45
XXXX085X1406,4025.0,2026-08-12 13:06:45
XXXX085X1490,5385.0,2026-08-12 13:06:45
XXXX085X1501,3349.0,2026-08-12 13:06:45
XXXX085X1544,3132.0,2026-08-12 13:06:45
XXXX085X1567,3048.0,2026-08-12 13:06:45
XXXX085X1580,4276.0,2026-08-12 13:06:45
XXXX085X1646,4842.0,2026-08-12 13:06:45
XXXX085X1658,5624.0,2026-08-12 13:06:45
XXXX085X1664,3132.0,2026-08-12 13:06:45
XXXX085X1727,2807.0,2026-08-12 13:06:45
XXXX085X1770,4731.0,2026-08-12 13:06:45
XXXX085X1813,4373.0,2026-08-12 13:06:45
XXXX085X1846,3734.0,2026-08-12 13:06:45
XXXX085X2248,3485.0,2026-08-12 13:06:45
XXXX085X2287,3839.0,2026-08-12 13:06:45
XXXX085X2296,2726.0,2026-08-12 13:06:45
XXXX085X2442,5250.0,2026-08-12 13:06:45
XXXX085X2476,4347.0,2026-08-12 13:06:45
XXXX085X2552,3651.0,2026-08-12 13:06:45
XXXX085X2637,5032.0,2026-08-12 13:06:45
XXXX085X2638,3202.0,2026-08-12 13:06:45
XXXX085X2833,4167.0,2026-08-12 13:06:45
XXXX085X2850,4107.0,2026-08-12 13:06:45
XXXX085X2907,3667.0,2026-08-12 13:06:45
XXXX085X3068,3551.0,2026-08-12 13:06:45
XXXX085X3074,4861.0,2026-08-12 13:06:45
XXXX085X3107,3819.0,2026-08-12 13:06:45
XXXX085X3232,3921.0,2026-08-12 13:06:45
XXXX085X3330,4425.0,2026-08-12 13:06:45
XXXX085X3352,2708.0,2026-08-12 13:06:45
XXXX085X3369,3181.0,2026-08-12 13:06:45
XXXX085X3383,4843.0,2026-08-12 13:06:45
XXXX085X3448,3328.0,2026-08-12 13:06:45
XXXX085X3476,2284.0,2026-08-12 13:06:45
XXXX085X3485,3577.0,2026-08-12 13:06:45
XXXX085X3547,4636.0,2026-08-12 13:06:45
XXXX085X3565,2223.0,2026-08-12 13:06:45
XXXX085X3610,5240.0,2026-08-12 13:06:45
XXXX085X3682,5370.0,2026-08-12 13:06:45
XXXX085X3757,3754.0,2026-08-12 13:06:45
XXXX085X3767,4471.0,2026-08-12 13:06:45
XXXX085X3788,3552.0,2026-08-12 13:06:45
XXXX085X4113,4568.0,2026-08-12 13:06:45
XXXX085X4333,3240.0,2026-08-12 13:06:45
XXXX085X4405,5826.0,2026-08-12 13:06:45
XXXX085X4441,3367.0,2026-08-12 13:06:45
XXXX085X4488,3889.0,2026-08-12 13:06:45
XXXX085X4549,3677.0,2026-08-12 13:06:45
XXXX085X4570,6002.0,2026-08-12 13:06:45
XXXX085X4669,4726.0,2026-08-12 13:06:45
XXXX085X4671,4239.0,2026-08-12 13:06:45
XXXX085X4697,4350.0,2026-08-12 13:06:45
XXXX085X4754,4513.0,2026-08-12 13:06:45
XXXX085X4758,4477.0,2026-08-12 13:06:45
XXXX085X4901,4564.0,2026-08-12 13:06:45
XXXX085X5115,4570.0,2026-08-12 13:06:45
XXXX085X5123,3432.0,2026-08-12 13:06:45
XXXX085X5175,3258.0,2026-08-12 13:06:45
XXXX085X5193,4564.0,2026-08-12 13:06:45
XXXX085X5198,3293.0,2026-08-12 13:06:45
XXXX085X5199,2826.0,2026-08-12 13:06:45
XXXX085X5320,3597.0,2026-08-12 13:06:45
XXXX085X5348,3905.0,2026-08-12 13:06:45
XXXX085X5351,4202.0,2026-08-12 13:06:45
XXXX085X5354,4442.0,2026-08-12 13:06:45
XXXX085X5378,3552.0,2026-08-12 13:06:45
XXXX085X5493,4419.0,2026-08-12 13:06:45
XXXX085X5592,4975.0,2026-08-12 13:06:45
XXXX085X5663,4413.0,2026-08-12 13:06:45
XXXX085X5684,3227.0,2026-08-12 13:06:45
XXXX085X5708,3229.0,2026-08-12 13:06:45
XXXX085X5729,5084.0,2026-08-12 13:06:45
XXXX085X5922,4605.0,2026-08-12 13:06:45
XXXX085X6030,4501.0,2026-08-12 13:06:45
XXXX085X6261,4438.0,2026-08-12 13:06:45
XXXX085X6325,3784.0,2026-08-12 13:06:45
XXXX085X6414,4501.0,2026-08-12 13:06:45
XXXX085X6421,4524.0,2026-08-12 13:06:45
XXXX085X6477,3603.0,2026-08-12 13:06:45
XXXX085X6486,3622.0,2026-08-12 13:06:45
XXXX085X6500,3456.0,2026-08-12 13:06:45
XXXX085X6637,3603.0,2026-08-12 13:06:45
XXXX085X6839,4008.0,2026-08-12 13:06:45
XXXX085X6851,3919.0,2026-08-12 13:06:45
XXXX085X6881,3184.0,2026-08-12 13:06:45
XXXX085X7064,3285.0,2026-08-12 13:06:45
XXXX085X7147,4316.0,2026-08-12 13:06:45
XXXX085X7224,3819.0,2026-08-12 13:06:45
XXXX085X7407,3097.0,2026-08-12 13:06:45
XXXX085X7436,3622.0,2026-08-12 13:06:45
XXXX085X7489,3229.0,2026-08-12 13:06:45
XXXX085X7598,3223.0,2026-08-12 13:06:45
XXXX085X7603,3361.0,2026-08-12 13:06:45
XXXX085X7708,4595.0,2026-08-12 13:06:45
XXXX085X7766,4193.0,2026-08-12 13:06:45
XXXX085X7853,3704.0,2026-08-12 13:06:45
XXXX085X7855,5022.0,2026-08-12 13:06:45
XXXX085X7908,3873.0,2026-08-12 13:06:45
XXXX085X7912,3399.0,2026-08-12 13:06:45
XXXX085X8032,5103.0,2026-08-12 13:06:45
XXXX085X8037,4054.0,2026-08-12 13:06:45
XXXX085X8111,3839.0,2026-08-12 13:06:45
XXXX085X8144,5198.0,2026-08-12 13:06:45
XXXX085X8216,3165.0,2026-08-12 13:06:45
XXXX085X8317,3809.0,2026-08-12 13:06:45
XXXX085X8403,4392.0,2026-08-12 13:06:45
XXXX085X8426,4360.0,2026-08-12 13:06:45
XXXX085X8455,3750.0,2026-08-12 13:06:45
XXXX085X8520,3900.0,2026-08-12 13:06:45
XXXX085X8537,4163.0,2026-08-12 13:06:45
XXXX085X8635,3715.0,2026-08-12 13:06:45
XXXX085X8706,2717.0,2026-08-12 13:06:45
XXXX085X9083,3651.0,2026-08-12 13:06:45
XXXX085X9094,4666.0,2026-08-12 13:06:45
XXXX085X9122,4101.0,2026-08-12 13:06:45
XXXX085X9147,3936.0,2026-08-12 13:06:45
XXXX085X9215,2350.0,2026-08-12 13:06:45
XXXX085X9275,3140.0,2026-08-12 13:06:45
XXXX085X9438,3011.0,2026-08-12 13:06:45
XXXX085X9460,4778.0,2026-08-12 13:06:45
XXXX085X9497,3029.0,2026-08-12 13:06:45
XXXX085X9513,3237.0,2026-08-12 13:06:45
XXXX085X9551,7524.0,2026-08-12 13:06:45
XXXX085X9555,4075.0,2026-08-12 13:06:45
XXXX085X9563,4878.0,2026-08-12 13:06:45
XXXX085X9712,4548.0,2026-08-12 13:06:45
XXXX085X9909,3781.0,2026-08-12 13:06:45
XXXX085X9977,4550.0,2026-08-12 13:06:45
XXXX086X0271,4192.0,2026-08-12 13:06:45
XXXX086X0320,3679.0,2026-08-12 13:06:45
XXXX086X0394,3963.0,2026-08-12 13:06:45
XXXX086X0462,6241.0,2026-08-12 13:06:45
XXXX086X0515,2914.0,2026-08-12 13:06:45
XXXX086X0546,4086.0,2026-08-12 13:06:45
XXXX086X0614,5164.0,2026-08-12 13:06:45
XXXX086X0714,5027.0,2026-08-12 13:06:45
XXXX086X0880,4878.0,2026-08-12 13:06:45
XXXX086X1075,3513.0,2026-08-12 13:06:45
XXXX086X1125,3453.0,2026-08-12 13:06:45
XXXX086X1166,3672.0,2026-08-12 13:06:45
XXXX086X1283,4472.0,2026-08-12 13:06:45
XXXX086X1320,3059.0,2026-08-12 13:06:45
XXXX086X1384,3204.0,2026-08-12 13:06:45
XXXX086X1475,3822.0,2026-08-12 13:06:45
XXXX086X1497,3325.0,2026-08-12 13:06:45
XXXX086X1536,4254.0,2026-08-12 13:06:45
XXXX086X1778,3422.0,2026-08-12 13:06:45
XXXX086X1868,3938.0,2026-08-12 13:06:45
XXXX086X1955,3433.0,2026-08-12 13:06:45
XXXX086X2281,3433.0,2026-08-12 13:06:45
XXXX086X2350,2985.0,2026-08-12 13:06:45
XXXX086X2403,3045.0,2026-08-12 13:06:45
XXXX086X2431,3082.0,2026-08-12 13:06:45
XXXX086X2469,3789.0,2026-08-12 13:06:45
XXXX086X2516,3730.0,2026-08-12 13:06:45
XXXX086X2594,5050.0,2026-08-12 13:06:45
XXXX086X2654,4251.0,2026-08-12 13:06:45
XXXX086X2701,3280.0,2026-08-12 13:06:45
XXXX086X2778,5069.0,2026-08-12 13:06:45
XXXX086X2961,3422.0,2026-08-12 13:06:45
XXXX086X3100,3994.0,2026-08-12 13:06:45
XXXX086X3125,3282.0,2026-08-12 13:06:45
XXXX086X3264,5883.0,2026-08-12 13:06:45
XXXX086X3599,2980.0,2026-08-12 13:06:45
XXXX086X3623,3270.0,2026-08-12 13:06:45
XXXX086X4098,2910.0,2026-08-12 13:06:45
XXXX086X4256,5026.0,2026-08-12 13:06:45
XXXX086X4283,3977.0,2026-08-12 13:06:45
XXXX086X4290,3061.0,2026-08-12 13:06:45
XXXX086X4352,7121.0,2026-08-12 13:06:45
XXXX086X4464,4590.0,2026-08-12 13:06:45
XXXX086X4488,4125.0,2026-08-12 13:06:45
XXXX086X4535,3832.0,2026-08-12 13:06:45
XXXX086X4576,3275.0,2026-08-12 13:06:45
XXXX086X4588,4940.0,2026-08-12 13:06:45
XXXX086X4796,3883.0,2026-08-12 13:06:45
XXXX086X5226,3769.0,2026-08-12 13:06:45
XXXX086X5233,2991.0,2026-08-12 13:06:45
XXXX086X5364,3895.0,2026-08-12 13:06:45
XXXX086X5504,3650.0,2026-08-12 13:06:45
XXXX086X5521,2818.0,2026-08-12 13:06:45
XXXX086X5624,4654.0,2026-08-12 13:06:45
XXXX086X5683,6108.0,2026-08-12 13:06:45
XXXX086X5762,5698.0,2026-08-12 13:06:45
XXXX086X5832,5755.0,2026-08-12 13:06:45
XXXX086X5856,6254.0,2026-08-12 13:06:45
XXXX086X5897,3093.0,2026-08-12 13:06:45
XXXX086X6037,4935.0,2026-08-12 13:06:45
XXXX086X6233,3170.0,2026-08-12 13:06:45
XXXX086X6262,2921.0,2026-08-12 13:06:45
XXXX086X6277,3990.0,2026-08-12 13:06:45
XXXX086X6556,3453.0,2026-08-12 13:06:45
XXXX086X6703,4991.0,2026-08-12 13:06:45
XXXX086X7112,3386.0,2026-08-12 13:06:45
XXXX086X7206,4870.0,2026-08-12 13:06:45
XXXX086X7220,3748.0,2026-08-12 13:06:45
XXXX086X7435,2750.0,2026-08-12 13:06:45
XXXX086X7870,4301.0,2026-08-12 13:06:45
XXXX086X7915,4783.0,2026-08-12 13:06:45
XXXX086X8057,3952.0,2026-08-12 13:06:45
XXXX086X8200,3584.0,2026-08-12 13:06:45
XXXX086X8286,4558.0,2026-08-12 13:06:45
XXXX086X8359,3907.0,2026-08-12 13:06:45
XXXX086X8513,3166.0,2026-08-12 13:06:45
XXXX086X8738,5373.0,2026-08-12 13:06:45
XXXX086X8844,3994.0,2026-08-12 13:06:45
XXXX086X8851,3279.0,2026-08-12 13:06:45
XXXX086X8922,5893.0,2026-08-12 13:06:45
XXXX086X9002,4794.0,2026-08-12 13:06:45
XXXX086X9377,3315.0,2026-08-12 13:06:45
XXXX086X9438,6056.0,2026-08-12 13:06:45
XXXX086X9466,5402.0,2026-08-12 13:06:45
XXXX086X9556,6024.0,2026-08-12 13:06:45
XXXX086X9786,2873.0,2026-08-12 13:06:45
XXXX086X9801,3793.0,2026-08-12 13:06:45
XXXX086X9821,5601.0,2026-08-12 13:06:45
XXXX086X9873,3315.0,2026-08-12 13:06:45
XXXX086X9883,4825.0,2026-08-12 13:06:45
XXXX087X0206,4501.0,2026-08-12 13:06:45
XXXX087X0219,5043.0,2026-08-12 13:06:45
XXXX087X0242,4451.0,2026-08-12 13:06:45
XXXX087X0284,3955.0,2026-08-12 13:06:45
XXXX087X0331,3640.0,2026-08-12 13:06:45
XXXX087X0506,6475.0,2026-08-12 13:06:45
XXXX087X0520,3032.0,2026-08-12 13:06:45
XXXX087X0531,4013.0,2026-08-12 13:06:45
XXXX087X0544,4068.0,2026-08-12 13:06:45
XXXX087X0623,3719.0,2026-08-12 13:06:45
XXXX087X0678,2895.0,2026-08-12 13:06:45
XXXX087X0708,6665.0,2026-08-12 13:06:45
XXXX087X0772,4525.0,2026-08-12 13:06:45
XXXX087X0859,6428.0,2026-08-12 13:06:45
XXXX087X1369,4214.0,2026-08-12 13:06:45
XXXX087X1510,5707.0,2026-08-12 13:06:45
XXXX087X1656,3581.0,2026-08-12 13:06:45
XXXX087X2058,3400.0,2026-08-12 13:06:45
XXXX087X2394,3232.0,2026-08-12 13:06:45
XXXX087X2684,3714.0,2026-08-12 13:06:45
XXXX087X2895,3446.0,2026-08-12 13:06:45
XXXX087X3285,4819.0,2026-08-12 13:06:45
XXXX087X3316,3740.0,2026-08-12 13:06:45
XXXX087X3395,4555.0,2026-08-12 13:06:45
XXXX087X3453,3696.0,2026-08-12 13:06:45
XXXX087X3564,4393.0,2026-08-12 13:06:45
XXXX087X3889,2504.0,2026-08-12 13:06:45
XXXX087X4010,3120.0,2026-08-12 13:06:45
XXXX087X4052,5468.0,2026-08-12 13:06:45
XXXX087X4179,3445.0,2026-08-12 13:06:45
XXXX087X4207,3640.0,2026-08-12 13:06:45
XXXX087X4272,6639.0,2026-08-12 13:06:45
XXXX087X4351,3792.0,2026-08-12 13:06:45
XXXX087X4378,2280.0,2026-08-12 13:06:45
XXXX087X4417,5190.0,2026-08-12 13:06:45
XXXX087X4513,5567.0,2026-08-12 13:06:45
XXXX087X4515,4736.0,2026-08-12 13:06:45
XXXX087X4581,4550.0,2026-08-12 13:06:45
XXXX087X4685,6692.0,2026-08-12 13:06:45
XXXX087X4813,3819.0,2026-08-12 13:06:45
XXXX087X4826,4342.0,2026-08-12 13:06:45
XXXX087X4954,4232.0,2026-08-12 13:06:45
XXXX087X4970,4187.0,2026-08-12 13:06:45
XXXX087X5033,5231.0,2026-08-12 13:06:45
XXXX087X5083,3702.0,2026-08-12 13:06:45
XXXX087X5144,3631.0,2026-08-12 13:06:45
XXXX087X5209,3735.0,2026-08-12 13:06:45
XXXX087X5212,4596.0,2026-08-12 13:06:45
XXXX087X5391,5185.0,2026-08-12 13:06:45
XXXX087X5480,5765.0,2026-08-12 13:06:45
XXXX087X5657,3580.0,2026-08-12 13:06:45
XXXX087X5731,4731.0,2026-08-12 13:06:45
XXXX087X5911,2701.0,2026-08-12 13:06:45
XXXX087X5924,3518.0,2026-08-12 13:06:45
XXXX087X5964,4173.0,2026-08-12 13:06:45
XXXX087X5989,3696.0,2026-08-12 13:06:45
XXXX087X6048,3887.0,2026-08-12 13:06:45
XXXX087X6061,2697.0,2026-08-12 13:06:45
XXXX087X6160,2732.0,2026-08-12 13:06:45
XXXX087X6217,3828.0,2026-08-12 13:06:45
XXXX087X6238,4501.0,2026-08-12 13:06:45
XXXX087X6269,3472.0,2026-08-12 13:06:45
XXXX087X6440,4731.0,2026-08-12 13:06:45
XXXX087X6466,3364.0,2026-08-12 13:06:45
XXXX087X6501,4712.0,2026-08-12 13:06:45
XXXX087X6598,3997.0,2026-08-12 13:06:45
XXXX087X6749,4548.0,2026-08-12 13:06:45
XXXX087X6786,4538.0,2026-08-12 13:06:45
XXXX087X7127,5989.0,2026-08-12 13:06:45
XXXX087X7143,4349.0,2026-08-12 13:06:45
XXXX087X7395,3976.0,2026-08-12 13:06:45
XXXX087X7633,4708.0,2026-08-12 13:06:45
XXXX087X7645,3787.0,2026-08-12 13:06:45
XXXX087X7690,4638.0,2026-08-12 13:06:45
XXXX087X7755,5800.0,2026-08-12 13:06:45
XXXX087X7763,4971.0,2026-08-12 13:06:45
XXXX087X7791,3403.0,2026-08-12 13:06:45
XXXX087X7955,3636.0,2026-08-12 13:06:45
XXXX087X8049,5235.0,2026-08-12 13:06:45
XXXX087X8146,4959.0,2026-08-12 13:06:45
XXXX087X8181,7041.0,2026-08-12 13:06:45
XXXX087X8376,3681.0,2026-08-12 13:06:45
XXXX087X8486,4329.0,2026-08-12 13:06:45
XXXX087X8556,3986.0,2026-08-12 13:06:45
XXXX087X8625,2902.0,2026-08-12 13:06:45
XXXX087X8756,5935.0,2026-08-12 13:06:45
XXXX087X8789,4988.0,2026-08-12 13:06:45
XXXX087X8962,2614.0,2026-08-12 13:06:45
XXXX087X9041,5237.0,2026-08-12 13:06:45
XXXX087X9123,3677.0,2026-08-12 13:06:45
XXXX087X9145,3249.0,2026-08-12 13:06:45
XXXX087X9192,4619.0,2026-08-12 13:06:45
XXXX087X9580,5200.0,2026-08-12 13:06:45
XXXX087X9724,4524.0,2026-08-12 13:06:45
XXXX087X9875,5624.0,2026-08-12 13:06:45
XXXX088X0017,2858.0,2026-08-12 13:06:45
XXXX088X0145,3605.0,2026-08-12 13:06:45
XXXX088X0169,3684.0,2026-08-12 13:06:45
XXXX088X0230,4213.0,2026-08-12 13:06:45
XXXX088X0238,5523.0,2026-08-12 13:06:45
XXXX088X0274,4358.0,2026-08-12 13:06:45
XXXX088X0285,3289.0,2026-08-12 13:06:45
XXXX088X0346,4159.0,2026-08-12 13:06:45
XXXX088X0363,4214.0,2026-08-12 13:06:45
XXXX088X0368,3453.0,2026-08-12 13:06:45
XXXX088X0402,5157.0,2026-08-12 13:06:45
XXXX088X0497,2289.0,2026-08-12 13:06:45
XXXX088X0531,4405.0,2026-08-12 13:06:45
XXXX088X0537,2973.0,2026-08-12 13:06:45
XXXX088X0544,5184.0,2026-08-12 13:06:45
XXXX088X0592,4467.0,2026-08-12 13:06:45
XXXX088X0641,4145.0,2026-08-12 13:06:45
XXXX088X0695,5349.0,2026-08-12 13:06:45
XXXX088X0832,3280.0,2026-08-12 13:06:45
XXXX088X0838,2976.0,2026-08-12 13:06:45
XXXX088X0940,3691.0,2026-08-12 13:06:45
XXXX088X0984,3449.0,2026-08-12 13:06:45
XXXX088X1040,2924.0,2026-08-12 13:06:45
XXXX088X1128,3932.0,2026-08-12 13:06:45
XXXX088X1139,4930.0,2026-08-12 13:06:45
XXXX088X1156,6485.0,2026-08-12 13:06:45
XXXX088X1199,2612.0,2026-08-12 13:06:45
XXXX088X1238,3960.0,2026-08-12 13:06:45
XXXX088X1513,5169.0,2026-08-12 13:06:45
XXXX088X1600,5806.0,2026-08-12 13:06:45
XXXX088X1697,4228.0,2026-08-12 13:06:45
XXXX088X1715,4052.0,2026-08-12 13:06:45
XXXX088X1812,2903.0,2026-08-12 13:06:45
XXXX088X1913,2681.0,2026-08-12 13:06:45
XXXX088X1991,3816.0,2026-08-12 13:06:45
XXXX088X2014,3944.0,2026-08-12 13:06:45
XXXX088X2031,3578.0,2026-08-12 13:06:45
XXXX088X2105,2571.0,2026-08-12 13:06:45
XXXX088X2191,4373.0,2026-08-12 13:06:45
XXXX088X2197,3633.0,2026-08-12 13:06:45
XXXX088X2215,5657.0,2026-08-12 13:06:45
XXXX088X2265,3849.0,2026-08-12 13:06:45
XXXX088X2319,5481.0,2026-08-12 13:06:45
XXXX088X2416,2801.0,2026-08-12 13:06:45
XXXX088X2451,3881.0,2026-08-12 13:06:45
XXXX088X2657,4840.0,2026-08-12 13:06:45
XXXX088X2672,3010.0,2026-08-12 13:06:45
XXXX088X2700,3610.0,2026-08-12 13:06:45
XXXX088X2890,3675.0,2026-08-12 13:06:45
XXXX088X2908,4269.0,2026-08-12 13:06:45
XXXX088X3000,2095.0,2026-08-12 13:06:45
XXXX088X3010,3821.0,2026-08-12 13:06:45
XXXX088X3023,3654.0,2026-08-12 13:06:45
XXXX088X3074,3079.0,2026-08-12 13:06:45
XXXX088X3238,4421.0,2026-08-12 13:06:45
XXXX088X3277,5027.0,2026-08-12 13:06:45
XXXX088X3309,3752.0,2026-08-12 13:06:45
XXXX088X3455,4659.0,2026-08-12 13:06:45
XXXX088X3486,3628.0,2026-08-12 13:06:45
XXXX088X3767,5032.0,2026-08-12 13:06:45
XXXX088X3808,5375.0,2026-08-12 13:06:45
XXXX088X3935,3945.0,2026-08-12 13:06:45
XXXX088X4024,3555.0,2026-08-12 13:06:45
XXXX088X4058,5722.0,2026-08-12 13:06:45
XXXX088X4070,7631.0,2026-08-12 13:06:45
XXXX088X4079,3600.0,2026-08-12 13:06:45
XXXX088X4324,3338.0,2026-08-12 13:06:45
XXXX088X4496,4112.0,2026-08-12 13:06:45
XXXX088X4521,3040.0,2026-08-12 13:06:45
XXXX088X4697,4907.0,2026-08-12 13:06:45
XXXX088X4900,4555.0,2026-08-12 13:06:45
XXXX088X4901,2210.0,2026-08-12 13:06:45
XXXX088X5014,5048.0,2026-08-12 13:06:45
XXXX088X5090,5795.0,2026-08-12 13:06:45
XXXX088X5141,5343.0,2026-08-12 13:06:45
XXXX088X5201,4169.0,2026-08-12 13:06:45
XXXX088X5554,3735.0,2026-08-12 13:06:45
XXXX088X5581,3784.0,2026-08-12 13:06:45
XXXX088X5654,6448.0,2026-08-12 13:06:45
XXXX088X5655,3134.0,2026-08-12 13:06:45
XXXX088X5659,2303.0,2026-08-12 13:06:45
XXXX088X5660,5997.0,2026-08-12 13:06:45
XXXX088X6203,5666.0,2026-08-12 13:06:45
XXXX088X6285,3505.0,2026-08-12 13:06:45
XXXX088X6315,3724.0,2026-08-12 13:06:45
XXXX088X6337,3963.0,2026-08-12 13:06:45
XXXX088X6543,3854.0,2026-08-12 13:06:45
XXXX088X6630,4657.0,2026-08-12 13:06:45
XXXX088X6750,3239.0,2026-08-12 13:06:45
XXXX088X7038,3198.0,2026-08-12 13:06:45
XXXX088X7094,5796.0,2026-08-12 13:06:45
XXXX088X7215,3143.0,2026-08-12 13:06:45
XXXX088X7343,4337.0,2026-08-12 13:06:45
XXXX088X7429,3627.0,2026-08-12 13:06:45
XXXX088X7637,3882.0,2026-08-12 13:06:45
XXXX088X7754,6225.0,2026-08-12 13:06:45
XXXX088X7822,2835.0,2026-08-12 13:06:45
XXXX088X7932,2973.0,2026-08-12 13:06:45
XXXX088X7964,4088.0,2026-08-12 13:06:45
XXXX088X8023,3790.0,2026-08-12 13:06:45
XXXX088X8029,4032.0,2026-08-12 13:06:45
XXXX088X8047,5038.0,2026-08-12 13:06:45
XXXX088X8062,3189.0,2026-08-12 13:06:45
XXXX088X8179,4194.0,2026-08-12 13:06:45
XXXX088X8188,4311.0,2026-08-12 13:06:45
XXXX088X8196,4656.0,2026-08-12 13:06:45
XXXX088X8215,4153.0,2026-08-12 13:06:45
XXXX088X8283,3574.0,2026-08-12 13:06:45
XXXX088X8338,6531.0,2026-08-12 13:06:45
XXXX088X8361,4730.0,2026-08-12 13:06:45
XXXX088X8410,4885.0,2026-08-12 13:06:45
XXXX088X8429,5164.0,2026-08-12 13:06:45
XXXX088X8432,2885.0,2026-08-12 13:06:45
XXXX088X8463,3275.0,2026-08-12 13:06:45
XXXX088X8512,4092.0,2026-08-12 13:06:45
XXXX088X8603,5177.0,2026-08-12 13:06:45
XXXX088X8817,4202.0,2026-08-12 13:06:45
XXXX088X8870,6217.0,2026-08-12 13:06:45
XXXX088X8971,4225.0,2026-08-12 13:06:45
XXXX088X9161,3208.0,2026-08-12 13:06:45
XXXX088X9242,4444.0,2026-08-12 13:06:45
XXXX088X9340,4707.0,2026-08-12 13:06:45
XXXX088X9353,4300.0,2026-08-12 13:06:45
XXXX088X9620,3651.0,2026-08-12 13:06:45
XXXX088X9671,3685.0,2026-08-12 13:06:45
XXXX088X9828,3372.0,2026-08-12 13:06:45
XXXX088X9869,6466.0,2026-08-12 13:06:45
XXXX088X9873,6362.0,2026-08-12 13:06:45
XXXX088X9880,3994.0,2026-08-12 13:06:45
XXXX088X9896,5632.0,2026-08-12 13:06:45
XXXX088X9951,3473.0,2026-08-12 13:06:45
XXXX089X0109,3883.0,2026-08-12 13:06:45
XXXX089X0110,4253.0,2026-08-12 13:06:45
XXXX089X0115,4532.0,2026-08-12 13:06:45
XXXX089X0116,3558.0,2026-08-12 13:06:45
XXXX089X0206,4054.0,2026-08-12 13:06:45
XXXX089X0315,4244.0,2026-08-12 13:06:45
XXXX089X0355,6475.0,2026-08-12 13:06:45
XXXX089X0360,4561.0,2026-08-12 13:06:45
XXXX089X0450,5293.0,2026-08-12 13:06:45
XXXX089X0658,5162.0,2026-08-12 13:06:45
XXXX089X0945,3537.0,2026-08-12 13:06:45
XXXX089X1004,3211.0,2026-08-12 13:06:45
XXXX089X1068,3443.0,2026-08-12 13:06:45
XXXX089X1078,3089.0,2026-08-12 13:06:45
XXXX089X1162,6450.0,2026-08-12 13:06:45
XXXX089X1416,3013.0,2026-08-12 13:06:45
XXXX089X1613,3721.0,2026-08-12 13:06:45
XXXX089X1675,4327.0,2026-08-12 13:06:45
XXXX089X1872,3391.0,2026-08-12 13:06:45
XXXX089X1968,4636.0,2026-08-12 13:06:45
XXXX089X2119,3744.0,2026-08-12 13:06:45
XXXX089X2232,4747.0,2026-08-12 13:06:45
XXXX089X2399,4804.0,2026-08-12 13:06:45
XXXX089X2456,2699.0,2026-08-12 13:06:45
XXXX089X2680,5916.0,2026-08-12 13:06:45
XXXX089X2687,5219.0,2026-08-12 13:06:45
XXXX089X2740,2937.0,2026-08-12 13:06:45
XXXX089X2742,5935.0,2026-08-12 13:06:45
XXXX089X2909,2756.0,2026-08-12 13:06:45
XXXX089X2938,3232.0,2026-08-12 13:06:45
XXXX089X2955,3549.0,2026-08-12 13:06:45
XXXX089X2973,3850.0,2026-08-12 13:06:45
XXXX089X3157,3387.0,2026-08-12 13:06:45
XXXX089X3175,3568.0,2026-08-12 13:06:45
XXXX089X3209,4234.0,2026-08-12 13:06:45
XXXX089X3225,5426.0,2026-08-12 13:06:45
XXXX089X3262,4280.0,2026-08-12 13:06:45
XXXX089X3373,3783.0,2026-08-12 13:06:45
XXXX089X3468,5586.0,2026-08-12 13:06:45
XXXX089X3492,5092.0,2026-08-12 13:06:45
XXXX089X3589,4682.0,2026-08-12 13:06:45
XXXX089X3611,4201.0,2026-08-12 13:06:45
XXXX089X3996,3499.0,2026-08-12 13:06:45
XXXX089X4230,4316.0,2026-08-12 13:06:45
XXXX089X4397,3292.0,2026-08-12 13:06:45
XXXX089X4517,3630.0,2026-08-12 13:06:45
XXXX089X4658,5905.0,2026-08-12 13:06:45
XXXX089X5074,3258.0,2026-08-12 13:06:45
XXXX089X5322,5104.0,2026-08-12 13:06:45
XXXX089X5327,5883.0,2026-08-12 13:06:45
XXXX089X5331,3761.0,2026-08-12 13:06:45
XXXX089X5378,2929.0,2026-08-12 13:06:45
XXXX089X5523,3704.0,2026-08-12 13:06:45
XXXX089X5612,4083.0,2026-08-12 13:06:45
XXXX089X5670,2696.0,2026-08-12 13:06:45
XXXX089X5688,3051.0,2026-08-12 13:06:45
XXXX089X5717,3600.0,2026-08-12 13:06:45
XXXX089X5725,3662.0,2026-08-12 13:06:45
XXXX089X5851,3863.0,2026-08-12 13:06:45
XXXX089X5917,3493.0,2026-08-12 13:06:45
XXXX089X5999,4363.0,2026-08-12 13:06:45
XXXX089X6038,2784.0,2026-08-12 13:06:45
XXXX089X6139,3568.0,2026-08-12 13:06:45
XXXX089X6226,2131.0,2026-08-12 13:06:45
XXXX089X6268,2657.0,2026-08-12 13:06:45
XXXX089X6281,3750.0,2026-08-12 13:06:45
XXXX089X6450,2750.0,2026-08-12 13:06:45
XXXX089X6494,4529.0,2026-08-12 13:06:45
XXXX089X6504,4222.0,2026-08-12 13:06:45
XXXX089X6533,3094.0,2026-08-12 13:06:45
XXXX089X6607,3803.0,2026-08-12 13:06:45
XXXX089X6733,3116.0,2026-08-12 13:06:45
XXXX089X6955,5488.0,2026-08-12 13:06:45
XXXX089X6986,3755.0,2026-08-12 13:06:45
XXXX089X7023,5537.0,2026-08-12 13:06:45
XXXX089X7030,3555.0,2026-08-12 13:06:45
XXXX089X7178,5063.0,2026-08-12 13:06:45
XXXX089X7183,5344.0,2026-08-12 13:06:45
XXXX089X7353,3703.0,2026-08-12 13:06:45
XXXX089X7485,4768.0,2026-08-12 13:06:45
XXXX089X7522,4727.0,2026-08-12 13:06:45
XXXX089X7532,3443.0,2026-08-12 13:06:45
XXXX089X7584,2832.0,2026-08-12 13:06:45
XXXX089X7645,4274.0,2026-08-12 13:06:45
XXXX089X7854,4075.0,2026-08-12 13:06:45
XXXX089X7963,5163.0,2026-08-12 13:06:45
XXXX089X8049,2364.0,2026-08-12 13:06:45
XXXX089X8053,5577.0,2026-08-12 13:06:45
XXXX089X8122,3895.0,2026-08-12 13:06:45
XXXX089X8141,3422.0,2026-08-12 13:06:45
XXXX089X8279,3892.0,2026-08-12 13:06:45
XXXX089X8292,3816.0,2026-08-12 13:06:45
XXXX089X8304,3461.0,2026-08-12 13:06:45
XXXX089X8316,3574.0,2026-08-12 13:06:45
XXXX089X8417,3637.0,2026-08-12 13:06:45
XXXX089X8450,2856.0,2026-08-12 13:06:45
XXXX089X8598,4379.0,2026-08-12 13:06:45
XXXX089X8601,3906.0,2026-08-12 13:06:45
XXXX089X8755,3760.0,2026-08-12 13:06:45
XXXX089X8763,3807.0,2026-08-12 13:06:45
XXXX089X8854,5054.0,2026-08-12 13:06:45
XXXX089X8899,3286.0,2026-08-12 13:06:45
XXXX089X9078,3457.0,2026-08-12 13:06:45
XXXX089X9100,3773.0,2026-08-12 13:06:45
XXXX089X9194,5750.0,2026-08-12 13:06:45
XXXX089X9201,3480.0,2026-08-12 13:06:45
XXXX089X9275,3648.0,2026-08-12 13:06:45
XXXX089X9284,4176.0,2026-08-12 13:06:45
XXXX089X9329,4276.0,2026-08-12 13:06:45
XXXX089X9344,3523.0,2026-08-12 13:06:45
XXXX089X9356,3638.0,2026-08-12 13:06:45
XXXX089X9428,5107.0,2026-08-12 13:06:45
XXXX089X9438,3850.0,2026-08-12 13:06:45
XXXX089X9540,5195.0,2026-08-12 13:06:45
XXXX089X9608,2765.0,2026-08-12 13:06:45
XXXX089X9810,3437.0,2026-08-12 13:06:45
XXXX089X9819,3475.0,2026-08-12 13:06:45
XXXX090X0020,7849.0,2026-08-12 13:06:45
XXXX090X0061,4332.0,2026-08-12 13:06:45
XXXX090X0077,4593.0,2026-08-12 13:06:45
XXXX090X0479,4937.0,2026-08-12 13:06:45
XXXX090X0480,2713.0,2026-08-12 13:06:45
XXXX090X0733,5114.0,2026-08-12 13:06:45
XXXX090X0836,4751.0,2026-08-12 13:06:45
XXXX090X0841,3681.0,2026-08-12 13:06:45
XXXX090X0873,3886.0,2026-08-12 13:06:45
XXXX090X0967,2998.0,2026-08-12 13:06:45
XXXX090X0971,4270.0,2026-08-12 13:06:45
XXXX090X1140,4358.0,2026-08-12 13:06:45
XXXX090X1225,3760.0,2026-08-12 13:06:45
XXXX090X1260,3912.0,2026-08-12 13:06:45
XXXX090X1379,6480.0,2026-08-12 13:06:45
XXXX090X1500,3265.0,2026-08-12 13:06:45
XXXX090X1504,4749.0,2026-08-12 13:06:45
XXXX090X1511,3078.0,2026-08-12 13:06:45
XXXX090X1994,2995.0,2026-08-12 13:06:45
XXXX090X2002,6179.0,2026-08-12 13:06:45
XXXX090X2014,4113.0,2026-08-12 13:06:45
XXXX090X2110,3837.0,2026-08-12 13:06:45
XXXX090X2475,4342.0,2026-08-12 13:06:45
XXXX090X2516,3774.0,2026-08-12 13:06:45
XXXX090X2555,5854.0,2026-08-12 13:06:45
XXXX090X2623,4196.0,2026-08-12 13:06:45
XXXX090X2748,3611.0,2026-08-12 13:06:45
XXXX090X2755,3381.0,2026-08-12 13:06:45
XXXX090X2805,4690.0,2026-08-12 13:06:45
XXXX090X2824,6906.0,2026-08-12 13:06:45
XXXX090X2892,3598.0,2026-08-12 13:06:45
XXXX090X2952,3595.0,2026-08-12 13:06:45
XXXX090X2968,4260.0,2026-08-12 13:06:45
XXXX090X2977,3008.0,2026-08-12 13:06:45
XXXX090X3130,3176.0,2026-08-12 13:06:45
XXXX090X3234,5344.0,2026-08-12 13:06:45
XXXX090X3339,3154.0,2026-08-12 13:06:45
XXXX090X3456,3623.0,2026-08-12 13:06:45
XXXX090X3487,3876.0,2026-08-12 13:06:45
XXXX090X3636,3943.0,2026-08-12 13:06:45
XXXX090X3896,4279.0,2026-08-12 13:06:45
XXXX090X3908,4581.0,2026-08-12 13:06:45
XXXX090X3949,4225.0,2026-08-12 13:06:45
XXXX090X4009,4016.0,2026-08-12 13:06:45
XXXX090X4013,3646.0,2026-08-12 13:06:45
XXXX090X4143,3228.0,2026-08-12 13:06:45
XXXX090X4375,3400.0,2026-08-12 13:06:45
XXXX090X4394,4270.0,2026-08-12 13:06:45
XXXX090X4423,5448.0,2026-08-12 13:06:45
XXXX090X4518,4671.0,2026-08-12 13:06:45
XXXX090X4552,2980.0,2026-08-12 13:06:45
XXXX090X4643,3673.0,2026-08-12 13:06:45
XXXX090X4679,4773.0,2026-08-12 13:06:45
XXXX090X4707,6654.0,2026-08-12 13:06:45
XXXX090X4921,4730.0,2026-08-12 13:06:45
XXXX090X4941,5545.0,2026-08-12 13:06:45
XXXX090X5036,4178.0,2026-08-12 13:06:45
XXXX090X5256,6706.0,2026-08-12 13:06:45
XXXX090X5434,3356.0,2026-08-12 13:06:45
XXXX090X5475,4278.0,2026-08-12 13:06:45
XXXX090X6116,2743.0,2026-08-12 13:06:45
XXXX090X6147,4301.0,2026-08-12 13:06:45
XXXX090X6196,5368.0,2026-08-12 13:06:45
XXXX090X6732,3182.0,2026-08-12 13:06:45
XXXX090X6920,5909.0,2026-08-12 13:06:45
XXXX090X6963,4341.0,2026-08-12 13:06:45
XXXX090X6978,3400.0,2026-08-12 13:06:45
XXXX090X6982,5796.0,2026-08-12 13:06:45
XXXX090X7205,3425.0,2026-08-12 13:06:45
XXXX090X7212,4636.0,2026-08-12 13:06:45
XXXX090X7384,5071.0,2026-08-12 13:06:45
XXXX090X7501,3800.0,2026-08-12 13:06:45
XXXX090X7584,4691.0,2026-08-12 13:06:45
XXXX090X7857,3681.0,2026-08-12 13:06:45
XXXX090X7868,4138.0,2026-08-12 13:06:45
XXXX090X7899,4092.0,2026-08-12 13:06:45
XXXX090X7977,2931.0,2026-08-12 13:06:45
XXXX090X8017,3154.0,2026-08-12 13:06:45
XXXX090X8031,3233.0,2026-08-12 13:06:45
XXXX090X8070,5771.0,2026-08-12 13:06:45
XXXX090X8185,2679.0,2026-08-12 13:06:45
XXXX090X8215,4992.0,2026-08-12 13:06:45
XXXX090X8269,3644.0,2026-08-12 13:06:45
XXXX090X8314,3493.0,2026-08-12 13:06:45
XXXX090X8338,4153.0,2026-08-12 13:06:45
XXXX090X8358,5240.0,2026-08-12 13:06:45
XXXX090X8364,8551.0,2026-08-12 13:06:45
XXXX090X8382,4031.0,2026-08-12 13:06:45
XXXX090X8466,6081.0,2026-08-12 13:06:45
XXXX090X8535,3410.0,2026-08-12 13:06:45
XXXX090X8575,5872.0,2026-08-12 13:06:45
XXXX090X8737,5180.0,2026-08-12 13:06:45
XXXX090X8815,5246.0,2026-08-12 13:06:45
XXXX090X8894,5064.0,2026-08-12 13:06:45
XXXX090X8932,4260.0,2026-08-12 13:06:45
XXXX090X9077,3047.0,2026-08-12 13:06:45
XXXX090X9089,2548.0,2026-08-12 13:06:45
XXXX090X9091,6896.0,2026-08-12 13:06:45
XXXX090X9219,3779.0,2026-08-12 13:06:45
XXXX090X9605,4332.0,2026-08-12 13:06:45
XXXX090X9760,5499.0,2026-08-12 13:06:45
XXXX090X9806,3308.0,2026-08-12 13:06:45
XXXX090X9812,5089.0,2026-08-12 13:06:45
XXXX090X9918,5193.0,2026-08-12 13:06:45
XXXX091X0094,5014.0,2026-08-12 13:06:45
XXXX091X0120,3474.0,2026-08-12 13:06:45
XXXX091X0124,4306.0,2026-08-12 13:06:45
XXXX091X0184,4839.0,2026-08-12 13:06:45
XXXX091X0383,3570.0,2026-08-12 13:06:45
XXXX091X0444,3660.0,2026-08-12 13:06:45
XXXX091X0556,4711.0,2026-08-12 13:06:45
XXXX091X0710,3237.0,2026-08-12 13:06:45
XXXX091X0786,5498.0,2026-08-12 13:06:45
XXXX091X0844,5181.0,2026-08-12 13:06:45
XXXX091X0915,3699.0,2026-08-12 13:06:45
XXXX091X0926,4254.0,2026-08-12 13:06:45
XXXX091X1001,3680.0,2026-08-12 13:06:45
XXXX091X1069,5710.0,2026-08-12 13:06:45
XXXX091X1122,4204.0,2026-08-12 13:06:45
XXXX091X1136,3827.0,2026-08-12 13:06:45
XXXX091X1299,2871.0,2026-08-12 13:06:45
XXXX091X1370,3969.0,2026-08-12 13:06:45
XXXX091X1375,3905.0,2026-08-12 13:06:45
XXXX091X1411,2972.0,2026-08-12 13:06:45
XXXX091X1520,4285.0,2026-08-12 13:06:45
XXXX091X1541,5825.0,2026-08-12 13:06:45
XXXX091X1582,4125.0,2026-08-12 13:06:45
XXXX091X1670,4109.0,2026-08-12 13:06:45
XXXX091X1783,4016.0,2026-08-12 13:06:45
XXXX091X1813,5769.0,2026-08-12 13:06:45
XXXX091X1902,3806.0,2026-08-12 13:06:45
XXXX091X1990,4713.0,2026-08-12 13:06:45
XXXX091X2008,5539.0,2026-08-12 13:06:45
XXXX091X2093,3945.0,2026-08-12 13:06:45
XXXX091X2209,5588.0,2026-08-12 13:06:45
XXXX091X2289,5622.0,2026-08-12 13:06:45
XXXX091X2301,6335.0,2026-08-12 13:06:45
XXXX091X2322,5467.0,2026-08-12 13:06:45
XXXX091X2455,4291.0,2026-08-12 13:06:45
XXXX091X2546,3690.0,2026-08-12 13:06:45
XXXX091X2599,3128.0,2026-08-12 13:06:45
XXXX091X2789,3688.0,2026-08-12 13:06:45
XXXX091X2797,3543.0,2026-08-12 13:06:45
XXXX091X2981,3792.0,2026-08-12 13:06:45
XXXX091X3223,4540.0,2026-08-12 13:06:45
XXXX091X3324,4855.0,2026-08-12 13:06:45
XXXX091X3410,3407.0,2026-08-12 13:06:45
XXXX091X3727,3901.0,2026-08-12 13:06:45
XXXX091X3763,5203.0,2026-08-12 13:06:45
XXXX091X3779,3680.0,2026-08-12 13:06:45
XXXX091X3793,6225.0,2026-08-12 13:06:45
XXXX091X3828,4234.0,2026-08-12 13:06:45
XXXX091X4010,3729.0,2026-08-12 13:06:45
XXXX091X4050,2863.0,2026-08-12 13:06:45
XXXX091X4192,4368.0,2026-08-12 13:06:45
XXXX091X4290,3725.0,2026-08-12 13:06:45
XXXX091X4299,3197.0,2026-08-12 13:06:45
XXXX091X4338,3636.0,2026-08-12 13:06:45
XXXX091X4482,3685.0,2026-08-12 13:06:45
XXXX091X4496,3395.0,2026-08-12 13:06:45
XXXX091X4515,3578.0,2026-08-12 13:06:45
XXXX091X4595,4971.0,2026-08-12 13:06:45
XXXX091X4726,5545.0,2026-08-12 13:06:45
XXXX091X4916,3824.0,2026-08-12 13:06:45
XXXX091X5176,3036.0,2026-08-12 13:06:45
XXXX091X5259,3552.0,2026-08-12 13:06:45
XXXX091X5312,4175.0,2026-08-12 13:06:45
XXXX091X5319,4710.0,2026-08-12 13:06:45
XXXX091X5388,4747.0,2026-08-12 13:06:45
XXXX091X5438,3701.0,2026-08-12 13:06:45
XXXX091X5562,3990.0,2026-08-12 13:06:45
XXXX091X5580,4622.0,2026-08-12 13:06:45
XXXX091X5686,3809.0,2026-08-12 13:06:45
XXXX091X5793,4799.0,2026-08-12 13:06:45
XXXX091X5854,5596.0,2026-08-12 13:06:45
XXXX091X6040,4638.0,2026-08-12 13:06:45
XXXX091X6112,3523.0,2026-08-12 13:06:45
XXXX091X6146,4791.0,2026-08-12 13:06:45
XXXX091X6201,3386.0,2026-08-12 13:06:45
XXXX091X6394,3541.0,2026-08-12 13:06:45
XXXX091X6494,4603.0,2026-08-12 13:06:45
XXXX091X6501,3405.0,2026-08-12 13:06:45
XXXX091X6842,2823.0,2026-08-12 13:06:45
XXXX091X6946,5157.0,2026-08-12 13:06:45
XXXX091X7059,4028.0,2026-08-12 13:06:45
XXXX091X7082,5113.0,2026-08-12 13:06:45
XXXX091X7148,4933.0,2026-08-12 13:06:45
XXXX091X7171,5611.0,2026-08-12 13:06:45
XXXX091X7341,3785.0,2026-08-12 13:06:45
XXXX091X7349,4341.0,2026-08-12 13:06:45
XXXX091X7351,4968.0,2026-08-12 13:06:45
XXXX091X7371,3033.0,2026-08-12 13:06:45
XXXX091X7385,5184.0,2026-08-12 13:06:45
XXXX091X7433,4231.0,2026-08-12 13:06:45
XXXX091X7494,3588.0,2026-08-12 13:06:45
XXXX091X7535,3951.0,2026-08-12 13:06:45
XXXX091X7552,5342.0,2026-08-12 13:06:45
XXXX091X7563,5111.0,2026-08-12 13:06:45
XXXX091X7608,3069.0,2026-08-12 13:06:45
XXXX091X7702,5030.0,2026-08-12 13:06:45
XXXX091X8023,4761.0,2026-08-12 13:06:45
XXXX091X8105,3574.0,2026-08-12 13:06:45
XXXX091X8177,3492.0,2026-08-12 13:06:45
XXXX091X8348,3306.0,2026-08-12 13:06:45
XXXX091X8419,3337.0,2026-08-12 13:06:45
XXXX091X8599,4743.0,2026-08-12 13:06:45
XXXX091X8802,4632.0,2026-08-12 13:06:45
XXXX091X9455,5762.0,2026-08-12 13:06:45
XXXX091X9560,5033.0,2026-08-12 13:06:45
XXXX091X9607,3627.0,2026-08-12 13:06:45
XXXX091X9680,3346.0,2026-08-12 13:06:45
XXXX091X9775,6277.0,2026-08-12 13:06:45
XXXX091X9994,4548.0,2026-08-12 13:06:45
XXXX092X2564,3433.0,2026-08-12 13:06:45
XXXX092X3068,3025.0,2026-08-12 13:06:45
XXXX092X4797,3410.0,2026-08-12 13:06:45
XXXX092X5472,5035.0,2026-08-12 13:06:45
XXXX092X9333,3668.0,2026-08-12 13:06:45
XXXX093X6734,5197.0,2026-08-12 13:06:45
XXXX096X6340,3400.0,2026-08-12 13:06:45
XXXX096X6500,3563.0,2026-08-12 13:06:45
XXXX096X6708,4791.0,2026-08-12 13:06:45
XXXX096X7132,3990.0,2026-08-12 13:06:45
XXXX096X8047,4206.0,2026-08-12 13:06:45
XXXX096X8412,4203.0,2026-08-12 13:06:45
XXXX096X8634,4038.0,2026-08-12 13:06:45
XXXX096X9274,3539.0,2026-08-12 13:06:45
XXXX096X9419,5177.0,2026-08-12 13:06:45
XXXX096X9761,5204.0,2026-08-12 13:06:45
XXXX097X0105,3693.0,2026-08-12 13:06:45
XXXX097X0265,2750.0,2026-08-12 13:06:45
XXXX097X0301,3334.0,2026-08-12 13:06:45
XXXX097X0349,3986.0,2026-08-12 13:06:45
XXXX097X0396,3715.0,2026-08-12 13:06:45
XXXX097X0500,2438.0,2026-08-12 13:06:45
XXXX097X0613,4905.0,2026-08-12 13:06:45
XXXX097X0614,3816.0,2026-08-12 13:06:45
XXXX097X0838,4208.0,2026-08-12 13:06:45
XXXX097X0876,3265.0,2026-08-12 13:06:45
XXXX097X1031,4087.0,2026-08-12 13:06:45
XXXX097X1170,7323.0,2026-08-12 13:06:45
XXXX097X1223,5569.0,2026-08-12 13:06:45
XXXX097X1391,7106.0,2026-08-12 13:06:45
XXXX097X1522,3882.0,2026-08-12 13:06:45
XXXX097X1705,6661.0,2026-08-12 13:06:45
XXXX097X1964,4402.0,2026-08-12 13:06:45
XXXX097X2239,3643.0,2026-08-12 13:06:45
XXXX097X2405,3273.0,2026-08-12 13:06:45
XXXX097X2465,3322.0,2026-08-12 13:06:45
XXXX097X3247,3050.0,2026-08-12 13:06:45
XXXX097X3259,3948.0,2026-08-12 13:06:45
XXXX097X3341,3575.0,2026-08-12 13:06:45
XXXX097X3540,4372.0,2026-08-12 13:06:45
XXXX097X3548,9014.0,2026-08-12 13:06:45
XXXX097X3716,4005.0,2026-08-12 13:06:45
XXXX097X3957,4126.0,2026-08-12 13:06:45
XXXX097X4064,3585.0,2026-08-12 13:06:45
XXXX097X4145,4223.0,2026-08-12 13:06:45
XXXX097X4292,4498.0,2026-08-12 13:06:45
XXXX097X4619,9304.0,2026-08-12 13:06:45
XXXX097X4699,4466.0,2026-08-12 13:06:45
XXXX097X4718,4368.0,2026-08-12 13:06:45
XXXX097X4767,4563.0,2026-08-12 13:06:45
XXXX097X4896,3107.0,2026-08-12 13:06:45
XXXX097X4910,4040.0,2026-08-12 13:06:45
XXXX097X5312,4424.0,2026-08-12 13:06:45
XXXX097X5437,4702.0,2026-08-12 13:06:45
XXXX097X5659,3202.0,2026-08-12 13:06:45
XXXX097X5665,3856.0,2026-08-12 13:06:45
XXXX097X5757,4949.0,2026-08-12 13:06:45
XXXX097X5797,3685.0,2026-08-12 13:06:45
XXXX097X5819,3888.0,2026-08-12 13:06:45
XXXX097X6099,4914.0,2026-08-12 13:06:45
XXXX097X6358,3357.0,2026-08-12 13:06:45
XXXX097X6397,3318.0,2026-08-12 13:06:45
XXXX097X6528,3113.0,2026-08-12 13:06:45
XXXX097X6733,4078.0,2026-08-12 13:06:45
XXXX097X6807,5788.0,2026-08-12 13:06:45
XXXX097X6839,4916.0,2026-08-12 13:06:45
XXXX097X6854,3143.0,2026-08-12 13:06:45
XXXX097X6883,3811.0,2026-08-12 13:06:45
XXXX097X7003,3305.0,2026-08-12 13:06:45
XXXX097X7029,3143.0,2026-08-12 13:06:45
XXXX097X7228,4570.0,2026-08-12 13:06:45
XXXX097X7327,4474.0,2026-08-12 13:06:45
XXXX097X7364,2653.0,2026-08-12 13:06:45
XXXX097X7479,3249.0,2026-08-12 13:06:45
XXXX097X7514,3386.0,2026-08-12 13:06:45
XXXX097X7654,4927.0,2026-08-12 13:06:45
XXXX097X7668,5267.0,2026-08-12 13:06:45
XXXX097X7744,5405.0,2026-08-12 13:06:45
XXXX097X7890,3559.0,2026-08-12 13:06:45
XXXX097X7942,4326.0,2026-08-12 13:06:45
XXXX097X8123,7136.0,2026-08-12 13:06:45
XXXX097X8130,3557.0,2026-08-12 13:06:45
XXXX097X8245,2560.0,2026-08-12 13:06:45
XXXX097X8307,2720.0,2026-08-12 13:06:45
XXXX097X8529,6800.0,2026-08-12 13:06:45
XXXX097X8628,6326.0,2026-08-12 13:06:45
XXXX097X8744,4271.0,2026-08-12 13:06:45
XXXX097X8859,3509.0,2026-08-12 13:06:45
XXXX097X8919,8265.0,2026-08-12 13:06:45
XXXX097X9037,4052.0,2026-08-12 13:06:45
XXXX097X9079,3263.0,2026-08-12 13:06:45
XXXX097X9139,3897.0,2026-08-12 13:06:45
XXXX097X9213,3034.0,2026-08-12 13:06:45
XXXX097X9236,5296.0,2026-08-12 13:06:45
XXXX097X9327,7790.0,2026-08-12 13:06:45
XXXX097X9352,4291.0,2026-08-12 13:06:45
XXXX097X9403,4105.0,2026-08-12 13:06:45
XXXX097X9459,3322.0,2026-08-12 13:06:45
XXXX097X9473,6023.0,2026-08-12 13:06:45
XXXX097X9800,10495.0,2026-08-12 13:06:45
XXXX097X9817,4941.0,2026-08-12 13:06:45
XXXX097X9831,4106.0,2026-08-12 13:06:45
XXXX097X9908,5794.0,2026-08-12 13:06:45
XXXX097X9948,4086.0,2026-08-12 13:06:45
XXXX097X9962,2978.0,2026-08-12 13:06:45
XXXX097X9994,5764.0,2026-08-12 13:06:45
XXXX098X0267,4306.0,2026-08-12 13:06:45
XXXX098X0281,2359.0,2026-08-12 13:06:45
XXXX098X4835,3761.0,2026-08-12 13:06:45
XXXX098X5215,3073.0,2026-08-12 13:06:45
XXXX098X5878,6031.0,2026-08-12 13:06:45
XXXX098X6783,6857.0,2026-08-12 13:06:45
XXXX098X6837,3380.0,2026-08-12 13:06:45
XXXX098X7988,3257.0,2026-08-12 13:06:45
XXXX100X0285,4249.0,2026-08-12 13:06:45
XXXX100X1426,4664.0,2026-08-12 13:06:45
XXXX100X1541,4030.0,2026-08-12 13:06:45
XXXX100X1602,4192.0,2026-08-12 13:06:45
XXXX100X2708,3737.0,2026-08-12 13:06:45
XXXX100X2835,3886.0,2026-08-12 13:06:45
XXXX100X3117,4793.0,2026-08-12 13:06:45
XXXX100X3737,2511.0,2026-08-12 13:06:45
XXXX100X4025,4898.0,2026-08-12 13:06:45
XXXX100X4301,4715.0,2026-08-12 13:06:45
XXXX100X4487,5752.0,2026-08-12 13:06:45
XXXX100X4596,3982.0,2026-08-12 13:06:45
XXXX100X4706,4977.0,2026-08-12 13:06:45
XXXX100X4736,5061.0,2026-08-12 13:06:45
XXXX100X4900,4223.0,2026-08-12 13:06:45
XXXX100X5009,4914.0,2026-08-12 13:06:45
XXXX100X5112,6498.0,2026-08-12 13:06:45
XXXX100X5124,2630.0,2026-08-12 13:06:45
XXXX100X5133,6182.0,2026-08-12 13:06:45
XXXX100X5228,4842.0,2026-08-12 13:06:45
XXXX100X5316,5644.0,2026-08-12 13:06:45
XXXX100X5814,4256.0,2026-08-12 13:06:45
XXXX100X5887,3731.0,2026-08-12 13:06:45
XXXX100X6449,3929.0,2026-08-12 13:06:45
XXXX100X7335,5597.0,2026-08-12 13:06:45
XXXX100X7396,3948.0,2026-08-12 13:06:45
XXXX100X7645,5213.0,2026-08-12 13:06:45
XXXX100X7943,4671.0,2026-08-12 13:06:45
XXXX100X8158,4799.0,2026-08-12 13:06:45
XXXX100X8395,4371.0,2026-08-12 13:06:45
XXXX100X8614,4877.0,2026-08-12 13:06:45
XXXX100X9340,6770.0,2026-08-12 13:06:45
XXXX101X0113,4363.0,2026-08-12 13:06:45
XXXX101X0135,3488.0,2026-08-12 13:06:45
XXXX101X0645,4241.0,2026-08-12 13:06:45
XXXX101X1134,3097.0,2026-08-12 13:06:45
XXXX101X1173,2908.0,2026-08-12 13:06:45
XXXX101X1291,3093.0,2026-08-12 13:06:45
XXXX101X1395,7073.0,2026-08-12 13:06:45
XXXX101X1523,3606.0,2026-08-12 13:06:45
XXXX101X1592,5031.0,2026-08-12 13:06:45
XXXX101X1641,3292.0,2026-08-12 13:06:45
XXXX101X2014,3687.0,2026-08-12 13:06:45
XXXX101X2139,5071.0,2026-08-12 13:06:45
XXXX101X2446,4984.0,2026-08-12 13:06:45
XXXX101X2565,4248.0,2026-08-12 13:06:45
XXXX101X2607,3467.0,2026-08-12 13:06:45
XXXX101X3029,3652.0,2026-08-12 13:06:45
XXXX101X3099,1876.0,2026-08-12 13:06:45
XXXX101X3248,3238.0,2026-08-12 13:06:45
XXXX101X3770,3453.0,2026-08-12 13:06:45
XXXX101X4046,3492.0,2026-08-12 13:06:45
XXXX101X4562,6108.0,2026-08-12 13:06:45
XXXX101X4715,3280.0,2026-08-12 13:06:45
XXXX101X4812,6912.0,2026-08-12 13:06:45
XXXX101X4955,3986.0,2026-08-12 13:06:45
XXXX101X5343,6374.0,2026-08-12 13:06:45
XXXX101X5418,3752.0,2026-08-12 13:06:45
XXXX101X5586,4456.0,2026-08-12 13:06:45
XXXX101X5774,3990.0,2026-08-12 13:06:45
XXXX101X5792,2594.0,2026-08-12 13:06:45
XXXX101X6108,6393.0,2026-08-12 13:06:45
XXXX101X6148,6394.0,2026-08-12 13:06:45
XXXX101X6290,4824.0,2026-08-12 13:06:45
XXXX101X6339,3981.0,2026-08-12 13:06:45
XXXX101X6752,4507.0,2026-08-12 13:06:45
XXXX101X6798,3311.0,2026-08-12 13:06:45
XXXX101X6840,3952.0,2026-08-12 13:06:45
XXXX101X6847,4974.0,2026-08-12 13:06:45
XXXX101X6874,4238.0,2026-08-12 13:06:45
XXXX101X7028,7053.0,2026-08-12 13:06:45
XXXX101X7091,4861.0,2026-08-12 13:06:45
XXXX101X7140,3375.0,2026-08-12 13:06:45
XXXX101X7550,5188.0,2026-08-12 13:06:45
XXXX101X8486,3456.0,2026-08-12 13:06:45
XXXX101X8522,4853.0,2026-08-12 13:06:45
XXXX101X8544,5845.0,2026-08-12 13:06:45
XXXX101X8656,3329.0,2026-08-12 13:06:45
XXXX101X8705,5042.0,2026-08-12 13:06:45
XXXX101X8735,5505.0,2026-08-12 13:06:45
XXXX101X9318,5135.0,2026-08-12 13:06:45
XXXX101X9379,4586.0,2026-08-12 13:06:45
XXXX101X9397,6479.0,2026-08-12 13:06:45
XXXX101X9558,4197.0,2026-08-12 13:06:45
XXXX101X9655,3520.0,2026-08-12 13:06:45
XXXX103X0137,5376.0,2026-08-12 13:06:45
XXXX103X0176,4264.0,2026-08-12 13:06:45
XXXX103X0256,3109.0,2026-08-12 13:06:45
XXXX103X0381,4829.0,2026-08-12 13:06:45
XXXX103X0417,4871.0,2026-08-12 13:06:45
XXXX103X0513,3244.0,2026-08-12 13:06:45
XXXX103X0681,5044.0,2026-08-12 13:06:45
XXXX103X0833,3368.0,2026-08-12 13:06:45
XXXX103X1023,4209.0,2026-08-12 13:06:45
XXXX103X1106,5384.0,2026-08-12 13:06:45
XXXX103X1131,6433.0,2026-08-12 13:06:45
XXXX103X1157,3699.0,2026-08-12 13:06:45
XXXX103X1200,4609.0,2026-08-12 13:06:45
XXXX103X1308,3668.0,2026-08-12 13:06:45
XXXX103X1346,3901.0,2026-08-12 13:06:45
XXXX103X1406,3448.0,2026-08-12 13:06:45
XXXX103X1774,3620.0,2026-08-12 13:06:45
XXXX103X1796,6736.0,2026-08-12 13:06:45
XXXX103X1850,2882.0,2026-08-12 13:06:45
XXXX103X1918,6910.0,2026-08-12 13:06:45
XXXX103X1933,4481.0,2026-08-12 13:06:45
XXXX103X1992,3093.0,2026-08-12 13:06:45
XXXX103X1993,3712.0,2026-08-12 13:06:45
XXXX103X2071,4631.0,2026-08-12 13:06:45
XXXX103X2224,5577.0,2026-08-12 13:06:45
XXXX103X2352,3767.0,2026-08-12 13:06:45
XXXX103X2445,4310.0,2026-08-12 13:06:45
XXXX103X2503,3819.0,2026-08-12 13:06:45
XXXX103X2516,2185.0,2026-08-12 13:06:45
XXXX103X2663,8322.0,2026-08-12 13:06:45
XXXX103X2859,4440.0,2026-08-12 13:06:45
XXXX103X2918,5166.0,2026-08-12 13:06:45
XXXX103X2925,6531.0,2026-08-12 13:06:45
XXXX103X3116,4157.0,2026-08-12 13:06:45
XXXX103X3144,4398.0,2026-08-12 13:06:45
XXXX103X3227,4311.0,2026-08-12 13:06:45
XXXX103X3268,5456.0,2026-08-12 13:06:45
XXXX103X3369,4228.0,2026-08-12 13:06:45
XXXX103X3441,3730.0,2026-08-12 13:06:45
XXXX103X3486,3242.0,2026-08-12 13:06:45
XXXX103X3679,4276.0,2026-08-12 13:06:45
XXXX103X3732,7009.0,2026-08-12 13:06:45
XXXX103X3776,4135.0,2026-08-12 13:06:45
XXXX103X3810,3461.0,2026-08-12 13:06:45
XXXX103X3962,2772.0,2026-08-12 13:06:45
XXXX103X4124,5976.0,2026-08-12 13:06:45
XXXX103X4127,3655.0,2026-08-12 13:06:45
XXXX103X4207,3285.0,2026-08-12 13:06:45
XXXX103X4367,4861.0,2026-08-12 13:06:45
XXXX103X4380,5904.0,2026-08-12 13:06:45
XXXX103X4405,6857.0,2026-08-12 13:06:45
XXXX103X4450,4869.0,2026-08-12 13:06:45
XXXX103X4569,2735.0,2026-08-12 13:06:45
XXXX103X4613,4168.0,2026-08-12 13:06:45
XXXX103X4645,2347.0,2026-08-12 13:06:45
XXXX103X4925,3600.0,2026-08-12 13:06:45
XXXX103X4937,3357.0,2026-08-12 13:06:45
XXXX103X5006,4506.0,2026-08-12 13:06:45
XXXX103X5010,5249.0,2026-08-12 13:06:45
XXXX103X5325,5104.0,2026-08-12 13:06:45
XXXX103X5447,4368.0,2026-08-12 13:06:45
XXXX103X5490,4302.0,2026-08-12 13:06:45
XXXX103X5561,3793.0,2026-08-12 13:06:45
XXXX103X5591,5671.0,2026-08-12 13:06:45
XXXX103X5642,6294.0,2026-08-12 13:06:45
XXXX103X5646,6869.0,2026-08-12 13:06:45
XXXX103X5673,4342.0,2026-08-12 13:06:45
XXXX103X5698,5556.0,2026-08-12 13:06:45
XXXX103X5896,5303.0,2026-08-12 13:06:45
XXXX103X5974,7802.0,2026-08-12 13:06:45
XXXX103X5999,8504.0,2026-08-12 13:06:45
XXXX103X6007,4791.0,2026-08-12 13:06:45
XXXX103X6047,5428.0,2026-08-12 13:06:45
XXXX103X6094,2926.0,2026-08-12 13:06:45
XXXX103X6099,4829.0,2026-08-12 13:06:45
XXXX103X6178,4609.0,2026-08-12 13:06:45
XXXX103X6279,2978.0,2026-08-12 13:06:45
XXXX103X6305,3869.0,2026-08-12 13:06:45
XXXX103X6335,8448.0,2026-08-12 13:06:45
XXXX103X6348,3341.0,2026-08-12 13:06:45
XXXX103X6399,4767.0,2026-08-12 13:06:45
XXXX103X6465,6671.0,2026-08-12 13:06:45
XXXX103X6471,6869.0,2026-08-12 13:06:45
XXXX103X6532,4142.0,2026-08-12 13:06:45
XXXX103X6558,6257.0,2026-08-12 13:06:45
XXXX103X6575,3012.0,2026-08-12 13:06:45
XXXX103X6689,3034.0,2026-08-12 13:06:45
XXXX103X6746,5182.0,2026-08-12 13:06:45
XXXX103X6751,3692.0,2026-08-12 13:06:45
XXXX103X6754,7001.0,2026-08-12 13:06:45
XXXX103X7077,2498.0,2026-08-12 13:06:45
XXXX103X7142,3155.0,2026-08-12 13:06:45
XXXX103X7155,4800.0,2026-08-12 13:06:45
XXXX103X7174,2824.0,2026-08-12 13:06:45
XXXX103X7194,5030.0,2026-08-12 13:06:45
XXXX103X7294,4106.0,2026-08-12 13:06:45
XXXX103X7606,4605.0,2026-08-12 13:06:45
XXXX103X7720,3084.0,2026-08-12 13:06:45
XXXX103X7776,5149.0,2026-08-12 13:06:45
XXXX103X7915,3314.0,2026-08-12 13:06:45
XXXX103X7923,3871.0,2026-08-12 13:06:45
XXXX103X7932,3624.0,2026-08-12 13:06:45
XXXX103X8029,3275.0,2026-08-12 13:06:45
XXXX103X8031,3604.0,2026-08-12 13:06:45
XXXX103X8165,3923.0,2026-08-12 13:06:45
XXXX103X8169,3557.0,2026-08-12 13:06:45
XXXX103X8172,6908.0,2026-08-12 13:06:45
XXXX103X8199,2815.0,2026-08-12 13:06:45
XXXX103X8207,3633.0,2026-08-12 13:06:45
XXXX103X8510,7224.0,2026-08-12 13:06:45
XXXX103X8516,5550.0,2026-08-12 13:06:45
XXXX103X8558,4498.0,2026-08-12 13:06:45
XXXX103X8809,3776.0,2026-08-12 13:06:45
XXXX103X8868,4612.0,2026-08-12 13:06:45
XXXX103X8889,3654.0,2026-08-12 13:06:45
XXXX103X9127,3685.0,2026-08-12 13:06:45
XXXX103X9242,3548.0,2026-08-12 13:06:45
XXXX103X9252,7095.0,2026-08-12 13:06:45
XXXX103X9417,7250.0,2026-08-12 13:06:45
XXXX103X9423,3207.0,2026-08-12 13:06:45
XXXX103X9455,3701.0,2026-08-12 13:06:45
XXXX103X9462,5183.0,2026-08-12 13:06:45
XXXX103X9507,3980.0,2026-08-12 13:06:45
XXXX103X9525,5897.0,2026-08-12 13:06:45
XXXX103X9545,3843.0,2026-08-12 13:06:45
XXXX103X9615,3260.0,2026-08-12 13:06:45
XXXX103X9632,3891.0,2026-08-12 13:06:45
XXXX103X9641,7612.0,2026-08-12 13:06:45
XXXX103X9985,4016.0,2026-08-12 13:06:45
XXXX104X0004,4209.0,2026-08-12 13:06:45
XXXX104X0472,3654.0,2026-08-12 13:06:45
XXXX104X0554,6171.0,2026-08-12 13:06:45
XXXX104X2577,3919.0,2026-08-12 13:06:45
XXXX104X3278,4845.0,2026-08-12 13:06:45
XXXX104X3558,6246.0,2026-08-12 13:06:45
XXXX104X5459,6331.0,2026-08-12 13:06:45
XXXX104X5461,4949.0,2026-08-12 13:06:45
XXXX104X5826,4366.0,2026-08-12 13:06:45
XXXX104X5939,4310.0,2026-08-12 13:06:45
XXXX104X7086,3480.0,2026-08-12 13:06:45
XXXX104X7110,3932.0,2026-08-12 13:06:45
XXXX104X7946,5104.0,2026-08-12 13:06:45
XXXX104X9139,4402.0,2026-08-12 13:06:45
XXXX105X0008,3069.0,2026-08-12 13:06:45
XXXX105X0024,4420.0,2026-08-12 13:06:45
XXXX105X0129,4863.0,2026-08-12 13:06:45
XXXX105X0287,3379.0,2026-08-12 13:06:45
XXXX105X0303,3578.0,2026-08-12 13:06:45
XXXX105X0348,3927.0,2026-08-12 13:06:45
XXXX105X0365,4143.0,2026-08-12 13:06:45
XXXX105X0481,3688.0,2026-08-12 13:06:45
XXXX105X0584,3650.0,2026-08-12 13:06:45
XXXX105X0647,4619.0,2026-08-12 13:06:45
XXXX105X0695,3557.0,2026-08-12 13:06:45
XXXX105X0701,4060.0,2026-08-12 13:06:45
XXXX105X0753,4619.0,2026-08-12 13:06:45
XXXX105X0830,3777.0,2026-08-12 13:06:45
XXXX105X0865,4150.0,2026-08-12 13:06:45
XXXX105X0918,3457.0,2026-08-12 13:06:45
XXXX105X0948,4397.0,2026-08-12 13:06:45
XXXX105X1121,6389.0,2026-08-12 13:06:45
XXXX105X1187,3547.0,2026-08-12 13:06:45
XXXX105X1200,3368.0,2026-08-12 13:06:45
XXXX105X1270,3705.0,2026-08-12 13:06:45
XXXX105X1317,3503.0,2026-08-12 13:06:45
XXXX105X1336,4572.0,2026-08-12 13:06:45
XXXX105X1366,2331.0,2026-08-12 13:06:45
XXXX105X1422,3954.0,2026-08-12 13:06:45
XXXX105X1449,3345.0,2026-08-12 13:06:45
XXXX105X1505,4234.0,2026-08-12 13:06:45
XXXX105X1541,3588.0,2026-08-12 13:06:45
XXXX105X1575,4620.0,2026-08-12 13:06:45
XXXX105X1607,5441.0,2026-08-12 13:06:45
XXXX105X1614,4461.0,2026-08-12 13:06:45
XXXX105X1681,4824.0,2026-08-12 13:06:45
XXXX105X1691,4161.0,2026-08-12 13:06:45
XXXX105X1693,5338.0,2026-08-12 13:06:45
XXXX105X1779,6593.0,2026-08-12 13:06:45
XXXX105X1907,3596.0,2026-08-12 13:06:45
XXXX105X1908,5236.0,2026-08-12 13:06:45
XXXX105X1949,3254.0,2026-08-12 13:06:45
XXXX105X1974,3395.0,2026-08-12 13:06:45
XXXX105X2022,3179.0,2026-08-12 13:06:45
XXXX105X2034,4048.0,2026-08-12 13:06:45
XXXX105X2120,2384.0,2026-08-12 13:06:45
XXXX105X2187,3455.0,2026-08-12 13:06:45
XXXX105X2238,5050.0,2026-08-12 13:06:45
XXXX105X2245,3616.0,2026-08-12 13:06:45
XXXX105X2260,4676.0,2026-08-12 13:06:45
XXXX105X2263,8281.0,2026-08-12 13:06:45
XXXX105X2295,4943.0,2026-08-12 13:06:45
XXXX105X2456,2880.0,2026-08-12 13:06:45
XXXX105X2489,3179.0,2026-08-12 13:06:45
XXXX105X2496,3573.0,2026-08-12 13:06:45
XXXX105X2509,4253.0,2026-08-12 13:06:45
XXXX105X2512,3666.0,2026-08-12 13:06:45
XXXX105X2541,3128.0,2026-08-12 13:06:45
XXXX105X2544,6327.0,2026-08-12 13:06:45
XXXX105X2600,4238.0,2026-08-12 13:06:45
XXXX105X2680,4094.0,2026-08-12 13:06:45
XXXX105X2723,5757.0,2026-08-12 13:06:45
XXXX105X2824,3962.0,2026-08-12 13:06:45
XXXX105X2884,4756.0,2026-08-12 13:06:45
XXXX105X2903,3772.0,2026-08-12 13:06:45
XXXX105X2945,2993.0,2026-08-12 13:06:45
XXXX105X2965,6205.0,2026-08-12 13:06:45
XXXX105X2971,4076.0,2026-08-12 13:06:45
XXXX105X3274,3952.0,2026-08-12 13:06:45
XXXX105X3289,4664.0,2026-08-12 13:06:45
XXXX105X3293,4161.0,2026-08-12 13:06:45
XXXX105X3309,3494.0,2026-08-12 13:06:45
XXXX105X3384,7124.0,2026-08-12 13:06:45
XXXX105X3446,4337.0,2026-08-12 13:06:45
XXXX105X3506,6414.0,2026-08-12 13:06:45
XXXX105X3518,5441.0,2026-08-12 13:06:45
XXXX105X3585,4770.0,2026-08-12 13:06:45
XXXX105X3617,3170.0,2026-08-12 13:06:45
XXXX105X3619,4702.0,2026-08-12 13:06:45
XXXX105X3695,3511.0,2026-08-12 13:06:45
XXXX105X3746,4854.0,2026-08-12 13:06:45
XXXX105X3767,3161.0,2026-08-12 13:06:45
XXXX105X3805,3437.0,2026-08-12 13:06:45
XXXX105X3848,4393.0,2026-08-12 13:06:45
XXXX105X3954,3668.0,2026-08-12 13:06:45
XXXX105X4042,3856.0,2026-08-12 13:06:45
XXXX105X4112,4487.0,2026-08-12 13:06:45
XXXX105X4228,4474.0,2026-08-12 13:06:45
XXXX105X4233,4111.0,2026-08-12 13:06:45
XXXX105X4310,3632.0,2026-08-12 13:06:45
XXXX105X4339,3311.0,2026-08-12 13:06:45
XXXX105X4345,3213.0,2026-08-12 13:06:45
XXXX105X4368,3401.0,2026-08-12 13:06:45
XXXX105X4460,3643.0,2026-08-12 13:06:45
XXXX105X4463,6363.0,2026-08-12 13:06:45
XXXX105X4480,5748.0,2026-08-12 13:06:45
XXXX105X4554,3627.0,2026-08-12 13:06:45
XXXX105X4584,4978.0,2026-08-12 13:06:45
XXXX105X4603,3000.0,2026-08-12 13:06:45
XXXX105X4678,2937.0,2026-08-12 13:06:45
XXXX105X4689,3985.0,2026-08-12 13:06:45
XXXX105X4776,3937.0,2026-08-12 13:06:45
XXXX105X4789,3128.0,2026-08-12 13:06:45
XXXX105X4798,2651.0,2026-08-12 13:06:45
XXXX105X4810,3144.0,2026-08-12 13:06:45
XXXX105X4864,5173.0,2026-08-12 13:06:45
XXXX105X4942,3725.0,2026-08-12 13:06:45
XXXX105X5116,4573.0,2026-08-12 13:06:45
XXXX105X5117,3466.0,2026-08-12 13:06:45
XXXX105X5160,5063.0,2026-08-12 13:06:45
XXXX105X5169,3360.0,2026-08-12 13:06:45
XXXX105X5173,4664.0,2026-08-12 13:06:45
XXXX105X5236,3033.0,2026-08-12 13:06:45
XXXX105X5241,3336.0,2026-08-12 13:06:45
XXXX105X5363,3887.0,2026-08-12 13:06:45
XXXX105X5447,3932.0,2026-08-12 13:06:45
XXXX105X5541,3575.0,2026-08-12 13:06:45
XXXX105X5653,6324.0,2026-08-12 13:06:45
XXXX105X5714,3354.0,2026-08-12 13:06:45
XXXX105X5800,3620.0,2026-08-12 13:06:45
XXXX105X5805,4457.0,2026-08-12 13:06:45
XXXX105X5819,9345.0,2026-08-12 13:06:45
XXXX105X5966,6939.0,2026-08-12 13:06:45
XXXX105X6044,6922.0,2026-08-12 13:06:45
XXXX105X6100,3240.0,2026-08-12 13:06:45
XXXX105X6117,2884.0,2026-08-12 13:06:45
XXXX105X6178,6801.0,2026-08-12 13:06:45
XXXX105X6234,3368.0,2026-08-12 13:06:45
XXXX105X6259,4432.0,2026-08-12 13:06:45
XXXX105X6287,4327.0,2026-08-12 13:06:45
XXXX105X6348,8511.0,2026-08-12 13:06:45
XXXX105X6386,3420.0,2026-08-12 13:06:45
XXXX105X6432,2370.0,2026-08-12 13:06:45
XXXX105X6437,3618.0,2026-08-12 13:06:45
XXXX105X6444,5477.0,2026-08-12 13:06:45
XXXX105X6497,3472.0,2026-08-12 13:06:45
XXXX105X6506,3225.0,2026-08-12 13:06:45
XXXX105X6559,2841.0,2026-08-12 13:06:45
XXXX105X6567,2547.0,2026-08-12 13:06:45
XXXX105X6607,3835.0,2026-08-12 13:06:45
XXXX105X6685,4213.0,2026-08-12 13:06:45
XXXX105X6702,5750.0,2026-08-12 13:06:45
XXXX105X6730,4101.0,2026-08-12 13:06:45
XXXX105X6757,3357.0,2026-08-12 13:06:45
XXXX105X6832,3319.0,2026-08-12 13:06:45
XXXX105X6835,3090.0,2026-08-12 13:06:45
XXXX105X6847,4497.0,2026-08-12 13:06:45
XXXX105X6853,3746.0,2026-08-12 13:06:45
XXXX105X6878,3725.0,2026-08-12 13:06:45
XXXX105X6902,3776.0,2026-08-12 13:06:45
XXXX105X6917,5302.0,2026-08-12 13:06:45
XXXX105X7028,3990.0,2026-08-12 13:06:45
XXXX105X7087,2861.0,2026-08-12 13:06:45
XXXX105X7142,5711.0,2026-08-12 13:06:45
XXXX105X7159,2475.0,2026-08-12 13:06:45
XXXX105X7241,3202.0,2026-08-12 13:06:45
XXXX105X7262,3367.0,2026-08-12 13:06:45
XXXX105X7290,6951.0,2026-08-12 13:06:45
XXXX105X7367,3871.0,2026-08-12 13:06:45
XXXX105X7403,4474.0,2026-08-12 13:06:45
XXXX105X7414,5795.0,2026-08-12 13:06:45
XXXX105X7458,3557.0,2026-08-12 13:06:45
XXXX105X7530,3856.0,2026-08-12 13:06:45
XXXX105X7536,5487.0,2026-08-12 13:06:45
XXXX105X7543,3854.0,2026-08-12 13:06:45
XXXX105X7549,2706.0,2026-08-12 13:06:45
XXXX105X7561,3885.0,2026-08-12 13:06:45
XXXX105X7604,3207.0,2026-08-12 13:06:45
XXXX105X7636,3116.0,2026-08-12 13:06:45
XXXX105X7662,4778.0,2026-08-12 13:06:45
XXXX105X7738,2886.0,2026-08-12 13:06:45
XXXX105X7799,4185.0,2026-08-12 13:06:45
XXXX105X7887,4902.0,2026-08-12 13:06:45
XXXX105X7932,3377.0,2026-08-12 13:06:45
XXXX105X7934,4560.0,2026-08-12 13:06:45
XXXX105X8051,4341.0,2026-08-12 13:06:45
XXXX105X8129,2520.0,2026-08-12 13:06:45
XXXX105X8137,3864.0,2026-08-12 13:06:45
XXXX105X8217,6494.0,2026-08-12 13:06:45
XXXX105X8237,3953.0,2026-08-12 13:06:45
XXXX105X8273,4185.0,2026-08-12 13:06:45
XXXX105X8339,3509.0,2026-08-12 13:06:45
XXXX105X8429,4876.0,2026-08-12 13:06:45
XXXX105X8469,5959.0,2026-08-12 13:06:45
XXXX105X8510,3753.0,2026-08-12 13:06:45
XXXX105X8537,5550.0,2026-08-12 13:06:45
XXXX105X8564,3781.0,2026-08-12 13:06:45
XXXX105X8576,4715.0,2026-08-12 13:06:45
XXXX105X8640,7916.0,2026-08-12 13:06:45
XXXX105X8653,3762.0,2026-08-12 13:06:45
XXXX105X8724,3868.0,2026-08-12 13:06:45
XXXX105X8811,5116.0,2026-08-12 13:06:45
XXXX105X8897,3875.0,2026-08-12 13:06:45
XXXX105X8930,3003.0,2026-08-12 13:06:45
XXXX105X9198,4871.0,2026-08-12 13:06:45
XXXX105X9222,5507.0,2026-08-12 13:06:45
XXXX105X9255,4186.0,2026-08-12 13:06:45
XXXX105X9261,3299.0,2026-08-12 13:06:45
XXXX105X9272,4570.0,2026-08-12 13:06:45
XXXX105X9315,4031.0,2026-08-12 13:06:45
XXXX105X9327,3835.0,2026-08-12 13:06:45
XXXX105X9392,3099.0,2026-08-12 13:06:45
XXXX105X9400,5156.0,2026-08-12 13:06:45
XXXX105X9424,3395.0,2026-08-12 13:06:45
XXXX105X9494,3942.0,2026-08-12 13:06:45
XXXX105X9502,9705.0,2026-08-12 13:06:45
XXXX105X9514,3368.0,2026-08-12 13:06:45
XXXX105X9791,3657.0,2026-08-12 13:06:45
XXXX105X9798,2594.0,2026-08-12 13:06:45
XXXX105X9852,3507.0,2026-08-12 13:06:45
XXXX105X9872,2867.0,2026-08-12 13:06:45
XXXX105X9892,3800.0,2026-08-12 13:06:45
XXXX105X9998,3975.0,2026-08-12 13:06:45
XXXX106X0019,2955.0,2026-08-12 13:06:45
XXXX106X0154,5699.0,2026-08-12 13:06:45
XXXX106X0198,4638.0,2026-08-12 13:06:45
XXXX106X0294,4919.0,2026-08-12 13:06:45
XXXX106X0385,4684.0,2026-08-12 13:06:45
XXXX106X0529,4789.0,2026-08-12 13:06:45
XXXX106X0680,4367.0,2026-08-12 13:06:45
XXXX106X0802,3010.0,2026-08-12 13:06:45
XXXX106X0906,2971.0,2026-08-12 13:06:45
XXXX106X0918,6603.0,2026-08-12 13:06:45
XXXX106X0921,2919.0,2026-08-12 13:06:45
XXXX106X0941,4982.0,2026-08-12 13:06:45
XXXX106X0963,3132.0,2026-08-12 13:06:45
XXXX106X1014,2838.0,2026-08-12 13:06:45
XXXX106X1023,5066.0,2026-08-12 13:06:45
XXXX106X1080,4773.0,2026-08-12 13:06:45
XXXX106X1160,4609.0,2026-08-12 13:06:45
XXXX106X1294,3506.0,2026-08-12 13:06:45
XXXX106X1333,3090.0,2026-08-12 13:06:45
XXXX106X1342,2525.0,2026-08-12 13:06:45
XXXX106X1503,5120.0,2026-08-12 13:06:45
XXXX106X1522,6701.0,2026-08-12 13:06:45
XXXX106X1649,2803.0,2026-08-12 13:06:45
XXXX106X1667,4109.0,2026-08-12 13:06:45
XXXX106X1782,4337.0,2026-08-12 13:06:45
XXXX106X1791,4167.0,2026-08-12 13:06:45
XXXX106X1999,4145.0,2026-08-12 13:06:45
XXXX106X2022,3215.0,2026-08-12 13:06:45
XXXX106X2025,2680.0,2026-08-12 13:06:45
XXXX106X2046,4892.0,2026-08-12 13:06:45
XXXX106X2091,4065.0,2026-08-12 13:06:45
XXXX106X2101,3547.0,2026-08-12 13:06:45
XXXX106X2107,4112.0,2026-08-12 13:06:45
XXXX106X2178,3013.0,2026-08-12 13:06:45
XXXX106X2195,3552.0,2026-08-12 13:06:45
XXXX106X2239,4753.0,2026-08-12 13:06:45
XXXX106X2310,4593.0,2026-08-12 13:06:45
XXXX106X2316,5630.0,2026-08-12 13:06:45
XXXX106X2329,6000.0,2026-08-12 13:06:45
XXXX106X2427,4516.0,2026-08-12 13:06:45
XXXX106X2453,3374.0,2026-08-12 13:06:45
XXXX106X2466,3237.0,2026-08-12 13:06:45
XXXX106X2478,3877.0,2026-08-12 13:06:45
XXXX106X2481,4326.0,2026-08-12 13:06:45
XXXX106X2499,4914.0,2026-08-12 13:06:45
XXXX106X2523,2444.0,2026-08-12 13:06:45
XXXX106X2581,4375.0,2026-08-12 13:06:45
XXXX106X2619,4353.0,2026-08-12 13:06:45
XXXX106X2686,2861.0,2026-08-12 13:06:45
XXXX106X2760,6957.0,2026-08-12 13:06:45
XXXX106X2761,4839.0,2026-08-12 13:06:45
XXXX106X2910,2816.0,2026-08-12 13:06:45
XXXX106X3088,3517.0,2026-08-12 13:06:45
XXXX106X3204,3552.0,2026-08-12 13:06:45
XXXX106X3219,4808.0,2026-08-12 13:06:45
XXXX106X3623,3384.0,2026-08-12 13:06:45
XXXX106X3641,6596.0,2026-08-12 13:06:45
XXXX106X3647,4188.0,2026-08-12 13:06:45
XXXX106X3663,4072.0,2026-08-12 13:06:45
XXXX106X3680,3242.0,2026-08-12 13:06:45
XXXX106X3708,3627.0,2026-08-12 13:06:45
XXXX106X3732,3357.0,2026-08-12 13:06:45
XXXX106X3745,4421.0,2026-08-12 13:06:45
XXXX106X3784,2653.0,2026-08-12 13:06:45
XXXX106X4066,4520.0,2026-08-12 13:06:45
XXXX106X4072,4063.0,2026-08-12 13:06:45
XXXX106X4148,4441.0,2026-08-12 13:06:45
XXXX106X4233,2784.0,2026-08-12 13:06:45
XXXX106X4412,4849.0,2026-08-12 13:06:45
XXXX106X4485,4119.0,2026-08-12 13:06:45
XXXX106X4619,3133.0,2026-08-12 13:06:45
XXXX106X4643,3446.0,2026-08-12 13:06:45
XXXX106X4682,4501.0,2026-08-12 13:06:45
XXXX106X4705,3368.0,2026-08-12 13:06:45
XXXX106X4714,6866.0,2026-08-12 13:06:45
XXXX106X4856,3239.0,2026-08-12 13:06:45
XXXX106X4974,3152.0,2026-08-12 13:06:45
XXXX106X5129,4112.0,2026-08-12 13:06:45
XXXX106X5220,3509.0,2026-08-12 13:06:45
XXXX106X5244,4052.0,2026-08-12 13:06:45
XXXX106X5296,3849.0,2026-08-12 13:06:45
XXXX106X5309,4612.0,2026-08-12 13:06:45
XXXX106X5341,4491.0,2026-08-12 13:06:45
XXXX106X5475,3034.0,2026-08-12 13:06:45
XXXX106X5667,4353.0,2026-08-12 13:06:45
XXXX106X5676,3048.0,2026-08-12 13:06:45
XXXX106X5688,3829.0,2026-08-12 13:06:45
XXXX106X5721,3119.0,2026-08-12 13:06:45
XXXX106X5791,5583.0,2026-08-12 13:06:45
XXXX106X5794,3616.0,2026-08-12 13:06:45
XXXX106X5807,3048.0,2026-08-12 13:06:45
XXXX106X5821,6659.0,2026-08-12 13:06:45
XXXX106X5834,3010.0,2026-08-12 13:06:45
XXXX106X5846,2919.0,2026-08-12 13:06:45
XXXX106X5891,3539.0,2026-08-12 13:06:45
XXXX106X5934,6283.0,2026-08-12 13:06:45
XXXX106X6006,3969.0,2026-08-12 13:06:45
XXXX106X6091,4967.0,2026-08-12 13:06:45
XXXX106X6194,3769.0,2026-08-12 13:06:45
XXXX106X6222,2455.0,2026-08-12 13:06:45
XXXX106X6265,9025.0,2026-08-12 13:06:45
XXXX106X6286,3731.0,2026-08-12 13:06:45
XXXX106X6547,5621.0,2026-08-12 13:06:45
XXXX106X6627,3923.0,2026-08-12 13:06:45
XXXX106X6653,2803.0,2026-08-12 13:06:45
XXXX106X6666,6988.0,2026-08-12 13:06:45
XXXX106X6741,6908.0,2026-08-12 13:06:45
XXXX106X6742,3416.0,2026-08-12 13:06:45
XXXX106X6754,3480.0,2026-08-12 13:06:45
XXXX106X6796,8560.0,2026-08-12 13:06:45
XXXX106X6990,2993.0,2026-08-12 13:06:45
XXXX106X6998,4746.0,2026-08-12 13:06:45
XXXX106X7297,3978.0,2026-08-12 13:06:45
XXXX106X7419,4104.0,2026-08-12 13:06:45
XXXX106X7482,3849.0,2026-08-12 13:06:45
XXXX106X7677,3603.0,2026-08-12 13:06:45
XXXX106X7720,4380.0,2026-08-12 13:06:45
XXXX106X7762,4342.0,2026-08-12 13:06:45
XXXX106X8266,3813.0,2026-08-12 13:06:45
XXXX106X8327,5042.0,2026-08-12 13:06:45
XXXX106X8460,4767.0,2026-08-12 13:06:45
XXXX106X8716,6173.0,2026-08-12 13:06:45
XXXX106X8901,2861.0,2026-08-12 13:06:45
XXXX106X9076,3463.0,2026-08-12 13:06:45
XXXX106X9225,4583.0,2026-08-12 13:06:45
XXXX106X9286,3477.0,2026-08-12 13:06:45
XXXX106X9331,4166.0,2026-08-12 13:06:45
XXXX106X9401,7566.0,2026-08-12 13:06:45
XXXX106X9757,4016.0,2026-08-12 13:06:45
XXXX106X9766,3316.0,2026-08-12 13:06:45
XXXX106X9793,5223.0,2026-08-12 13:06:45
XXXX106X9794,4214.0,2026-08-12 13:06:45
XXXX106X9815,3390.0,2026-08-12 13:06:45
XXXX106X9934,5184.0,2026-08-12 13:06:45
XXXX106X9998,3218.0,2026-08-12 13:06:45
XXXX107X0514,4536.0,2026-08-12 13:06:45
XXXX107X0648,5471.0,2026-08-12 13:06:45
XXXX107X0675,4750.0,2026-08-12 13:06:45
XXXX107X0994,3908.0,2026-08-12 13:06:45
XXXX107X1018,5816.0,2026-08-12 13:06:45
XXXX107X1142,3050.0,2026-08-12 13:06:45
XXXX107X1294,4133.0,2026-08-12 13:06:45
XXXX107X1799,8467.0,2026-08-12 13:06:45
XXXX107X2135,4869.0,2026-08-12 13:06:45
XXXX107X2178,3128.0,2026-08-12 13:06:45
XXXX107X2211,5081.0,2026-08-12 13:06:45
XXXX107X2558,4162.0,2026-08-12 13:06:45
XXXX107X2576,2884.0,2026-08-12 13:06:45
XXXX107X2600,2784.0,2026-08-12 13:06:45
XXXX107X2637,5770.0,2026-08-12 13:06:45
XXXX107X2859,4645.0,2026-08-12 13:06:45
XXXX107X2995,3409.0,2026-08-12 13:06:45
XXXX107X3025,4923.0,2026-08-12 13:06:45
XXXX107X3043,4838.0,2026-08-12 13:06:45
XXXX107X3055,2704.0,2026-08-12 13:06:45
XXXX107X3240,3051.0,2026-08-12 13:06:45
XXXX107X3675,3242.0,2026-08-12 13:06:45
XXXX107X3842,3386.0,2026-08-12 13:06:45
XXXX107X3946,7815.0,2026-08-12 13:06:45
XXXX107X4072,2574.0,2026-08-12 13:06:45
XXXX107X4601,3758.0,2026-08-12 13:06:45
XXXX107X4610,2904.0,2026-08-12 13:06:45
XXXX107X4656,5284.0,2026-08-12 13:06:45
XXXX107X4769,2708.0,2026-08-12 13:06:45
XXXX107X5157,4105.0,2026-08-12 13:06:45
XXXX107X5218,4127.0,2026-08-12 13:06:45
XXXX107X5306,4209.0,2026-08-12 13:06:45
XXXX107X5497,4383.0,2026-08-12 13:06:45
XXXX107X5655,7574.0,2026-08-12 13:06:45
XXXX107X6040,2980.0,2026-08-12 13:06:45
XXXX107X6129,4278.0,2026-08-12 13:06:45
XXXX107X6256,3646.0,2026-08-12 13:06:45
XXXX107X6593,3687.0,2026-08-12 13:06:45
XXXX107X6697,2975.0,2026-08-12 13:06:45
XXXX107X6779,4372.0,2026-08-12 13:06:45
XXXX107X6885,4801.0,2026-08-12 13:06:45
XXXX107X6925,4327.0,2026-08-12 13:06:45
XXXX107X6964,3493.0,2026-08-12 13:06:45
XXXX107X6972,6283.0,2026-08-12 13:06:45
XXXX107X7030,5225.0,2026-08-12 13:06:45
XXXX107X7137,4441.0,2026-08-12 13:06:45
XXXX107X7298,3798.0,2026-08-12 13:06:45
XXXX107X7529,2626.0,2026-08-12 13:06:45
XXXX107X7556,4176.0,2026-08-12 13:06:45
XXXX107X7669,3721.0,2026-08-12 13:06:45
XXXX107X7671,3813.0,2026-08-12 13:06:45
XXXX107X7866,4568.0,2026-08-12 13:06:45
XXXX107X8020,3798.0,2026-08-12 13:06:45
XXXX107X8139,3943.0,2026-08-12 13:06:45
XXXX107X8209,3934.0,2026-08-12 13:06:45
XXXX107X8307,8774.0,2026-08-12 13:06:45
XXXX107X8458,2843.0,2026-08-12 13:06:45
XXXX107X8619,3449.0,2026-08-12 13:06:45
XXXX107X8704,5714.0,2026-08-12 13:06:45
XXXX107X8897,3191.0,2026-08-12 13:06:45
XXXX107X8908,4655.0,2026-08-12 13:06:45
XXXX107X9280,5132.0,2026-08-12 13:06:45
XXXX107X9411,3776.0,2026-08-12 13:06:45
XXXX107X9590,6566.0,2026-08-12 13:06:45
XXXX107X9679,3686.0,2026-08-12 13:06:45
XXXX107X9703,2685.0,2026-08-12 13:06:45
XXXX107X9767,4829.0,2026-08-12 13:06:45
XXXX107X9934,3950.0,2026-08-12 13:06:45
XXXX107X9973,3924.0,2026-08-12 13:06:45
XXXX108X0020,3819.0,2026-08-12 13:06:45
XXXX108X0021,3576.0,2026-08-12 13:06:45
XXXX108X0033,4782.0,2026-08-12 13:06:45
XXXX108X0053,4967.0,2026-08-12 13:06:45
XXXX108X0141,5121.0,2026-08-12 13:06:45
XXXX108X0153,4643.0,2026-08-12 13:06:45
XXXX108X0225,3499.0,2026-08-12 13:06:45
XXXX108X0253,3556.0,2026-08-12 13:06:45
XXXX108X0391,3330.0,2026-08-12 13:06:45
XXXX108X0412,4441.0,2026-08-12 13:06:45
XXXX108X0436,4142.0,2026-08-12 13:06:45
XXXX108X0454,3574.0,2026-08-12 13:06:45
XXXX108X0497,3700.0,2026-08-12 13:06:45
XXXX108X0612,3021.0,2026-08-12 13:06:45
XXXX108X0620,3078.0,2026-08-12 13:06:45
XXXX108X0810,3106.0,2026-08-12 13:06:45
XXXX108X0834,4019.0,2026-08-12 13:06:45
XXXX108X0855,3293.0,2026-08-12 13:06:45
XXXX108X0861,4094.0,2026-08-12 13:06:45
XXXX108X0898,4081.0,2026-08-12 13:06:45
XXXX108X0968,4249.0,2026-08-12 13:06:45
XXXX108X0970,3357.0,2026-08-12 13:06:45
XXXX108X0996,3986.0,2026-08-12 13:06:45
XXXX108X1020,3273.0,2026-08-12 13:06:45
XXXX108X1028,3596.0,2026-08-12 13:06:45
XXXX108X1039,3681.0,2026-08-12 13:06:45
XXXX108X1093,8352.0,2026-08-12 13:06:45
XXXX108X1116,3090.0,2026-08-12 13:06:45
XXXX108X1137,4007.0,2026-08-12 13:06:45
XXXX108X1180,3265.0,2026-08-12 13:06:45
XXXX108X1199,4378.0,2026-08-12 13:06:45
XXXX108X1265,4052.0,2026-08-12 13:06:45
XXXX108X1268,3104.0,2026-08-12 13:06:45
XXXX108X1312,3495.0,2026-08-12 13:06:45
XXXX108X1358,3666.0,2026-08-12 13:06:45
XXXX108X1363,2708.0,2026-08-12 13:06:45
XXXX108X1386,3513.0,2026-08-12 13:06:45
XXXX108X1428,3732.0,2026-08-12 13:06:45
XXXX108X1537,3317.0,2026-08-12 13:06:45
XXXX108X1590,6530.0,2026-08-12 13:06:45
XXXX108X1611,4639.0,2026-08-12 13:06:45
XXXX108X1633,3509.0,2026-08-12 13:06:45
XXXX108X1693,4550.0,2026-08-12 13:06:45
XXXX108X1711,4638.0,2026-08-12 13:06:45
XXXX108X1763,3194.0,2026-08-12 13:06:45
XXXX108X1800,3320.0,2026-08-12 13:06:45
XXXX108X1824,2895.0,2026-08-12 13:06:45
XXXX108X1862,2140.0,2026-08-12 13:06:45
XXXX108X1877,3566.0,2026-08-12 13:06:45
XXXX108X1921,5240.0,2026-08-12 13:06:45
XXXX108X1938,4055.0,2026-08-12 13:06:45
XXXX108X1969,6139.0,2026-08-12 13:06:45
XXXX108X1991,3574.0,2026-08-12 13:06:45
XXXX108X2001,3858.0,2026-08-12 13:06:45
XXXX108X2117,4970.0,2026-08-12 13:06:45
XXXX108X2201,5306.0,2026-08-12 13:06:45
XXXX108X2240,3755.0,2026-08-12 13:06:45
XXXX108X2264,5592.0,2026-08-12 13:06:45
XXXX108X2279,4431.0,2026-08-12 13:06:45
XXXX108X2286,3443.0,2026-08-12 13:06:45
XXXX108X2349,2927.0,2026-08-12 13:06:45
XXXX108X2391,3505.0,2026-08-12 13:06:45
XXXX108X2419,4082.0,2026-08-12 13:06:45
XXXX108X2452,2540.0,2026-08-12 13:06:45
XXXX108X2510,3875.0,2026-08-12 13:06:45
XXXX108X2570,3640.0,2026-08-12 13:06:45
XXXX108X2604,4717.0,2026-08-12 13:06:45
XXXX108X2613,4075.0,2026-08-12 13:06:45
XXXX108X2621,5198.0,2026-08-12 13:06:45
XXXX108X2632,5022.0,2026-08-12 13:06:45
XXXX108X2678,3048.0,2026-08-12 13:06:45
XXXX108X2773,3972.0,2026-08-12 13:06:45
XXXX108X2782,4555.0,2026-08-12 13:06:45
XXXX108X2792,3427.0,2026-08-12 13:06:45
XXXX108X2807,2910.0,2026-08-12 13:06:45
XXXX108X2811,3772.0,2026-08-12 13:06:45
XXXX108X2862,5724.0,2026-08-12 13:06:45
XXXX108X2907,3340.0,2026-08-12 13:06:45
XXXX108X2923,5226.0,2026-08-12 13:06:45
XXXX108X3002,3860.0,2026-08-12 13:06:45
XXXX108X3021,3230.0,2026-08-12 13:06:45
XXXX108X3053,4876.0,2026-08-12 13:06:45
XXXX108X3141,3748.0,2026-08-12 13:06:45
XXXX108X3216,3638.0,2026-08-12 13:06:45
XXXX108X3281,3395.0,2026-08-12 13:06:45
XXXX108X3293,3505.0,2026-08-12 13:06:45
XXXX108X3318,5291.0,2026-08-12 13:06:45
XXXX108X3372,3731.0,2026-08-12 13:06:45
XXXX108X3389,6326.0,2026-08-12 13:06:45
XXXX108X3417,3530.0,2026-08-12 13:06:45
XXXX108X3421,4383.0,2026-08-12 13:06:45
XXXX108X3435,5011.0,2026-08-12 13:06:45
XXXX108X3462,3593.0,2026-08-12 13:06:45
XXXX108X3532,3878.0,2026-08-12 13:06:45
XXXX108X3550,4363.0,2026-08-12 13:06:45
XXXX108X3562,3310.0,2026-08-12 13:06:45
XXXX108X3573,2899.0,2026-08-12 13:06:45
XXXX108X3592,5310.0,2026-08-12 13:06:45
XXXX108X3622,4911.0,2026-08-12 13:06:45
XXXX108X3686,7929.0,2026-08-12 13:06:45
XXXX108X3718,3860.0,2026-08-12 13:06:45
XXXX108X3766,4799.0,2026-08-12 13:06:45
XXXX108X3771,5812.0,2026-08-12 13:06:45
XXXX108X3798,3788.0,2026-08-12 13:06:45
XXXX108X3801,4579.0,2026-08-12 13:06:45
XXXX108X3815,2758.0,2026-08-12 13:06:45
XXXX108X3842,4472.0,2026-08-12 13:06:45
XXXX108X3947,3486.0,2026-08-12 13:06:45
XXXX108X3948,5170.0,2026-08-12 13:06:45
XXXX108X3959,5583.0,2026-08-12 13:06:45
XXXX108X3975,3736.0,2026-08-12 13:06:45
XXXX108X3977,4664.0,2026-08-12 13:06:45
XXXX108X3992,4918.0,2026-08-12 13:06:45
XXXX108X4065,3924.0,2026-08-12 13:06:45
XXXX108X4115,3458.0,2026-08-12 13:06:45
XXXX108X4151,3421.0,2026-08-12 13:06:45
XXXX108X4153,3525.0,2026-08-12 13:06:45
XXXX108X4156,4332.0,2026-08-12 13:06:45
XXXX108X4188,3400.0,2026-08-12 13:06:45
XXXX108X4233,3886.0,2026-08-12 13:06:45
XXXX108X4244,3318.0,2026-08-12 13:06:45
XXXX108X4248,3242.0,2026-08-12 13:06:45
XXXX108X4443,3120.0,2026-08-12 13:06:45
XXXX108X4452,7763.0,2026-08-12 13:06:45
XXXX108X4498,5648.0,2026-08-12 13:06:45
XXXX108X4506,4756.0,2026-08-12 13:06:45
XXXX108X4552,3085.0,2026-08-12 13:06:45
XXXX108X4645,3599.0,2026-08-12 13:06:45
XXXX108X4749,2761.0,2026-08-12 13:06:45
XXXX108X4767,3063.0,2026-08-12 13:06:45
XXXX108X4826,4187.0,2026-08-12 13:06:45
XXXX108X4830,5538.0,2026-08-12 13:06:45
XXXX108X4838,3668.0,2026-08-12 13:06:45
XXXX108X4840,4440.0,2026-08-12 13:06:45
XXXX108X4867,3179.0,2026-08-12 13:06:45
XXXX108X4894,4500.0,2026-08-12 13:06:45
XXXX108X4897,4138.0,2026-08-12 13:06:45
XXXX108X4914,3511.0,2026-08-12 13:06:45
XXXX108X4994,3205.0,2026-08-12 13:06:45
XXXX108X5010,3895.0,2026-08-12 13:06:45
XXXX108X5026,3375.0,2026-08-12 13:06:45
XXXX108X5036,4630.0,2026-08-12 13:06:45
XXXX108X5042,4424.0,2026-08-12 13:06:45
XXXX108X5079,4967.0,2026-08-12 13:06:45
XXXX108X5081,3446.0,2026-08-12 13:06:45
XXXX108X5092,4019.0,2026-08-12 13:06:45
XXXX108X5099,4866.0,2026-08-12 13:06:45
XXXX108X5119,5543.0,2026-08-12 13:06:45
XXXX108X5180,8653.0,2026-08-12 13:06:45
XXXX108X5248,4097.0,2026-08-12 13:06:45
XXXX108X5251,3871.0,2026-08-12 13:06:45
XXXX108X5271,4406.0,2026-08-12 13:06:45
XXXX108X5276,3832.0,2026-08-12 13:06:45
XXXX108X5284,2966.0,2026-08-12 13:06:45
XXXX108X5287,2568.0,2026-08-12 13:06:45
XXXX108X5297,2892.0,2026-08-12 13:06:45
XXXX108X5305,3759.0,2026-08-12 13:06:45
XXXX108X5340,3337.0,2026-08-12 13:06:45
XXXX108X5345,2901.0,2026-08-12 13:06:45
XXXX108X5378,3585.0,2026-08-12 13:06:45
XXXX108X5425,4850.0,2026-08-12 13:06:45
XXXX108X5478,3198.0,2026-08-12 13:06:45
XXXX108X5534,3213.0,2026-08-12 13:06:45
XXXX108X5538,7912.0,2026-08-12 13:06:45
XXXX108X5568,3613.0,2026-08-12 13:06:45
XXXX108X5585,4794.0,2026-08-12 13:06:45
XXXX108X5589,4507.0,2026-08-12 13:06:45
XXXX108X5604,3029.0,2026-08-12 13:06:45
XXXX108X5628,5527.0,2026-08-12 13:06:45
XXXX108X5630,3051.0,2026-08-12 13:06:45
XXXX108X5631,3028.0,2026-08-12 13:06:45
XXXX108X5648,4145.0,2026-08-12 13:06:45
XXXX108X5684,4670.0,2026-08-12 13:06:45
XXXX108X5691,5551.0,2026-08-12 13:06:45
XXXX108X5723,3277.0,2026-08-12 13:06:45
XXXX108X5726,3172.0,2026-08-12 13:06:45
XXXX108X5755,3824.0,2026-08-12 13:06:45
XXXX108X5798,4337.0,2026-08-12 13:06:45
XXXX108X5823,3187.0,2026-08-12 13:06:45
XXXX108X5824,5132.0,2026-08-12 13:06:45
XXXX108X5842,4415.0,2026-08-12 13:06:45
XXXX108X5922,4250.0,2026-08-12 13:06:45
XXXX108X5931,2359.0,2026-08-12 13:06:45
XXXX108X5936,4935.0,2026-08-12 13:06:45
XXXX108X5940,4686.0,2026-08-12 13:06:45
XXXX108X5972,3008.0,2026-08-12 13:06:45
XXXX108X5981,3990.0,2026-08-12 13:06:45
XXXX108X5984,4238.0,2026-08-12 13:06:45
XXXX108X5989,3377.0,2026-08-12 13:06:45
XXXX108X6000,3265.0,2026-08-12 13:06:45
XXXX108X6032,3990.0,2026-08-12 13:06:45
XXXX108X6069,5511.0,2026-08-12 13:06:45
XXXX108X6109,3433.0,2026-08-12 13:06:45
XXXX108X6180,3720.0,2026-08-12 13:06:45
XXXX108X6278,5073.0,2026-08-12 13:06:45
XXXX108X6281,3819.0,2026-08-12 13:06:45
XXXX108X6302,2540.0,2026-08-12 13:06:45
XXXX108X6357,2591.0,2026-08-12 13:06:45
XXXX108X6388,3541.0,2026-08-12 13:06:45
XXXX108X6419,3745.0,2026-08-12 13:06:45
XXXX108X6424,4693.0,2026-08-12 13:06:45
XXXX108X6431,2801.0,2026-08-12 13:06:45
XXXX108X6499,4010.0,2026-08-12 13:06:45
XXXX108X6529,3165.0,2026-08-12 13:06:45
XXXX108X6556,4090.0,2026-08-12 13:06:45
XXXX108X6607,4244.0,2026-08-12 13:06:45
XXXX108X6738,5803.0,2026-08-12 13:06:45
XXXX108X6761,2865.0,2026-08-12 13:06:45
XXXX108X6778,3092.0,2026-08-12 13:06:45
XXXX108X6928,3617.0,2026-08-12 13:06:45
XXXX108X6940,6896.0,2026-08-12 13:06:45
XXXX108X6969,2877.0,2026-08-12 13:06:45
XXXX108X6987,3938.0,2026-08-12 13:06:45
XXXX108X7007,6678.0,2026-08-12 13:06:45
XXXX108X7027,3471.0,2026-08-12 13:06:45
XXXX108X7054,3725.0,2026-08-12 13:06:45
XXXX108X7121,2363.0,2026-08-12 13:06:45
XXXX108X7159,5283.0,2026-08-12 13:06:45
XXXX108X7171,3712.0,2026-08-12 13:06:45
XXXX108X7194,3965.0,2026-08-12 13:06:45
XXXX108X7212,2751.0,2026-08-12 13:06:45
XXXX108X7286,7003.0,2026-08-12 13:06:45
XXXX108X7295,6769.0,2026-08-12 13:06:45
XXXX108X7346,6253.0,2026-08-12 13:06:45
XXXX108X7365,2833.0,2026-08-12 13:06:45
XXXX108X7388,4953.0,2026-08-12 13:06:45
XXXX108X7434,4619.0,2026-08-12 13:06:45
XXXX108X7442,4269.0,2026-08-12 13:06:45
XXXX108X7477,3210.0,2026-08-12 13:06:45
XXXX108X7479,9843.0,2026-08-12 13:06:45
XXXX108X7577,5276.0,2026-08-12 13:06:45
XXXX108X7649,3593.0,2026-08-12 13:06:45
XXXX108X7673,3988.0,2026-08-12 13:06:45
XXXX108X7689,3503.0,2026-08-12 13:06:45
XXXX108X7833,3843.0,2026-08-12 13:06:45
XXXX108X7860,4708.0,2026-08-12 13:06:45
XXXX108X7912,4456.0,2026-08-12 13:06:45
XXXX108X7921,4381.0,2026-08-12 13:06:45
XXXX108X7987,4279.0,2026-08-12 13:06:45
XXXX108X8003,4508.0,2026-08-12 13:06:45
XXXX108X8008,3473.0,2026-08-12 13:06:45
XXXX108X8034,3714.0,2026-08-12 13:06:45
XXXX108X8143,6104.0,2026-08-12 13:06:45
XXXX108X8302,5441.0,2026-08-12 13:06:45
XXXX108X8304,3151.0,2026-08-12 13:06:45
XXXX108X8305,5090.0,2026-08-12 13:06:45
XXXX108X8318,3556.0,2026-08-12 13:06:45
XXXX108X8322,4745.0,2026-08-12 13:06:45
XXXX108X8406,5622.0,2026-08-12 13:06:45
XXXX108X8443,3530.0,2026-08-12 13:06:45
XXXX108X8447,2783.0,2026-08-12 13:06:45
XXXX108X8461,3624.0,2026-08-12 13:06:45
XXXX108X8481,3711.0,2026-08-12 13:06:45
XXXX108X8513,2392.0,2026-08-12 13:06:45
XXXX108X8517,2802.0,2026-08-12 13:06:45
XXXX108X8540,3706.0,2026-08-12 13:06:45
XXXX108X8551,4055.0,2026-08-12 13:06:45
XXXX108X8578,3539.0,2026-08-12 13:06:45
XXXX108X8687,3579.0,2026-08-12 13:06:45
XXXX108X8690,2972.0,2026-08-12 13:06:45
XXXX108X8694,4784.0,2026-08-12 13:06:45
XXXX108X8697,4090.0,2026-08-12 13:06:45
XXXX108X8714,3812.0,2026-08-12 13:06:45
XXXX108X8721,2969.0,2026-08-12 13:06:45
XXXX108X8823,6524.0,2026-08-12 13:06:45
XXXX108X8833,4153.0,2026-08-12 13:06:45
XXXX108X8900,3437.0,2026-08-12 13:06:45
XXXX108X8904,4260.0,2026-08-12 13:06:45
XXXX108X9008,2825.0,2026-08-12 13:06:45
XXXX108X9018,5117.0,2026-08-12 13:06:45
XXXX108X9102,3568.0,2026-08-12 13:06:45
XXXX108X9151,3639.0,2026-08-12 13:06:45
XXXX108X9284,3349.0,2026-08-12 13:06:45
XXXX108X9354,4285.0,2026-08-12 13:06:45
XXXX108X9398,2918.0,2026-08-12 13:06:45
XXXX108X9430,4619.0,2026-08-12 13:06:45
XXXX108X9449,4058.0,2026-08-12 13:06:45
XXXX108X9473,4635.0,2026-08-12 13:06:45
XXXX108X9479,2679.0,2026-08-12 13:06:45
XXXX108X9485,4606.0,2026-08-12 13:06:45
XXXX108X9608,2735.0,2026-08-12 13:06:45
XXXX108X9627,4301.0,2026-08-12 13:06:45
XXXX108X9673,4601.0,2026-08-12 13:06:45
XXXX108X9690,4943.0,2026-08-12 13:06:45
XXXX108X9701,3938.0,2026-08-12 13:06:45
XXXX108X9743,4204.0,2026-08-12 13:06:45
XXXX108X9770,4381.0,2026-08-12 13:06:45
XXXX108X9815,4030.0,2026-08-12 13:06:45
XXXX108X9978,4499.0,2026-08-12 13:06:45
XXXX108X9980,3578.0,2026-08-12 13:06:45
XXXX109X0068,3128.0,2026-08-12 13:06:45
XXXX109X0088,3159.0,2026-08-12 13:06:45
XXXX109X0098,4244.0,2026-08-12 13:06:45
XXXX109X0149,6910.0,2026-08-12 13:06:45
XXXX109X0162,3819.0,2026-08-12 13:06:45
XXXX109X0194,3849.0,2026-08-12 13:06:45
XXXX109X0215,3569.0,2026-08-12 13:06:45
XXXX109X0219,4044.0,2026-08-12 13:06:45
XXXX109X0224,3731.0,2026-08-12 13:06:45
XXXX109X0307,5586.0,2026-08-12 13:06:45
XXXX109X0309,3471.0,2026-08-12 13:06:45
XXXX109X0347,5887.0,2026-08-12 13:06:45
XXXX109X0361,3576.0,2026-08-12 13:06:45
XXXX109X0396,3034.0,2026-08-12 13:06:45
XXXX109X0459,4016.0,2026-08-12 13:06:45
XXXX109X0480,4197.0,2026-08-12 13:06:45
XXXX109X0484,3490.0,2026-08-12 13:06:45
XXXX109X0526,3337.0,2026-08-12 13:06:45
XXXX109X0635,2875.0,2026-08-12 13:06:45
XXXX109X0728,3871.0,2026-08-12 13:06:45
XXXX109X0849,5782.0,2026-08-12 13:06:45
XXXX109X0884,2704.0,2026-08-12 13:06:45
XXXX109X0961,2332.0,2026-08-12 13:06:45
XXXX109X0988,3416.0,2026-08-12 13:06:45
XXXX109X1018,3021.0,2026-08-12 13:06:45
XXXX109X1023,4684.0,2026-08-12 13:06:45
XXXX109X1107,4549.0,2026-08-12 13:06:45
XXXX109X1197,3700.0,2026-08-12 13:06:45
XXXX109X1209,5415.0,2026-08-12 13:06:45
XXXX109X1242,2346.0,2026-08-12 13:06:45
XXXX109X1324,3662.0,2026-08-12 13:06:45
XXXX109X1352,4586.0,2026-08-12 13:06:45
XXXX109X1360,3684.0,2026-08-12 13:06:45
XXXX109X1516,3176.0,2026-08-12 13:06:45
XXXX109X1523,3368.0,2026-08-12 13:06:45
XXXX109X1574,2971.0,2026-08-12 13:06:45
XXXX109X1643,3646.0,2026-08-12 13:06:45
XXXX109X1685,2771.0,2026-08-12 13:06:45
XXXX109X1701,3357.0,2026-08-12 13:06:45
XXXX109X1705,7536.0,2026-08-12 13:06:45
XXXX109X1765,4925.0,2026-08-12 13:06:45
XXXX109X1823,5664.0,2026-08-12 13:06:45
XXXX109X1835,3384.0,2026-08-12 13:06:45
XXXX109X1866,3897.0,2026-08-12 13:06:45
XXXX109X1911,4446.0,2026-08-12 13:06:45
XXXX109X1912,3741.0,2026-08-12 13:06:45
XXXX109X1923,3383.0,2026-08-12 13:06:45
XXXX109X1937,4094.0,2026-08-12 13:06:45
XXXX109X1966,3897.0,2026-08-12 13:06:45
XXXX109X1978,2498.0,2026-08-12 13:06:45
XXXX109X1999,6625.0,2026-08-12 13:06:45
XXXX109X2038,3437.0,2026-08-12 13:06:45
XXXX109X2087,5583.0,2026-08-12 13:06:45
XXXX109X2117,3198.0,2026-08-12 13:06:45
XXXX109X2152,3969.0,2026-08-12 13:06:45
XXXX109X2221,3668.0,2026-08-12 13:06:45
XXXX109X2237,5648.0,2026-08-12 13:06:45
XXXX109X2318,1983.0,2026-08-12 13:06:45
XXXX109X2330,3547.0,2026-08-12 13:06:45
XXXX109X2338,3288.0,2026-08-12 13:06:45
XXXX109X2367,3209.0,2026-08-12 13:06:45
XXXX109X2385,3485.0,2026-08-12 13:06:45
XXXX109X2397,4188.0,2026-08-12 13:06:45
XXXX109X2407,4054.0,2026-08-12 13:06:45
XXXX109X2411,4487.0,2026-08-12 13:06:45
XXXX109X2439,2939.0,2026-08-12 13:06:45
XXXX109X2512,3612.0,2026-08-12 13:06:45
XXXX109X2524,4048.0,2026-08-12 13:06:45
XXXX109X2542,3971.0,2026-08-12 13:06:45
XXXX109X2650,10896.0,2026-08-12 13:06:45
XXXX109X2665,2764.0,2026-08-12 13:06:45
XXXX109X2682,2757.0,2026-08-12 13:06:45
XXXX109X2719,3821.0,2026-08-12 13:06:45
XXXX109X2744,3513.0,2026-08-12 13:06:45
XXXX109X2755,3247.0,2026-08-12 13:06:45
XXXX109X2758,3100.0,2026-08-12 13:06:45
XXXX109X2780,3731.0,2026-08-12 13:06:45
XXXX109X2794,3322.0,2026-08-12 13:06:45
XXXX109X2800,3808.0,2026-08-12 13:06:45
XXXX109X2846,3490.0,2026-08-12 13:06:45
XXXX109X2862,2556.0,2026-08-12 13:06:45
XXXX109X2891,3668.0,2026-08-12 13:06:45
XXXX109X2898,4245.0,2026-08-12 13:06:45
XXXX109X2904,4353.0,2026-08-12 13:06:45
XXXX109X2925,4757.0,2026-08-12 13:06:45
XXXX109X2934,5540.0,2026-08-12 13:06:45
XXXX109X2945,7518.0,2026-08-12 13:06:45
XXXX109X2990,3379.0,2026-08-12 13:06:45
XXXX109X3009,3997.0,2026-08-12 13:06:45
XXXX109X3039,3515.0,2026-08-12 13:06:45
XXXX109X3168,5451.0,2026-08-12 13:06:45
XXXX109X3197,3480.0,2026-08-12 13:06:45
XXXX109X3281,6192.0,2026-08-12 13:06:45
XXXX109X3310,3999.0,2026-08-12 13:06:45
XXXX109X3335,4028.0,2026-08-12 13:06:45
XXXX109X3386,3952.0,2026-08-12 13:06:45
XXXX109X3634,2969.0,2026-08-12 13:06:45
XXXX109X3661,5995.0,2026-08-12 13:06:45
XXXX109X3663,3426.0,2026-08-12 13:06:45
XXXX109X3688,5493.0,2026-08-12 13:06:45
XXXX109X3706,3871.0,2026-08-12 13:06:45
XXXX109X3739,4211.0,2026-08-12 13:06:45
XXXX109X3751,5451.0,2026-08-12 13:06:45
XXXX109X3876,6588.0,2026-08-12 13:06:45
XXXX109X3882,3090.0,2026-08-12 13:06:45
XXXX109X3932,5545.0,2026-08-12 13:06:45
XXXX109X3949,4622.0,2026-08-12 13:06:45
XXXX109X3968,5867.0,2026-08-12 13:06:45
XXXX109X3988,3225.0,2026-08-12 13:06:45
XXXX109X4058,3776.0,2026-08-12 13:06:45
XXXX109X4081,3424.0,2026-08-12 13:06:45
XXXX109X4216,3176.0,2026-08-12 13:06:45
XXXX109X4224,4145.0,2026-08-12 13:06:45
XXXX109X4283,3697.0,2026-08-12 13:06:45
XXXX109X4301,2849.0,2026-08-12 13:06:45
XXXX109X4391,4249.0,2026-08-12 13:06:45
XXXX109X4428,7756.0,2026-08-12 13:06:45
XXXX109X4455,3136.0,2026-08-12 13:06:45
XXXX109X4473,6581.0,2026-08-12 13:06:45
XXXX109X4529,3777.0,2026-08-12 13:06:45
XXXX109X4681,3967.0,2026-08-12 13:06:45
XXXX109X4835,3040.0,2026-08-12 13:06:45
XXXX109X4919,3908.0,2026-08-12 13:06:45
XXXX109X5020,3849.0,2026-08-12 13:06:45
XXXX109X5083,2920.0,2026-08-12 13:06:45
XXXX109X5162,5183.0,2026-08-12 13:06:45
XXXX109X5196,3755.0,2026-08-12 13:06:45
XXXX109X5276,4408.0,2026-08-12 13:06:45
XXXX109X5360,3860.0,2026-08-12 13:06:45
XXXX109X5382,4362.0,2026-08-12 13:06:45
XXXX109X5409,4117.0,2026-08-12 13:06:45
XXXX109X5419,4500.0,2026-08-12 13:06:45
XXXX109X5525,2601.0,2026-08-12 13:06:45
XXXX109X5586,4881.0,2026-08-12 13:06:45
XXXX109X5589,3215.0,2026-08-12 13:06:45
XXXX109X5622,2919.0,2026-08-12 13:06:45
XXXX109X5631,3386.0,2026-08-12 13:06:45
XXXX109X5673,4206.0,2026-08-12 13:06:45
XXXX109X5801,1831.0,2026-08-12 13:06:45
XXXX109X5809,3233.0,2026-08-12 13:06:45
XXXX109X5886,3858.0,2026-08-12 13:06:45
XXXX109X6046,2926.0,2026-08-12 13:06:45
XXXX109X6098,4478.0,2026-08-12 13:06:45
XXXX109X6135,4052.0,2026-08-12 13:06:45
XXXX109X6169,3798.0,2026-08-12 13:06:45
XXXX109X6171,3229.0,2026-08-12 13:06:45
XXXX109X6269,3101.0,2026-08-12 13:06:45
XXXX109X6364,4706.0,2026-08-12 13:06:45
XXXX109X6504,3849.0,2026-08-12 13:06:45
XXXX109X6542,3715.0,2026-08-12 13:06:45
XXXX109X6672,3712.0,2026-08-12 13:06:45
XXXX109X6716,6046.0,2026-08-12 13:06:45
XXXX109X6725,3446.0,2026-08-12 13:06:45
XXXX109X6806,3627.0,2026-08-12 13:06:45
XXXX109X6856,4388.0,2026-08-12 13:06:45
XXXX109X6905,6579.0,2026-08-12 13:06:45
XXXX109X6929,4872.0,2026-08-12 13:06:45
XXXX109X6951,3690.0,2026-08-12 13:06:45
XXXX109X6965,4663.0,2026-08-12 13:06:45
XXXX109X6974,5146.0,2026-08-12 13:06:45
XXXX109X6992,3505.0,2026-08-12 13:06:45
XXXX109X7093,3387.0,2026-08-12 13:06:45
XXXX109X7109,3311.0,2026-08-12 13:06:45
XXXX109X7128,4341.0,2026-08-12 13:06:45
XXXX109X7199,2853.0,2026-08-12 13:06:45
XXXX109X7208,3467.0,2026-08-12 13:06:45
XXXX109X7234,3770.0,2026-08-12 13:06:45
XXXX109X7248,3279.0,2026-08-12 13:06:45
XXXX109X7318,3319.0,2026-08-12 13:06:45
XXXX109X7362,3547.0,2026-08-12 13:06:45
XXXX109X7400,2850.0,2026-08-12 13:06:45
XXXX109X7416,4364.0,2026-08-12 13:06:45
XXXX109X7434,5431.0,2026-08-12 13:06:45
XXXX109X7446,3266.0,2026-08-12 13:06:45
XXXX109X7470,4126.0,2026-08-12 13:06:45
XXXX109X7479,3688.0,2026-08-12 13:06:45
XXXX109X7541,3579.0,2026-08-12 13:06:45
XXXX109X7651,3873.0,2026-08-12 13:06:45
XXXX109X7717,4178.0,2026-08-12 13:06:45
XXXX109X7723,3712.0,2026-08-12 13:06:45
XXXX109X7741,3996.0,2026-08-12 13:06:45
XXXX109X7766,3125.0,2026-08-12 13:06:45
XXXX109X7774,3389.0,2026-08-12 13:06:45
XXXX109X7806,3755.0,2026-08-12 13:06:45
XXXX109X7872,3197.0,2026-08-12 13:06:45
XXXX109X7890,4308.0,2026-08-12 13:06:45
XXXX109X7950,3938.0,2026-08-12 13:06:45
XXXX109X7961,5124.0,2026-08-12 13:06:45
XXXX109X7993,4619.0,2026-08-12 13:06:45
XXXX109X8003,3418.0,2026-08-12 13:06:45
XXXX109X8021,4183.0,2026-08-12 13:06:45
XXXX109X8028,3971.0,2026-08-12 13:06:45
XXXX109X8118,3166.0,2026-08-12 13:06:45
XXXX109X8120,4804.0,2026-08-12 13:06:45
XXXX109X8220,5757.0,2026-08-12 13:06:45
XXXX109X8256,3286.0,2026-08-12 13:06:45
XXXX109X8260,2323.0,2026-08-12 13:06:45
XXXX109X8292,3394.0,2026-08-12 13:06:45
XXXX109X8301,4663.0,2026-08-12 13:06:45
XXXX109X8302,2590.0,2026-08-12 13:06:45
XXXX109X8426,4593.0,2026-08-12 13:06:45
XXXX109X8429,3939.0,2026-08-12 13:06:45
XXXX109X8449,2169.0,2026-08-12 13:06:45
XXXX109X8458,4731.0,2026-08-12 13:06:45
XXXX109X8464,4721.0,2026-08-12 13:06:45
XXXX109X8473,4392.0,2026-08-12 13:06:45
XXXX109X8522,4799.0,2026-08-12 13:06:45
XXXX109X8542,3702.0,2026-08-12 13:06:45
XXXX109X8543,3056.0,2026-08-12 13:06:45
XXXX109X8605,5878.0,2026-08-12 13:06:45
XXXX109X8616,4284.0,2026-08-12 13:06:45
XXXX109X8629,2617.0,2026-08-12 13:06:45
XXXX109X8647,3542.0,2026-08-12 13:06:45
XXXX109X8696,2513.0,2026-08-12 13:06:45
XXXX109X8704,4107.0,2026-08-12 13:06:45
XXXX109X8753,2629.0,2026-08-12 13:06:45
XXXX109X8791,5042.0,2026-08-12 13:06:45
XXXX109X8795,4044.0,2026-08-12 13:06:45
XXXX109X8847,4886.0,2026-08-12 13:06:45
XXXX109X8855,4011.0,2026-08-12 13:06:45
XXXX109X8886,3755.0,2026-08-12 13:06:45
XXXX109X8889,4962.0,2026-08-12 13:06:45
XXXX109X8948,4799.0,2026-08-12 13:06:45
XXXX109X8950,3298.0,2026-08-12 13:06:45
XXXX109X8978,5171.0,2026-08-12 13:06:45
XXXX109X9031,3322.0,2026-08-12 13:06:45
XXXX109X9187,4959.0,2026-08-12 13:06:45
XXXX109X9238,4509.0,2026-08-12 13:06:45
XXXX109X9301,4732.0,2026-08-12 13:06:45
XXXX109X9302,3953.0,2026-08-12 13:06:45
XXXX109X9365,3326.0,2026-08-12 13:06:45
XXXX109X9380,4772.0,2026-08-12 13:06:45
XXXX109X9418,2632.0,2026-08-12 13:06:45
XXXX109X9450,4405.0,2026-08-12 13:06:45
XXXX109X9462,3059.0,2026-08-12 13:06:45
XXXX109X9601,4745.0,2026-08-12 13:06:45
XXXX109X9642,2943.0,2026-08-12 13:06:45
XXXX109X9654,4670.0,2026-08-12 13:06:45
XXXX109X9681,3149.0,2026-08-12 13:06:45
XXXX109X9712,3923.0,2026-08-12 13:06:45
XXXX109X9723,4603.0,2026-08-12 13:06:45
XXXX109X9724,5234.0,2026-08-12 13:06:45
XXXX109X9862,4126.0,2026-08-12 13:06:45
XXXX109X9893,4028.0,2026-08-12 13:06:45
XXXX109X9912,4196.0,2026-08-12 13:06:45
XXXX109X9925,4085.0,2026-08-12 13:06:45
XXXX109X9952,5031.0,2026-08-12 13:06:45
XXXX109X9963,5665.0,2026-08-12 13:06:45
XXXX109X9992,6874.0,2026-08-12 13:06:45
XXXX110X0275,4388.0,2026-08-12 13:06:45
XXXX110X4973,3340.0,2026-08-12 13:06:45
XXXX110X5644,3280.0,2026-08-12 13:06:45
XXXX110X5723,5337.0,2026-08-12 13:06:45
XXXX110X6120,3803.0,2026-08-12 13:06:45
XXXX110X6263,4274.0,2026-08-12 13:06:45
XXXX110X6430,3136.0,2026-08-12 13:06:45
XXXX110X6458,4153.0,2026-08-12 13:06:45
XXXX110X6476,3096.0,2026-08-12 13:06:45
XXXX110X6661,5231.0,2026-08-12 13:06:45
XXXX110X6926,4054.0,2026-08-12 13:06:45
XXXX110X7192,3877.0,2026-08-12 13:06:45
XXXX110X8483,3627.0,2026-08-12 13:06:45
XXXX110X8535,3898.0,2026-08-12 13:06:45
XXXX111X1213,5055.0,2026-08-12 13:06:45
XXXX111X1450,2822.0,2026-08-12 13:06:45
XXXX111X1788,4506.0,2026-08-12 13:06:45
XXXX111X2018,3236.0,2026-08-12 13:06:45
XXXX111X2237,6158.0,2026-08-12 13:06:45
XXXX111X2255,6921.0,2026-08-12 13:06:45
XXXX111X2577,3252.0,2026-08-12 13:06:45
XXXX111X2878,2873.0,2026-08-12 13:06:45
XXXX111X2887,2606.0,2026-08-12 13:06:45
XXXX111X2957,3902.0,2026-08-12 13:06:45
XXXX111X4129,3261.0,2026-08-12 13:06:45
XXXX111X4475,3788.0,2026-08-12 13:06:45
XXXX111X6485,3536.0,2026-08-12 13:06:45
XXXX111X6555,2645.0,2026-08-12 13:06:45
XXXX111X6683,4619.0,2026-08-12 13:06:45
XXXX111X7004,2937.0,2026-08-12 13:06:45
XXXX111X7679,5219.0,2026-08-12 13:06:45
XXXX111X7828,4003.0,2026-08-12 13:06:45
XXXX111X9996,3884.0,2026-08-12 13:06:45
XXXX112X0141,6500.0,2026-08-12 13:06:45
XXXX112X0247,3279.0,2026-08-12 13:06:45
XXXX112X0317,4178.0,2026-08-12 13:06:45
XXXX112X0450,8188.0,2026-08-12 13:06:45
XXXX112X0460,4039.0,2026-08-12 13:06:45
XXXX112X0488,3499.0,2026-08-12 13:06:45
XXXX112X0912,4039.0,2026-08-12 13:06:45
XXXX112X1237,3250.0,2026-08-12 13:06:45
XXXX112X1845,3490.0,2026-08-12 13:06:45
XXXX112X2555,4218.0,2026-08-12 13:06:45
XXXX112X2564,3767.0,2026-08-12 13:06:45
XXXX112X2616,3451.0,2026-08-12 13:06:45
XXXX112X2716,8348.0,2026-08-12 13:06:45
XXXX112X2720,3814.0,2026-08-12 13:06:45
XXXX112X2933,3097.0,2026-08-12 13:06:45
XXXX112X3004,3306.0,2026-08-12 13:06:45
XXXX112X3031,6623.0,2026-08-12 13:06:45
XXXX112X3171,3561.0,2026-08-12 13:06:45
XXXX112X3183,6185.0,2026-08-12 13:06:45
XXXX112X3385,5987.0,2026-08-12 13:06:45
XXXX112X3566,3949.0,2026-08-12 13:06:45
XXXX112X3603,3845.0,2026-08-12 13:06:45
XXXX112X3612,3352.0,2026-08-12 13:06:45
XXXX112X3615,4114.0,2026-08-12 13:06:45
XXXX112X3996,3213.0,2026-08-12 13:06:45
XXXX112X4085,6910.0,2026-08-12 13:06:45
XXXX112X4384,3850.0,2026-08-12 13:06:45
XXXX112X4418,5213.0,2026-08-12 13:06:45
XXXX112X4429,5659.0,2026-08-12 13:06:45
XXXX112X4510,4162.0,2026-08-12 13:06:45
XXXX112X4684,3650.0,2026-08-12 13:06:45
XXXX112X4815,8960.0,2026-08-12 13:06:45
XXXX112X4888,3623.0,2026-08-12 13:06:45
XXXX112X5166,3220.0,2026-08-12 13:06:45
XXXX112X5224,3813.0,2026-08-12 13:06:45
XXXX112X5400,6513.0,2026-08-12 13:06:45
XXXX112X5453,5275.0,2026-08-12 13:06:45
XXXX112X5559,3630.0,2026-08-12 13:06:45
XXXX112X5586,3298.0,2026-08-12 13:06:45
XXXX112X5634,3897.0,2026-08-12 13:06:45
XXXX112X5921,7537.0,2026-08-12 13:06:45
XXXX112X5936,6234.0,2026-08-12 13:06:45
XXXX112X6009,3142.0,2026-08-12 13:06:45
XXXX112X6054,3360.0,2026-08-12 13:06:45
XXXX112X6059,4217.0,2026-08-12 13:06:45
XXXX112X6068,3454.0,2026-08-12 13:06:45
XXXX112X6171,4404.0,2026-08-12 13:06:45
XXXX112X6378,4995.0,2026-08-12 13:06:45
XXXX112X6402,4106.0,2026-08-12 13:06:45
XXXX112X6411,5658.0,2026-08-12 13:06:45
XXXX112X6458,3677.0,2026-08-12 13:06:45
XXXX112X6873,2811.0,2026-08-12 13:06:45
XXXX112X6893,4439.0,2026-08-12 13:06:45
XXXX112X7182,3892.0,2026-08-12 13:06:45
XXXX112X7252,3453.0,2026-08-12 13:06:45
XXXX112X7545,5329.0,2026-08-12 13:06:45
XXXX112X7733,4346.0,2026-08-12 13:06:45
XXXX112X7776,4456.0,2026-08-12 13:06:45
XXXX112X7924,4081.0,2026-08-12 13:06:45
XXXX112X8057,3213.0,2026-08-12 13:06:45
XXXX112X8197,3461.0,2026-08-12 13:06:45
XXXX112X8225,3648.0,2026-08-12 13:06:45
XXXX112X8346,7320.0,2026-08-12 13:06:45
XXXX112X8504,3531.0,2026-08-12 13:06:45
XXXX112X8754,3570.0,2026-08-12 13:06:45
XXXX112X8841,3829.0,2026-08-12 13:06:45
XXXX112X8857,3950.0,2026-08-12 13:06:45
XXXX112X8948,3416.0,2026-08-12 13:06:45
XXXX112X9178,2361.0,2026-08-12 13:06:45
XXXX113X0023,3861.0,2026-08-12 13:06:45
XXXX113X0123,5358.0,2026-08-12 13:06:45
XXXX113X0162,2629.0,2026-08-12 13:06:45
XXXX113X0269,4767.0,2026-08-12 13:06:45
XXXX113X0339,3025.0,2026-08-12 13:06:45
XXXX113X0381,2984.0,2026-08-12 13:06:45
XXXX113X0424,4902.0,2026-08-12 13:06:45
XXXX113X0619,6392.0,2026-08-12 13:06:45
XXXX113X0716,4235.0,2026-08-12 13:06:45
XXXX113X0752,3936.0,2026-08-12 13:06:45
XXXX113X1046,4586.0,2026-08-12 13:06:45
XXXX113X1091,3428.0,2026-08-12 13:06:45
XXXX113X1392,3547.0,2026-08-12 13:06:45
XXXX113X1615,8651.0,2026-08-12 13:06:45
XXXX113X1828,3942.0,2026-08-12 13:06:45
XXXX113X1891,4196.0,2026-08-12 13:06:45
XXXX113X2030,4716.0,2026-08-12 13:06:45
XXXX113X2094,4990.0,2026-08-12 13:06:45
XXXX113X2137,3387.0,2026-08-12 13:06:45
XXXX113X2553,2722.0,2026-08-12 13:06:45
XXXX113X2568,2902.0,2026-08-12 13:06:45
XXXX113X3035,6851.0,2026-08-12 13:06:45
XXXX113X3360,3885.0,2026-08-12 13:06:45
XXXX113X3428,3625.0,2026-08-12 13:06:45
XXXX113X3451,3832.0,2026-08-12 13:06:45
XXXX113X3585,3657.0,2026-08-12 13:06:45
XXXX113X3664,3276.0,2026-08-12 13:06:45
XXXX113X3673,5196.0,2026-08-12 13:06:45
XXXX113X3980,3467.0,2026-08-12 13:06:45
XXXX113X4261,4050.0,2026-08-12 13:06:45
XXXX113X4283,6250.0,2026-08-12 13:06:45
XXXX113X4466,3398.0,2026-08-12 13:06:45
XXXX113X4597,4126.0,2026-08-12 13:06:45
XXXX113X4672,3280.0,2026-08-12 13:06:45
XXXX113X5243,3261.0,2026-08-12 13:06:45
XXXX113X5252,3091.0,2026-08-12 13:06:45
XXXX113X5329,2670.0,2026-08-12 13:06:45
XXXX113X5736,4132.0,2026-08-12 13:06:45
XXXX113X5775,2598.0,2026-08-12 13:06:45
XXXX113X5790,6957.0,2026-08-12 13:06:45
XXXX113X6127,3927.0,2026-08-12 13:06:45
XXXX113X6285,3157.0,2026-08-12 13:06:45
XXXX113X6373,4627.0,2026-08-12 13:06:45
XXXX113X6911,3652.0,2026-08-12 13:06:45
XXXX113X7077,4596.0,2026-08-12 13:06:45
XXXX113X7110,3410.0,2026-08-12 13:06:45
XXXX113X7162,3871.0,2026-08-12 13:06:45
XXXX113X7192,3819.0,2026-08-12 13:06:45
XXXX113X7411,3280.0,2026-08-12 13:06:45
XXXX113X7536,4368.0,2026-08-12 13:06:45
XXXX113X7576,4447.0,2026-08-12 13:06:45
XXXX113X8089,5488.0,2026-08-12 13:06:45
XXXX113X8273,5462.0,2026-08-12 13:06:45
XXXX113X8408,4515.0,2026-08-12 13:06:45
XXXX113X8431,4620.0,2026-08-12 13:06:45
XXXX113X8526,3456.0,2026-08-12 13:06:45
XXXX113X9194,4637.0,2026-08-12 13:06:45
XXXX113X9279,4325.0,2026-08-12 13:06:45
XXXX113X9333,4804.0,2026-08-12 13:06:45
XXXX113X9342,4125.0,2026-08-12 13:06:45
XXXX113X9388,3550.0,2026-08-12 13:06:45
XXXX113X9537,5908.0,2026-08-12 13:06:45
XXXX113X9543,4671.0,2026-08-12 13:06:45
XXXX113X9634,5244.0,2026-08-12 13:06:45
XXXX113X9932,4560.0,2026-08-12 13:06:45
XXXX113X9939,4454.0,2026-08-12 13:06:45
XXXX114X0180,3454.0,2026-08-12 13:06:45
XXXX114X0229,4576.0,2026-08-12 13:06:45
XXXX114X0557,3995.0,2026-08-12 13:06:45
XXXX114X0685,4356.0,2026-08-12 13:06:45
XXXX114X0758,3917.0,2026-08-12 13:06:45
XXXX114X1170,2220.0,2026-08-12 13:06:45
XXXX114X1505,4192.0,2026-08-12 13:06:45
XXXX114X1523,3128.0,2026-08-12 13:06:45
XXXX114X1635,5596.0,2026-08-12 13:06:45
XXXX114X1784,5083.0,2026-08-12 13:06:45
XXXX114X1824,3213.0,2026-08-12 13:06:45
XXXX114X2267,5355.0,2026-08-12 13:06:45
XXXX114X2914,5596.0,2026-08-12 13:06:45
XXXX114X3086,4135.0,2026-08-12 13:06:45
XXXX114X3269,6777.0,2026-08-12 13:06:45
XXXX114X3284,3781.0,2026-08-12 13:06:45
XXXX114X3931,3861.0,2026-08-12 13:06:45
XXXX114X4225,3650.0,2026-08-12 13:06:45
XXXX114X4532,6295.0,2026-08-12 13:06:45
XXXX114X4693,3204.0,2026-08-12 13:06:45
XXXX114X4811,7462.0,2026-08-12 13:06:45
XXXX114X4851,5829.0,2026-08-12 13:06:45
XXXX114X5717,3170.0,2026-08-12 13:06:45
XXXX114X5750,3414.0,2026-08-12 13:06:45
XXXX114X5950,5270.0,2026-08-12 13:06:45
XXXX114X6114,4819.0,2026-08-12 13:06:45
XXXX114X6254,4285.0,2026-08-12 13:06:45
XXXX114X6479,2583.0,2026-08-12 13:06:45
XXXX114X6603,3353.0,2026-08-12 13:06:45
XXXX114X6670,4270.0,2026-08-12 13:06:45
XXXX114X6931,5441.0,2026-08-12 13:06:45
XXXX114X7007,3239.0,2026-08-12 13:06:45
XXXX114X7091,5052.0,2026-08-12 13:06:45
XXXX114X7331,4090.0,2026-08-12 13:06:45
XXXX114X7408,4306.0,2026-08-12 13:06:45
XXXX114X7511,4824.0,2026-08-12 13:06:45
XXXX114X7532,3380.0,2026-08-12 13:06:45
XXXX114X8191,3988.0,2026-08-12 13:06:45
XXXX114X8307,4835.0,2026-08-12 13:06:45
XXXX114X8352,3992.0,2026-08-12 13:06:45
XXXX114X8510,3948.0,2026-08-12 13:06:45
XXXX114X8610,3074.0,2026-08-12 13:06:45
XXXX114X9409,3364.0,2026-08-12 13:06:45
XXXX114X9433,2617.0,2026-08-12 13:06:45
XXXX114X9512,3231.0,2026-08-12 13:06:45
XXXX114X9604,3741.0,2026-08-12 13:06:45
XXXX114X9622,3433.0,2026-08-12 13:06:45
XXXX114X9716,6505.0,2026-08-12 13:06:45
XXXX114X9935,8265.0,2026-08-12 13:06:45
XXXX115X0041,3707.0,2026-08-12 13:06:45
XXXX115X0062,3310.0,2026-08-12 13:06:45
XXXX115X0295,4301.0,2026-08-12 13:06:45
XXXX115X0296,5892.0,2026-08-12 13:06:45
XXXX115X0315,3894.0,2026-08-12 13:06:45
XXXX115X0363,2748.0,2026-08-12 13:06:45
XXXX115X0399,3918.0,2026-08-12 13:06:45
XXXX115X0411,3347.0,2026-08-12 13:06:45
XXXX115X0412,3505.0,2026-08-12 13:06:45
XXXX115X0417,5875.0,2026-08-12 13:06:45
XXXX115X0494,5902.0,2026-08-12 13:06:45
XXXX115X0521,2291.0,2026-08-12 13:06:45
XXXX115X0528,4016.0,2026-08-12 13:06:45
XXXX115X0576,4171.0,2026-08-12 13:06:45
XXXX115X0615,3000.0,2026-08-12 13:06:45
XXXX115X0666,4664.0,2026-08-12 13:06:45
XXXX115X0980,4923.0,2026-08-12 13:06:45
XXXX115X1013,3776.0,2026-08-12 13:06:45
XXXX115X1024,2558.0,2026-08-12 13:06:45
XXXX115X1040,5182.0,2026-08-12 13:06:45
XXXX115X1086,4383.0,2026-08-12 13:06:45
XXXX115X1105,3695.0,2026-08-12 13:06:45
XXXX115X1110,2655.0,2026-08-12 13:06:45
XXXX115X1173,3316.0,2026-08-12 13:06:45
XXXX115X1201,3659.0,2026-08-12 13:06:45
XXXX115X1202,5913.0,2026-08-12 13:06:45
XXXX115X1235,2948.0,2026-08-12 13:06:45
XXXX115X1475,3400.0,2026-08-12 13:06:45
XXXX115X1523,6569.0,2026-08-12 13:06:45
XXXX115X1599,4465.0,2026-08-12 13:06:45
XXXX115X1660,3987.0,2026-08-12 13:06:45
XXXX115X1794,3603.0,2026-08-12 13:06:45
XXXX115X1821,4978.0,2026-08-12 13:06:45
XXXX115X1828,3871.0,2026-08-12 13:06:45
XXXX115X1930,3585.0,2026-08-12 13:06:45
XXXX115X1954,9351.0,2026-08-12 13:06:45
XXXX115X2008,4316.0,2026-08-12 13:06:45
XXXX115X2018,4621.0,2026-08-12 13:06:45
XXXX115X2207,5264.0,2026-08-12 13:06:45
XXXX115X2234,3593.0,2026-08-12 13:06:45
XXXX115X2243,2874.0,2026-08-12 13:06:45
XXXX115X2282,3990.0,2026-08-12 13:06:45
XXXX115X2291,4781.0,2026-08-12 13:06:45
XXXX115X2331,7323.0,2026-08-12 13:06:45
XXXX115X2377,4858.0,2026-08-12 13:06:45
XXXX115X2408,5234.0,2026-08-12 13:06:45
XXXX115X2544,3772.0,2026-08-12 13:06:45
XXXX115X2553,5264.0,2026-08-12 13:06:45
XXXX115X2556,3976.0,2026-08-12 13:06:45
XXXX115X2562,3162.0,2026-08-12 13:06:45
XXXX115X2571,3318.0,2026-08-12 13:06:45
XXXX115X2653,3134.0,2026-08-12 13:06:45
XXXX115X2689,7155.0,2026-08-12 13:06:45
XXXX115X2710,3492.0,2026-08-12 13:06:45
XXXX115X2726,3310.0,2026-08-12 13:06:45
XXXX115X2824,3744.0,2026-08-12 13:06:45
XXXX115X2856,4824.0,2026-08-12 13:06:45
XXXX115X2921,3170.0,2026-08-12 13:06:45
XXXX115X3001,8885.0,2026-08-12 13:06:45
XXXX115X3022,4337.0,2026-08-12 13:06:45
XXXX115X3053,3102.0,2026-08-12 13:06:45
XXXX115X3115,4245.0,2026-08-12 13:06:45
XXXX115X3153,5104.0,2026-08-12 13:06:45
XXXX115X3257,10790.0,2026-08-12 13:06:45
XXXX115X3284,4441.0,2026-08-12 13:06:45
XXXX115X3327,8423.0,2026-08-12 13:06:45
XXXX115X3384,4481.0,2026-08-12 13:06:45
XXXX115X3433,2803.0,2026-08-12 13:06:45
XXXX115X3442,3161.0,2026-08-12 13:06:45
XXXX115X3663,4415.0,2026-08-12 13:06:45
XXXX115X3885,3297.0,2026-08-12 13:06:45
XXXX115X3901,4560.0,2026-08-12 13:06:45
XXXX115X4495,3510.0,2026-08-12 13:06:45
XXXX115X4508,3548.0,2026-08-12 13:06:45
XXXX115X4523,3650.0,2026-08-12 13:06:45
XXXX115X4556,3029.0,2026-08-12 13:06:45
XXXX115X4611,3128.0,2026-08-12 13:06:45
XXXX115X4618,2591.0,2026-08-12 13:06:45
XXXX115X4766,4573.0,2026-08-12 13:06:45
XXXX115X4974,2882.0,2026-08-12 13:06:45
XXXX115X5164,3244.0,2026-08-12 13:06:45
XXXX115X5195,3508.0,2026-08-12 13:06:45
XXXX115X5247,3430.0,2026-08-12 13:06:45
XXXX115X5564,2972.0,2026-08-12 13:06:45
XXXX115X5608,2073.0,2026-08-12 13:06:45
XXXX115X5616,3873.0,2026-08-12 13:06:45
XXXX115X5880,3712.0,2026-08-12 13:06:45
XXXX115X5887,3429.0,2026-08-12 13:06:45
XXXX115X6235,3659.0,2026-08-12 13:06:45
XXXX115X6616,4641.0,2026-08-12 13:06:45
XXXX115X6918,3165.0,2026-08-12 13:06:45
XXXX115X6920,4171.0,2026-08-12 13:06:45
XXXX115X7269,2727.0,2026-08-12 13:06:45
XXXX115X7371,5493.0,2026-08-12 13:06:45
XXXX115X7377,4885.0,2026-08-12 13:06:45
XXXX115X7415,3273.0,2026-08-12 13:06:45
XXXX115X7719,3353.0,2026-08-12 13:06:45
XXXX115X7827,5398.0,2026-08-12 13:06:45
XXXX115X7912,2969.0,2026-08-12 13:06:45
XXXX115X7922,4653.0,2026-08-12 13:06:45
XXXX115X7943,3822.0,2026-08-12 13:06:45
XXXX115X7944,3435.0,2026-08-12 13:06:45
XXXX115X7958,2869.0,2026-08-12 13:06:45
XXXX115X7994,4393.0,2026-08-12 13:06:45
XXXX115X7995,4136.0,2026-08-12 13:06:45
XXXX115X8019,4137.0,2026-08-12 13:06:45
XXXX115X8021,4648.0,2026-08-12 13:06:45
XXXX115X8055,3529.0,2026-08-12 13:06:45
XXXX115X8067,4296.0,2026-08-12 13:06:45
XXXX115X8110,3778.0,2026-08-12 13:06:45
XXXX115X8160,2532.0,2026-08-12 13:06:45
XXXX115X8259,3262.0,2026-08-12 13:06:45
XXXX115X8267,3674.0,2026-08-12 13:06:45
XXXX115X8286,5569.0,2026-08-12 13:06:45
XXXX115X8329,4573.0,2026-08-12 13:06:45
XXXX115X8365,8156.0,2026-08-12 13:06:45
XXXX115X8387,3729.0,2026-08-12 13:06:45
XXXX115X8563,4323.0,2026-08-12 13:06:45
XXXX115X8587,3428.0,2026-08-12 13:06:45
XXXX115X8615,6834.0,2026-08-12 13:06:45
XXXX115X8642,3292.0,2026-08-12 13:06:45
XXXX115X8727,4408.0,2026-08-12 13:06:45
XXXX115X8736,6058.0,2026-08-12 13:06:45
XXXX115X8837,5453.0,2026-08-12 13:06:45
XXXX115X8976,2917.0,2026-08-12 13:06:45
XXXX115X9097,3158.0,2026-08-12 13:06:45
XXXX115X9111,4664.0,2026-08-12 13:06:45
XXXX115X9148,7333.0,2026-08-12 13:06:45
XXXX115X9273,5783.0,2026-08-12 13:06:45
XXXX115X9293,2625.0,2026-08-12 13:06:45
XXXX115X9425,5284.0,2026-08-12 13:06:45
XXXX115X9465,3453.0,2026-08-12 13:06:45
XXXX115X9485,3316.0,2026-08-12 13:06:45
XXXX115X9531,4468.0,2026-08-12 13:06:45
XXXX115X9564,4856.0,2026-08-12 13:06:45
XXXX115X9568,4289.0,2026-08-12 13:06:45
XXXX115X9586,4285.0,2026-08-12 13:06:45
XXXX115X9613,4440.0,2026-08-12 13:06:45
XXXX115X9717,4321.0,2026-08-12 13:06:45
XXXX115X9734,3161.0,2026-08-12 13:06:45
XXXX115X9735,7073.0,2026-08-12 13:06:45
XXXX115X9773,3223.0,2026-08-12 13:06:45
XXXX115X9780,3375.0,2026-08-12 13:06:45
XXXX115X9861,3181.0,2026-08-12 13:06:45
XXXX115X9944,2993.0,2026-08-12 13:06:45
XXXX116X0096,3580.0,2026-08-12 13:06:45
XXXX116X0585,3537.0,2026-08-12 13:06:45
XXXX116X0594,5435.0,2026-08-12 13:06:45
XXXX116X0628,3924.0,2026-08-12 13:06:45
XXXX116X0670,3280.0,2026-08-12 13:06:45
XXXX116X2476,2905.0,2026-08-12 13:06:45
XXXX116X2744,5265.0,2026-08-12 13:06:45
XXXX116X2927,2460.0,2026-08-12 13:06:45
XXXX116X3333,3574.0,2026-08-12 13:06:45
XXXX116X3342,3620.0,2026-08-12 13:06:45
XXXX116X3412,4146.0,2026-08-12 13:06:45
XXXX116X3860,3582.0,2026-08-12 13:06:45
XXXX116X4066,5228.0,2026-08-12 13:06:45
XXXX116X4633,3231.0,2026-08-12 13:06:45
XXXX116X4749,3939.0,2026-08-12 13:06:45
XXXX116X4837,3886.0,2026-08-12 13:06:45
XXXX116X5243,5290.0,2026-08-12 13:06:45
XXXX116X6464,4770.0,2026-08-12 13:06:45
XXXX116X6604,3400.0,2026-08-12 13:06:45
XXXX116X7144,4410.0,2026-08-12 13:06:45
XXXX116X7278,4092.0,2026-08-12 13:06:45
XXXX116X7961,3368.0,2026-08-12 13:06:45
XXXX116X8456,4871.0,2026-08-12 13:06:45
XXXX116X8687,5186.0,2026-08-12 13:06:45
XXXX116X9011,3311.0,2026-08-12 13:06:45
XXXX116X9081,5168.0,2026-08-12 13:06:45
XXXX116X9373,5724.0,2026-08-12 13:06:45
XXXX116X9853,6577.0,2026-08-12 13:06:45
XXXX117X1126,3363.0,2026-08-12 13:06:45
XXXX117X2018,3490.0,2026-08-12 13:06:45
XXXX117X2346,3353.0,2026-08-12 13:06:45
XXXX117X2373,5203.0,2026-08-12 13:06:45
XXXX117X3150,4118.0,2026-08-12 13:06:45
XXXX117X3345,6014.0,2026-08-12 13:06:45
XXXX117X3707,6959.0,2026-08-12 13:06:45
XXXX117X4052,4362.0,2026-08-12 13:06:45
XXXX117X4210,3598.0,2026-08-12 13:06:45
XXXX117X4292,6425.0,2026-08-12 13:06:45
XXXX117X4973,3995.0,2026-08-12 13:06:45
XXXX117X5680,3523.0,2026-08-12 13:06:45
XXXX117X9413,8838.0,2026-08-12 13:06:45
XXXX117X9519,3057.0,2026-08-12 13:06:45
XXXX118X0337,3838.0,2026-08-12 13:06:45
XXXX118X0373,4123.0,2026-08-12 13:06:45
XXXX118X0411,4332.0,2026-08-12 13:06:45
XXXX118X0760,8979.0,2026-08-12 13:06:45
XXXX118X0912,4933.0,2026-08-12 13:06:45
XXXX118X1051,4104.0,2026-08-12 13:06:45
XXXX118X1060,3362.0,2026-08-12 13:06:45
XXXX118X1126,3584.0,2026-08-12 13:06:45
XXXX118X1194,4070.0,2026-08-12 13:06:45
XXXX118X1287,7335.0,2026-08-12 13:06:45
XXXX118X1302,3585.0,2026-08-12 13:06:45
XXXX118X1461,3612.0,2026-08-12 13:06:45
XXXX118X1463,4451.0,2026-08-12 13:06:45
XXXX118X1883,3244.0,2026-08-12 13:06:45
XXXX118X1957,3464.0,2026-08-12 13:06:45
XXXX118X2236,3974.0,2026-08-12 13:06:45
XXXX118X2521,7425.0,2026-08-12 13:06:45
XXXX118X3089,4731.0,2026-08-12 13:06:45
XXXX118X3106,5395.0,2026-08-12 13:06:45
XXXX118X3489,3471.0,2026-08-12 13:06:45
XXXX118X3554,3742.0,2026-08-12 13:06:45
XXXX118X3656,4611.0,2026-08-12 13:06:45
XXXX118X3753,5664.0,2026-08-12 13:06:45
XXXX118X4123,4081.0,2026-08-12 13:06:45
XXXX118X4203,4209.0,2026-08-12 13:06:45
XXXX118X4228,3123.0,2026-08-12 13:06:45
XXXX118X4257,5875.0,2026-08-12 13:06:45
XXXX118X4474,4301.0,2026-08-12 13:06:45
XXXX118X4659,3292.0,2026-08-12 13:06:45
XXXX118X4792,6009.0,2026-08-12 13:06:45
XXXX118X5086,4454.0,2026-08-12 13:06:45
XXXX118X5308,4196.0,2026-08-12 13:06:45
XXXX118X5345,5401.0,2026-08-12 13:06:45
XXXX118X5713,3242.0,2026-08-12 13:06:45
XXXX118X6155,3843.0,2026-08-12 13:06:45
XXXX118X6173,2954.0,2026-08-12 13:06:45
XXXX118X6553,3490.0,2026-08-12 13:06:45
XXXX118X6660,6035.0,2026-08-12 13:06:45
XXXX118X6955,3913.0,2026-08-12 13:06:45
XXXX118X7079,4380.0,2026-08-12 13:06:45
XXXX118X7194,3186.0,2026-08-12 13:06:45
XXXX118X7610,3588.0,2026-08-12 13:06:45
XXXX118X7643,3379.0,2026-08-12 13:06:45
XXXX118X7644,3244.0,2026-08-12 13:06:45
XXXX118X7652,3638.0,2026-08-12 13:06:45
XXXX118X7711,4639.0,2026-08-12 13:06:45
XXXX118X7740,4063.0,2026-08-12 13:06:45
XXXX118X7766,3365.0,2026-08-12 13:06:45
XXXX118X7942,3524.0,2026-08-12 13:06:45
XXXX118X8068,3368.0,2026-08-12 13:06:45
XXXX118X8619,5803.0,2026-08-12 13:06:45
XXXX118X9359,4302.0,2026-08-12 13:06:45
XXXX118X9658,3990.0,2026-08-12 13:06:45
XXXX118X9827,3883.0,2026-08-12 13:06:45
XXXX118X9830,3021.0,2026-08-12 13:06:45
XXXX118X9951,3929.0,2026-08-12 13:06:45
XXXX119X0040,3926.0,2026-08-12 13:06:45
XXXX119X0099,3828.0,2026-08-12 13:06:45
XXXX119X0888,3233.0,2026-08-12 13:06:45
XXXX119X1175,4896.0,2026-08-12 13:06:45
XXXX119X1854,2878.0,2026-08-12 13:06:45
XXXX119X1985,5270.0,2026-08-12 13:06:45
XXXX119X2127,3251.0,2026-08-12 13:06:45
XXXX119X2169,3526.0,2026-08-12 13:06:45
XXXX119X2181,3349.0,2026-08-12 13:06:45
XXXX119X3922,3835.0,2026-08-12 13:06:45
XXXX119X4702,4148.0,2026-08-12 13:06:45
XXXX119X6225,4062.0,2026-08-12 13:06:45
XXXX119X6293,3675.0,2026-08-12 13:06:45
XXXX119X6856,4441.0,2026-08-12 13:06:45
XXXX119X7550,5264.0,2026-08-12 13:06:45
XXXX119X8042,4585.0,2026-08-12 13:06:45
XXXX119X8490,4345.0,2026-08-12 13:06:45
XXXX119X8649,3364.0,2026-08-12 13:06:45
XXXX119X8741,4503.0,2026-08-12 13:06:45
XXXX119X8922,3700.0,2026-08-12 13:06:45
XXXX119X8986,2602.0,2026-08-12 13:06:45
XXXX119X9296,3681.0,2026-08-12 13:06:45
XXXX120X1046,5237.0,2026-08-12 13:06:45
XXXX120X1514,5355.0,2026-08-12 13:06:45
XXXX120X2532,2871.0,2026-08-12 13:06:45
XXXX120X3461,3349.0,2026-08-12 13:06:45
XXXX120X4754,5783.0,2026-08-12 13:06:45
XXXX120X6576,4902.0,2026-08-12 13:06:45
XXXX120X9306,4119.0,2026-08-12 13:06:45
XXXX121X0137,3242.0,2026-08-12 13:06:45
XXXX121X0372,3924.0,2026-08-12 13:06:45
XXXX121X0443,4123.0,2026-08-12 13:06:45
XXXX121X1260,4443.0,2026-08-12 13:06:45
XXXX121X1570,3930.0,2026-08-12 13:06:45
XXXX121X1701,3616.0,2026-08-12 13:06:45
XXXX121X2612,2823.0,2026-08-12 13:06:45
XXXX121X3167,3227.0,2026-08-12 13:06:45
XXXX121X4533,3231.0,2026-08-12 13:06:45
XXXX121X4564,5154.0,2026-08-12 13:06:45
XXXX121X4573,3981.0,2026-08-12 13:06:45
XXXX121X5608,3711.0,2026-08-12 13:06:45
XXXX121X5672,3375.0,2026-08-12 13:06:45
XXXX121X7536,3679.0,2026-08-12 13:06:45
XXXX121X8010,4270.0,2026-08-12 13:06:45
XXXX121X8244,3395.0,2026-08-12 13:06:45
XXXX121X8250,5240.0,2026-08-12 13:06:45
XXXX121X8551,6538.0,2026-08-12 13:06:45
XXXX121X8995,4386.0,2026-08-12 13:06:45
XXXX121X9699,4324.0,2026-08-12 13:06:45
XXXX121X9726,5236.0,2026-08-12 13:06:45
XXXX121X9799,4528.0,2026-08-12 13:06:45
XXXX122X0015,3433.0,2026-08-12 13:06:45
XXXX122X0292,4290.0,2026-08-12 13:06:45
XXXX122X0294,3198.0,2026-08-12 13:06:45
XXXX122X0350,4379.0,2026-08-12 13:06:45
XXXX122X0382,5744.0,2026-08-12 13:06:45
XXXX122X1220,5161.0,2026-08-12 13:06:45
XXXX122X1757,4809.0,2026-08-12 13:06:45
XXXX122X1886,6225.0,2026-08-12 13:06:45
XXXX122X2259,3967.0,2026-08-12 13:06:45
XXXX122X2531,4457.0,2026-08-12 13:06:45
XXXX122X2830,5702.0,2026-08-12 13:06:45
XXXX122X3029,2580.0,2026-08-12 13:06:45
XXXX122X3649,2850.0,2026-08-12 13:06:45
XXXX122X3703,4272.0,2026-08-12 13:06:45
XXXX122X3849,2833.0,2026-08-12 13:06:45
XXXX122X4172,3631.0,2026-08-12 13:06:45
XXXX122X5311,3186.0,2026-08-12 13:06:45
XXXX122X5320,2958.0,2026-08-12 13:06:45
XXXX122X5660,4664.0,2026-08-12 13:06:45
XXXX122X6257,2706.0,2026-08-12 13:06:45
XXXX122X6374,3536.0,2026-08-12 13:06:45
XXXX122X6566,4477.0,2026-08-12 13:06:45
XXXX122X6779,2806.0,2026-08-12 13:06:45
XXXX122X7068,4983.0,2026-08-12 13:06:45
XXXX122X7090,3666.0,2026-08-12 13:06:45
XXXX122X7163,5026.0,2026-08-12 13:06:45
XXXX122X8545,3716.0,2026-08-12 13:06:45
XXXX122X8626,3433.0,2026-08-12 13:06:45
XXXX122X8713,4430.0,2026-08-12 13:06:45
XXXX122X8765,5596.0,2026-08-12 13:06:45
XXXX122X8822,4981.0,2026-08-12 13:06:45
XXXX122X8916,4719.0,2026-08-12 13:06:45
XXXX122X9028,5934.0,2026-08-12 13:06:45
XXXX122X9298,5198.0,2026-08-12 13:06:45
XXXX122X9402,5691.0,2026-08-12 13:06:45
XXXX123X0184,4209.0,2026-08-12 13:06:45
XXXX123X0901,3051.0,2026-08-12 13:06:45
XXXX123X1177,3051.0,2026-08-12 13:06:45
XXXX123X1302,4005.0,2026-08-12 13:06:45
XXXX123X2867,3080.0,2026-08-12 13:06:45
XXXX123X3337,3809.0,2026-08-12 13:06:45
XXXX123X3792,5399.0,2026-08-12 13:06:45
XXXX123X4450,4301.0,2026-08-12 13:06:45
XXXX123X4497,5696.0,2026-08-12 13:06:45
XXXX123X4876,4920.0,2026-08-12 13:06:45
XXXX123X4895,5268.0,2026-08-12 13:06:45
XXXX123X6568,5283.0,2026-08-12 13:06:45
XXXX123X7150,5277.0,2026-08-12 13:06:45
XXXX123X7455,2957.0,2026-08-12 13:06:45
XXXX123X7585,6363.0,2026-08-12 13:06:45
XXXX123X7664,6863.0,2026-08-12 13:06:45
XXXX123X8648,4544.0,2026-08-12 13:06:45
XXXX123X9036,2908.0,2026-08-12 13:06:45
XXXX123X9683,5161.0,2026-08-12 13:06:45
XXXX124X0124,3490.0,2026-08-12 13:06:45
XXXX124X0443,3956.0,2026-08-12 13:06:45
XXXX124X1175,3433.0,2026-08-12 13:06:45
XXXX124X1883,4907.0,2026-08-12 13:06:45
XXXX124X2821,3386.0,2026-08-12 13:06:45
XXXX124X3857,3086.0,2026-08-12 13:06:45
XXXX124X4120,4803.0,2026-08-12 13:06:45
XXXX124X4908,5052.0,2026-08-12 13:06:45
XXXX124X4944,3537.0,2026-08-12 13:06:45
XXXX124X5004,3100.0,2026-08-12 13:06:45
XXXX124X5217,4323.0,2026-08-12 13:06:45
XXXX124X5244,4040.0,2026-08-12 13:06:45
XXXX124X5667,4538.0,2026-08-12 13:06:45
XXXX124X6100,8422.0,2026-08-12 13:06:45
XXXX124X6250,3574.0,2026-08-12 13:06:45
XXXX124X6583,4832.0,2026-08-12 13:06:45
XXXX124X7290,4265.0,2026-08-12 13:06:45
XXXX124X7814,5132.0,2026-08-12 13:06:45
XXXX124X7975,3433.0,2026-08-12 13:06:45
XXXX124X8218,4748.0,2026-08-12 13:06:45
XXXX124X9270,3783.0,2026-08-12 13:06:45
XXXX125X9663,3778.0,2026-08-12 13:06:45
XXXX126X1442,2397.0,2026-08-12 13:06:45
XXXX126X5068,6839.0,2026-08-12 13:06:45
XXXX126X5767,5777.0,2026-08-12 13:06:45
XXXX126X6809,4158.0,2026-08-12 13:06:45
XXXX126X8940,2178.0,2026-08-12 13:06:45
XXXX126X9107,4192.0,2026-08-12 13:06:45
XXXX127X0329,4254.0,2026-08-12 13:06:45
XXXX127X0403,3753.0,2026-08-12 13:06:45
XXXX127X0477,3741.0,2026-08-12 13:06:45
XXXX127X0717,3128.0,2026-08-12 13:06:45
XXXX127X0826,6559.0,2026-08-12 13:06:45
XXXX127X0996,8269.0,2026-08-12 13:06:45
XXXX127X1263,3499.0,2026-08-12 13:06:45
XXXX127X1498,3495.0,2026-08-12 13:06:45
XXXX127X1579,3643.0,2026-08-12 13:06:45
XXXX127X1743,4824.0,2026-08-12 13:06:45
XXXX127X1902,6113.0,2026-08-12 13:06:45
XXXX127X2324,4508.0,2026-08-12 13:06:45
XXXX127X2395,6311.0,2026-08-12 13:06:45
XXXX127X2553,3225.0,2026-08-12 13:06:45
XXXX127X2898,3492.0,2026-08-12 13:06:45
XXXX127X3181,3242.0,2026-08-12 13:06:45
XXXX127X3414,3456.0,2026-08-12 13:06:45
XXXX127X3461,7838.0,2026-08-12 13:06:45
XXXX127X3653,3509.0,2026-08-12 13:06:45
XXXX127X3760,3534.0,2026-08-12 13:06:45
XXXX127X5099,3183.0,2026-08-12 13:06:45
XXXX127X5876,5161.0,2026-08-12 13:06:45
XXXX127X6665,5565.0,2026-08-12 13:06:45
XXXX127X7786,3271.0,2026-08-12 13:06:45
XXXX127X8244,4840.0,2026-08-12 13:06:45
XXXX127X8767,3923.0,2026-08-12 13:06:45
XXXX128X0605,3974.0,2026-08-12 13:06:45
XXXX128X0627,3631.0,2026-08-12 13:06:45
XXXX128X1598,4507.0,2026-08-12 13:06:45
XXXX128X1872,4830.0,2026-08-12 13:06:45
XXXX128X2351,4648.0,2026-08-12 13:06:45
XXXX128X2406,3801.0,2026-08-12 13:06:45
XXXX128X3690,4133.0,2026-08-12 13:06:45
XXXX128X3827,4197.0,2026-08-12 13:06:45
XXXX128X4219,3974.0,2026-08-12 13:06:45
XXXX128X5419,4203.0,2026-08-12 13:06:45
XXXX128X5871,5527.0,2026-08-12 13:06:45
XXXX128X6317,3341.0,2026-08-12 13:06:45
XXXX128X6511,4986.0,2026-08-12 13:06:45
XXXX128X6563,4173.0,2026-08-12 13:06:45
XXXX128X6919,3559.0,2026-08-12 13:06:45
XXXX128X7620,4705.0,2026-08-12 13:06:45
XXXX128X7769,4880.0,2026-08-12 13:06:45
XXXX128X8756,3751.0,2026-08-12 13:06:45
XXXX128X8771,6547.0,2026-08-12 13:06:45
XXXX129X0432,5512.0,2026-08-12 13:06:45
XXXX129X1392,2883.0,2026-08-12 13:06:45
XXXX129X1647,3248.0,2026-08-12 13:06:45
XXXX129X1769,3388.0,2026-08-12 13:06:45
XXXX129X1826,2165.0,2026-08-12 13:06:45
XXXX129X2048,3631.0,2026-08-12 13:06:45
XXXX129X2634,2335.0,2026-08-12 13:06:45
XXXX129X2947,4537.0,2026-08-12 13:06:45
XXXX129X3478,3498.0,2026-08-12 13:06:45
XXXX129X3776,4619.0,2026-08-12 13:06:45
XXXX129X4231,4169.0,2026-08-12 13:06:45
XXXX129X4851,5178.0,2026-08-12 13:06:45
XXXX129X5589,6514.0,2026-08-12 13:06:45
XXXX129X6603,4601.0,2026-08-12 13:06:45
XXXX129X6934,4021.0,2026-08-12 13:06:45
XXXX129X8050,3775.0,2026-08-12 13:06:45
XXXX129X9825,2460.0,2026-08-12 13:06:45
XXXX130X0247,3074.0,2026-08-12 13:06:45
XXXX130X1006,2828.0,2026-08-12 13:06:45
XXXX130X1732,4731.0,2026-08-12 13:06:45
XXXX130X2786,4803.0,2026-08-12 13:06:45
XXXX130X3004,4761.0,2026-08-12 13:06:45
XXXX130X4553,4200.0,2026-08-12 13:06:45
XXXX130X5412,2861.0,2026-08-12 13:06:45
XXXX130X6065,5097.0,2026-08-12 13:06:45
XXXX130X8844,3502.0,2026-08-12 13:06:45
